target,method,sequence_i,sequence_j,identity
9NFU,baseline,0,1,0.9554655870445344
9NFU,baseline,0,2,0.951417004048583
9NFU,baseline,0,3,0.9433198380566802
9NFU,baseline,0,4,0.9554655870445344
9NFU,baseline,0,5,0.9392712550607287
9NFU,baseline,0,6,0.9352226720647774
9NFU,baseline,0,7,0.9473684210526315
9NFU,baseline,0,8,0.9352226720647774
9NFU,baseline,0,9,0.9392712550607287
9NFU,baseline,0,10,0.9554655870445344
9NFU,baseline,0,11,0.9433198380566802
9NFU,baseline,0,12,0.9392712550607287
9NFU,baseline,0,13,0.951417004048583
9NFU,baseline,0,14,0.9352226720647774
9NFU,baseline,0,15,0.9352226720647774
9NFU,baseline,0,16,0.9352226720647774
9NFU,baseline,0,17,0.9230769230769231
9NFU,baseline,0,18,0.9352226720647774
9NFU,baseline,0,19,0.951417004048583
9NFU,baseline,0,20,0.9433198380566802
9NFU,baseline,0,21,0.951417004048583
9NFU,baseline,0,22,0.9392712550607287
9NFU,baseline,0,23,0.9352226720647774
9NFU,baseline,0,24,0.9433198380566802
9NFU,baseline,0,25,0.951417004048583
9NFU,baseline,0,26,0.9352226720647774
9NFU,baseline,0,27,0.9433198380566802
9NFU,baseline,0,28,0.9554655870445344
9NFU,baseline,0,29,0.9392712550607287
9NFU,baseline,0,30,0.9392712550607287
9NFU,baseline,0,31,0.951417004048583
9NFU,baseline,0,32,0.9595141700404858
9NFU,baseline,0,33,0.9352226720647774
9NFU,baseline,0,34,0.9635627530364372
9NFU,baseline,0,35,0.9595141700404858
9NFU,baseline,0,36,0.9433198380566802
9NFU,baseline,0,37,0.9392712550607287
9NFU,baseline,0,38,0.9554655870445344
9NFU,baseline,0,39,0.9311740890688259
9NFU,baseline,0,40,0.951417004048583
9NFU,baseline,0,41,0.951417004048583
9NFU,baseline,0,42,0.9473684210526315
9NFU,baseline,0,43,0.9595141700404858
9NFU,baseline,0,44,0.9311740890688259
9NFU,baseline,0,45,0.9352226720647774
9NFU,baseline,0,46,0.9311740890688259
9NFU,baseline,0,47,0.9433198380566802
9NFU,baseline,0,48,0.9392712550607287
9NFU,baseline,0,49,0.9473684210526315
9NFU,baseline,0,50,0.9433198380566802
9NFU,baseline,0,51,0.951417004048583
9NFU,baseline,0,52,0.9433198380566802
9NFU,baseline,0,53,0.9433198380566802
9NFU,baseline,0,54,0.9473684210526315
9NFU,baseline,0,55,0.9433198380566802
9NFU,baseline,0,56,0.9554655870445344
9NFU,baseline,0,57,0.951417004048583
9NFU,baseline,0,58,0.951417004048583
9NFU,baseline,0,59,0.9554655870445344
9NFU,baseline,0,60,0.9473684210526315
9NFU,baseline,0,61,0.9433198380566802
9NFU,baseline,0,62,0.9473684210526315
9NFU,baseline,0,63,0.951417004048583
9NFU,baseline,0,64,0.9352226720647774
9NFU,baseline,0,65,0.9392712550607287
9NFU,baseline,0,66,0.951417004048583
9NFU,baseline,0,67,0.9352226720647774
9NFU,baseline,0,68,0.9554655870445344
9NFU,baseline,0,69,0.9352226720647774
9NFU,baseline,0,70,0.9392712550607287
9NFU,baseline,0,71,0.951417004048583
9NFU,baseline,0,72,0.951417004048583
9NFU,baseline,0,73,0.9433198380566802
9NFU,baseline,0,74,0.9311740890688259
9NFU,baseline,0,75,0.9311740890688259
9NFU,baseline,0,76,0.9392712550607287
9NFU,baseline,0,77,0.9554655870445344
9NFU,baseline,0,78,0.9433198380566802
9NFU,baseline,0,79,0.9473684210526315
9NFU,baseline,0,80,0.951417004048583
9NFU,baseline,0,81,0.9433198380566802
9NFU,baseline,0,82,0.9554655870445344
9NFU,baseline,0,83,0.9554655870445344
9NFU,baseline,0,84,0.9473684210526315
9NFU,baseline,0,85,0.9392712550607287
9NFU,baseline,0,86,0.9392712550607287
9NFU,baseline,0,87,0.9433198380566802
9NFU,baseline,0,88,0.9433198380566802
9NFU,baseline,0,89,0.9433198380566802
9NFU,baseline,0,90,0.9271255060728745
9NFU,baseline,0,91,0.9392712550607287
9NFU,baseline,0,92,0.9392712550607287
9NFU,baseline,0,93,0.9392712550607287
9NFU,baseline,0,94,0.9595141700404858
9NFU,baseline,0,95,0.9392712550607287
9NFU,baseline,0,96,0.9433198380566802
9NFU,baseline,0,97,0.9473684210526315
9NFU,baseline,0,98,0.9433198380566802
9NFU,baseline,0,99,0.9352226720647774
9NFU,baseline,1,2,0.9554655870445344
9NFU,baseline,1,3,0.9676113360323887
9NFU,baseline,1,4,0.9554655870445344
9NFU,baseline,1,5,0.9595141700404858
9NFU,baseline,1,6,0.9392712550607287
9NFU,baseline,1,7,0.951417004048583
9NFU,baseline,1,8,0.9392712550607287
9NFU,baseline,1,9,0.9635627530364372
9NFU,baseline,1,10,0.951417004048583
9NFU,baseline,1,11,0.9554655870445344
9NFU,baseline,1,12,0.9554655870445344
9NFU,baseline,1,13,0.9595141700404858
9NFU,baseline,1,14,0.9595141700404858
9NFU,baseline,1,15,0.9352226720647774
9NFU,baseline,1,16,0.9392712550607287
9NFU,baseline,1,17,0.951417004048583
9NFU,baseline,1,18,0.9433198380566802
9NFU,baseline,1,19,0.9392712550607287
9NFU,baseline,1,20,0.9595141700404858
9NFU,baseline,1,21,0.9676113360323887
9NFU,baseline,1,22,0.9554655870445344
9NFU,baseline,1,23,0.951417004048583
9NFU,baseline,1,24,0.9635627530364372
9NFU,baseline,1,25,0.9473684210526315
9NFU,baseline,1,26,0.9554655870445344
9NFU,baseline,1,27,0.9473684210526315
9NFU,baseline,1,28,0.9595141700404858
9NFU,baseline,1,29,0.951417004048583
9NFU,baseline,1,30,0.97165991902834
9NFU,baseline,1,31,0.9676113360323887
9NFU,baseline,1,32,0.9554655870445344
9NFU,baseline,1,33,0.9595141700404858
9NFU,baseline,1,34,0.951417004048583
9NFU,baseline,1,35,0.9676113360323887
9NFU,baseline,1,36,0.9554655870445344
9NFU,baseline,1,37,0.9595141700404858
9NFU,baseline,1,38,0.97165991902834
9NFU,baseline,1,39,0.9473684210526315
9NFU,baseline,1,40,0.9635627530364372
9NFU,baseline,1,41,0.9554655870445344
9NFU,baseline,1,42,0.9676113360323887
9NFU,baseline,1,43,0.9595141700404858
9NFU,baseline,1,44,0.9554655870445344
9NFU,baseline,1,45,0.951417004048583
9NFU,baseline,1,46,0.9554655870445344
9NFU,baseline,1,47,0.9635627530364372
9NFU,baseline,1,48,0.951417004048583
9NFU,baseline,1,49,0.9635627530364372
9NFU,baseline,1,50,0.9392712550607287
9NFU,baseline,1,51,0.951417004048583
9NFU,baseline,1,52,0.951417004048583
9NFU,baseline,1,53,0.9433198380566802
9NFU,baseline,1,54,0.9473684210526315
9NFU,baseline,1,55,0.9433198380566802
9NFU,baseline,1,56,0.9554655870445344
9NFU,baseline,1,57,0.9595141700404858
9NFU,baseline,1,58,0.951417004048583
9NFU,baseline,1,59,0.9554655870445344
9NFU,baseline,1,60,0.9554655870445344
9NFU,baseline,1,61,0.9433198380566802
9NFU,baseline,1,62,0.9676113360323887
9NFU,baseline,1,63,0.9554655870445344
9NFU,baseline,1,64,0.9635627530364372
9NFU,baseline,1,65,0.9554655870445344
9NFU,baseline,1,66,0.9433198380566802
9NFU,baseline,1,67,0.9473684210526315
9NFU,baseline,1,68,0.9757085020242915
9NFU,baseline,1,69,0.9311740890688259
9NFU,baseline,1,70,0.9554655870445344
9NFU,baseline,1,71,0.9595141700404858
9NFU,baseline,1,72,0.9635627530364372
9NFU,baseline,1,73,0.9554655870445344
9NFU,baseline,1,74,0.9311740890688259
9NFU,baseline,1,75,0.9635627530364372
9NFU,baseline,1,76,0.9554655870445344
9NFU,baseline,1,77,0.9473684210526315
9NFU,baseline,1,78,0.9595141700404858
9NFU,baseline,1,79,0.9311740890688259
9NFU,baseline,1,80,0.9635627530364372
9NFU,baseline,1,81,0.9473684210526315
9NFU,baseline,1,82,0.9554655870445344
9NFU,baseline,1,83,0.9676113360323887
9NFU,baseline,1,84,0.9554655870445344
9NFU,baseline,1,85,0.9311740890688259
9NFU,baseline,1,86,0.9433198380566802
9NFU,baseline,1,87,0.9473684210526315
9NFU,baseline,1,88,0.9311740890688259
9NFU,baseline,1,89,0.9554655870445344
9NFU,baseline,1,90,0.9392712550607287
9NFU,baseline,1,91,0.951417004048583
9NFU,baseline,1,92,0.9473684210526315
9NFU,baseline,1,93,0.9554655870445344
9NFU,baseline,1,94,0.9635627530364372
9NFU,baseline,1,95,0.979757085020243
9NFU,baseline,1,96,0.951417004048583
9NFU,baseline,1,97,0.9595141700404858
9NFU,baseline,1,98,0.9433198380566802
9NFU,baseline,1,99,0.9433198380566802
9NFU,baseline,2,3,0.9635627530364372
9NFU,baseline,2,4,0.9757085020242915
9NFU,baseline,2,5,0.97165991902834
9NFU,baseline,2,6,0.9676113360323887
9NFU,baseline,2,7,0.951417004048583
9NFU,baseline,2,8,0.9838056680161943
9NFU,baseline,2,9,0.9757085020242915
9NFU,baseline,2,10,0.9878542510121457
9NFU,baseline,2,11,0.9676113360323887
9NFU,baseline,2,12,0.9676113360323887
9NFU,baseline,2,13,0.9433198380566802
9NFU,baseline,2,14,0.9635627530364372
9NFU,baseline,2,15,0.97165991902834
9NFU,baseline,2,16,0.9757085020242915
9NFU,baseline,2,17,0.9635627530364372
9NFU,baseline,2,18,0.9595141700404858
9NFU,baseline,2,19,0.9757085020242915
9NFU,baseline,2,20,0.9595141700404858
9NFU,baseline,2,21,0.9757085020242915
9NFU,baseline,2,22,0.9554655870445344
9NFU,baseline,2,23,0.97165991902834
9NFU,baseline,2,24,0.97165991902834
9NFU,baseline,2,25,0.9473684210526315
9NFU,baseline,2,26,0.9676113360323887
9NFU,baseline,2,27,0.9635627530364372
9NFU,baseline,2,28,0.9635627530364372
9NFU,baseline,2,29,0.9554655870445344
9NFU,baseline,2,30,0.9757085020242915
9NFU,baseline,2,31,0.97165991902834
9NFU,baseline,2,32,0.9676113360323887
9NFU,baseline,2,33,0.9595141700404858
9NFU,baseline,2,34,0.9635627530364372
9NFU,baseline,2,35,0.9595141700404858
9NFU,baseline,2,36,0.9757085020242915
9NFU,baseline,2,37,0.9635627530364372
9NFU,baseline,2,38,0.97165991902834
9NFU,baseline,2,39,0.9595141700404858
9NFU,baseline,2,40,0.9433198380566802
9NFU,baseline,2,41,0.9635627530364372
9NFU,baseline,2,42,0.9554655870445344
9NFU,baseline,2,43,0.9757085020242915
9NFU,baseline,2,44,0.9635627530364372
9NFU,baseline,2,45,0.9838056680161943
9NFU,baseline,2,46,0.9757085020242915
9NFU,baseline,2,47,0.97165991902834
9NFU,baseline,2,48,0.9757085020242915
9NFU,baseline,2,49,0.9676113360323887
9NFU,baseline,2,50,0.9676113360323887
9NFU,baseline,2,51,0.9676113360323887
9NFU,baseline,2,52,0.9433198380566802
9NFU,baseline,2,53,0.9757085020242915
9NFU,baseline,2,54,0.97165991902834
9NFU,baseline,2,55,0.979757085020243
9NFU,baseline,2,56,0.97165991902834
9NFU,baseline,2,57,0.9676113360323887
9NFU,baseline,2,58,0.9676113360323887
9NFU,baseline,2,59,0.9554655870445344
9NFU,baseline,2,60,0.979757085020243
9NFU,baseline,2,61,0.97165991902834
9NFU,baseline,2,62,0.9595141700404858
9NFU,baseline,2,63,0.9595141700404858
9NFU,baseline,2,64,0.9595141700404858
9NFU,baseline,2,65,0.9554655870445344
9NFU,baseline,2,66,0.97165991902834
9NFU,baseline,2,67,0.9635627530364372
9NFU,baseline,2,68,0.9554655870445344
9NFU,baseline,2,69,0.9433198380566802
9NFU,baseline,2,70,0.9676113360323887
9NFU,baseline,2,71,0.9635627530364372
9NFU,baseline,2,72,0.9554655870445344
9NFU,baseline,2,73,0.97165991902834
9NFU,baseline,2,74,0.9595141700404858
9NFU,baseline,2,75,0.9595141700404858
9NFU,baseline,2,76,0.97165991902834
9NFU,baseline,2,77,0.9676113360323887
9NFU,baseline,2,78,0.9635627530364372
9NFU,baseline,2,79,0.9635627530364372
9NFU,baseline,2,80,0.9676113360323887
9NFU,baseline,2,81,0.9635627530364372
9NFU,baseline,2,82,0.9878542510121457
9NFU,baseline,2,83,0.9635627530364372
9NFU,baseline,2,84,0.9635627530364372
9NFU,baseline,2,85,0.9433198380566802
9NFU,baseline,2,86,0.9433198380566802
9NFU,baseline,2,87,0.9554655870445344
9NFU,baseline,2,88,0.9635627530364372
9NFU,baseline,2,89,0.9676113360323887
9NFU,baseline,2,90,0.9676113360323887
9NFU,baseline,2,91,0.951417004048583
9NFU,baseline,2,92,0.9878542510121457
9NFU,baseline,2,93,0.9473684210526315
9NFU,baseline,2,94,0.951417004048583
9NFU,baseline,2,95,0.9635627530364372
9NFU,baseline,2,96,0.951417004048583
9NFU,baseline,2,97,0.9595141700404858
9NFU,baseline,2,98,0.9757085020242915
9NFU,baseline,2,99,0.97165991902834
9NFU,baseline,3,4,0.9554655870445344
9NFU,baseline,3,5,0.9757085020242915
9NFU,baseline,3,6,0.9554655870445344
9NFU,baseline,3,7,0.9473684210526315
9NFU,baseline,3,8,0.9635627530364372
9NFU,baseline,3,9,0.97165991902834
9NFU,baseline,3,10,0.9635627530364372
9NFU,baseline,3,11,0.9635627530364372
9NFU,baseline,3,12,0.9433198380566802
9NFU,baseline,3,13,0.97165991902834
9NFU,baseline,3,14,0.97165991902834
9NFU,baseline,3,15,0.9433198380566802
9NFU,baseline,3,16,0.9595141700404858
9NFU,baseline,3,17,0.9554655870445344
9NFU,baseline,3,18,0.9595141700404858
9NFU,baseline,3,19,0.9473684210526315
9NFU,baseline,3,20,0.9554655870445344
9NFU,baseline,3,21,0.97165991902834
9NFU,baseline,3,22,0.9392712550607287
9NFU,baseline,3,23,0.9554655870445344
9NFU,baseline,3,24,0.9635627530364372
9NFU,baseline,3,25,0.9595141700404858
9NFU,baseline,3,26,0.9635627530364372
9NFU,baseline,3,27,0.9554655870445344
9NFU,baseline,3,28,0.9595141700404858
9NFU,baseline,3,29,0.9595141700404858
9NFU,baseline,3,30,0.9757085020242915
9NFU,baseline,3,31,0.9635627530364372
9NFU,baseline,3,32,0.9392712550607287
9NFU,baseline,3,33,0.951417004048583
9NFU,baseline,3,34,0.9595141700404858
9NFU,baseline,3,35,0.9554655870445344
9NFU,baseline,3,36,0.9473684210526315
9NFU,baseline,3,37,0.951417004048583
9NFU,baseline,3,38,0.97165991902834
9NFU,baseline,3,39,0.9554655870445344
9NFU,baseline,3,40,0.9554655870445344
9NFU,baseline,3,41,0.9473684210526315
9NFU,baseline,3,42,0.9595141700404858
9NFU,baseline,3,43,0.9392712550607287
9NFU,baseline,3,44,0.9595141700404858
9NFU,baseline,3,45,0.9554655870445344
9NFU,baseline,3,46,0.9635627530364372
9NFU,baseline,3,47,0.9595141700404858
9NFU,baseline,3,48,0.9676113360323887
9NFU,baseline,3,49,0.9554655870445344
9NFU,baseline,3,50,0.951417004048583
9NFU,baseline,3,51,0.9554655870445344
9NFU,baseline,3,52,0.9554655870445344
9NFU,baseline,3,53,0.951417004048583
9NFU,baseline,3,54,0.9473684210526315
9NFU,baseline,3,55,0.9473684210526315
9NFU,baseline,3,56,0.9595141700404858
9NFU,baseline,3,57,0.9392712550607287
9NFU,baseline,3,58,0.9635627530364372
9NFU,baseline,3,59,0.9473684210526315
9NFU,baseline,3,60,0.9554655870445344
9NFU,baseline,3,61,0.951417004048583
9NFU,baseline,3,62,0.951417004048583
9NFU,baseline,3,63,0.9473684210526315
9NFU,baseline,3,64,0.9838056680161943
9NFU,baseline,3,65,0.951417004048583
9NFU,baseline,3,66,0.9635627530364372
9NFU,baseline,3,67,0.951417004048583
9NFU,baseline,3,68,0.9635627530364372
9NFU,baseline,3,69,0.9352226720647774
9NFU,baseline,3,70,0.9473684210526315
9NFU,baseline,3,71,0.9595141700404858
9NFU,baseline,3,72,0.9433198380566802
9NFU,baseline,3,73,0.9554655870445344
9NFU,baseline,3,74,0.951417004048583
9NFU,baseline,3,75,0.9838056680161943
9NFU,baseline,3,76,0.9554655870445344
9NFU,baseline,3,77,0.9595141700404858
9NFU,baseline,3,78,0.9554655870445344
9NFU,baseline,3,79,0.951417004048583
9NFU,baseline,3,80,0.9595141700404858
9NFU,baseline,3,81,0.9635627530364372
9NFU,baseline,3,82,0.951417004048583
9NFU,baseline,3,83,0.9595141700404858
9NFU,baseline,3,84,0.9554655870445344
9NFU,baseline,3,85,0.9352226720647774
9NFU,baseline,3,86,0.9595141700404858
9NFU,baseline,3,87,0.9433198380566802
9NFU,baseline,3,88,0.9392712550607287
9NFU,baseline,3,89,0.9473684210526315
9NFU,baseline,3,90,0.9595141700404858
9NFU,baseline,3,91,0.9635627530364372
9NFU,baseline,3,92,0.9554655870445344
9NFU,baseline,3,93,0.9554655870445344
9NFU,baseline,3,94,0.9554655870445344
9NFU,baseline,3,95,0.9554655870445344
9NFU,baseline,3,96,0.9554655870445344
9NFU,baseline,3,97,0.9676113360323887
9NFU,baseline,3,98,0.951417004048583
9NFU,baseline,3,99,0.97165991902834
9NFU,baseline,4,5,0.9635627530364372
9NFU,baseline,4,6,0.9554655870445344
9NFU,baseline,4,7,0.9635627530364372
9NFU,baseline,4,8,0.9595141700404858
9NFU,baseline,4,9,0.9676113360323887
9NFU,baseline,4,10,0.97165991902834
9NFU,baseline,4,11,0.9595141700404858
9NFU,baseline,4,12,0.9554655870445344
9NFU,baseline,4,13,0.9635627530364372
9NFU,baseline,4,14,0.9554655870445344
9NFU,baseline,4,15,0.951417004048583
9NFU,baseline,4,16,0.9595141700404858
9NFU,baseline,4,17,0.9554655870445344
9NFU,baseline,4,18,0.9352226720647774
9NFU,baseline,4,19,0.9635627530364372
9NFU,baseline,4,20,0.9676113360323887
9NFU,baseline,4,21,0.9595141700404858
9NFU,baseline,4,22,0.9554655870445344
9NFU,baseline,4,23,0.9635627530364372
9NFU,baseline,4,24,0.97165991902834
9NFU,baseline,4,25,0.9635627530364372
9NFU,baseline,4,26,0.9595141700404858
9NFU,baseline,4,27,0.9392712550607287
9NFU,baseline,4,28,0.951417004048583
9NFU,baseline,4,29,0.9473684210526315
9NFU,baseline,4,30,0.9676113360323887
9NFU,baseline,4,31,0.979757085020243
9NFU,baseline,4,32,0.9595141700404858
9NFU,baseline,4,33,0.9595141700404858
9NFU,baseline,4,34,0.9595141700404858
9NFU,baseline,4,35,0.9635627530364372
9NFU,baseline,4,36,0.97165991902834
9NFU,baseline,4,37,0.9595141700404858
9NFU,baseline,4,38,0.9757085020242915
9NFU,baseline,4,39,0.9554655870445344
9NFU,baseline,4,40,0.9595141700404858
9NFU,baseline,4,41,0.9838056680161943
9NFU,baseline,4,42,0.9635627530364372
9NFU,baseline,4,43,0.9757085020242915
9NFU,baseline,4,44,0.9757085020242915
9NFU,baseline,4,45,0.9676113360323887
9NFU,baseline,4,46,0.97165991902834
9NFU,baseline,4,47,0.9595141700404858
9NFU,baseline,4,48,0.951417004048583
9NFU,baseline,4,49,0.9635627530364372
9NFU,baseline,4,50,0.951417004048583
9NFU,baseline,4,51,0.97165991902834
9NFU,baseline,4,52,0.951417004048583
9NFU,baseline,4,53,0.97165991902834
9NFU,baseline,4,54,0.9595141700404858
9NFU,baseline,4,55,0.9635627530364372
9NFU,baseline,4,56,0.9554655870445344
9NFU,baseline,4,57,0.9554655870445344
9NFU,baseline,4,58,0.9554655870445344
9NFU,baseline,4,59,0.9554655870445344
9NFU,baseline,4,60,0.9635627530364372
9NFU,baseline,4,61,0.9595141700404858
9NFU,baseline,4,62,0.9635627530364372
9NFU,baseline,4,63,0.951417004048583
9NFU,baseline,4,64,0.9433198380566802
9NFU,baseline,4,65,0.9635627530364372
9NFU,baseline,4,66,0.97165991902834
9NFU,baseline,4,67,0.9595141700404858
9NFU,baseline,4,68,0.9595141700404858
9NFU,baseline,4,69,0.9433198380566802
9NFU,baseline,4,70,0.97165991902834
9NFU,baseline,4,71,0.9595141700404858
9NFU,baseline,4,72,0.9595141700404858
9NFU,baseline,4,73,0.9878542510121457
9NFU,baseline,4,74,0.9554655870445344
9NFU,baseline,4,75,0.9595141700404858
9NFU,baseline,4,76,0.9473684210526315
9NFU,baseline,4,77,0.9554655870445344
9NFU,baseline,4,78,0.979757085020243
9NFU,baseline,4,79,0.951417004048583
9NFU,baseline,4,80,0.9757085020242915
9NFU,baseline,4,81,0.951417004048583
9NFU,baseline,4,82,0.9635627530364372
9NFU,baseline,4,83,0.9635627530364372
9NFU,baseline,4,84,0.9595141700404858
9NFU,baseline,4,85,0.9433198380566802
9NFU,baseline,4,86,0.9473684210526315
9NFU,baseline,4,87,0.9554655870445344
9NFU,baseline,4,88,0.9433198380566802
9NFU,baseline,4,89,0.9635627530364372
9NFU,baseline,4,90,0.9595141700404858
9NFU,baseline,4,91,0.9635627530364372
9NFU,baseline,4,92,0.9635627530364372
9NFU,baseline,4,93,0.9473684210526315
9NFU,baseline,4,94,0.9392712550607287
9NFU,baseline,4,95,0.9635627530364372
9NFU,baseline,4,96,0.951417004048583
9NFU,baseline,4,97,0.9757085020242915
9NFU,baseline,4,98,0.9595141700404858
9NFU,baseline,4,99,0.9554655870445344
9NFU,baseline,5,6,0.9635627530364372
9NFU,baseline,5,7,0.9595141700404858
9NFU,baseline,5,8,0.9676113360323887
9NFU,baseline,5,9,0.9676113360323887
9NFU,baseline,5,10,0.9676113360323887
9NFU,baseline,5,11,0.97165991902834
9NFU,baseline,5,12,0.9554655870445344
9NFU,baseline,5,13,0.9595141700404858
9NFU,baseline,5,14,0.97165991902834
9NFU,baseline,5,15,0.951417004048583
9NFU,baseline,5,16,0.9635627530364372
9NFU,baseline,5,17,0.97165991902834
9NFU,baseline,5,18,0.9635627530364372
9NFU,baseline,5,19,0.9554655870445344
9NFU,baseline,5,20,0.9635627530364372
9NFU,baseline,5,21,0.97165991902834
9NFU,baseline,5,22,0.9433198380566802
9NFU,baseline,5,23,0.97165991902834
9NFU,baseline,5,24,0.9757085020242915
9NFU,baseline,5,25,0.9473684210526315
9NFU,baseline,5,26,0.9838056680161943
9NFU,baseline,5,27,0.9595141700404858
9NFU,baseline,5,28,0.9757085020242915
9NFU,baseline,5,29,0.9554655870445344
9NFU,baseline,5,30,0.97165991902834
9NFU,baseline,5,31,0.9595141700404858
9NFU,baseline,5,32,0.951417004048583
9NFU,baseline,5,33,0.9473684210526315
9NFU,baseline,5,34,0.9757085020242915
9NFU,baseline,5,35,0.9473684210526315
9NFU,baseline,5,36,0.9635627530364372
9NFU,baseline,5,37,0.9473684210526315
9NFU,baseline,5,38,0.979757085020243
9NFU,baseline,5,39,0.9554655870445344
9NFU,baseline,5,40,0.9433198380566802
9NFU,baseline,5,41,0.9473684210526315
9NFU,baseline,5,42,0.9635627530364372
9NFU,baseline,5,43,0.9554655870445344
9NFU,baseline,5,44,0.97165991902834
9NFU,baseline,5,45,0.97165991902834
9NFU,baseline,5,46,0.9838056680161943
9NFU,baseline,5,47,0.9635627530364372
9NFU,baseline,5,48,0.97165991902834
9NFU,baseline,5,49,0.9635627530364372
9NFU,baseline,5,50,0.9595141700404858
9NFU,baseline,5,51,0.951417004048583
9NFU,baseline,5,52,0.951417004048583
9NFU,baseline,5,53,0.9635627530364372
9NFU,baseline,5,54,0.9554655870445344
9NFU,baseline,5,55,0.9554655870445344
9NFU,baseline,5,56,0.9595141700404858
9NFU,baseline,5,57,0.9554655870445344
9NFU,baseline,5,58,0.951417004048583
9NFU,baseline,5,59,0.9595141700404858
9NFU,baseline,5,60,0.97165991902834
9NFU,baseline,5,61,0.9554655870445344
9NFU,baseline,5,62,0.9676113360323887
9NFU,baseline,5,63,0.9473684210526315
9NFU,baseline,5,64,0.97165991902834
9NFU,baseline,5,65,0.9595141700404858
9NFU,baseline,5,66,0.9676113360323887
9NFU,baseline,5,67,0.9595141700404858
9NFU,baseline,5,68,0.9595141700404858
9NFU,baseline,5,69,0.951417004048583
9NFU,baseline,5,70,0.951417004048583
9NFU,baseline,5,71,0.9595141700404858
9NFU,baseline,5,72,0.9473684210526315
9NFU,baseline,5,73,0.97165991902834
9NFU,baseline,5,74,0.951417004048583
9NFU,baseline,5,75,0.97165991902834
9NFU,baseline,5,76,0.951417004048583
9NFU,baseline,5,77,0.97165991902834
9NFU,baseline,5,78,0.9635627530364372
9NFU,baseline,5,79,0.9676113360323887
9NFU,baseline,5,80,0.9635627530364372
9NFU,baseline,5,81,0.97165991902834
9NFU,baseline,5,82,0.9635627530364372
9NFU,baseline,5,83,0.9473684210526315
9NFU,baseline,5,84,0.9676113360323887
9NFU,baseline,5,85,0.9352226720647774
9NFU,baseline,5,86,0.951417004048583
9NFU,baseline,5,87,0.951417004048583
9NFU,baseline,5,88,0.9473684210526315
9NFU,baseline,5,89,0.951417004048583
9NFU,baseline,5,90,0.9635627530364372
9NFU,baseline,5,91,0.9676113360323887
9NFU,baseline,5,92,0.97165991902834
9NFU,baseline,5,93,0.9635627530364372
9NFU,baseline,5,94,0.9554655870445344
9NFU,baseline,5,95,0.9595141700404858
9NFU,baseline,5,96,0.9595141700404858
9NFU,baseline,5,97,0.979757085020243
9NFU,baseline,5,98,0.9554655870445344
9NFU,baseline,5,99,0.9676113360323887
9NFU,baseline,6,7,0.951417004048583
9NFU,baseline,6,8,0.9635627530364372
9NFU,baseline,6,9,0.9635627530364372
9NFU,baseline,6,10,0.97165991902834
9NFU,baseline,6,11,0.9473684210526315
9NFU,baseline,6,12,0.9595141700404858
9NFU,baseline,6,13,0.951417004048583
9NFU,baseline,6,14,0.9635627530364372
9NFU,baseline,6,15,0.951417004048583
9NFU,baseline,6,16,0.9595141700404858
9NFU,baseline,6,17,0.9676113360323887
9NFU,baseline,6,18,0.9554655870445344
9NFU,baseline,6,19,0.9635627530364372
9NFU,baseline,6,20,0.9595141700404858
9NFU,baseline,6,21,0.951417004048583
9NFU,baseline,6,22,0.9271255060728745
9NFU,baseline,6,23,0.9554655870445344
9NFU,baseline,6,24,0.97165991902834
9NFU,baseline,6,25,0.9433198380566802
9NFU,baseline,6,26,0.9595141700404858
9NFU,baseline,6,27,0.9676113360323887
9NFU,baseline,6,28,0.9554655870445344
9NFU,baseline,6,29,0.9595141700404858
9NFU,baseline,6,30,0.9595141700404858
9NFU,baseline,6,31,0.951417004048583
9NFU,baseline,6,32,0.9433198380566802
9NFU,baseline,6,33,0.951417004048583
9NFU,baseline,6,34,0.951417004048583
9NFU,baseline,6,35,0.951417004048583
9NFU,baseline,6,36,0.9595141700404858
9NFU,baseline,6,37,0.9473684210526315
9NFU,baseline,6,38,0.951417004048583
9NFU,baseline,6,39,0.9473684210526315
9NFU,baseline,6,40,0.9352226720647774
9NFU,baseline,6,41,0.9595141700404858
9NFU,baseline,6,42,0.9635627530364372
9NFU,baseline,6,43,0.9554655870445344
9NFU,baseline,6,44,0.9635627530364372
9NFU,baseline,6,45,0.9554655870445344
9NFU,baseline,6,46,0.9757085020242915
9NFU,baseline,6,47,0.9554655870445344
9NFU,baseline,6,48,0.9676113360323887
9NFU,baseline,6,49,0.9473684210526315
9NFU,baseline,6,50,0.9635627530364372
9NFU,baseline,6,51,0.9635627530364372
9NFU,baseline,6,52,0.9595141700404858
9NFU,baseline,6,53,0.9676113360323887
9NFU,baseline,6,54,0.9676113360323887
9NFU,baseline,6,55,0.9595141700404858
9NFU,baseline,6,56,0.97165991902834
9NFU,baseline,6,57,0.9473684210526315
9NFU,baseline,6,58,0.9554655870445344
9NFU,baseline,6,59,0.9433198380566802
9NFU,baseline,6,60,0.9554655870445344
9NFU,baseline,6,61,0.9635627530364372
9NFU,baseline,6,62,0.9473684210526315
9NFU,baseline,6,63,0.9433198380566802
9NFU,baseline,6,64,0.9595141700404858
9NFU,baseline,6,65,0.9757085020242915
9NFU,baseline,6,66,0.9595141700404858
9NFU,baseline,6,67,0.9676113360323887
9NFU,baseline,6,68,0.9352226720647774
9NFU,baseline,6,69,0.9473684210526315
9NFU,baseline,6,70,0.9554655870445344
9NFU,baseline,6,71,0.9595141700404858
9NFU,baseline,6,72,0.9554655870445344
9NFU,baseline,6,73,0.9635627530364372
9NFU,baseline,6,74,0.951417004048583
9NFU,baseline,6,75,0.9635627530364372
9NFU,baseline,6,76,0.9554655870445344
9NFU,baseline,6,77,0.97165991902834
9NFU,baseline,6,78,0.9676113360323887
9NFU,baseline,6,79,0.9676113360323887
9NFU,baseline,6,80,0.9554655870445344
9NFU,baseline,6,81,0.9554655870445344
9NFU,baseline,6,82,0.9595141700404858
9NFU,baseline,6,83,0.9473684210526315
9NFU,baseline,6,84,0.9595141700404858
9NFU,baseline,6,85,0.9473684210526315
9NFU,baseline,6,86,0.951417004048583
9NFU,baseline,6,87,0.951417004048583
9NFU,baseline,6,88,0.9595141700404858
9NFU,baseline,6,89,0.9554655870445344
9NFU,baseline,6,90,0.9757085020242915
9NFU,baseline,6,91,0.9433198380566802
9NFU,baseline,6,92,0.9676113360323887
9NFU,baseline,6,93,0.9392712550607287
9NFU,baseline,6,94,0.9473684210526315
9NFU,baseline,6,95,0.951417004048583
9NFU,baseline,6,96,0.9433198380566802
9NFU,baseline,6,97,0.9635627530364372
9NFU,baseline,6,98,0.9757085020242915
9NFU,baseline,6,99,0.9676113360323887
9NFU,baseline,7,8,0.9392712550607287
9NFU,baseline,7,9,0.951417004048583
9NFU,baseline,7,10,0.9433198380566802
9NFU,baseline,7,11,0.951417004048583
9NFU,baseline,7,12,0.9392712550607287
9NFU,baseline,7,13,0.9595141700404858
9NFU,baseline,7,14,0.951417004048583
9NFU,baseline,7,15,0.9352226720647774
9NFU,baseline,7,16,0.9352226720647774
9NFU,baseline,7,17,0.9473684210526315
9NFU,baseline,7,18,0.9352226720647774
9NFU,baseline,7,19,0.9595141700404858
9NFU,baseline,7,20,0.9392712550607287
9NFU,baseline,7,21,0.9635627530364372
9NFU,baseline,7,22,0.9392712550607287
9NFU,baseline,7,23,0.9554655870445344
9NFU,baseline,7,24,0.9635627530364372
9NFU,baseline,7,25,0.9433198380566802
9NFU,baseline,7,26,0.9676113360323887
9NFU,baseline,7,27,0.9392712550607287
9NFU,baseline,7,28,0.9595141700404858
9NFU,baseline,7,29,0.9433198380566802
9NFU,baseline,7,30,0.9473684210526315
9NFU,baseline,7,31,0.951417004048583
9NFU,baseline,7,32,0.9554655870445344
9NFU,baseline,7,33,0.9554655870445344
9NFU,baseline,7,34,0.9473684210526315
9NFU,baseline,7,35,0.951417004048583
9NFU,baseline,7,36,0.9554655870445344
9NFU,baseline,7,37,0.951417004048583
9NFU,baseline,7,38,0.9635627530364372
9NFU,baseline,7,39,0.9392712550607287
9NFU,baseline,7,40,0.951417004048583
9NFU,baseline,7,41,0.9554655870445344
9NFU,baseline,7,42,0.9554655870445344
9NFU,baseline,7,43,0.9595141700404858
9NFU,baseline,7,44,0.9554655870445344
9NFU,baseline,7,45,0.9473684210526315
9NFU,baseline,7,46,0.9554655870445344
9NFU,baseline,7,47,0.9433198380566802
9NFU,baseline,7,48,0.9392712550607287
9NFU,baseline,7,49,0.9595141700404858
9NFU,baseline,7,50,0.9433198380566802
9NFU,baseline,7,51,0.951417004048583
9NFU,baseline,7,52,0.9554655870445344
9NFU,baseline,7,53,0.9554655870445344
9NFU,baseline,7,54,0.9392712550607287
9NFU,baseline,7,55,0.9352226720647774
9NFU,baseline,7,56,0.9595141700404858
9NFU,baseline,7,57,0.951417004048583
9NFU,baseline,7,58,0.9433198380566802
9NFU,baseline,7,59,0.9635627530364372
9NFU,baseline,7,60,0.9635627530364372
9NFU,baseline,7,61,0.9595141700404858
9NFU,baseline,7,62,0.9635627530364372
9NFU,baseline,7,63,0.9554655870445344
9NFU,baseline,7,64,0.9473684210526315
9NFU,baseline,7,65,0.9554655870445344
9NFU,baseline,7,66,0.9635627530364372
9NFU,baseline,7,67,0.9473684210526315
9NFU,baseline,7,68,0.9554655870445344
9NFU,baseline,7,69,0.9392712550607287
9NFU,baseline,7,70,0.9433198380566802
9NFU,baseline,7,71,0.951417004048583
9NFU,baseline,7,72,0.951417004048583
9NFU,baseline,7,73,0.9676113360323887
9NFU,baseline,7,74,0.9473684210526315
9NFU,baseline,7,75,0.9473684210526315
9NFU,baseline,7,76,0.9311740890688259
9NFU,baseline,7,77,0.9352226720647774
9NFU,baseline,7,78,0.97165991902834
9NFU,baseline,7,79,0.951417004048583
9NFU,baseline,7,80,0.9595141700404858
9NFU,baseline,7,81,0.9473684210526315
9NFU,baseline,7,82,0.951417004048583
9NFU,baseline,7,83,0.9635627530364372
9NFU,baseline,7,84,0.9473684210526315
9NFU,baseline,7,85,0.9271255060728745
9NFU,baseline,7,86,0.951417004048583
9NFU,baseline,7,87,0.9473684210526315
9NFU,baseline,7,88,0.9311740890688259
9NFU,baseline,7,89,0.9433198380566802
9NFU,baseline,7,90,0.9554655870445344
9NFU,baseline,7,91,0.951417004048583
9NFU,baseline,7,92,0.9473684210526315
9NFU,baseline,7,93,0.9433198380566802
9NFU,baseline,7,94,0.9554655870445344
9NFU,baseline,7,95,0.9554655870445344
9NFU,baseline,7,96,0.9554655870445344
9NFU,baseline,7,97,0.97165991902834
9NFU,baseline,7,98,0.951417004048583
9NFU,baseline,7,99,0.9392712550607287
9NFU,baseline,8,9,0.9595141700404858
9NFU,baseline,8,10,0.9757085020242915
9NFU,baseline,8,11,0.9554655870445344
9NFU,baseline,8,12,0.9635627530364372
9NFU,baseline,8,13,0.9433198380566802
9NFU,baseline,8,14,0.9635627530364372
9NFU,baseline,8,15,0.9676113360323887
9NFU,baseline,8,16,0.9838056680161943
9NFU,baseline,8,17,0.9595141700404858
9NFU,baseline,8,18,0.9595141700404858
9NFU,baseline,8,19,0.9595141700404858
9NFU,baseline,8,20,0.9635627530364372
9NFU,baseline,8,21,0.9595141700404858
9NFU,baseline,8,22,0.9554655870445344
9NFU,baseline,8,23,0.9757085020242915
9NFU,baseline,8,24,0.9595141700404858
9NFU,baseline,8,25,0.9554655870445344
9NFU,baseline,8,26,0.9635627530364372
9NFU,baseline,8,27,0.9635627530364372
9NFU,baseline,8,28,0.951417004048583
9NFU,baseline,8,29,0.9554655870445344
9NFU,baseline,8,30,0.9595141700404858
9NFU,baseline,8,31,0.9554655870445344
9NFU,baseline,8,32,0.951417004048583
9NFU,baseline,8,33,0.9433198380566802
9NFU,baseline,8,34,0.951417004048583
9NFU,baseline,8,35,0.9433198380566802
9NFU,baseline,8,36,0.9635627530364372
9NFU,baseline,8,37,0.9554655870445344
9NFU,baseline,8,38,0.9595141700404858
9NFU,baseline,8,39,0.951417004048583
9NFU,baseline,8,40,0.9392712550607287
9NFU,baseline,8,41,0.9554655870445344
9NFU,baseline,8,42,0.951417004048583
9NFU,baseline,8,43,0.9595141700404858
9NFU,baseline,8,44,0.9635627530364372
9NFU,baseline,8,45,0.9838056680161943
9NFU,baseline,8,46,0.97165991902834
9NFU,baseline,8,47,0.9635627530364372
9NFU,baseline,8,48,0.9757085020242915
9NFU,baseline,8,49,0.951417004048583
9NFU,baseline,8,50,0.9635627530364372
9NFU,baseline,8,51,0.951417004048583
9NFU,baseline,8,52,0.9433198380566802
9NFU,baseline,8,53,0.9595141700404858
9NFU,baseline,8,54,0.9554655870445344
9NFU,baseline,8,55,0.9635627530364372
9NFU,baseline,8,56,0.9554655870445344
9NFU,baseline,8,57,0.9554655870445344
9NFU,baseline,8,58,0.951417004048583
9NFU,baseline,8,59,0.9433198380566802
9NFU,baseline,8,60,0.9676113360323887
9NFU,baseline,8,61,0.97165991902834
9NFU,baseline,8,62,0.9554655870445344
9NFU,baseline,8,63,0.9554655870445344
9NFU,baseline,8,64,0.9595141700404858
9NFU,baseline,8,65,0.951417004048583
9NFU,baseline,8,66,0.97165991902834
9NFU,baseline,8,67,0.9595141700404858
9NFU,baseline,8,68,0.9392712550607287
9NFU,baseline,8,69,0.9554655870445344
9NFU,baseline,8,70,0.9554655870445344
9NFU,baseline,8,71,0.9635627530364372
9NFU,baseline,8,72,0.9392712550607287
9NFU,baseline,8,73,0.9595141700404858
9NFU,baseline,8,74,0.9676113360323887
9NFU,baseline,8,75,0.9595141700404858
9NFU,baseline,8,76,0.9635627530364372
9NFU,baseline,8,77,0.9635627530364372
9NFU,baseline,8,78,0.951417004048583
9NFU,baseline,8,79,0.9595141700404858
9NFU,baseline,8,80,0.951417004048583
9NFU,baseline,8,81,0.9635627530364372
9NFU,baseline,8,82,0.97165991902834
9NFU,baseline,8,83,0.9473684210526315
9NFU,baseline,8,84,0.9595141700404858
9NFU,baseline,8,85,0.9433198380566802
9NFU,baseline,8,86,0.951417004048583
9NFU,baseline,8,87,0.9554655870445344
9NFU,baseline,8,88,0.9595141700404858
9NFU,baseline,8,89,0.9595141700404858
9NFU,baseline,8,90,0.9635627530364372
9NFU,baseline,8,91,0.951417004048583
9NFU,baseline,8,92,0.9838056680161943
9NFU,baseline,8,93,0.9554655870445344
9NFU,baseline,8,94,0.9352226720647774
9NFU,baseline,8,95,0.951417004048583
9NFU,baseline,8,96,0.9595141700404858
9NFU,baseline,8,97,0.9554655870445344
9NFU,baseline,8,98,0.9635627530364372
9NFU,baseline,8,99,0.979757085020243
9NFU,baseline,9,10,0.97165991902834
9NFU,baseline,9,11,0.9595141700404858
9NFU,baseline,9,12,0.9635627530364372
9NFU,baseline,9,13,0.9473684210526315
9NFU,baseline,9,14,0.9757085020242915
9NFU,baseline,9,15,0.9635627530364372
9NFU,baseline,9,16,0.9554655870445344
9NFU,baseline,9,17,0.9635627530364372
9NFU,baseline,9,18,0.9433198380566802
9NFU,baseline,9,19,0.9595141700404858
9NFU,baseline,9,20,0.9595141700404858
9NFU,baseline,9,21,0.9635627530364372
9NFU,baseline,9,22,0.951417004048583
9NFU,baseline,9,23,0.9676113360323887
9NFU,baseline,9,24,0.9757085020242915
9NFU,baseline,9,25,0.9554655870445344
9NFU,baseline,9,26,0.9676113360323887
9NFU,baseline,9,27,0.9595141700404858
9NFU,baseline,9,28,0.9595141700404858
9NFU,baseline,9,29,0.9635627530364372
9NFU,baseline,9,30,0.9878542510121457
9NFU,baseline,9,31,0.97165991902834
9NFU,baseline,9,32,0.9595141700404858
9NFU,baseline,9,33,0.9676113360323887
9NFU,baseline,9,34,0.9554655870445344
9NFU,baseline,9,35,0.9676113360323887
9NFU,baseline,9,36,0.9554655870445344
9NFU,baseline,9,37,0.951417004048583
9NFU,baseline,9,38,0.9635627530364372
9NFU,baseline,9,39,0.9757085020242915
9NFU,baseline,9,40,0.9473684210526315
9NFU,baseline,9,41,0.9635627530364372
9NFU,baseline,9,42,0.951417004048583
9NFU,baseline,9,43,0.9554655870445344
9NFU,baseline,9,44,0.9595141700404858
9NFU,baseline,9,45,0.97165991902834
9NFU,baseline,9,46,0.9676113360323887
9NFU,baseline,9,47,0.9554655870445344
9NFU,baseline,9,48,0.9635627530364372
9NFU,baseline,9,49,0.9635627530364372
9NFU,baseline,9,50,0.951417004048583
9NFU,baseline,9,51,0.97165991902834
9NFU,baseline,9,52,0.9473684210526315
9NFU,baseline,9,53,0.9676113360323887
9NFU,baseline,9,54,0.9635627530364372
9NFU,baseline,9,55,0.9595141700404858
9NFU,baseline,9,56,0.9635627530364372
9NFU,baseline,9,57,0.9554655870445344
9NFU,baseline,9,58,0.979757085020243
9NFU,baseline,9,59,0.951417004048583
9NFU,baseline,9,60,0.9676113360323887
9NFU,baseline,9,61,0.951417004048583
9NFU,baseline,9,62,0.9473684210526315
9NFU,baseline,9,63,0.9392712550607287
9NFU,baseline,9,64,0.9676113360323887
9NFU,baseline,9,65,0.9595141700404858
9NFU,baseline,9,66,0.9595141700404858
9NFU,baseline,9,67,0.9757085020242915
9NFU,baseline,9,68,0.9554655870445344
9NFU,baseline,9,69,0.9271255060728745
9NFU,baseline,9,70,0.9554655870445344
9NFU,baseline,9,71,0.9595141700404858
9NFU,baseline,9,72,0.9554655870445344
9NFU,baseline,9,73,0.97165991902834
9NFU,baseline,9,74,0.9473684210526315
9NFU,baseline,9,75,0.97165991902834
9NFU,baseline,9,76,0.9757085020242915
9NFU,baseline,9,77,0.9595141700404858
9NFU,baseline,9,78,0.97165991902834
9NFU,baseline,9,79,0.9635627530364372
9NFU,baseline,9,80,0.97165991902834
9NFU,baseline,9,81,0.9595141700404858
9NFU,baseline,9,82,0.97165991902834
9NFU,baseline,9,83,0.951417004048583
9NFU,baseline,9,84,0.9595141700404858
9NFU,baseline,9,85,0.9311740890688259
9NFU,baseline,9,86,0.9392712550607287
9NFU,baseline,9,87,0.9352226720647774
9NFU,baseline,9,88,0.9595141700404858
9NFU,baseline,9,89,0.9595141700404858
9NFU,baseline,9,90,0.9554655870445344
9NFU,baseline,9,91,0.951417004048583
9NFU,baseline,9,92,0.9676113360323887
9NFU,baseline,9,93,0.9433198380566802
9NFU,baseline,9,94,0.9554655870445344
9NFU,baseline,9,95,0.9635627530364372
9NFU,baseline,9,96,0.9473684210526315
9NFU,baseline,9,97,0.9554655870445344
9NFU,baseline,9,98,0.97165991902834
9NFU,baseline,9,99,0.9635627530364372
9NFU,baseline,10,11,0.9676113360323887
9NFU,baseline,10,12,0.97165991902834
9NFU,baseline,10,13,0.951417004048583
9NFU,baseline,10,14,0.9635627530364372
9NFU,baseline,10,15,0.9676113360323887
9NFU,baseline,10,16,0.9757085020242915
9NFU,baseline,10,17,0.9595141700404858
9NFU,baseline,10,18,0.951417004048583
9NFU,baseline,10,19,0.9635627530364372
9NFU,baseline,10,20,0.97165991902834
9NFU,baseline,10,21,0.9635627530364372
9NFU,baseline,10,22,0.9433198380566802
9NFU,baseline,10,23,0.9676113360323887
9NFU,baseline,10,24,0.9757085020242915
9NFU,baseline,10,25,0.9554655870445344
9NFU,baseline,10,26,0.9635627530364372
9NFU,baseline,10,27,0.9635627530364372
9NFU,baseline,10,28,0.9595141700404858
9NFU,baseline,10,29,0.9595141700404858
9NFU,baseline,10,30,0.97165991902834
9NFU,baseline,10,31,0.9676113360323887
9NFU,baseline,10,32,0.9554655870445344
9NFU,baseline,10,33,0.9473684210526315
9NFU,baseline,10,34,0.9676113360323887
9NFU,baseline,10,35,0.9554655870445344
9NFU,baseline,10,36,0.9676113360323887
9NFU,baseline,10,37,0.951417004048583
9NFU,baseline,10,38,0.9676113360323887
9NFU,baseline,10,39,0.9595141700404858
9NFU,baseline,10,40,0.951417004048583
9NFU,baseline,10,41,0.9676113360323887
9NFU,baseline,10,42,0.9595141700404858
9NFU,baseline,10,43,0.9635627530364372
9NFU,baseline,10,44,0.9554655870445344
9NFU,baseline,10,45,0.97165991902834
9NFU,baseline,10,46,0.97165991902834
9NFU,baseline,10,47,0.9595141700404858
9NFU,baseline,10,48,0.9757085020242915
9NFU,baseline,10,49,0.9554655870445344
9NFU,baseline,10,50,0.97165991902834
9NFU,baseline,10,51,0.97165991902834
9NFU,baseline,10,52,0.9473684210526315
9NFU,baseline,10,53,0.9635627530364372
9NFU,baseline,10,54,0.9676113360323887
9NFU,baseline,10,55,0.9757085020242915
9NFU,baseline,10,56,0.9676113360323887
9NFU,baseline,10,57,0.9595141700404858
9NFU,baseline,10,58,0.9635627530364372
9NFU,baseline,10,59,0.951417004048583
9NFU,baseline,10,60,0.97165991902834
9NFU,baseline,10,61,0.9635627530364372
9NFU,baseline,10,62,0.9554655870445344
9NFU,baseline,10,63,0.951417004048583
9NFU,baseline,10,64,0.9595141700404858
9NFU,baseline,10,65,0.9595141700404858
9NFU,baseline,10,66,0.9635627530364372
9NFU,baseline,10,67,0.9676113360323887
9NFU,baseline,10,68,0.9433198380566802
9NFU,baseline,10,69,0.9352226720647774
9NFU,baseline,10,70,0.97165991902834
9NFU,baseline,10,71,0.9635627530364372
9NFU,baseline,10,72,0.951417004048583
9NFU,baseline,10,73,0.9676113360323887
9NFU,baseline,10,74,0.951417004048583
9NFU,baseline,10,75,0.9595141700404858
9NFU,baseline,10,76,0.9676113360323887
9NFU,baseline,10,77,0.979757085020243
9NFU,baseline,10,78,0.9635627530364372
9NFU,baseline,10,79,0.9595141700404858
9NFU,baseline,10,80,0.9635627530364372
9NFU,baseline,10,81,0.9554655870445344
9NFU,baseline,10,82,0.9757085020242915
9NFU,baseline,10,83,0.951417004048583
9NFU,baseline,10,84,0.9676113360323887
9NFU,baseline,10,85,0.9433198380566802
9NFU,baseline,10,86,0.9433198380566802
9NFU,baseline,10,87,0.9473684210526315
9NFU,baseline,10,88,0.97165991902834
9NFU,baseline,10,89,0.9635627530364372
9NFU,baseline,10,90,0.9635627530364372
9NFU,baseline,10,91,0.9473684210526315
9NFU,baseline,10,92,0.9838056680161943
9NFU,baseline,10,93,0.9392712550607287
9NFU,baseline,10,94,0.9473684210526315
9NFU,baseline,10,95,0.9595141700404858
9NFU,baseline,10,96,0.9473684210526315
9NFU,baseline,10,97,0.9554655870445344
9NFU,baseline,10,98,0.9757085020242915
9NFU,baseline,10,99,0.97165991902834
9NFU,baseline,11,12,0.951417004048583
9NFU,baseline,11,13,0.9554655870445344
9NFU,baseline,11,14,0.9635627530364372
9NFU,baseline,11,15,0.9676113360323887
9NFU,baseline,11,16,0.9676113360323887
9NFU,baseline,11,17,0.9554655870445344
9NFU,baseline,11,18,0.97165991902834
9NFU,baseline,11,19,0.951417004048583
9NFU,baseline,11,20,0.9473684210526315
9NFU,baseline,11,21,0.9757085020242915
9NFU,baseline,11,22,0.9433198380566802
9NFU,baseline,11,23,0.9554655870445344
9NFU,baseline,11,24,0.9595141700404858
9NFU,baseline,11,25,0.9433198380566802
9NFU,baseline,11,26,0.97165991902834
9NFU,baseline,11,27,0.951417004048583
9NFU,baseline,11,28,0.9757085020242915
9NFU,baseline,11,29,0.9473684210526315
9NFU,baseline,11,30,0.9635627530364372
9NFU,baseline,11,31,0.951417004048583
9NFU,baseline,11,32,0.951417004048583
9NFU,baseline,11,33,0.9433198380566802
9NFU,baseline,11,34,0.9757085020242915
9NFU,baseline,11,35,0.9433198380566802
9NFU,baseline,11,36,0.9595141700404858
9NFU,baseline,11,37,0.951417004048583
9NFU,baseline,11,38,0.9676113360323887
9NFU,baseline,11,39,0.9595141700404858
9NFU,baseline,11,40,0.9595141700404858
9NFU,baseline,11,41,0.9473684210526315
9NFU,baseline,11,42,0.9392712550607287
9NFU,baseline,11,43,0.951417004048583
9NFU,baseline,11,44,0.951417004048583
9NFU,baseline,11,45,0.9676113360323887
9NFU,baseline,11,46,0.9595141700404858
9NFU,baseline,11,47,0.9676113360323887
9NFU,baseline,11,48,0.9595141700404858
9NFU,baseline,11,49,0.9676113360323887
9NFU,baseline,11,50,0.9595141700404858
9NFU,baseline,11,51,0.9635627530364372
9NFU,baseline,11,52,0.951417004048583
9NFU,baseline,11,53,0.9554655870445344
9NFU,baseline,11,54,0.9473684210526315
9NFU,baseline,11,55,0.9676113360323887
9NFU,baseline,11,56,0.9635627530364372
9NFU,baseline,11,57,0.9554655870445344
9NFU,baseline,11,58,0.951417004048583
9NFU,baseline,11,59,0.9595141700404858
9NFU,baseline,11,60,0.97165991902834
9NFU,baseline,11,61,0.9473684210526315
9NFU,baseline,11,62,0.9635627530364372
9NFU,baseline,11,63,0.9554655870445344
9NFU,baseline,11,64,0.97165991902834
9NFU,baseline,11,65,0.9392712550607287
9NFU,baseline,11,66,0.951417004048583
9NFU,baseline,11,67,0.9473684210526315
9NFU,baseline,11,68,0.9595141700404858
9NFU,baseline,11,69,0.9311740890688259
9NFU,baseline,11,70,0.9554655870445344
9NFU,baseline,11,71,0.9473684210526315
9NFU,baseline,11,72,0.9433198380566802
9NFU,baseline,11,73,0.9554655870445344
9NFU,baseline,11,74,0.9473684210526315
9NFU,baseline,11,75,0.9595141700404858
9NFU,baseline,11,76,0.9554655870445344
9NFU,baseline,11,77,0.9595141700404858
9NFU,baseline,11,78,0.9554655870445344
9NFU,baseline,11,79,0.951417004048583
9NFU,baseline,11,80,0.951417004048583
9NFU,baseline,11,81,0.951417004048583
9NFU,baseline,11,82,0.9595141700404858
9NFU,baseline,11,83,0.9554655870445344
9NFU,baseline,11,84,0.951417004048583
9NFU,baseline,11,85,0.9271255060728745
9NFU,baseline,11,86,0.9473684210526315
9NFU,baseline,11,87,0.9433198380566802
9NFU,baseline,11,88,0.9473684210526315
9NFU,baseline,11,89,0.9473684210526315
9NFU,baseline,11,90,0.9554655870445344
9NFU,baseline,11,91,0.9554655870445344
9NFU,baseline,11,92,0.9635627530364372
9NFU,baseline,11,93,0.9554655870445344
9NFU,baseline,11,94,0.9595141700404858
9NFU,baseline,11,95,0.9473684210526315
9NFU,baseline,11,96,0.9595141700404858
9NFU,baseline,11,97,0.9595141700404858
9NFU,baseline,11,98,0.9595141700404858
9NFU,baseline,11,99,0.9554655870445344
9NFU,baseline,12,13,0.9433198380566802
9NFU,baseline,12,14,0.9595141700404858
9NFU,baseline,12,15,0.9635627530364372
9NFU,baseline,12,16,0.9595141700404858
9NFU,baseline,12,17,0.9595141700404858
9NFU,baseline,12,18,0.9433198380566802
9NFU,baseline,12,19,0.9473684210526315
9NFU,baseline,12,20,0.97165991902834
9NFU,baseline,12,21,0.9473684210526315
9NFU,baseline,12,22,0.9595141700404858
9NFU,baseline,12,23,0.9595141700404858
9NFU,baseline,12,24,0.9635627530364372
9NFU,baseline,12,25,0.9554655870445344
9NFU,baseline,12,26,0.9635627530364372
9NFU,baseline,12,27,0.9595141700404858
9NFU,baseline,12,28,0.951417004048583
9NFU,baseline,12,29,0.9433198380566802
9NFU,baseline,12,30,0.9595141700404858
9NFU,baseline,12,31,0.9595141700404858
9NFU,baseline,12,32,0.9595141700404858
9NFU,baseline,12,33,0.9433198380566802
9NFU,baseline,12,34,0.9473684210526315
9NFU,baseline,12,35,0.951417004048583
9NFU,baseline,12,36,0.9676113360323887
9NFU,baseline,12,37,0.9554655870445344
9NFU,baseline,12,38,0.9635627530364372
9NFU,baseline,12,39,0.9635627530364372
9NFU,baseline,12,40,0.9473684210526315
9NFU,baseline,12,41,0.9635627530364372
9NFU,baseline,12,42,0.9554655870445344
9NFU,baseline,12,43,0.9635627530364372
9NFU,baseline,12,44,0.9595141700404858
9NFU,baseline,12,45,0.9676113360323887
9NFU,baseline,12,46,0.9595141700404858
9NFU,baseline,12,47,0.9676113360323887
9NFU,baseline,12,48,0.9635627530364372
9NFU,baseline,12,49,0.9595141700404858
9NFU,baseline,12,50,0.951417004048583
9NFU,baseline,12,51,0.951417004048583
9NFU,baseline,12,52,0.9473684210526315
9NFU,baseline,12,53,0.9554655870445344
9NFU,baseline,12,54,0.9554655870445344
9NFU,baseline,12,55,0.951417004048583
9NFU,baseline,12,56,0.9554655870445344
9NFU,baseline,12,57,0.97165991902834
9NFU,baseline,12,58,0.951417004048583
9NFU,baseline,12,59,0.9635627530364372
9NFU,baseline,12,60,0.9595141700404858
9NFU,baseline,12,61,0.9554655870445344
9NFU,baseline,12,62,0.9676113360323887
9NFU,baseline,12,63,0.9554655870445344
9NFU,baseline,12,64,0.951417004048583
9NFU,baseline,12,65,0.9635627530364372
9NFU,baseline,12,66,0.951417004048583
9NFU,baseline,12,67,0.9676113360323887
9NFU,baseline,12,68,0.9433198380566802
9NFU,baseline,12,69,0.9392712550607287
9NFU,baseline,12,70,0.9635627530364372
9NFU,baseline,12,71,0.9635627530364372
9NFU,baseline,12,72,0.9473684210526315
9NFU,baseline,12,73,0.9635627530364372
9NFU,baseline,12,74,0.951417004048583
9NFU,baseline,12,75,0.9473684210526315
9NFU,baseline,12,76,0.97165991902834
9NFU,baseline,12,77,0.9595141700404858
9NFU,baseline,12,78,0.9676113360323887
9NFU,baseline,12,79,0.951417004048583
9NFU,baseline,12,80,0.9595141700404858
9NFU,baseline,12,81,0.9392712550607287
9NFU,baseline,12,82,0.9595141700404858
9NFU,baseline,12,83,0.9473684210526315
9NFU,baseline,12,84,0.97165991902834
9NFU,baseline,12,85,0.9433198380566802
9NFU,baseline,12,86,0.9433198380566802
9NFU,baseline,12,87,0.9473684210526315
9NFU,baseline,12,88,0.97165991902834
9NFU,baseline,12,89,0.9676113360323887
9NFU,baseline,12,90,0.9473684210526315
9NFU,baseline,12,91,0.9392712550607287
9NFU,baseline,12,92,0.9757085020242915
9NFU,baseline,12,93,0.951417004048583
9NFU,baseline,12,94,0.9392712550607287
9NFU,baseline,12,95,0.9595141700404858
9NFU,baseline,12,96,0.951417004048583
9NFU,baseline,12,97,0.951417004048583
9NFU,baseline,12,98,0.9676113360323887
9NFU,baseline,12,99,0.9595141700404858
9NFU,baseline,13,14,0.9554655870445344
9NFU,baseline,13,15,0.9311740890688259
9NFU,baseline,13,16,0.951417004048583
9NFU,baseline,13,17,0.9433198380566802
9NFU,baseline,13,18,0.9433198380566802
9NFU,baseline,13,19,0.9433198380566802
9NFU,baseline,13,20,0.9635627530364372
9NFU,baseline,13,21,0.9595141700404858
9NFU,baseline,13,22,0.9271255060728745
9NFU,baseline,13,23,0.9392712550607287
9NFU,baseline,13,24,0.9554655870445344
9NFU,baseline,13,25,0.9595141700404858
9NFU,baseline,13,26,0.9473684210526315
9NFU,baseline,13,27,0.9392712550607287
9NFU,baseline,13,28,0.9433198380566802
9NFU,baseline,13,29,0.9473684210526315
9NFU,baseline,13,30,0.951417004048583
9NFU,baseline,13,31,0.9554655870445344
9NFU,baseline,13,32,0.9352226720647774
9NFU,baseline,13,33,0.9433198380566802
9NFU,baseline,13,34,0.951417004048583
9NFU,baseline,13,35,0.9473684210526315
9NFU,baseline,13,36,0.951417004048583
9NFU,baseline,13,37,0.9433198380566802
9NFU,baseline,13,38,0.9676113360323887
9NFU,baseline,13,39,0.9433198380566802
9NFU,baseline,13,40,0.9595141700404858
9NFU,baseline,13,41,0.9554655870445344
9NFU,baseline,13,42,0.9635627530364372
9NFU,baseline,13,43,0.9433198380566802
9NFU,baseline,13,44,0.9676113360323887
9NFU,baseline,13,45,0.9392712550607287
9NFU,baseline,13,46,0.9554655870445344
9NFU,baseline,13,47,0.9595141700404858
9NFU,baseline,13,48,0.951417004048583
9NFU,baseline,13,49,0.9554655870445344
9NFU,baseline,13,50,0.9433198380566802
9NFU,baseline,13,51,0.951417004048583
9NFU,baseline,13,52,0.9676113360323887
9NFU,baseline,13,53,0.9473684210526315
9NFU,baseline,13,54,0.9392712550607287
9NFU,baseline,13,55,0.9392712550607287
9NFU,baseline,13,56,0.9554655870445344
9NFU,baseline,13,57,0.9392712550607287
9NFU,baseline,13,58,0.9433198380566802
9NFU,baseline,13,59,0.9473684210526315
9NFU,baseline,13,60,0.9473684210526315
9NFU,baseline,13,61,0.9392712550607287
9NFU,baseline,13,62,0.9595141700404858
9NFU,baseline,13,63,0.9392712550607287
9NFU,baseline,13,64,0.9595141700404858
9NFU,baseline,13,65,0.9635627530364372
9NFU,baseline,13,66,0.9595141700404858
9NFU,baseline,13,67,0.9433198380566802
9NFU,baseline,13,68,0.951417004048583
9NFU,baseline,13,69,0.9433198380566802
9NFU,baseline,13,70,0.9554655870445344
9NFU,baseline,13,71,0.9635627530364372
9NFU,baseline,13,72,0.951417004048583
9NFU,baseline,13,73,0.9595141700404858
9NFU,baseline,13,74,0.9392712550607287
9NFU,baseline,13,75,0.9676113360323887
9NFU,baseline,13,76,0.9311740890688259
9NFU,baseline,13,77,0.951417004048583
9NFU,baseline,13,78,0.9595141700404858
9NFU,baseline,13,79,0.9473684210526315
9NFU,baseline,13,80,0.9595141700404858
9NFU,baseline,13,81,0.9433198380566802
9NFU,baseline,13,82,0.9352226720647774
9NFU,baseline,13,83,0.951417004048583
9NFU,baseline,13,84,0.9635627530364372
9NFU,baseline,13,85,0.9433198380566802
9NFU,baseline,13,86,0.9635627530364372
9NFU,baseline,13,87,0.9473684210526315
9NFU,baseline,13,88,0.9271255060728745
9NFU,baseline,13,89,0.951417004048583
9NFU,baseline,13,90,0.9473684210526315
9NFU,baseline,13,91,0.9635627530364372
9NFU,baseline,13,92,0.9392712550607287
9NFU,baseline,13,93,0.951417004048583
9NFU,baseline,13,94,0.9473684210526315
9NFU,baseline,13,95,0.951417004048583
9NFU,baseline,13,96,0.9554655870445344
9NFU,baseline,13,97,0.9757085020242915
9NFU,baseline,13,98,0.9473684210526315
9NFU,baseline,13,99,0.951417004048583
9NFU,baseline,14,15,0.9595141700404858
9NFU,baseline,14,16,0.9676113360323887
9NFU,baseline,14,17,0.97165991902834
9NFU,baseline,14,18,0.9595141700404858
9NFU,baseline,14,19,0.9473684210526315
9NFU,baseline,14,20,0.9595141700404858
9NFU,baseline,14,21,0.9635627530364372
9NFU,baseline,14,22,0.9473684210526315
9NFU,baseline,14,23,0.9676113360323887
9NFU,baseline,14,24,0.979757085020243
9NFU,baseline,14,25,0.97165991902834
9NFU,baseline,14,26,0.9635627530364372
9NFU,baseline,14,27,0.9757085020242915
9NFU,baseline,14,28,0.9635627530364372
9NFU,baseline,14,29,0.9757085020242915
9NFU,baseline,14,30,0.9757085020242915
9NFU,baseline,14,31,0.9635627530364372
9NFU,baseline,14,32,0.951417004048583
9NFU,baseline,14,33,0.9595141700404858
9NFU,baseline,14,34,0.951417004048583
9NFU,baseline,14,35,0.9595141700404858
9NFU,baseline,14,36,0.951417004048583
9NFU,baseline,14,37,0.9352226720647774
9NFU,baseline,14,38,0.9554655870445344
9NFU,baseline,14,39,0.9676113360323887
9NFU,baseline,14,40,0.9433198380566802
9NFU,baseline,14,41,0.951417004048583
9NFU,baseline,14,42,0.9595141700404858
9NFU,baseline,14,43,0.9554655870445344
9NFU,baseline,14,44,0.9676113360323887
9NFU,baseline,14,45,0.9635627530364372
9NFU,baseline,14,46,0.97165991902834
9NFU,baseline,14,47,0.9595141700404858
9NFU,baseline,14,48,0.97165991902834
9NFU,baseline,14,49,0.9473684210526315
9NFU,baseline,14,50,0.9635627530364372
9NFU,baseline,14,51,0.9757085020242915
9NFU,baseline,14,52,0.9595141700404858
9NFU,baseline,14,53,0.9554655870445344
9NFU,baseline,14,54,0.9554655870445344
9NFU,baseline,14,55,0.9554655870445344
9NFU,baseline,14,56,0.951417004048583
9NFU,baseline,14,57,0.9595141700404858
9NFU,baseline,14,58,0.9635627530364372
9NFU,baseline,14,59,0.951417004048583
9NFU,baseline,14,60,0.97165991902834
9NFU,baseline,14,61,0.9635627530364372
9NFU,baseline,14,62,0.951417004048583
9NFU,baseline,14,63,0.9433198380566802
9NFU,baseline,14,64,0.97165991902834
9NFU,baseline,14,65,0.9595141700404858
9NFU,baseline,14,66,0.9635627530364372
9NFU,baseline,14,67,0.9635627530364372
9NFU,baseline,14,68,0.951417004048583
9NFU,baseline,14,69,0.9271255060728745
9NFU,baseline,14,70,0.9433198380566802
9NFU,baseline,14,71,0.97165991902834
9NFU,baseline,14,72,0.9635627530364372
9NFU,baseline,14,73,0.9595141700404858
9NFU,baseline,14,74,0.9554655870445344
9NFU,baseline,14,75,0.9757085020242915
9NFU,baseline,14,76,0.9635627530364372
9NFU,baseline,14,77,0.9635627530364372
9NFU,baseline,14,78,0.9676113360323887
9NFU,baseline,14,79,0.9635627530364372
9NFU,baseline,14,80,0.9595141700404858
9NFU,baseline,14,81,0.9676113360323887
9NFU,baseline,14,82,0.9635627530364372
9NFU,baseline,14,83,0.9433198380566802
9NFU,baseline,14,84,0.9635627530364372
9NFU,baseline,14,85,0.9433198380566802
9NFU,baseline,14,86,0.9473684210526315
9NFU,baseline,14,87,0.9554655870445344
9NFU,baseline,14,88,0.9473684210526315
9NFU,baseline,14,89,0.9473684210526315
9NFU,baseline,14,90,0.9676113360323887
9NFU,baseline,14,91,0.9554655870445344
9NFU,baseline,14,92,0.9595141700404858
9NFU,baseline,14,93,0.951417004048583
9NFU,baseline,14,94,0.9595141700404858
9NFU,baseline,14,95,0.9595141700404858
9NFU,baseline,14,96,0.9554655870445344
9NFU,baseline,14,97,0.9554655870445344
9NFU,baseline,14,98,0.9635627530364372
9NFU,baseline,14,99,0.9676113360323887
9NFU,baseline,15,16,0.9757085020242915
9NFU,baseline,15,17,0.9554655870445344
9NFU,baseline,15,18,0.951417004048583
9NFU,baseline,15,19,0.951417004048583
9NFU,baseline,15,20,0.951417004048583
9NFU,baseline,15,21,0.9554655870445344
9NFU,baseline,15,22,0.9433198380566802
9NFU,baseline,15,23,0.9595141700404858
9NFU,baseline,15,24,0.951417004048583
9NFU,baseline,15,25,0.9473684210526315
9NFU,baseline,15,26,0.9595141700404858
9NFU,baseline,15,27,0.9595141700404858
9NFU,baseline,15,28,0.9473684210526315
9NFU,baseline,15,29,0.9635627530364372
9NFU,baseline,15,30,0.9554655870445344
9NFU,baseline,15,31,0.9473684210526315
9NFU,baseline,15,32,0.9635627530364372
9NFU,baseline,15,33,0.9554655870445344
9NFU,baseline,15,34,0.9473684210526315
9NFU,baseline,15,35,0.9392712550607287
9NFU,baseline,15,36,0.9554655870445344
9NFU,baseline,15,37,0.951417004048583
9NFU,baseline,15,38,0.9473684210526315
9NFU,baseline,15,39,0.97165991902834
9NFU,baseline,15,40,0.9433198380566802
9NFU,baseline,15,41,0.951417004048583
9NFU,baseline,15,42,0.9311740890688259
9NFU,baseline,15,43,0.951417004048583
9NFU,baseline,15,44,0.9433198380566802
9NFU,baseline,15,45,0.9676113360323887
9NFU,baseline,15,46,0.9554655870445344
9NFU,baseline,15,47,0.9554655870445344
9NFU,baseline,15,48,0.9554655870445344
9NFU,baseline,15,49,0.951417004048583
9NFU,baseline,15,50,0.9676113360323887
9NFU,baseline,15,51,0.9595141700404858
9NFU,baseline,15,52,0.9392712550607287
9NFU,baseline,15,53,0.951417004048583
9NFU,baseline,15,54,0.9554655870445344
9NFU,baseline,15,55,0.97165991902834
9NFU,baseline,15,56,0.9595141700404858
9NFU,baseline,15,57,0.9554655870445344
9NFU,baseline,15,58,0.951417004048583
9NFU,baseline,15,59,0.9433198380566802
9NFU,baseline,15,60,0.9635627530364372
9NFU,baseline,15,61,0.951417004048583
9NFU,baseline,15,62,0.9473684210526315
9NFU,baseline,15,63,0.951417004048583
9NFU,baseline,15,64,0.9473684210526315
9NFU,baseline,15,65,0.9392712550607287
9NFU,baseline,15,66,0.9473684210526315
9NFU,baseline,15,67,0.9635627530364372
9NFU,baseline,15,68,0.9352226720647774
9NFU,baseline,15,69,0.9311740890688259
9NFU,baseline,15,70,0.9554655870445344
9NFU,baseline,15,71,0.9433198380566802
9NFU,baseline,15,72,0.9392712550607287
9NFU,baseline,15,73,0.9554655870445344
9NFU,baseline,15,74,0.951417004048583
9NFU,baseline,15,75,0.9433198380566802
9NFU,baseline,15,76,0.9676113360323887
9NFU,baseline,15,77,0.951417004048583
9NFU,baseline,15,78,0.9473684210526315
9NFU,baseline,15,79,0.951417004048583
9NFU,baseline,15,80,0.9433198380566802
9NFU,baseline,15,81,0.9433198380566802
9NFU,baseline,15,82,0.9676113360323887
9NFU,baseline,15,83,0.9433198380566802
9NFU,baseline,15,84,0.9433198380566802
9NFU,baseline,15,85,0.9352226720647774
9NFU,baseline,15,86,0.9352226720647774
9NFU,baseline,15,87,0.9473684210526315
9NFU,baseline,15,88,0.9757085020242915
9NFU,baseline,15,89,0.9595141700404858
9NFU,baseline,15,90,0.951417004048583
9NFU,baseline,15,91,0.9473684210526315
9NFU,baseline,15,92,0.9757085020242915
9NFU,baseline,15,93,0.9392712550607287
9NFU,baseline,15,94,0.9352226720647774
9NFU,baseline,15,95,0.9473684210526315
9NFU,baseline,15,96,0.9554655870445344
9NFU,baseline,15,97,0.9392712550607287
9NFU,baseline,15,98,0.9676113360323887
9NFU,baseline,15,99,0.9554655870445344
9NFU,baseline,16,17,0.9595141700404858
9NFU,baseline,16,18,0.9635627530364372
9NFU,baseline,16,19,0.951417004048583
9NFU,baseline,16,20,0.97165991902834
9NFU,baseline,16,21,0.9595141700404858
9NFU,baseline,16,22,0.9473684210526315
9NFU,baseline,16,23,0.9635627530364372
9NFU,baseline,16,24,0.9554655870445344
9NFU,baseline,16,25,0.9595141700404858
9NFU,baseline,16,26,0.9595141700404858
9NFU,baseline,16,27,0.9595141700404858
9NFU,baseline,16,28,0.9473684210526315
9NFU,baseline,16,29,0.9595141700404858
9NFU,baseline,16,30,0.9595141700404858
9NFU,baseline,16,31,0.951417004048583
9NFU,baseline,16,32,0.9473684210526315
9NFU,baseline,16,33,0.9433198380566802
9NFU,baseline,16,34,0.9554655870445344
9NFU,baseline,16,35,0.9433198380566802
9NFU,baseline,16,36,0.9595141700404858
9NFU,baseline,16,37,0.951417004048583
9NFU,baseline,16,38,0.951417004048583
9NFU,baseline,16,39,0.9595141700404858
9NFU,baseline,16,40,0.951417004048583
9NFU,baseline,16,41,0.9554655870445344
9NFU,baseline,16,42,0.9433198380566802
9NFU,baseline,16,43,0.9554655870445344
9NFU,baseline,16,44,0.9595141700404858
9NFU,baseline,16,45,0.97165991902834
9NFU,baseline,16,46,0.9676113360323887
9NFU,baseline,16,47,0.9635627530364372
9NFU,baseline,16,48,0.97165991902834
9NFU,baseline,16,49,0.9473684210526315
9NFU,baseline,16,50,0.9757085020242915
9NFU,baseline,16,51,0.9595141700404858
9NFU,baseline,16,52,0.9433198380566802
9NFU,baseline,16,53,0.9554655870445344
9NFU,baseline,16,54,0.951417004048583
9NFU,baseline,16,55,0.979757085020243
9NFU,baseline,16,56,0.951417004048583
9NFU,baseline,16,57,0.951417004048583
9NFU,baseline,16,58,0.9473684210526315
9NFU,baseline,16,59,0.9392712550607287
9NFU,baseline,16,60,0.9635627530364372
9NFU,baseline,16,61,0.9635627530364372
9NFU,baseline,16,62,0.951417004048583
9NFU,baseline,16,63,0.951417004048583
9NFU,baseline,16,64,0.9595141700404858
9NFU,baseline,16,65,0.9473684210526315
9NFU,baseline,16,66,0.9635627530364372
9NFU,baseline,16,67,0.9554655870445344
9NFU,baseline,16,68,0.9392712550607287
9NFU,baseline,16,69,0.9433198380566802
9NFU,baseline,16,70,0.9676113360323887
9NFU,baseline,16,71,0.9595141700404858
9NFU,baseline,16,72,0.9433198380566802
9NFU,baseline,16,73,0.9554655870445344
9NFU,baseline,16,74,0.9635627530364372
9NFU,baseline,16,75,0.9595141700404858
9NFU,baseline,16,76,0.9635627530364372
9NFU,baseline,16,77,0.9676113360323887
9NFU,baseline,16,78,0.9473684210526315
9NFU,baseline,16,79,0.9554655870445344
9NFU,baseline,16,80,0.9473684210526315
9NFU,baseline,16,81,0.9635627530364372
9NFU,baseline,16,82,0.9676113360323887
9NFU,baseline,16,83,0.9433198380566802
9NFU,baseline,16,84,0.9554655870445344
9NFU,baseline,16,85,0.9433198380566802
9NFU,baseline,16,86,0.951417004048583
9NFU,baseline,16,87,0.9554655870445344
9NFU,baseline,16,88,0.9595141700404858
9NFU,baseline,16,89,0.9595141700404858
9NFU,baseline,16,90,0.9595141700404858
9NFU,baseline,16,91,0.9554655870445344
9NFU,baseline,16,92,0.9838056680161943
9NFU,baseline,16,93,0.951417004048583
9NFU,baseline,16,94,0.9352226720647774
9NFU,baseline,16,95,0.951417004048583
9NFU,baseline,16,96,0.9595141700404858
9NFU,baseline,16,97,0.951417004048583
9NFU,baseline,16,98,0.9595141700404858
9NFU,baseline,16,99,0.97165991902834
9NFU,baseline,17,18,0.9595141700404858
9NFU,baseline,17,19,0.9473684210526315
9NFU,baseline,17,20,0.9635627530364372
9NFU,baseline,17,21,0.951417004048583
9NFU,baseline,17,22,0.9433198380566802
9NFU,baseline,17,23,0.9595141700404858
9NFU,baseline,17,24,0.9635627530364372
9NFU,baseline,17,25,0.951417004048583
9NFU,baseline,17,26,0.9635627530364372
9NFU,baseline,17,27,0.9635627530364372
9NFU,baseline,17,28,0.9554655870445344
9NFU,baseline,17,29,0.9595141700404858
9NFU,baseline,17,30,0.9676113360323887
9NFU,baseline,17,31,0.9554655870445344
9NFU,baseline,17,32,0.9473684210526315
9NFU,baseline,17,33,0.9554655870445344
9NFU,baseline,17,34,0.951417004048583
9NFU,baseline,17,35,0.9473684210526315
9NFU,baseline,17,36,0.9554655870445344
9NFU,baseline,17,37,0.9392712550607287
9NFU,baseline,17,38,0.9595141700404858
9NFU,baseline,17,39,0.951417004048583
9NFU,baseline,17,40,0.9311740890688259
9NFU,baseline,17,41,0.951417004048583
9NFU,baseline,17,42,0.9595141700404858
9NFU,baseline,17,43,0.951417004048583
9NFU,baseline,17,44,0.9676113360323887
9NFU,baseline,17,45,0.9595141700404858
9NFU,baseline,17,46,0.979757085020243
9NFU,baseline,17,47,0.9635627530364372
9NFU,baseline,17,48,0.9595141700404858
9NFU,baseline,17,49,0.9473684210526315
9NFU,baseline,17,50,0.9595141700404858
9NFU,baseline,17,51,0.951417004048583
9NFU,baseline,17,52,0.9473684210526315
9NFU,baseline,17,53,0.951417004048583
9NFU,baseline,17,54,0.9473684210526315
9NFU,baseline,17,55,0.9595141700404858
9NFU,baseline,17,56,0.9433198380566802
9NFU,baseline,17,57,0.9554655870445344
9NFU,baseline,17,58,0.9554655870445344
9NFU,baseline,17,59,0.9473684210526315
9NFU,baseline,17,60,0.9595141700404858
9NFU,baseline,17,61,0.9635627530364372
9NFU,baseline,17,62,0.9473684210526315
9NFU,baseline,17,63,0.9433198380566802
9NFU,baseline,17,64,0.9595141700404858
9NFU,baseline,17,65,0.9635627530364372
9NFU,baseline,17,66,0.9635627530364372
9NFU,baseline,17,67,0.9635627530364372
9NFU,baseline,17,68,0.9433198380566802
9NFU,baseline,17,69,0.9311740890688259
9NFU,baseline,17,70,0.9554655870445344
9NFU,baseline,17,71,0.951417004048583
9NFU,baseline,17,72,0.9595141700404858
9NFU,baseline,17,73,0.9635627530364372
9NFU,baseline,17,74,0.9595141700404858
9NFU,baseline,17,75,0.9635627530364372
9NFU,baseline,17,76,0.9595141700404858
9NFU,baseline,17,77,0.9595141700404858
9NFU,baseline,17,78,0.9595141700404858
9NFU,baseline,17,79,0.9635627530364372
9NFU,baseline,17,80,0.951417004048583
9NFU,baseline,17,81,0.951417004048583
9NFU,baseline,17,82,0.9554655870445344
9NFU,baseline,17,83,0.9392712550607287
9NFU,baseline,17,84,0.9595141700404858
9NFU,baseline,17,85,0.9433198380566802
9NFU,baseline,17,86,0.9433198380566802
9NFU,baseline,17,87,0.951417004048583
9NFU,baseline,17,88,0.9433198380566802
9NFU,baseline,17,89,0.9433198380566802
9NFU,baseline,17,90,0.9676113360323887
9NFU,baseline,17,91,0.9554655870445344
9NFU,baseline,17,92,0.9635627530364372
9NFU,baseline,17,93,0.9554655870445344
9NFU,baseline,17,94,0.9392712550607287
9NFU,baseline,17,95,0.9635627530364372
9NFU,baseline,17,96,0.9433198380566802
9NFU,baseline,17,97,0.9595141700404858
9NFU,baseline,17,98,0.9554655870445344
9NFU,baseline,17,99,0.9595141700404858
9NFU,baseline,18,19,0.9433198380566802
9NFU,baseline,18,20,0.9352226720647774
9NFU,baseline,18,21,0.9595141700404858
9NFU,baseline,18,22,0.9271255060728745
9NFU,baseline,18,23,0.9392712550607287
9NFU,baseline,18,24,0.9433198380566802
9NFU,baseline,18,25,0.9392712550607287
9NFU,baseline,18,26,0.9554655870445344
9NFU,baseline,18,27,0.9635627530364372
9NFU,baseline,18,28,0.9595141700404858
9NFU,baseline,18,29,0.9433198380566802
9NFU,baseline,18,30,0.9473684210526315
9NFU,baseline,18,31,0.9352226720647774
9NFU,baseline,18,32,0.9433198380566802
9NFU,baseline,18,33,0.9311740890688259
9NFU,baseline,18,34,0.9595141700404858
9NFU,baseline,18,35,0.9271255060728745
9NFU,baseline,18,36,0.951417004048583
9NFU,baseline,18,37,0.9433198380566802
9NFU,baseline,18,38,0.951417004048583
9NFU,baseline,18,39,0.9392712550607287
9NFU,baseline,18,40,0.9311740890688259
9NFU,baseline,18,41,0.9271255060728745
9NFU,baseline,18,42,0.9392712550607287
9NFU,baseline,18,43,0.951417004048583
9NFU,baseline,18,44,0.951417004048583
9NFU,baseline,18,45,0.951417004048583
9NFU,baseline,18,46,0.9554655870445344
9NFU,baseline,18,47,0.9676113360323887
9NFU,baseline,18,48,0.9635627530364372
9NFU,baseline,18,49,0.951417004048583
9NFU,baseline,18,50,0.951417004048583
9NFU,baseline,18,51,0.9392712550607287
9NFU,baseline,18,52,0.951417004048583
9NFU,baseline,18,53,0.9392712550607287
9NFU,baseline,18,54,0.9392712550607287
9NFU,baseline,18,55,0.9595141700404858
9NFU,baseline,18,56,0.9554655870445344
9NFU,baseline,18,57,0.9554655870445344
9NFU,baseline,18,58,0.9352226720647774
9NFU,baseline,18,59,0.951417004048583
9NFU,baseline,18,60,0.951417004048583
9NFU,baseline,18,61,0.9554655870445344
9NFU,baseline,18,62,0.9473684210526315
9NFU,baseline,18,63,0.951417004048583
9NFU,baseline,18,64,0.9676113360323887
9NFU,baseline,18,65,0.9433198380566802
9NFU,baseline,18,66,0.9473684210526315
9NFU,baseline,18,67,0.9433198380566802
9NFU,baseline,18,68,0.9433198380566802
9NFU,baseline,18,69,0.9392712550607287
9NFU,baseline,18,70,0.9392712550607287
9NFU,baseline,18,71,0.951417004048583
9NFU,baseline,18,72,0.9392712550607287
9NFU,baseline,18,73,0.9392712550607287
9NFU,baseline,18,74,0.9554655870445344
9NFU,baseline,18,75,0.9554655870445344
9NFU,baseline,18,76,0.9554655870445344
9NFU,baseline,18,77,0.951417004048583
9NFU,baseline,18,78,0.9392712550607287
9NFU,baseline,18,79,0.951417004048583
9NFU,baseline,18,80,0.9352226720647774
9NFU,baseline,18,81,0.9473684210526315
9NFU,baseline,18,82,0.9595141700404858
9NFU,baseline,18,83,0.9473684210526315
9NFU,baseline,18,84,0.9433198380566802
9NFU,baseline,18,85,0.9352226720647774
9NFU,baseline,18,86,0.9554655870445344
9NFU,baseline,18,87,0.951417004048583
9NFU,baseline,18,88,0.9433198380566802
9NFU,baseline,18,89,0.9392712550607287
9NFU,baseline,18,90,0.9554655870445344
9NFU,baseline,18,91,0.951417004048583
9NFU,baseline,18,92,0.9554655870445344
9NFU,baseline,18,93,0.9635627530364372
9NFU,baseline,18,94,0.951417004048583
9NFU,baseline,18,95,0.9352226720647774
9NFU,baseline,18,96,0.951417004048583
9NFU,baseline,18,97,0.951417004048583
9NFU,baseline,18,98,0.9473684210526315
9NFU,baseline,18,99,0.9595141700404858
9NFU,baseline,19,20,0.9392712550607287
9NFU,baseline,19,21,0.9554655870445344
9NFU,baseline,19,22,0.9392712550607287
9NFU,baseline,19,23,0.951417004048583
9NFU,baseline,19,24,0.9595141700404858
9NFU,baseline,19,25,0.9311740890688259
9NFU,baseline,19,26,0.9595141700404858
9NFU,baseline,19,27,0.951417004048583
9NFU,baseline,19,28,0.9595141700404858
9NFU,baseline,19,29,0.9433198380566802
9NFU,baseline,19,30,0.9554655870445344
9NFU,baseline,19,31,0.951417004048583
9NFU,baseline,19,32,0.951417004048583
9NFU,baseline,19,33,0.951417004048583
9NFU,baseline,19,34,0.9554655870445344
9NFU,baseline,19,35,0.9473684210526315
9NFU,baseline,19,36,0.9635627530364372
9NFU,baseline,19,37,0.9595141700404858
9NFU,baseline,19,38,0.9554655870445344
9NFU,baseline,19,39,0.951417004048583
9NFU,baseline,19,40,0.9311740890688259
9NFU,baseline,19,41,0.9595141700404858
9NFU,baseline,19,42,0.9473684210526315
9NFU,baseline,19,43,0.9595141700404858
9NFU,baseline,19,44,0.951417004048583
9NFU,baseline,19,45,0.9595141700404858
9NFU,baseline,19,46,0.9635627530364372
9NFU,baseline,19,47,0.951417004048583
9NFU,baseline,19,48,0.9595141700404858
9NFU,baseline,19,49,0.9554655870445344
9NFU,baseline,19,50,0.951417004048583
9NFU,baseline,19,51,0.9595141700404858
9NFU,baseline,19,52,0.9352226720647774
9NFU,baseline,19,53,0.97165991902834
9NFU,baseline,19,54,0.9595141700404858
9NFU,baseline,19,55,0.9554655870445344
9NFU,baseline,19,56,0.9676113360323887
9NFU,baseline,19,57,0.9554655870445344
9NFU,baseline,19,58,0.9676113360323887
9NFU,baseline,19,59,0.9392712550607287
9NFU,baseline,19,60,0.9635627530364372
9NFU,baseline,19,61,0.9554655870445344
9NFU,baseline,19,62,0.9473684210526315
9NFU,baseline,19,63,0.9473684210526315
9NFU,baseline,19,64,0.9473684210526315
9NFU,baseline,19,65,0.951417004048583
9NFU,baseline,19,66,0.9595141700404858
9NFU,baseline,19,67,0.9554655870445344
9NFU,baseline,19,68,0.9392712550607287
9NFU,baseline,19,69,0.9433198380566802
9NFU,baseline,19,70,0.951417004048583
9NFU,baseline,19,71,0.9392712550607287
9NFU,baseline,19,72,0.9595141700404858
9NFU,baseline,19,73,0.9595141700404858
9NFU,baseline,19,74,0.9433198380566802
9NFU,baseline,19,75,0.9473684210526315
9NFU,baseline,19,76,0.951417004048583
9NFU,baseline,19,77,0.9635627530364372
9NFU,baseline,19,78,0.9595141700404858
9NFU,baseline,19,79,0.9635627530364372
9NFU,baseline,19,80,0.9554655870445344
9NFU,baseline,19,81,0.951417004048583
9NFU,baseline,19,82,0.9635627530364372
9NFU,baseline,19,83,0.9595141700404858
9NFU,baseline,19,84,0.951417004048583
9NFU,baseline,19,85,0.9392712550607287
9NFU,baseline,19,86,0.9311740890688259
9NFU,baseline,19,87,0.9473684210526315
9NFU,baseline,19,88,0.9473684210526315
9NFU,baseline,19,89,0.951417004048583
9NFU,baseline,19,90,0.9595141700404858
9NFU,baseline,19,91,0.9352226720647774
9NFU,baseline,19,92,0.9635627530364372
9NFU,baseline,19,93,0.9352226720647774
9NFU,baseline,19,94,0.9595141700404858
9NFU,baseline,19,95,0.9433198380566802
9NFU,baseline,19,96,0.9392712550607287
9NFU,baseline,19,97,0.951417004048583
9NFU,baseline,19,98,0.97165991902834
9NFU,baseline,19,99,0.951417004048583
9NFU,baseline,20,21,0.9433198380566802
9NFU,baseline,20,22,0.9433198380566802
9NFU,baseline,20,23,0.9635627530364372
9NFU,baseline,20,24,0.9635627530364372
9NFU,baseline,20,25,0.9676113360323887
9NFU,baseline,20,26,0.9595141700404858
9NFU,baseline,20,27,0.9473684210526315
9NFU,baseline,20,28,0.9433198380566802
9NFU,baseline,20,29,0.9595141700404858
9NFU,baseline,20,30,0.9595141700404858
9NFU,baseline,20,31,0.9635627530364372
9NFU,baseline,20,32,0.9433198380566802
9NFU,baseline,20,33,0.9433198380566802
9NFU,baseline,20,34,0.951417004048583
9NFU,baseline,20,35,0.951417004048583
9NFU,baseline,20,36,0.9554655870445344
9NFU,baseline,20,37,0.9433198380566802
9NFU,baseline,20,38,0.9676113360323887
9NFU,baseline,20,39,0.9554655870445344
9NFU,baseline,20,40,0.9554655870445344
9NFU,baseline,20,41,0.9757085020242915
9NFU,baseline,20,42,0.97165991902834
9NFU,baseline,20,43,0.951417004048583
9NFU,baseline,20,44,0.9676113360323887
9NFU,baseline,20,45,0.9595141700404858
9NFU,baseline,20,46,0.97165991902834
9NFU,baseline,20,47,0.9595141700404858
9NFU,baseline,20,48,0.9595141700404858
9NFU,baseline,20,49,0.951417004048583
9NFU,baseline,20,50,0.9595141700404858
9NFU,baseline,20,51,0.951417004048583
9NFU,baseline,20,52,0.9473684210526315
9NFU,baseline,20,53,0.9473684210526315
9NFU,baseline,20,54,0.9473684210526315
9NFU,baseline,20,55,0.9554655870445344
9NFU,baseline,20,56,0.9433198380566802
9NFU,baseline,20,57,0.951417004048583
9NFU,baseline,20,58,0.9433198380566802
9NFU,baseline,20,59,0.9433198380566802
9NFU,baseline,20,60,0.951417004048583
9NFU,baseline,20,61,0.951417004048583
9NFU,baseline,20,62,0.9595141700404858
9NFU,baseline,20,63,0.9433198380566802
9NFU,baseline,20,64,0.9473684210526315
9NFU,baseline,20,65,0.9757085020242915
9NFU,baseline,20,66,0.9595141700404858
9NFU,baseline,20,67,0.9676113360323887
9NFU,baseline,20,68,0.9392712550607287
9NFU,baseline,20,69,0.9433198380566802
9NFU,baseline,20,70,0.9676113360323887
9NFU,baseline,20,71,0.9676113360323887
9NFU,baseline,20,72,0.951417004048583
9NFU,baseline,20,73,0.9676113360323887
9NFU,baseline,20,74,0.951417004048583
9NFU,baseline,20,75,0.9554655870445344
9NFU,baseline,20,76,0.951417004048583
9NFU,baseline,20,77,0.9676113360323887
9NFU,baseline,20,78,0.9635627530364372
9NFU,baseline,20,79,0.951417004048583
9NFU,baseline,20,80,0.9635627530364372
9NFU,baseline,20,81,0.951417004048583
9NFU,baseline,20,82,0.951417004048583
9NFU,baseline,20,83,0.9352226720647774
9NFU,baseline,20,84,0.97165991902834
9NFU,baseline,20,85,0.9392712550607287
9NFU,baseline,20,86,0.9473684210526315
9NFU,baseline,20,87,0.9433198380566802
9NFU,baseline,20,88,0.9554655870445344
9NFU,baseline,20,89,0.9595141700404858
9NFU,baseline,20,90,0.9473684210526315
9NFU,baseline,20,91,0.9554655870445344
9NFU,baseline,20,92,0.97165991902834
9NFU,baseline,20,93,0.9595141700404858
9NFU,baseline,20,94,0.9311740890688259
9NFU,baseline,20,95,0.9676113360323887
9NFU,baseline,20,96,0.9554655870445344
9NFU,baseline,20,97,0.9635627530364372
9NFU,baseline,20,98,0.951417004048583
9NFU,baseline,20,99,0.9635627530364372
9NFU,baseline,21,22,0.9554655870445344
9NFU,baseline,21,23,0.9676113360323887
9NFU,baseline,21,24,0.9676113360323887
9NFU,baseline,21,25,0.9473684210526315
9NFU,baseline,21,26,0.9676113360323887
9NFU,baseline,21,27,0.9554655870445344
9NFU,baseline,21,28,0.9757085020242915
9NFU,baseline,21,29,0.951417004048583
9NFU,baseline,21,30,0.9676113360323887
9NFU,baseline,21,31,0.9595141700404858
9NFU,baseline,21,32,0.9635627530364372
9NFU,baseline,21,33,0.9635627530364372
9NFU,baseline,21,34,0.9676113360323887
9NFU,baseline,21,35,0.9635627530364372
9NFU,baseline,21,36,0.9595141700404858
9NFU,baseline,21,37,0.9554655870445344
9NFU,baseline,21,38,0.97165991902834
9NFU,baseline,21,39,0.9554655870445344
9NFU,baseline,21,40,0.9595141700404858
9NFU,baseline,21,41,0.9433198380566802
9NFU,baseline,21,42,0.951417004048583
9NFU,baseline,21,43,0.9635627530364372
9NFU,baseline,21,44,0.951417004048583
9NFU,baseline,21,45,0.97165991902834
9NFU,baseline,21,46,0.9595141700404858
9NFU,baseline,21,47,0.9676113360323887
9NFU,baseline,21,48,0.9595141700404858
9NFU,baseline,21,49,0.97165991902834
9NFU,baseline,21,50,0.9635627530364372
9NFU,baseline,21,51,0.9635627530364372
9NFU,baseline,21,52,0.9595141700404858
9NFU,baseline,21,53,0.9676113360323887
9NFU,baseline,21,54,0.951417004048583
9NFU,baseline,21,55,0.9635627530364372
9NFU,baseline,21,56,0.97165991902834
9NFU,baseline,21,57,0.9595141700404858
9NFU,baseline,21,58,0.9554655870445344
9NFU,baseline,21,59,0.97165991902834
9NFU,baseline,21,60,0.9757085020242915
9NFU,baseline,21,61,0.9554655870445344
9NFU,baseline,21,62,0.97165991902834
9NFU,baseline,21,63,0.9635627530364372
9NFU,baseline,21,64,0.9676113360323887
9NFU,baseline,21,65,0.9433198380566802
9NFU,baseline,21,66,0.9554655870445344
9NFU,baseline,21,67,0.9473684210526315
9NFU,baseline,21,68,0.9757085020242915
9NFU,baseline,21,69,0.9392712550607287
9NFU,baseline,21,70,0.951417004048583
9NFU,baseline,21,71,0.9635627530364372
9NFU,baseline,21,72,0.951417004048583
9NFU,baseline,21,73,0.9595141700404858
9NFU,baseline,21,74,0.9473684210526315
9NFU,baseline,21,75,0.9595141700404858
9NFU,baseline,21,76,0.9554655870445344
9NFU,baseline,21,77,0.951417004048583
9NFU,baseline,21,78,0.951417004048583
9NFU,baseline,21,79,0.9554655870445344
9NFU,baseline,21,80,0.9635627530364372
9NFU,baseline,21,81,0.9635627530364372
9NFU,baseline,21,82,0.9757085020242915
9NFU,baseline,21,83,0.97165991902834
9NFU,baseline,21,84,0.951417004048583
9NFU,baseline,21,85,0.9271255060728745
9NFU,baseline,21,86,0.9554655870445344
9NFU,baseline,21,87,0.951417004048583
9NFU,baseline,21,88,0.9433198380566802
9NFU,baseline,21,89,0.9554655870445344
9NFU,baseline,21,90,0.9676113360323887
9NFU,baseline,21,91,0.9554655870445344
9NFU,baseline,21,92,0.9676113360323887
9NFU,baseline,21,93,0.9473684210526315
9NFU,baseline,21,94,0.9676113360323887
9NFU,baseline,21,95,0.9635627530364372
9NFU,baseline,21,96,0.9635627530364372
9NFU,baseline,21,97,0.9676113360323887
9NFU,baseline,21,98,0.9595141700404858
9NFU,baseline,21,99,0.9595141700404858
9NFU,baseline,22,23,0.9635627530364372
9NFU,baseline,22,24,0.951417004048583
9NFU,baseline,22,25,0.9473684210526315
9NFU,baseline,22,26,0.9473684210526315
9NFU,baseline,22,27,0.9352226720647774
9NFU,baseline,22,28,0.951417004048583
9NFU,baseline,22,29,0.9311740890688259
9NFU,baseline,22,30,0.9635627530364372
9NFU,baseline,22,31,0.9554655870445344
9NFU,baseline,22,32,0.951417004048583
9NFU,baseline,22,33,0.9473684210526315
9NFU,baseline,22,34,0.9433198380566802
9NFU,baseline,22,35,0.9757085020242915
9NFU,baseline,22,36,0.951417004048583
9NFU,baseline,22,37,0.951417004048583
9NFU,baseline,22,38,0.9473684210526315
9NFU,baseline,22,39,0.9473684210526315
9NFU,baseline,22,40,0.9595141700404858
9NFU,baseline,22,41,0.9473684210526315
9NFU,baseline,22,42,0.9352226720647774
9NFU,baseline,22,43,0.9635627530364372
9NFU,baseline,22,44,0.9473684210526315
9NFU,baseline,22,45,0.97165991902834
9NFU,baseline,22,46,0.9433198380566802
9NFU,baseline,22,47,0.951417004048583
9NFU,baseline,22,48,0.9392712550607287
9NFU,baseline,22,49,0.9473684210526315
9NFU,baseline,22,50,0.9392712550607287
9NFU,baseline,22,51,0.9433198380566802
9NFU,baseline,22,52,0.9311740890688259
9NFU,baseline,22,53,0.9595141700404858
9NFU,baseline,22,54,0.9352226720647774
9NFU,baseline,22,55,0.9433198380566802
9NFU,baseline,22,56,0.9311740890688259
9NFU,baseline,22,57,0.951417004048583
9NFU,baseline,22,58,0.9554655870445344
9NFU,baseline,22,59,0.9554655870445344
9NFU,baseline,22,60,0.9595141700404858
9NFU,baseline,22,61,0.9473684210526315
9NFU,baseline,22,62,0.9595141700404858
9NFU,baseline,22,63,0.951417004048583
9NFU,baseline,22,64,0.9473684210526315
9NFU,baseline,22,65,0.9311740890688259
9NFU,baseline,22,66,0.9473684210526315
9NFU,baseline,22,67,0.9352226720647774
9NFU,baseline,22,68,0.9635627530364372
9NFU,baseline,22,69,0.9392712550607287
9NFU,baseline,22,70,0.9554655870445344
9NFU,baseline,22,71,0.951417004048583
9NFU,baseline,22,72,0.951417004048583
9NFU,baseline,22,73,0.9554655870445344
9NFU,baseline,22,74,0.9473684210526315
9NFU,baseline,22,75,0.9473684210526315
9NFU,baseline,22,76,0.9595141700404858
9NFU,baseline,22,77,0.9392712550607287
9NFU,baseline,22,78,0.951417004048583
9NFU,baseline,22,79,0.9392712550607287
9NFU,baseline,22,80,0.951417004048583
9NFU,baseline,22,81,0.951417004048583
9NFU,baseline,22,82,0.9554655870445344
9NFU,baseline,22,83,0.9554655870445344
9NFU,baseline,22,84,0.951417004048583
9NFU,baseline,22,85,0.9392712550607287
9NFU,baseline,22,86,0.9352226720647774
9NFU,baseline,22,87,0.9473684210526315
9NFU,baseline,22,88,0.9392712550607287
9NFU,baseline,22,89,0.951417004048583
9NFU,baseline,22,90,0.9433198380566802
9NFU,baseline,22,91,0.9392712550607287
9NFU,baseline,22,92,0.9554655870445344
9NFU,baseline,22,93,0.9352226720647774
9NFU,baseline,22,94,0.9433198380566802
9NFU,baseline,22,95,0.9595141700404858
9NFU,baseline,22,96,0.9473684210526315
9NFU,baseline,22,97,0.9433198380566802
9NFU,baseline,22,98,0.9433198380566802
9NFU,baseline,22,99,0.9433198380566802
9NFU,baseline,23,24,0.979757085020243
9NFU,baseline,23,25,0.9554655870445344
9NFU,baseline,23,26,0.9757085020242915
9NFU,baseline,23,27,0.951417004048583
9NFU,baseline,23,28,0.9676113360323887
9NFU,baseline,23,29,0.9554655870445344
9NFU,baseline,23,30,0.9676113360323887
9NFU,baseline,23,31,0.9595141700404858
9NFU,baseline,23,32,0.951417004048583
9NFU,baseline,23,33,0.9554655870445344
9NFU,baseline,23,34,0.9595141700404858
9NFU,baseline,23,35,0.9554655870445344
9NFU,baseline,23,36,0.9554655870445344
9NFU,baseline,23,37,0.9433198380566802
9NFU,baseline,23,38,0.9676113360323887
9NFU,baseline,23,39,0.9595141700404858
9NFU,baseline,23,40,0.9473684210526315
9NFU,baseline,23,41,0.9554655870445344
9NFU,baseline,23,42,0.9554655870445344
9NFU,baseline,23,43,0.9595141700404858
9NFU,baseline,23,44,0.9595141700404858
9NFU,baseline,23,45,0.9838056680161943
9NFU,baseline,23,46,0.97165991902834
9NFU,baseline,23,47,0.9473684210526315
9NFU,baseline,23,48,0.9554655870445344
9NFU,baseline,23,49,0.951417004048583
9NFU,baseline,23,50,0.9595141700404858
9NFU,baseline,23,51,0.9595141700404858
9NFU,baseline,23,52,0.9392712550607287
9NFU,baseline,23,53,0.9635627530364372
9NFU,baseline,23,54,0.951417004048583
9NFU,baseline,23,55,0.9554655870445344
9NFU,baseline,23,56,0.9473684210526315
9NFU,baseline,23,57,0.9554655870445344
9NFU,baseline,23,58,0.951417004048583
9NFU,baseline,23,59,0.9554655870445344
9NFU,baseline,23,60,0.9757085020242915
9NFU,baseline,23,61,0.9554655870445344
9NFU,baseline,23,62,0.9676113360323887
9NFU,baseline,23,63,0.951417004048583
9NFU,baseline,23,64,0.9473684210526315
9NFU,baseline,23,65,0.951417004048583
9NFU,baseline,23,66,0.9595141700404858
9NFU,baseline,23,67,0.9676113360323887
9NFU,baseline,23,68,0.951417004048583
9NFU,baseline,23,69,0.9433198380566802
9NFU,baseline,23,70,0.951417004048583
9NFU,baseline,23,71,0.9595141700404858
9NFU,baseline,23,72,0.951417004048583
9NFU,baseline,23,73,0.97165991902834
9NFU,baseline,23,74,0.951417004048583
9NFU,baseline,23,75,0.9554655870445344
9NFU,baseline,23,76,0.9554655870445344
9NFU,baseline,23,77,0.9554655870445344
9NFU,baseline,23,78,0.9595141700404858
9NFU,baseline,23,79,0.9595141700404858
9NFU,baseline,23,80,0.9595141700404858
9NFU,baseline,23,81,0.9635627530364372
9NFU,baseline,23,82,0.97165991902834
9NFU,baseline,23,83,0.9433198380566802
9NFU,baseline,23,84,0.9554655870445344
9NFU,baseline,23,85,0.9230769230769231
9NFU,baseline,23,86,0.9392712550607287
9NFU,baseline,23,87,0.9433198380566802
9NFU,baseline,23,88,0.9554655870445344
9NFU,baseline,23,89,0.951417004048583
9NFU,baseline,23,90,0.9635627530364372
9NFU,baseline,23,91,0.9473684210526315
9NFU,baseline,23,92,0.979757085020243
9NFU,baseline,23,93,0.9473684210526315
9NFU,baseline,23,94,0.9473684210526315
9NFU,baseline,23,95,0.9676113360323887
9NFU,baseline,23,96,0.9554655870445344
9NFU,baseline,23,97,0.9595141700404858
9NFU,baseline,23,98,0.9554655870445344
9NFU,baseline,23,99,0.9635627530364372
9NFU,baseline,24,25,0.9554655870445344
9NFU,baseline,24,26,0.97165991902834
9NFU,baseline,24,27,0.9635627530364372
9NFU,baseline,24,28,0.97165991902834
9NFU,baseline,24,29,0.9635627530364372
9NFU,baseline,24,30,0.979757085020243
9NFU,baseline,24,31,0.9676113360323887
9NFU,baseline,24,32,0.951417004048583
9NFU,baseline,24,33,0.9635627530364372
9NFU,baseline,24,34,0.9635627530364372
9NFU,baseline,24,35,0.9635627530364372
9NFU,baseline,24,36,0.9676113360323887
9NFU,baseline,24,37,0.9433198380566802
9NFU,baseline,24,38,0.9676113360323887
9NFU,baseline,24,39,0.9595141700404858
9NFU,baseline,24,40,0.9554655870445344
9NFU,baseline,24,41,0.9635627530364372
9NFU,baseline,24,42,0.97165991902834
9NFU,baseline,24,43,0.97165991902834
9NFU,baseline,24,44,0.97165991902834
9NFU,baseline,24,45,0.97165991902834
9NFU,baseline,24,46,0.9838056680161943
9NFU,baseline,24,47,0.951417004048583
9NFU,baseline,24,48,0.9676113360323887
9NFU,baseline,24,49,0.951417004048583
9NFU,baseline,24,50,0.9595141700404858
9NFU,baseline,24,51,0.9757085020242915
9NFU,baseline,24,52,0.9554655870445344
9NFU,baseline,24,53,0.97165991902834
9NFU,baseline,24,54,0.97165991902834
9NFU,baseline,24,55,0.9554655870445344
9NFU,baseline,24,56,0.9635627530364372
9NFU,baseline,24,57,0.9595141700404858
9NFU,baseline,24,58,0.9595141700404858
9NFU,baseline,24,59,0.9554655870445344
9NFU,baseline,24,60,0.979757085020243
9NFU,baseline,24,61,0.9554655870445344
9NFU,baseline,24,62,0.97165991902834
9NFU,baseline,24,63,0.9433198380566802
9NFU,baseline,24,64,0.9595141700404858
9NFU,baseline,24,65,0.9676113360323887
9NFU,baseline,24,66,0.9595141700404858
9NFU,baseline,24,67,0.9757085020242915
9NFU,baseline,24,68,0.9554655870445344
9NFU,baseline,24,69,0.9352226720647774
9NFU,baseline,24,70,0.9595141700404858
9NFU,baseline,24,71,0.9676113360323887
9NFU,baseline,24,72,0.97165991902834
9NFU,baseline,24,73,0.979757085020243
9NFU,baseline,24,74,0.9433198380566802
9NFU,baseline,24,75,0.9757085020242915
9NFU,baseline,24,76,0.9595141700404858
9NFU,baseline,24,77,0.9676113360323887
9NFU,baseline,24,78,0.979757085020243
9NFU,baseline,24,79,0.9595141700404858
9NFU,baseline,24,80,0.9676113360323887
9NFU,baseline,24,81,0.9635627530364372
9NFU,baseline,24,82,0.97165991902834
9NFU,baseline,24,83,0.951417004048583
9NFU,baseline,24,84,0.9676113360323887
9NFU,baseline,24,85,0.9433198380566802
9NFU,baseline,24,86,0.9473684210526315
9NFU,baseline,24,87,0.9554655870445344
9NFU,baseline,24,88,0.9554655870445344
9NFU,baseline,24,89,0.9595141700404858
9NFU,baseline,24,90,0.97165991902834
9NFU,baseline,24,91,0.9473684210526315
9NFU,baseline,24,92,0.97165991902834
9NFU,baseline,24,93,0.9433198380566802
9NFU,baseline,24,94,0.9595141700404858
9NFU,baseline,24,95,0.9676113360323887
9NFU,baseline,24,96,0.9473684210526315
9NFU,baseline,24,97,0.9676113360323887
9NFU,baseline,24,98,0.97165991902834
9NFU,baseline,24,99,0.9635627530364372
9NFU,baseline,25,26,0.9473684210526315
9NFU,baseline,25,27,0.951417004048583
9NFU,baseline,25,28,0.9392712550607287
9NFU,baseline,25,29,0.9595141700404858
9NFU,baseline,25,30,0.951417004048583
9NFU,baseline,25,31,0.9635627530364372
9NFU,baseline,25,32,0.9473684210526315
9NFU,baseline,25,33,0.9473684210526315
9NFU,baseline,25,34,0.9433198380566802
9NFU,baseline,25,35,0.9554655870445344
9NFU,baseline,25,36,0.9392712550607287
9NFU,baseline,25,37,0.9392712550607287
9NFU,baseline,25,38,0.951417004048583
9NFU,baseline,25,39,0.9554655870445344
9NFU,baseline,25,40,0.9554655870445344
9NFU,baseline,25,41,0.9676113360323887
9NFU,baseline,25,42,0.9554655870445344
9NFU,baseline,25,43,0.9554655870445344
9NFU,baseline,25,44,0.9554655870445344
9NFU,baseline,25,45,0.9473684210526315
9NFU,baseline,25,46,0.9473684210526315
9NFU,baseline,25,47,0.951417004048583
9NFU,baseline,25,48,0.9473684210526315
9NFU,baseline,25,49,0.9392712550607287
9NFU,baseline,25,50,0.9554655870445344
9NFU,baseline,25,51,0.9635627530364372
9NFU,baseline,25,52,0.9554655870445344
9NFU,baseline,25,53,0.9352226720647774
9NFU,baseline,25,54,0.9311740890688259
9NFU,baseline,25,55,0.9392712550607287
9NFU,baseline,25,56,0.9311740890688259
9NFU,baseline,25,57,0.9554655870445344
9NFU,baseline,25,58,0.9473684210526315
9NFU,baseline,25,59,0.9554655870445344
9NFU,baseline,25,60,0.9473684210526315
9NFU,baseline,25,61,0.9595141700404858
9NFU,baseline,25,62,0.9473684210526315
9NFU,baseline,25,63,0.951417004048583
9NFU,baseline,25,64,0.9473684210526315
9NFU,baseline,25,65,0.9595141700404858
9NFU,baseline,25,66,0.9595141700404858
9NFU,baseline,25,67,0.9595141700404858
9NFU,baseline,25,68,0.9473684210526315
9NFU,baseline,25,69,0.9271255060728745
9NFU,baseline,25,70,0.9433198380566802
9NFU,baseline,25,71,0.97165991902834
9NFU,baseline,25,72,0.9433198380566802
9NFU,baseline,25,73,0.9554655870445344
9NFU,baseline,25,74,0.9676113360323887
9NFU,baseline,25,75,0.951417004048583
9NFU,baseline,25,76,0.9554655870445344
9NFU,baseline,25,77,0.9473684210526315
9NFU,baseline,25,78,0.9595141700404858
9NFU,baseline,25,79,0.951417004048583
9NFU,baseline,25,80,0.9554655870445344
9NFU,baseline,25,81,0.9473684210526315
9NFU,baseline,25,82,0.951417004048583
9NFU,baseline,25,83,0.9473684210526315
9NFU,baseline,25,84,0.951417004048583
9NFU,baseline,25,85,0.9352226720647774
9NFU,baseline,25,86,0.9554655870445344
9NFU,baseline,25,87,0.9473684210526315
9NFU,baseline,25,88,0.9473684210526315
9NFU,baseline,25,89,0.9473684210526315
9NFU,baseline,25,90,0.9554655870445344
9NFU,baseline,25,91,0.9554655870445344
9NFU,baseline,25,92,0.9473684210526315
9NFU,baseline,25,93,0.9554655870445344
9NFU,baseline,25,94,0.9352226720647774
9NFU,baseline,25,95,0.951417004048583
9NFU,baseline,25,96,0.9595141700404858
9NFU,baseline,25,97,0.951417004048583
9NFU,baseline,25,98,0.9433198380566802
9NFU,baseline,25,99,0.9595141700404858
9NFU,baseline,26,27,0.951417004048583
9NFU,baseline,26,28,0.9757085020242915
9NFU,baseline,26,29,0.951417004048583
9NFU,baseline,26,30,0.9676113360323887
9NFU,baseline,26,31,0.9554655870445344
9NFU,baseline,26,32,0.951417004048583
9NFU,baseline,26,33,0.9473684210526315
9NFU,baseline,26,34,0.97165991902834
9NFU,baseline,26,35,0.9433198380566802
9NFU,baseline,26,36,0.9595141700404858
9NFU,baseline,26,37,0.9595141700404858
9NFU,baseline,26,38,0.9757085020242915
9NFU,baseline,26,39,0.9635627530364372
9NFU,baseline,26,40,0.9473684210526315
9NFU,baseline,26,41,0.9595141700404858
9NFU,baseline,26,42,0.951417004048583
9NFU,baseline,26,43,0.951417004048583
9NFU,baseline,26,44,0.9595141700404858
9NFU,baseline,26,45,0.9757085020242915
9NFU,baseline,26,46,0.97165991902834
9NFU,baseline,26,47,0.9554655870445344
9NFU,baseline,26,48,0.9595141700404858
9NFU,baseline,26,49,0.9676113360323887
9NFU,baseline,26,50,0.9554655870445344
9NFU,baseline,26,51,0.951417004048583
9NFU,baseline,26,52,0.9433198380566802
9NFU,baseline,26,53,0.9595141700404858
9NFU,baseline,26,54,0.951417004048583
9NFU,baseline,26,55,0.951417004048583
9NFU,baseline,26,56,0.9635627530364372
9NFU,baseline,26,57,0.9554655870445344
9NFU,baseline,26,58,0.951417004048583
9NFU,baseline,26,59,0.9595141700404858
9NFU,baseline,26,60,0.9676113360323887
9NFU,baseline,26,61,0.951417004048583
9NFU,baseline,26,62,0.97165991902834
9NFU,baseline,26,63,0.9595141700404858
9NFU,baseline,26,64,0.9676113360323887
9NFU,baseline,26,65,0.9554655870445344
9NFU,baseline,26,66,0.9554655870445344
9NFU,baseline,26,67,0.9676113360323887
9NFU,baseline,26,68,0.9554655870445344
9NFU,baseline,26,69,0.9433198380566802
9NFU,baseline,26,70,0.9473684210526315
9NFU,baseline,26,71,0.9473684210526315
9NFU,baseline,26,72,0.9433198380566802
9NFU,baseline,26,73,0.9676113360323887
9NFU,baseline,26,74,0.9554655870445344
9NFU,baseline,26,75,0.9595141700404858
9NFU,baseline,26,76,0.9595141700404858
9NFU,baseline,26,77,0.9595141700404858
9NFU,baseline,26,78,0.9676113360323887
9NFU,baseline,26,79,0.9595141700404858
9NFU,baseline,26,80,0.9595141700404858
9NFU,baseline,26,81,0.9554655870445344
9NFU,baseline,26,82,0.9595141700404858
9NFU,baseline,26,83,0.951417004048583
9NFU,baseline,26,84,0.9554655870445344
9NFU,baseline,26,85,0.9230769230769231
9NFU,baseline,26,86,0.9473684210526315
9NFU,baseline,26,87,0.9392712550607287
9NFU,baseline,26,88,0.9595141700404858
9NFU,baseline,26,89,0.951417004048583
9NFU,baseline,26,90,0.9595141700404858
9NFU,baseline,26,91,0.9554655870445344
9NFU,baseline,26,92,0.9757085020242915
9NFU,baseline,26,93,0.9635627530364372
9NFU,baseline,26,94,0.9595141700404858
9NFU,baseline,26,95,0.9554655870445344
9NFU,baseline,26,96,0.9635627530364372
9NFU,baseline,26,97,0.9676113360323887
9NFU,baseline,26,98,0.9554655870445344
9NFU,baseline,26,99,0.9635627530364372
9NFU,baseline,27,28,0.9554655870445344
9NFU,baseline,27,29,0.9676113360323887
9NFU,baseline,27,30,0.9554655870445344
9NFU,baseline,27,31,0.9433198380566802
9NFU,baseline,27,32,0.9635627530364372
9NFU,baseline,27,33,0.951417004048583
9NFU,baseline,27,34,0.9433198380566802
9NFU,baseline,27,35,0.9433198380566802
9NFU,baseline,27,36,0.9554655870445344
9NFU,baseline,27,37,0.9352226720647774
9NFU,baseline,27,38,0.9433198380566802
9NFU,baseline,27,39,0.951417004048583
9NFU,baseline,27,40,0.9352226720647774
9NFU,baseline,27,41,0.9392712550607287
9NFU,baseline,27,42,0.9554655870445344
9NFU,baseline,27,43,0.9554655870445344
9NFU,baseline,27,44,0.9554655870445344
9NFU,baseline,27,45,0.9554655870445344
9NFU,baseline,27,46,0.9595141700404858
9NFU,baseline,27,47,0.9554655870445344
9NFU,baseline,27,48,0.979757085020243
9NFU,baseline,27,49,0.9433198380566802
9NFU,baseline,27,50,0.9676113360323887
9NFU,baseline,27,51,0.9554655870445344
9NFU,baseline,27,52,0.9635627530364372
9NFU,baseline,27,53,0.9433198380566802
9NFU,baseline,27,54,0.9595141700404858
9NFU,baseline,27,55,0.9595141700404858
9NFU,baseline,27,56,0.9635627530364372
9NFU,baseline,27,57,0.9676113360323887
9NFU,baseline,27,58,0.9473684210526315
9NFU,baseline,27,59,0.9473684210526315
9NFU,baseline,27,60,0.9635627530364372
9NFU,baseline,27,61,0.9676113360323887
9NFU,baseline,27,62,0.9473684210526315
9NFU,baseline,27,63,0.9473684210526315
9NFU,baseline,27,64,0.9635627530364372
9NFU,baseline,27,65,0.9473684210526315
9NFU,baseline,27,66,0.951417004048583
9NFU,baseline,27,67,0.951417004048583
9NFU,baseline,27,68,0.9392712550607287
9NFU,baseline,27,69,0.9271255060728745
9NFU,baseline,27,70,0.9392712550607287
9NFU,baseline,27,71,0.9635627530364372
9NFU,baseline,27,72,0.951417004048583
9NFU,baseline,27,73,0.9433198380566802
9NFU,baseline,27,74,0.9473684210526315
9NFU,baseline,27,75,0.9554655870445344
9NFU,baseline,27,76,0.9595141700404858
9NFU,baseline,27,77,0.9676113360323887
9NFU,baseline,27,78,0.951417004048583
9NFU,baseline,27,79,0.951417004048583
9NFU,baseline,27,80,0.951417004048583
9NFU,baseline,27,81,0.9554655870445344
9NFU,baseline,27,82,0.9635627530364372
9NFU,baseline,27,83,0.9433198380566802
9NFU,baseline,27,84,0.9554655870445344
9NFU,baseline,27,85,0.951417004048583
9NFU,baseline,27,86,0.9433198380566802
9NFU,baseline,27,87,0.97165991902834
9NFU,baseline,27,88,0.9554655870445344
9NFU,baseline,27,89,0.9433198380566802
9NFU,baseline,27,90,0.9635627530364372
9NFU,baseline,27,91,0.9433198380566802
9NFU,baseline,27,92,0.9595141700404858
9NFU,baseline,27,93,0.9433198380566802
9NFU,baseline,27,94,0.9473684210526315
9NFU,baseline,27,95,0.9433198380566802
9NFU,baseline,27,96,0.951417004048583
9NFU,baseline,27,97,0.9433198380566802
9NFU,baseline,27,98,0.9635627530364372
9NFU,baseline,27,99,0.97165991902834
9NFU,baseline,28,29,0.9473684210526315
9NFU,baseline,28,30,0.9595141700404858
9NFU,baseline,28,31,0.9473684210526315
9NFU,baseline,28,32,0.9554655870445344
9NFU,baseline,28,33,0.9473684210526315
9NFU,baseline,28,34,0.9838056680161943
9NFU,baseline,28,35,0.9595141700404858
9NFU,baseline,28,36,0.9554655870445344
9NFU,baseline,28,37,0.9433198380566802
9NFU,baseline,28,38,0.97165991902834
9NFU,baseline,28,39,0.9473684210526315
9NFU,baseline,28,40,0.9473684210526315
9NFU,baseline,28,41,0.9392712550607287
9NFU,baseline,28,42,0.951417004048583
9NFU,baseline,28,43,0.9554655870445344
9NFU,baseline,28,44,0.951417004048583
9NFU,baseline,28,45,0.9635627530364372
9NFU,baseline,28,46,0.9635627530364372
9NFU,baseline,28,47,0.9595141700404858
9NFU,baseline,28,48,0.9554655870445344
9NFU,baseline,28,49,0.9635627530364372
9NFU,baseline,28,50,0.9554655870445344
9NFU,baseline,28,51,0.9595141700404858
9NFU,baseline,28,52,0.951417004048583
9NFU,baseline,28,53,0.9676113360323887
9NFU,baseline,28,54,0.951417004048583
9NFU,baseline,28,55,0.9473684210526315
9NFU,baseline,28,56,0.9595141700404858
9NFU,baseline,28,57,0.9595141700404858
9NFU,baseline,28,58,0.9595141700404858
9NFU,baseline,28,59,0.9676113360323887
9NFU,baseline,28,60,0.97165991902834
9NFU,baseline,28,61,0.951417004048583
9NFU,baseline,28,62,0.97165991902834
9NFU,baseline,28,63,0.9554655870445344
9NFU,baseline,28,64,0.9635627530364372
9NFU,baseline,28,65,0.9433198380566802
9NFU,baseline,28,66,0.9554655870445344
9NFU,baseline,28,67,0.951417004048583
9NFU,baseline,28,68,0.9676113360323887
9NFU,baseline,28,69,0.9433198380566802
9NFU,baseline,28,70,0.9433198380566802
9NFU,baseline,28,71,0.951417004048583
9NFU,baseline,28,72,0.951417004048583
9NFU,baseline,28,73,0.9595141700404858
9NFU,baseline,28,74,0.9392712550607287
9NFU,baseline,28,75,0.9554655870445344
9NFU,baseline,28,76,0.9473684210526315
9NFU,baseline,28,77,0.9676113360323887
9NFU,baseline,28,78,0.9554655870445344
9NFU,baseline,28,79,0.9676113360323887
9NFU,baseline,28,80,0.951417004048583
9NFU,baseline,28,81,0.97165991902834
9NFU,baseline,28,82,0.9635627530364372
9NFU,baseline,28,83,0.9554655870445344
9NFU,baseline,28,84,0.9554655870445344
9NFU,baseline,28,85,0.9271255060728745
9NFU,baseline,28,86,0.9392712550607287
9NFU,baseline,28,87,0.9433198380566802
9NFU,baseline,28,88,0.9433198380566802
9NFU,baseline,28,89,0.9392712550607287
9NFU,baseline,28,90,0.9595141700404858
9NFU,baseline,28,91,0.9473684210526315
9NFU,baseline,28,92,0.9635627530364372
9NFU,baseline,28,93,0.9554655870445344
9NFU,baseline,28,94,0.9757085020242915
9NFU,baseline,28,95,0.9554655870445344
9NFU,baseline,28,96,0.9595141700404858
9NFU,baseline,28,97,0.9635627530364372
9NFU,baseline,28,98,0.9595141700404858
9NFU,baseline,28,99,0.951417004048583
9NFU,baseline,29,30,0.9595141700404858
9NFU,baseline,29,31,0.951417004048583
9NFU,baseline,29,32,0.951417004048583
9NFU,baseline,29,33,0.9595141700404858
9NFU,baseline,29,34,0.9392712550607287
9NFU,baseline,29,35,0.9473684210526315
9NFU,baseline,29,36,0.9392712550607287
9NFU,baseline,29,37,0.9311740890688259
9NFU,baseline,29,38,0.9433198380566802
9NFU,baseline,29,39,0.9595141700404858
9NFU,baseline,29,40,0.9352226720647774
9NFU,baseline,29,41,0.9554655870445344
9NFU,baseline,29,42,0.9554655870445344
9NFU,baseline,29,43,0.9433198380566802
9NFU,baseline,29,44,0.951417004048583
9NFU,baseline,29,45,0.9473684210526315
9NFU,baseline,29,46,0.9635627530364372
9NFU,baseline,29,47,0.9473684210526315
9NFU,baseline,29,48,0.9595141700404858
9NFU,baseline,29,49,0.9433198380566802
9NFU,baseline,29,50,0.97165991902834
9NFU,baseline,29,51,0.9595141700404858
9NFU,baseline,29,52,0.951417004048583
9NFU,baseline,29,53,0.9433198380566802
9NFU,baseline,29,54,0.951417004048583
9NFU,baseline,29,55,0.951417004048583
9NFU,baseline,29,56,0.9554655870445344
9NFU,baseline,29,57,0.9433198380566802
9NFU,baseline,29,58,0.9473684210526315
9NFU,baseline,29,59,0.9352226720647774
9NFU,baseline,29,60,0.9554655870445344
9NFU,baseline,29,61,0.9595141700404858
9NFU,baseline,29,62,0.9352226720647774
9NFU,baseline,29,63,0.9392712550607287
9NFU,baseline,29,64,0.9595141700404858
9NFU,baseline,29,65,0.9595141700404858
9NFU,baseline,29,66,0.951417004048583
9NFU,baseline,29,67,0.9595141700404858
9NFU,baseline,29,68,0.9352226720647774
9NFU,baseline,29,69,0.9190283400809717
9NFU,baseline,29,70,0.9392712550607287
9NFU,baseline,29,71,0.9595141700404858
9NFU,baseline,29,72,0.951417004048583
9NFU,baseline,29,73,0.951417004048583
9NFU,baseline,29,74,0.9473684210526315
9NFU,baseline,29,75,0.9595141700404858
9NFU,baseline,29,76,0.9473684210526315
9NFU,baseline,29,77,0.9554655870445344
9NFU,baseline,29,78,0.9554655870445344
9NFU,baseline,29,79,0.9473684210526315
9NFU,baseline,29,80,0.9473684210526315
9NFU,baseline,29,81,0.9554655870445344
9NFU,baseline,29,82,0.9595141700404858
9NFU,baseline,29,83,0.9392712550607287
9NFU,baseline,29,84,0.9473684210526315
9NFU,baseline,29,85,0.9392712550607287
9NFU,baseline,29,86,0.9352226720647774
9NFU,baseline,29,87,0.951417004048583
9NFU,baseline,29,88,0.9635627530364372
9NFU,baseline,29,89,0.9433198380566802
9NFU,baseline,29,90,0.9595141700404858
9NFU,baseline,29,91,0.9595141700404858
9NFU,baseline,29,92,0.951417004048583
9NFU,baseline,29,93,0.9433198380566802
9NFU,baseline,29,94,0.9473684210526315
9NFU,baseline,29,95,0.9554655870445344
9NFU,baseline,29,96,0.9595141700404858
9NFU,baseline,29,97,0.9433198380566802
9NFU,baseline,29,98,0.951417004048583
9NFU,baseline,29,99,0.9554655870445344
9NFU,baseline,30,31,0.9757085020242915
9NFU,baseline,30,32,0.9473684210526315
9NFU,baseline,30,33,0.9635627530364372
9NFU,baseline,30,34,0.9595141700404858
9NFU,baseline,30,35,0.9757085020242915
9NFU,baseline,30,36,0.9595141700404858
9NFU,baseline,30,37,0.951417004048583
9NFU,baseline,30,38,0.9635627530364372
9NFU,baseline,30,39,0.9676113360323887
9NFU,baseline,30,40,0.9554655870445344
9NFU,baseline,30,41,0.9595141700404858
9NFU,baseline,30,42,0.951417004048583
9NFU,baseline,30,43,0.9595141700404858
9NFU,baseline,30,44,0.9635627530364372
9NFU,baseline,30,45,0.9757085020242915
9NFU,baseline,30,46,0.97165991902834
9NFU,baseline,30,47,0.9595141700404858
9NFU,baseline,30,48,0.9676113360323887
9NFU,baseline,30,49,0.9554655870445344
9NFU,baseline,30,50,0.951417004048583
9NFU,baseline,30,51,0.9676113360323887
9NFU,baseline,30,52,0.9392712550607287
9NFU,baseline,30,53,0.9676113360323887
9NFU,baseline,30,54,0.9676113360323887
9NFU,baseline,30,55,0.9635627530364372
9NFU,baseline,30,56,0.9595141700404858
9NFU,baseline,30,57,0.951417004048583
9NFU,baseline,30,58,0.979757085020243
9NFU,baseline,30,59,0.9433198380566802
9NFU,baseline,30,60,0.97165991902834
9NFU,baseline,30,61,0.9473684210526315
9NFU,baseline,30,62,0.951417004048583
9NFU,baseline,30,63,0.9392712550607287
9NFU,baseline,30,64,0.9757085020242915
9NFU,baseline,30,65,0.9554655870445344
9NFU,baseline,30,66,0.9595141700404858
9NFU,baseline,30,67,0.9635627530364372
9NFU,baseline,30,68,0.9635627530364372
9NFU,baseline,30,69,0.9271255060728745
9NFU,baseline,30,70,0.9635627530364372
9NFU,baseline,30,71,0.9595141700404858
9NFU,baseline,30,72,0.9635627530364372
9NFU,baseline,30,73,0.9676113360323887
9NFU,baseline,30,74,0.9473684210526315
9NFU,baseline,30,75,0.9838056680161943
9NFU,baseline,30,76,0.979757085020243
9NFU,baseline,30,77,0.9635627530364372
9NFU,baseline,30,78,0.97165991902834
9NFU,baseline,30,79,0.9554655870445344
9NFU,baseline,30,80,0.97165991902834
9NFU,baseline,30,81,0.9595141700404858
9NFU,baseline,30,82,0.9676113360323887
9NFU,baseline,30,83,0.951417004048583
9NFU,baseline,30,84,0.9635627530364372
9NFU,baseline,30,85,0.9433198380566802
9NFU,baseline,30,86,0.9433198380566802
9NFU,baseline,30,87,0.9433198380566802
9NFU,baseline,30,88,0.951417004048583
9NFU,baseline,30,89,0.9595141700404858
9NFU,baseline,30,90,0.9554655870445344
9NFU,baseline,30,91,0.951417004048583
9NFU,baseline,30,92,0.9676113360323887
9NFU,baseline,30,93,0.9433198380566802
9NFU,baseline,30,94,0.9595141700404858
9NFU,baseline,30,95,0.9676113360323887
9NFU,baseline,30,96,0.9392712550607287
9NFU,baseline,30,97,0.9554655870445344
9NFU,baseline,30,98,0.9635627530364372
9NFU,baseline,30,99,0.9635627530364372
9NFU,baseline,31,32,0.9554655870445344
9NFU,baseline,31,33,0.951417004048583
9NFU,baseline,31,34,0.9473684210526315
9NFU,baseline,31,35,0.97165991902834
9NFU,baseline,31,36,0.9595141700404858
9NFU,baseline,31,37,0.9554655870445344
9NFU,baseline,31,38,0.97165991902834
9NFU,baseline,31,39,0.9595141700404858
9NFU,baseline,31,40,0.951417004048583
9NFU,baseline,31,41,0.97165991902834
9NFU,baseline,31,42,0.9595141700404858
9NFU,baseline,31,43,0.9635627530364372
9NFU,baseline,31,44,0.9635627530364372
9NFU,baseline,31,45,0.9635627530364372
9NFU,baseline,31,46,0.9595141700404858
9NFU,baseline,31,47,0.9595141700404858
9NFU,baseline,31,48,0.9635627530364372
9NFU,baseline,31,49,0.9595141700404858
9NFU,baseline,31,50,0.9433198380566802
9NFU,baseline,31,51,0.9635627530364372
9NFU,baseline,31,52,0.9433198380566802
9NFU,baseline,31,53,0.9595141700404858
9NFU,baseline,31,54,0.9635627530364372
9NFU,baseline,31,55,0.9554655870445344
9NFU,baseline,31,56,0.951417004048583
9NFU,baseline,31,57,0.951417004048583
9NFU,baseline,31,58,0.9635627530364372
9NFU,baseline,31,59,0.951417004048583
9NFU,baseline,31,60,0.9595141700404858
9NFU,baseline,31,61,0.9554655870445344
9NFU,baseline,31,62,0.951417004048583
9NFU,baseline,31,63,0.951417004048583
9NFU,baseline,31,64,0.951417004048583
9NFU,baseline,31,65,0.9595141700404858
9NFU,baseline,31,66,0.9676113360323887
9NFU,baseline,31,67,0.9554655870445344
9NFU,baseline,31,68,0.9676113360323887
9NFU,baseline,31,69,0.9311740890688259
9NFU,baseline,31,70,0.9554655870445344
9NFU,baseline,31,71,0.9635627530364372
9NFU,baseline,31,72,0.9595141700404858
9NFU,baseline,31,73,0.9757085020242915
9NFU,baseline,31,74,0.9554655870445344
9NFU,baseline,31,75,0.9595141700404858
9NFU,baseline,31,76,0.9554655870445344
9NFU,baseline,31,77,0.951417004048583
9NFU,baseline,31,78,0.9757085020242915
9NFU,baseline,31,79,0.9473684210526315
9NFU,baseline,31,80,0.979757085020243
9NFU,baseline,31,81,0.9473684210526315
9NFU,baseline,31,82,0.9595141700404858
9NFU,baseline,31,83,0.9554655870445344
9NFU,baseline,31,84,0.9635627530364372
9NFU,baseline,31,85,0.9433198380566802
9NFU,baseline,31,86,0.9473684210526315
9NFU,baseline,31,87,0.9473684210526315
9NFU,baseline,31,88,0.9433198380566802
9NFU,baseline,31,89,0.9635627530364372
9NFU,baseline,31,90,0.951417004048583
9NFU,baseline,31,91,0.9595141700404858
9NFU,baseline,31,92,0.9595141700404858
9NFU,baseline,31,93,0.9433198380566802
9NFU,baseline,31,94,0.951417004048583
9NFU,baseline,31,95,0.9676113360323887
9NFU,baseline,31,96,0.9433198380566802
9NFU,baseline,31,97,0.9635627530364372
9NFU,baseline,31,98,0.9554655870445344
9NFU,baseline,31,99,0.9595141700404858
9NFU,baseline,32,33,0.9595141700404858
9NFU,baseline,32,34,0.9433198380566802
9NFU,baseline,32,35,0.9554655870445344
9NFU,baseline,32,36,0.9635627530364372
9NFU,baseline,32,37,0.9554655870445344
9NFU,baseline,32,38,0.9595141700404858
9NFU,baseline,32,39,0.9473684210526315
9NFU,baseline,32,40,0.9473684210526315
9NFU,baseline,32,41,0.951417004048583
9NFU,baseline,32,42,0.951417004048583
9NFU,baseline,32,43,0.97165991902834
9NFU,baseline,32,44,0.9473684210526315
9NFU,baseline,32,45,0.9554655870445344
9NFU,baseline,32,46,0.9473684210526315
9NFU,baseline,32,47,0.9595141700404858
9NFU,baseline,32,48,0.951417004048583
9NFU,baseline,32,49,0.9676113360323887
9NFU,baseline,32,50,0.9595141700404858
9NFU,baseline,32,51,0.951417004048583
9NFU,baseline,32,52,0.951417004048583
9NFU,baseline,32,53,0.9473684210526315
9NFU,baseline,32,54,0.951417004048583
9NFU,baseline,32,55,0.9554655870445344
9NFU,baseline,32,56,0.9635627530364372
9NFU,baseline,32,57,0.97165991902834
9NFU,baseline,32,58,0.9433198380566802
9NFU,baseline,32,59,0.9676113360323887
9NFU,baseline,32,60,0.9595141700404858
9NFU,baseline,32,61,0.9635627530364372
9NFU,baseline,32,62,0.9595141700404858
9NFU,baseline,32,63,0.9635627530364372
9NFU,baseline,32,64,0.9433198380566802
9NFU,baseline,32,65,0.9433198380566802
9NFU,baseline,32,66,0.951417004048583
9NFU,baseline,32,67,0.9473684210526315
9NFU,baseline,32,68,0.9595141700404858
9NFU,baseline,32,69,0.9352226720647774
9NFU,baseline,32,70,0.951417004048583
9NFU,baseline,32,71,0.9554655870445344
9NFU,baseline,32,72,0.9433198380566802
9NFU,baseline,32,73,0.9635627530364372
9NFU,baseline,32,74,0.9433198380566802
9NFU,baseline,32,75,0.9311740890688259
9NFU,baseline,32,76,0.951417004048583
9NFU,baseline,32,77,0.9433198380566802
9NFU,baseline,32,78,0.9554655870445344
9NFU,baseline,32,79,0.9433198380566802
9NFU,baseline,32,80,0.9595141700404858
9NFU,baseline,32,81,0.9433198380566802
9NFU,baseline,32,82,0.97165991902834
9NFU,baseline,32,83,0.9676113360323887
9NFU,baseline,32,84,0.9473684210526315
9NFU,baseline,32,85,0.9392712550607287
9NFU,baseline,32,86,0.9352226720647774
9NFU,baseline,32,87,0.9635627530364372
9NFU,baseline,32,88,0.951417004048583
9NFU,baseline,32,89,0.9554655870445344
9NFU,baseline,32,90,0.9473684210526315
9NFU,baseline,32,91,0.951417004048583
9NFU,baseline,32,92,0.9595141700404858
9NFU,baseline,32,93,0.9433198380566802
9NFU,baseline,32,94,0.9433198380566802
9NFU,baseline,32,95,0.9554655870445344
9NFU,baseline,32,96,0.9595141700404858
9NFU,baseline,32,97,0.9554655870445344
9NFU,baseline,32,98,0.9554655870445344
9NFU,baseline,32,99,0.9433198380566802
9NFU,baseline,33,34,0.9352226720647774
9NFU,baseline,33,35,0.9595141700404858
9NFU,baseline,33,36,0.951417004048583
9NFU,baseline,33,37,0.951417004048583
9NFU,baseline,33,38,0.9473684210526315
9NFU,baseline,33,39,0.9473684210526315
9NFU,baseline,33,40,0.9433198380566802
9NFU,baseline,33,41,0.9554655870445344
9NFU,baseline,33,42,0.951417004048583
9NFU,baseline,33,43,0.9595141700404858
9NFU,baseline,33,44,0.951417004048583
9NFU,baseline,33,45,0.951417004048583
9NFU,baseline,33,46,0.9635627530364372
9NFU,baseline,33,47,0.951417004048583
9NFU,baseline,33,48,0.9392712550607287
9NFU,baseline,33,49,0.9433198380566802
9NFU,baseline,33,50,0.9595141700404858
9NFU,baseline,33,51,0.9635627530364372
9NFU,baseline,33,52,0.9433198380566802
9NFU,baseline,33,53,0.9595141700404858
9NFU,baseline,33,54,0.9554655870445344
9NFU,baseline,33,55,0.951417004048583
9NFU,baseline,33,56,0.9595141700404858
9NFU,baseline,33,57,0.951417004048583
9NFU,baseline,33,58,0.9554655870445344
9NFU,baseline,33,59,0.9473684210526315
9NFU,baseline,33,60,0.9554655870445344
9NFU,baseline,33,61,0.9473684210526315
9NFU,baseline,33,62,0.9473684210526315
9NFU,baseline,33,63,0.9392712550607287
9NFU,baseline,33,64,0.9433198380566802
9NFU,baseline,33,65,0.9554655870445344
9NFU,baseline,33,66,0.9433198380566802
9NFU,baseline,33,67,0.9595141700404858
9NFU,baseline,33,68,0.9554655870445344
9NFU,baseline,33,69,0.9271255060728745
9NFU,baseline,33,70,0.9554655870445344
9NFU,baseline,33,71,0.9473684210526315
9NFU,baseline,33,72,0.9554655870445344
9NFU,baseline,33,73,0.9595141700404858
9NFU,baseline,33,74,0.9352226720647774
9NFU,baseline,33,75,0.9554655870445344
9NFU,baseline,33,76,0.9554655870445344
9NFU,baseline,33,77,0.9352226720647774
9NFU,baseline,33,78,0.9554655870445344
9NFU,baseline,33,79,0.9473684210526315
9NFU,baseline,33,80,0.951417004048583
9NFU,baseline,33,81,0.9473684210526315
9NFU,baseline,33,82,0.9595141700404858
9NFU,baseline,33,83,0.9635627530364372
9NFU,baseline,33,84,0.9352226720647774
9NFU,baseline,33,85,0.9311740890688259
9NFU,baseline,33,86,0.9311740890688259
9NFU,baseline,33,87,0.951417004048583
9NFU,baseline,33,88,0.9392712550607287
9NFU,baseline,33,89,0.9473684210526315
9NFU,baseline,33,90,0.9595141700404858
9NFU,baseline,33,91,0.9352226720647774
9NFU,baseline,33,92,0.951417004048583
9NFU,baseline,33,93,0.9352226720647774
9NFU,baseline,33,94,0.9392712550607287
9NFU,baseline,33,95,0.97165991902834
9NFU,baseline,33,96,0.9352226720647774
9NFU,baseline,33,97,0.951417004048583
9NFU,baseline,33,98,0.9595141700404858
9NFU,baseline,33,99,0.9352226720647774
9NFU,baseline,34,35,0.951417004048583
9NFU,baseline,34,36,0.9554655870445344
9NFU,baseline,34,37,0.9392712550607287
9NFU,baseline,34,38,0.97165991902834
9NFU,baseline,34,39,0.9473684210526315
9NFU,baseline,34,40,0.9473684210526315
9NFU,baseline,34,41,0.9433198380566802
9NFU,baseline,34,42,0.9433198380566802
9NFU,baseline,34,43,0.9554655870445344
9NFU,baseline,34,44,0.951417004048583
9NFU,baseline,34,45,0.9635627530364372
9NFU,baseline,34,46,0.9635627530364372
9NFU,baseline,34,47,0.951417004048583
9NFU,baseline,34,48,0.9554655870445344
9NFU,baseline,34,49,0.9595141700404858
9NFU,baseline,34,50,0.951417004048583
9NFU,baseline,34,51,0.9554655870445344
9NFU,baseline,34,52,0.9433198380566802
9NFU,baseline,34,53,0.9676113360323887
9NFU,baseline,34,54,0.951417004048583
9NFU,baseline,34,55,0.9554655870445344
9NFU,baseline,34,56,0.9554655870445344
9NFU,baseline,34,57,0.9554655870445344
9NFU,baseline,34,58,0.9554655870445344
9NFU,baseline,34,59,0.9635627530364372
9NFU,baseline,34,60,0.9635627530364372
9NFU,baseline,34,61,0.9392712550607287
9NFU,baseline,34,62,0.9635627530364372
9NFU,baseline,34,63,0.9433198380566802
9NFU,baseline,34,64,0.9595141700404858
9NFU,baseline,34,65,0.9473684210526315
9NFU,baseline,34,66,0.9554655870445344
9NFU,baseline,34,67,0.9554655870445344
9NFU,baseline,34,68,0.9595141700404858
9NFU,baseline,34,69,0.9433198380566802
9NFU,baseline,34,70,0.951417004048583
9NFU,baseline,34,71,0.951417004048583
9NFU,baseline,34,72,0.9433198380566802
9NFU,baseline,34,73,0.9595141700404858
9NFU,baseline,34,74,0.9433198380566802
9NFU,baseline,34,75,0.9554655870445344
9NFU,baseline,34,76,0.951417004048583
9NFU,baseline,34,77,0.9757085020242915
9NFU,baseline,34,78,0.951417004048583
9NFU,baseline,34,79,0.97165991902834
9NFU,baseline,34,80,0.951417004048583
9NFU,baseline,34,81,0.9635627530364372
9NFU,baseline,34,82,0.9635627530364372
9NFU,baseline,34,83,0.9433198380566802
9NFU,baseline,34,84,0.9554655870445344
9NFU,baseline,34,85,0.9271255060728745
9NFU,baseline,34,86,0.9473684210526315
9NFU,baseline,34,87,0.9352226720647774
9NFU,baseline,34,88,0.951417004048583
9NFU,baseline,34,89,0.9392712550607287
9NFU,baseline,34,90,0.9473684210526315
9NFU,baseline,34,91,0.951417004048583
9NFU,baseline,34,92,0.9635627530364372
9NFU,baseline,34,93,0.9554655870445344
9NFU,baseline,34,94,0.9635627530364372
9NFU,baseline,34,95,0.9473684210526315
9NFU,baseline,34,96,0.951417004048583
9NFU,baseline,34,97,0.9635627530364372
9NFU,baseline,34,98,0.9554655870445344
9NFU,baseline,34,99,0.951417004048583
9NFU,baseline,35,36,0.951417004048583
9NFU,baseline,35,37,0.9473684210526315
9NFU,baseline,35,38,0.9554655870445344
9NFU,baseline,35,39,0.9473684210526315
9NFU,baseline,35,40,0.9635627530364372
9NFU,baseline,35,41,0.9554655870445344
9NFU,baseline,35,42,0.951417004048583
9NFU,baseline,35,43,0.9635627530364372
9NFU,baseline,35,44,0.951417004048583
9NFU,baseline,35,45,0.9554655870445344
9NFU,baseline,35,46,0.9473684210526315
9NFU,baseline,35,47,0.951417004048583
9NFU,baseline,35,48,0.9473684210526315
9NFU,baseline,35,49,0.951417004048583
9NFU,baseline,35,50,0.9433198380566802
9NFU,baseline,35,51,0.9635627530364372
9NFU,baseline,35,52,0.9473684210526315
9NFU,baseline,35,53,0.9676113360323887
9NFU,baseline,35,54,0.951417004048583
9NFU,baseline,35,55,0.9473684210526315
9NFU,baseline,35,56,0.9473684210526315
9NFU,baseline,35,57,0.951417004048583
9NFU,baseline,35,58,0.9757085020242915
9NFU,baseline,35,59,0.9554655870445344
9NFU,baseline,35,60,0.9595141700404858
9NFU,baseline,35,61,0.951417004048583
9NFU,baseline,35,62,0.951417004048583
9NFU,baseline,35,63,0.9473684210526315
9NFU,baseline,35,64,0.9554655870445344
9NFU,baseline,35,65,0.951417004048583
9NFU,baseline,35,66,0.9595141700404858
9NFU,baseline,35,67,0.9433198380566802
9NFU,baseline,35,68,0.97165991902834
9NFU,baseline,35,69,0.9392712550607287
9NFU,baseline,35,70,0.9595141700404858
9NFU,baseline,35,71,0.9676113360323887
9NFU,baseline,35,72,0.9635627530364372
9NFU,baseline,35,73,0.9635627530364372
9NFU,baseline,35,74,0.9433198380566802
9NFU,baseline,35,75,0.9595141700404858
9NFU,baseline,35,76,0.9595141700404858
9NFU,baseline,35,77,0.9554655870445344
9NFU,baseline,35,78,0.9635627530364372
9NFU,baseline,35,79,0.9554655870445344
9NFU,baseline,35,80,0.97165991902834
9NFU,baseline,35,81,0.9635627530364372
9NFU,baseline,35,82,0.9595141700404858
9NFU,baseline,35,83,0.9595141700404858
9NFU,baseline,35,84,0.9595141700404858
9NFU,baseline,35,85,0.9473684210526315
9NFU,baseline,35,86,0.9433198380566802
9NFU,baseline,35,87,0.9473684210526315
9NFU,baseline,35,88,0.9352226720647774
9NFU,baseline,35,89,0.9554655870445344
9NFU,baseline,35,90,0.9473684210526315
9NFU,baseline,35,91,0.9473684210526315
9NFU,baseline,35,92,0.951417004048583
9NFU,baseline,35,93,0.9311740890688259
9NFU,baseline,35,94,0.9595141700404858
9NFU,baseline,35,95,0.97165991902834
9NFU,baseline,35,96,0.9433198380566802
9NFU,baseline,35,97,0.9554655870445344
9NFU,baseline,35,98,0.9595141700404858
9NFU,baseline,35,99,0.9473684210526315
9NFU,baseline,36,37,0.9676113360323887
9NFU,baseline,36,38,0.9676113360323887
9NFU,baseline,36,39,0.9433198380566802
9NFU,baseline,36,40,0.951417004048583
9NFU,baseline,36,41,0.9595141700404858
9NFU,baseline,36,42,0.9595141700404858
9NFU,baseline,36,43,0.979757085020243
9NFU,baseline,36,44,0.97165991902834
9NFU,baseline,36,45,0.9676113360323887
9NFU,baseline,36,46,0.97165991902834
9NFU,baseline,36,47,0.9676113360323887
9NFU,baseline,36,48,0.9676113360323887
9NFU,baseline,36,49,0.9635627530364372
9NFU,baseline,36,50,0.951417004048583
9NFU,baseline,36,51,0.951417004048583
9NFU,baseline,36,52,0.951417004048583
9NFU,baseline,36,53,0.9635627530364372
9NFU,baseline,36,54,0.9635627530364372
9NFU,baseline,36,55,0.9595141700404858
9NFU,baseline,36,56,0.9635627530364372
9NFU,baseline,36,57,0.9757085020242915
9NFU,baseline,36,58,0.9433198380566802
9NFU,baseline,36,59,0.9554655870445344
9NFU,baseline,36,60,0.9676113360323887
9NFU,baseline,36,61,0.9595141700404858
9NFU,baseline,36,62,0.97165991902834
9NFU,baseline,36,63,0.9595141700404858
9NFU,baseline,36,64,0.951417004048583
9NFU,baseline,36,65,0.9595141700404858
9NFU,baseline,36,66,0.9595141700404858
9NFU,baseline,36,67,0.9554655870445344
9NFU,baseline,36,68,0.9554655870445344
9NFU,baseline,36,69,0.9554655870445344
9NFU,baseline,36,70,0.97165991902834
9NFU,baseline,36,71,0.9595141700404858
9NFU,baseline,36,72,0.9554655870445344
9NFU,baseline,36,73,0.9757085020242915
9NFU,baseline,36,74,0.9473684210526315
9NFU,baseline,36,75,0.9554655870445344
9NFU,baseline,36,76,0.9554655870445344
9NFU,baseline,36,77,0.9595141700404858
9NFU,baseline,36,78,0.97165991902834
9NFU,baseline,36,79,0.9473684210526315
9NFU,baseline,36,80,0.9635627530364372
9NFU,baseline,36,81,0.9473684210526315
9NFU,baseline,36,82,0.9676113360323887
9NFU,baseline,36,83,0.9635627530364372
9NFU,baseline,36,84,0.9635627530364372
9NFU,baseline,36,85,0.951417004048583
9NFU,baseline,36,86,0.9473684210526315
9NFU,baseline,36,87,0.9676113360323887
9NFU,baseline,36,88,0.9473684210526315
9NFU,baseline,36,89,0.9676113360323887
9NFU,baseline,36,90,0.9554655870445344
9NFU,baseline,36,91,0.951417004048583
9NFU,baseline,36,92,0.97165991902834
9NFU,baseline,36,93,0.951417004048583
9NFU,baseline,36,94,0.9392712550607287
9NFU,baseline,36,95,0.9595141700404858
9NFU,baseline,36,96,0.951417004048583
9NFU,baseline,36,97,0.9676113360323887
9NFU,baseline,36,98,0.9676113360323887
9NFU,baseline,36,99,0.9554655870445344
9NFU,baseline,37,38,0.9595141700404858
9NFU,baseline,37,39,0.9433198380566802
9NFU,baseline,37,40,0.9595141700404858
9NFU,baseline,37,41,0.9635627530364372
9NFU,baseline,37,42,0.9473684210526315
9NFU,baseline,37,43,0.9595141700404858
9NFU,baseline,37,44,0.9473684210526315
9NFU,baseline,37,45,0.9554655870445344
9NFU,baseline,37,46,0.9473684210526315
9NFU,baseline,37,47,0.9595141700404858
9NFU,baseline,37,48,0.9433198380566802
9NFU,baseline,37,49,0.9635627530364372
9NFU,baseline,37,50,0.9433198380566802
9NFU,baseline,37,51,0.9473684210526315
9NFU,baseline,37,52,0.9433198380566802
9NFU,baseline,37,53,0.9473684210526315
9NFU,baseline,37,54,0.9433198380566802
9NFU,baseline,37,55,0.9473684210526315
9NFU,baseline,37,56,0.9635627530364372
9NFU,baseline,37,57,0.951417004048583
9NFU,baseline,37,58,0.9473684210526315
9NFU,baseline,37,59,0.9473684210526315
9NFU,baseline,37,60,0.9433198380566802
9NFU,baseline,37,61,0.951417004048583
9NFU,baseline,37,62,0.9635627530364372
9NFU,baseline,37,63,0.9676113360323887
9NFU,baseline,37,64,0.9554655870445344
9NFU,baseline,37,65,0.9473684210526315
9NFU,baseline,37,66,0.9433198380566802
9NFU,baseline,37,67,0.9473684210526315
9NFU,baseline,37,68,0.9554655870445344
9NFU,baseline,37,69,0.9473684210526315
9NFU,baseline,37,70,0.9635627530364372
9NFU,baseline,37,71,0.9392712550607287
9NFU,baseline,37,72,0.9392712550607287
9NFU,baseline,37,73,0.9554655870445344
9NFU,baseline,37,74,0.951417004048583
9NFU,baseline,37,75,0.9473684210526315
9NFU,baseline,37,76,0.9595141700404858
9NFU,baseline,37,77,0.9352226720647774
9NFU,baseline,37,78,0.9554655870445344
9NFU,baseline,37,79,0.9311740890688259
9NFU,baseline,37,80,0.9473684210526315
9NFU,baseline,37,81,0.9352226720647774
9NFU,baseline,37,82,0.951417004048583
9NFU,baseline,37,83,0.979757085020243
9NFU,baseline,37,84,0.9392712550607287
9NFU,baseline,37,85,0.9311740890688259
9NFU,baseline,37,86,0.9473684210526315
9NFU,baseline,37,87,0.9473684210526315
9NFU,baseline,37,88,0.9433198380566802
9NFU,baseline,37,89,0.9676113360323887
9NFU,baseline,37,90,0.951417004048583
9NFU,baseline,37,91,0.9433198380566802
9NFU,baseline,37,92,0.9595141700404858
9NFU,baseline,37,93,0.9473684210526315
9NFU,baseline,37,94,0.9433198380566802
9NFU,baseline,37,95,0.9554655870445344
9NFU,baseline,37,96,0.9554655870445344
9NFU,baseline,37,97,0.9554655870445344
9NFU,baseline,37,98,0.951417004048583
9NFU,baseline,37,99,0.9473684210526315
9NFU,baseline,38,39,0.951417004048583
9NFU,baseline,38,40,0.9554655870445344
9NFU,baseline,38,41,0.9595141700404858
9NFU,baseline,38,42,0.97165991902834
9NFU,baseline,38,43,0.9595141700404858
9NFU,baseline,38,44,0.97165991902834
9NFU,baseline,38,45,0.9635627530364372
9NFU,baseline,38,46,0.9676113360323887
9NFU,baseline,38,47,0.9676113360323887
9NFU,baseline,38,48,0.9554655870445344
9NFU,baseline,38,49,0.979757085020243
9NFU,baseline,38,50,0.9473684210526315
9NFU,baseline,38,51,0.951417004048583
9NFU,baseline,38,52,0.9554655870445344
9NFU,baseline,38,53,0.9595141700404858
9NFU,baseline,38,54,0.9473684210526315
9NFU,baseline,38,55,0.951417004048583
9NFU,baseline,38,56,0.9595141700404858
9NFU,baseline,38,57,0.9635627530364372
9NFU,baseline,38,58,0.951417004048583
9NFU,baseline,38,59,0.97165991902834
9NFU,baseline,38,60,0.9635627530364372
9NFU,baseline,38,61,0.9554655870445344
9NFU,baseline,38,62,0.979757085020243
9NFU,baseline,38,63,0.9635627530364372
9NFU,baseline,38,64,0.9595141700404858
9NFU,baseline,38,65,0.9635627530364372
9NFU,baseline,38,66,0.9676113360323887
9NFU,baseline,38,67,0.9554655870445344
9NFU,baseline,38,68,0.9676113360323887
9NFU,baseline,38,69,0.9473684210526315
9NFU,baseline,38,70,0.9635627530364372
9NFU,baseline,38,71,0.9635627530364372
9NFU,baseline,38,72,0.9473684210526315
9NFU,baseline,38,73,0.979757085020243
9NFU,baseline,38,74,0.951417004048583
9NFU,baseline,38,75,0.9595141700404858
9NFU,baseline,38,76,0.9433198380566802
9NFU,baseline,38,77,0.9554655870445344
9NFU,baseline,38,78,0.9676113360323887
9NFU,baseline,38,79,0.9554655870445344
9NFU,baseline,38,80,0.97165991902834
9NFU,baseline,38,81,0.9554655870445344
9NFU,baseline,38,82,0.9595141700404858
9NFU,baseline,38,83,0.9635627530364372
9NFU,baseline,38,84,0.9676113360323887
9NFU,baseline,38,85,0.9311740890688259
9NFU,baseline,38,86,0.951417004048583
9NFU,baseline,38,87,0.9473684210526315
9NFU,baseline,38,88,0.9433198380566802
9NFU,baseline,38,89,0.9554655870445344
9NFU,baseline,38,90,0.9554655870445344
9NFU,baseline,38,91,0.9676113360323887
9NFU,baseline,38,92,0.9676113360323887
9NFU,baseline,38,93,0.9635627530364372
9NFU,baseline,38,94,0.951417004048583
9NFU,baseline,38,95,0.97165991902834
9NFU,baseline,38,96,0.9635627530364372
9NFU,baseline,38,97,0.9838056680161943
9NFU,baseline,38,98,0.951417004048583
9NFU,baseline,38,99,0.9595141700404858
9NFU,baseline,39,40,0.9433198380566802
9NFU,baseline,39,41,0.9595141700404858
9NFU,baseline,39,42,0.9392712550607287
9NFU,baseline,39,43,0.9392712550607287
9NFU,baseline,39,44,0.9433198380566802
9NFU,baseline,39,45,0.9635627530364372
9NFU,baseline,39,46,0.951417004048583
9NFU,baseline,39,47,0.9433198380566802
9NFU,baseline,39,48,0.9554655870445344
9NFU,baseline,39,49,0.951417004048583
9NFU,baseline,39,50,0.9433198380566802
9NFU,baseline,39,51,0.9676113360323887
9NFU,baseline,39,52,0.9433198380566802
9NFU,baseline,39,53,0.9595141700404858
9NFU,baseline,39,54,0.9473684210526315
9NFU,baseline,39,55,0.9554655870445344
9NFU,baseline,39,56,0.951417004048583
9NFU,baseline,39,57,0.9473684210526315
9NFU,baseline,39,58,0.9595141700404858
9NFU,baseline,39,59,0.9473684210526315
9NFU,baseline,39,60,0.951417004048583
9NFU,baseline,39,61,0.9352226720647774
9NFU,baseline,39,62,0.9433198380566802
9NFU,baseline,39,63,0.9392712550607287
9NFU,baseline,39,64,0.951417004048583
9NFU,baseline,39,65,0.9433198380566802
9NFU,baseline,39,66,0.9433198380566802
9NFU,baseline,39,67,0.9676113360323887
9NFU,baseline,39,68,0.9392712550607287
9NFU,baseline,39,69,0.9230769230769231
9NFU,baseline,39,70,0.9392712550607287
9NFU,baseline,39,71,0.9433198380566802
9NFU,baseline,39,72,0.9473684210526315
9NFU,baseline,39,73,0.9554655870445344
9NFU,baseline,39,74,0.9433198380566802
9NFU,baseline,39,75,0.951417004048583
9NFU,baseline,39,76,0.9635627530364372
9NFU,baseline,39,77,0.9554655870445344
9NFU,baseline,39,78,0.9554655870445344
9NFU,baseline,39,79,0.9473684210526315
9NFU,baseline,39,80,0.9635627530364372
9NFU,baseline,39,81,0.9392712550607287
9NFU,baseline,39,82,0.9554655870445344
9NFU,baseline,39,83,0.9352226720647774
9NFU,baseline,39,84,0.9433198380566802
9NFU,baseline,39,85,0.9190283400809717
9NFU,baseline,39,86,0.9392712550607287
9NFU,baseline,39,87,0.9311740890688259
9NFU,baseline,39,88,0.9676113360323887
9NFU,baseline,39,89,0.9554655870445344
9NFU,baseline,39,90,0.9433198380566802
9NFU,baseline,39,91,0.951417004048583
9NFU,baseline,39,92,0.9595141700404858
9NFU,baseline,39,93,0.9392712550607287
9NFU,baseline,39,94,0.9473684210526315
9NFU,baseline,39,95,0.9433198380566802
9NFU,baseline,39,96,0.951417004048583
9NFU,baseline,39,97,0.9433198380566802
9NFU,baseline,39,98,0.9554655870445344
9NFU,baseline,39,99,0.9595141700404858
9NFU,baseline,40,41,0.9595141700404858
9NFU,baseline,40,42,0.951417004048583
9NFU,baseline,40,43,0.9554655870445344
9NFU,baseline,40,44,0.9433198380566802
9NFU,baseline,40,45,0.9473684210526315
9NFU,baseline,40,46,0.9392712550607287
9NFU,baseline,40,47,0.9433198380566802
9NFU,baseline,40,48,0.9392712550607287
9NFU,baseline,40,49,0.951417004048583
9NFU,baseline,40,50,0.9433198380566802
9NFU,baseline,40,51,0.9554655870445344
9NFU,baseline,40,52,0.9595141700404858
9NFU,baseline,40,53,0.9392712550607287
9NFU,baseline,40,54,0.9352226720647774
9NFU,baseline,40,55,0.9433198380566802
9NFU,baseline,40,56,0.951417004048583
9NFU,baseline,40,57,0.9433198380566802
9NFU,baseline,40,58,0.9433198380566802
9NFU,baseline,40,59,0.9554655870445344
9NFU,baseline,40,60,0.951417004048583
9NFU,baseline,40,61,0.9392712550607287
9NFU,baseline,40,62,0.97165991902834
9NFU,baseline,40,63,0.9595141700404858
9NFU,baseline,40,64,0.9595141700404858
9NFU,baseline,40,65,0.9392712550607287
9NFU,baseline,40,66,0.9392712550607287
9NFU,baseline,40,67,0.9433198380566802
9NFU,baseline,40,68,0.9635627530364372
9NFU,baseline,40,69,0.9352226720647774
9NFU,baseline,40,70,0.9676113360323887
9NFU,baseline,40,71,0.951417004048583
9NFU,baseline,40,72,0.9433198380566802
9NFU,baseline,40,73,0.9554655870445344
9NFU,baseline,40,74,0.9392712550607287
9NFU,baseline,40,75,0.9595141700404858
9NFU,baseline,40,76,0.951417004048583
9NFU,baseline,40,77,0.9392712550607287
9NFU,baseline,40,78,0.9554655870445344
9NFU,baseline,40,79,0.9230769230769231
9NFU,baseline,40,80,0.951417004048583
9NFU,baseline,40,81,0.9433198380566802
9NFU,baseline,40,82,0.9433198380566802
9NFU,baseline,40,83,0.9676113360323887
9NFU,baseline,40,84,0.9433198380566802
9NFU,baseline,40,85,0.9352226720647774
9NFU,baseline,40,86,0.9595141700404858
9NFU,baseline,40,87,0.9473684210526315
9NFU,baseline,40,88,0.9352226720647774
9NFU,baseline,40,89,0.9595141700404858
9NFU,baseline,40,90,0.9433198380566802
9NFU,baseline,40,91,0.9473684210526315
9NFU,baseline,40,92,0.951417004048583
9NFU,baseline,40,93,0.9392712550607287
9NFU,baseline,40,94,0.9433198380566802
9NFU,baseline,40,95,0.951417004048583
9NFU,baseline,40,96,0.9595141700404858
9NFU,baseline,40,97,0.9595141700404858
9NFU,baseline,40,98,0.9473684210526315
9NFU,baseline,40,99,0.9473684210526315
9NFU,baseline,41,42,0.9635627530364372
9NFU,baseline,41,43,0.9635627530364372
9NFU,baseline,41,44,0.9595141700404858
9NFU,baseline,41,45,0.9595141700404858
9NFU,baseline,41,46,0.9635627530364372
9NFU,baseline,41,47,0.951417004048583
9NFU,baseline,41,48,0.9473684210526315
9NFU,baseline,41,49,0.9554655870445344
9NFU,baseline,41,50,0.9473684210526315
9NFU,baseline,41,51,0.9676113360323887
9NFU,baseline,41,52,0.9473684210526315
9NFU,baseline,41,53,0.9554655870445344
9NFU,baseline,41,54,0.9554655870445344
9NFU,baseline,41,55,0.951417004048583
9NFU,baseline,41,56,0.9595141700404858
9NFU,baseline,41,57,0.9473684210526315
9NFU,baseline,41,58,0.951417004048583
9NFU,baseline,41,59,0.9433198380566802
9NFU,baseline,41,60,0.9473684210526315
9NFU,baseline,41,61,0.9554655870445344
9NFU,baseline,41,62,0.9554655870445344
9NFU,baseline,41,63,0.9554655870445344
9NFU,baseline,41,64,0.9433198380566802
9NFU,baseline,41,65,0.97165991902834
9NFU,baseline,41,66,0.9554655870445344
9NFU,baseline,41,67,0.97165991902834
9NFU,baseline,41,68,0.9433198380566802
9NFU,baseline,41,69,0.9392712550607287
9NFU,baseline,41,70,0.9595141700404858
9NFU,baseline,41,71,0.951417004048583
9NFU,baseline,41,72,0.9595141700404858
9NFU,baseline,41,73,0.97165991902834
9NFU,baseline,41,74,0.9554655870445344
9NFU,baseline,41,75,0.951417004048583
9NFU,baseline,41,76,0.9554655870445344
9NFU,baseline,41,77,0.951417004048583
9NFU,baseline,41,78,0.979757085020243
9NFU,baseline,41,79,0.9392712550607287
9NFU,baseline,41,80,0.9676113360323887
9NFU,baseline,41,81,0.9352226720647774
9NFU,baseline,41,82,0.951417004048583
9NFU,baseline,41,83,0.9595141700404858
9NFU,baseline,41,84,0.951417004048583
9NFU,baseline,41,85,0.9392712550607287
9NFU,baseline,41,86,0.9473684210526315
9NFU,baseline,41,87,0.9433198380566802
9NFU,baseline,41,88,0.9554655870445344
9NFU,baseline,41,89,0.9676113360323887
9NFU,baseline,41,90,0.951417004048583
9NFU,baseline,41,91,0.9473684210526315
9NFU,baseline,41,92,0.9595141700404858
9NFU,baseline,41,93,0.951417004048583
9NFU,baseline,41,94,0.9392712550607287
9NFU,baseline,41,95,0.9554655870445344
9NFU,baseline,41,96,0.951417004048583
9NFU,baseline,41,97,0.9595141700404858
9NFU,baseline,41,98,0.9595141700404858
9NFU,baseline,41,99,0.9554655870445344
9NFU,baseline,42,43,0.9595141700404858
9NFU,baseline,42,44,0.97165991902834
9NFU,baseline,42,45,0.9433198380566802
9NFU,baseline,42,46,0.97165991902834
9NFU,baseline,42,47,0.951417004048583
9NFU,baseline,42,48,0.9554655870445344
9NFU,baseline,42,49,0.951417004048583
9NFU,baseline,42,50,0.9473684210526315
9NFU,baseline,42,51,0.9554655870445344
9NFU,baseline,42,52,0.9635627530364372
9NFU,baseline,42,53,0.9473684210526315
9NFU,baseline,42,54,0.9473684210526315
9NFU,baseline,42,55,0.9392712550607287
9NFU,baseline,42,56,0.951417004048583
9NFU,baseline,42,57,0.9554655870445344
9NFU,baseline,42,58,0.9392712550607287
9NFU,baseline,42,59,0.951417004048583
9NFU,baseline,42,60,0.951417004048583
9NFU,baseline,42,61,0.9595141700404858
9NFU,baseline,42,62,0.9676113360323887
9NFU,baseline,42,63,0.951417004048583
9NFU,baseline,42,64,0.9473684210526315
9NFU,baseline,42,65,0.9757085020242915
9NFU,baseline,42,66,0.9554655870445344
9NFU,baseline,42,67,0.9595141700404858
9NFU,baseline,42,68,0.9473684210526315
9NFU,baseline,42,69,0.9433198380566802
9NFU,baseline,42,70,0.9554655870445344
9NFU,baseline,42,71,0.9676113360323887
9NFU,baseline,42,72,0.9635627530364372
9NFU,baseline,42,73,0.9676113360323887
9NFU,baseline,42,74,0.9433198380566802
9NFU,baseline,42,75,0.9554655870445344
9NFU,baseline,42,76,0.9352226720647774
9NFU,baseline,42,77,0.9554655870445344
9NFU,baseline,42,78,0.9635627530364372
9NFU,baseline,42,79,0.9433198380566802
9NFU,baseline,42,80,0.9595141700404858
9NFU,baseline,42,81,0.9473684210526315
9NFU,baseline,42,82,0.951417004048583
9NFU,baseline,42,83,0.9554655870445344
9NFU,baseline,42,84,0.9635627530364372
9NFU,baseline,42,85,0.9433198380566802
9NFU,baseline,42,86,0.951417004048583
9NFU,baseline,42,87,0.9595141700404858
9NFU,baseline,42,88,0.9352226720647774
9NFU,baseline,42,89,0.951417004048583
9NFU,baseline,42,90,0.9635627530364372
9NFU,baseline,42,91,0.9554655870445344
9NFU,baseline,42,92,0.951417004048583
9NFU,baseline,42,93,0.951417004048583
9NFU,baseline,42,94,0.9392712550607287
9NFU,baseline,42,95,0.9676113360323887
9NFU,baseline,42,96,0.951417004048583
9NFU,baseline,42,97,0.97165991902834
9NFU,baseline,42,98,0.951417004048583
9NFU,baseline,42,99,0.9595141700404858
9NFU,baseline,43,44,0.9676113360323887
9NFU,baseline,43,45,0.9676113360323887
9NFU,baseline,43,46,0.9676113360323887
9NFU,baseline,43,47,0.9676113360323887
9NFU,baseline,43,48,0.9595141700404858
9NFU,baseline,43,49,0.9595141700404858
9NFU,baseline,43,50,0.9554655870445344
9NFU,baseline,43,51,0.9595141700404858
9NFU,baseline,43,52,0.951417004048583
9NFU,baseline,43,53,0.9635627530364372
9NFU,baseline,43,54,0.9635627530364372
9NFU,baseline,43,55,0.9595141700404858
9NFU,baseline,43,56,0.9595141700404858
9NFU,baseline,43,57,0.979757085020243
9NFU,baseline,43,58,0.9433198380566802
9NFU,baseline,43,59,0.9676113360323887
9NFU,baseline,43,60,0.97165991902834
9NFU,baseline,43,61,0.9676113360323887
9NFU,baseline,43,62,0.97165991902834
9NFU,baseline,43,63,0.9595141700404858
9NFU,baseline,43,64,0.9433198380566802
9NFU,baseline,43,65,0.9635627530364372
9NFU,baseline,43,66,0.9595141700404858
9NFU,baseline,43,67,0.9595141700404858
9NFU,baseline,43,68,0.9635627530364372
9NFU,baseline,43,69,0.9433198380566802
9NFU,baseline,43,70,0.9676113360323887
9NFU,baseline,43,71,0.97165991902834
9NFU,baseline,43,72,0.9635627530364372
9NFU,baseline,43,73,0.9757085020242915
9NFU,baseline,43,74,0.9554655870445344
9NFU,baseline,43,75,0.951417004048583
9NFU,baseline,43,76,0.9635627530364372
9NFU,baseline,43,77,0.951417004048583
9NFU,baseline,43,78,0.97165991902834
9NFU,baseline,43,79,0.951417004048583
9NFU,baseline,43,80,0.9635627530364372
9NFU,baseline,43,81,0.951417004048583
9NFU,baseline,43,82,0.9838056680161943
9NFU,baseline,43,83,0.97165991902834
9NFU,baseline,43,84,0.9595141700404858
9NFU,baseline,43,85,0.951417004048583
9NFU,baseline,43,86,0.951417004048583
9NFU,baseline,43,87,0.97165991902834
9NFU,baseline,43,88,0.951417004048583
9NFU,baseline,43,89,0.9676113360323887
9NFU,baseline,43,90,0.9595141700404858
9NFU,baseline,43,91,0.9473684210526315
9NFU,baseline,43,92,0.9676113360323887
9NFU,baseline,43,93,0.951417004048583
9NFU,baseline,43,94,0.9433198380566802
9NFU,baseline,43,95,0.9635627530364372
9NFU,baseline,43,96,0.951417004048583
9NFU,baseline,43,97,0.9635627530364372
9NFU,baseline,43,98,0.9635627530364372
9NFU,baseline,43,99,0.9473684210526315
9NFU,baseline,44,45,0.9635627530364372
9NFU,baseline,44,46,0.979757085020243
9NFU,baseline,44,47,0.9676113360323887
9NFU,baseline,44,48,0.9635627530364372
9NFU,baseline,44,49,0.9595141700404858
9NFU,baseline,44,50,0.9473684210526315
9NFU,baseline,44,51,0.951417004048583
9NFU,baseline,44,52,0.9595141700404858
9NFU,baseline,44,53,0.9635627530364372
9NFU,baseline,44,54,0.9554655870445344
9NFU,baseline,44,55,0.951417004048583
9NFU,baseline,44,56,0.9473684210526315
9NFU,baseline,44,57,0.9595141700404858
9NFU,baseline,44,58,0.9433198380566802
9NFU,baseline,44,59,0.9473684210526315
9NFU,baseline,44,60,0.9635627530364372
9NFU,baseline,44,61,0.9635627530364372
9NFU,baseline,44,62,0.9676113360323887
9NFU,baseline,44,63,0.9433198380566802
9NFU,baseline,44,64,0.9554655870445344
9NFU,baseline,44,65,0.97165991902834
9NFU,baseline,44,66,0.97165991902834
9NFU,baseline,44,67,0.9554655870445344
9NFU,baseline,44,68,0.951417004048583
9NFU,baseline,44,69,0.9473684210526315
9NFU,baseline,44,70,0.9635627530364372
9NFU,baseline,44,71,0.97165991902834
9NFU,baseline,44,72,0.9595141700404858
9NFU,baseline,44,73,0.979757085020243
9NFU,baseline,44,74,0.9595141700404858
9NFU,baseline,44,75,0.97165991902834
9NFU,baseline,44,76,0.9433198380566802
9NFU,baseline,44,77,0.9554655870445344
9NFU,baseline,44,78,0.9757085020242915
9NFU,baseline,44,79,0.9554655870445344
9NFU,baseline,44,80,0.9635627530364372
9NFU,baseline,44,81,0.9595141700404858
9NFU,baseline,44,82,0.9554655870445344
9NFU,baseline,44,83,0.9473684210526315
9NFU,baseline,44,84,0.97165991902834
9NFU,baseline,44,85,0.9554655870445344
9NFU,baseline,44,86,0.9554655870445344
9NFU,baseline,44,87,0.9676113360323887
9NFU,baseline,44,88,0.9352226720647774
9NFU,baseline,44,89,0.9554655870445344
9NFU,baseline,44,90,0.9635627530364372
9NFU,baseline,44,91,0.9676113360323887
9NFU,baseline,44,92,0.9595141700404858
9NFU,baseline,44,93,0.9595141700404858
9NFU,baseline,44,94,0.9352226720647774
9NFU,baseline,44,95,0.9635627530364372
9NFU,baseline,44,96,0.9554655870445344
9NFU,baseline,44,97,0.9757085020242915
9NFU,baseline,44,98,0.9554655870445344
9NFU,baseline,44,99,0.9635627530364372
9NFU,baseline,45,46,0.97165991902834
9NFU,baseline,45,47,0.9635627530364372
9NFU,baseline,45,48,0.9676113360323887
9NFU,baseline,45,49,0.9635627530364372
9NFU,baseline,45,50,0.9554655870445344
9NFU,baseline,45,51,0.9595141700404858
9NFU,baseline,45,52,0.9392712550607287
9NFU,baseline,45,53,0.97165991902834
9NFU,baseline,45,54,0.9635627530364372
9NFU,baseline,45,55,0.9676113360323887
9NFU,baseline,45,56,0.9595141700404858
9NFU,baseline,45,57,0.9595141700404858
9NFU,baseline,45,58,0.9595141700404858
9NFU,baseline,45,59,0.951417004048583
9NFU,baseline,45,60,0.979757085020243
9NFU,baseline,45,61,0.9554655870445344
9NFU,baseline,45,62,0.9676113360323887
9NFU,baseline,45,63,0.951417004048583
9NFU,baseline,45,64,0.9595141700404858
9NFU,baseline,45,65,0.9473684210526315
9NFU,baseline,45,66,0.9635627530364372
9NFU,baseline,45,67,0.9635627530364372
9NFU,baseline,45,68,0.9554655870445344
9NFU,baseline,45,69,0.9473684210526315
9NFU,baseline,45,70,0.9554655870445344
9NFU,baseline,45,71,0.9595141700404858
9NFU,baseline,45,72,0.951417004048583
9NFU,baseline,45,73,0.9676113360323887
9NFU,baseline,45,74,0.9595141700404858
9NFU,baseline,45,75,0.9595141700404858
9NFU,baseline,45,76,0.97165991902834
9NFU,baseline,45,77,0.9595141700404858
9NFU,baseline,45,78,0.9635627530364372
9NFU,baseline,45,79,0.9595141700404858
9NFU,baseline,45,80,0.9635627530364372
9NFU,baseline,45,81,0.9595141700404858
9NFU,baseline,45,82,0.9757085020242915
9NFU,baseline,45,83,0.9473684210526315
9NFU,baseline,45,84,0.9635627530364372
9NFU,baseline,45,85,0.9352226720647774
9NFU,baseline,45,86,0.9473684210526315
9NFU,baseline,45,87,0.9473684210526315
9NFU,baseline,45,88,0.9595141700404858
9NFU,baseline,45,89,0.9635627530364372
9NFU,baseline,45,90,0.9595141700404858
9NFU,baseline,45,91,0.9473684210526315
9NFU,baseline,45,92,0.9838056680161943
9NFU,baseline,45,93,0.951417004048583
9NFU,baseline,45,94,0.951417004048583
9NFU,baseline,45,95,0.9554655870445344
9NFU,baseline,45,96,0.9554655870445344
9NFU,baseline,45,97,0.9554655870445344
9NFU,baseline,45,98,0.9635627530364372
9NFU,baseline,45,99,0.97165991902834
9NFU,baseline,46,47,0.9635627530364372
9NFU,baseline,46,48,0.97165991902834
9NFU,baseline,46,49,0.951417004048583
9NFU,baseline,46,50,0.9635627530364372
9NFU,baseline,46,51,0.9595141700404858
9NFU,baseline,46,52,0.9473684210526315
9NFU,baseline,46,53,0.97165991902834
9NFU,baseline,46,54,0.9676113360323887
9NFU,baseline,46,55,0.9595141700404858
9NFU,baseline,46,56,0.9595141700404858
9NFU,baseline,46,57,0.9554655870445344
9NFU,baseline,46,58,0.951417004048583
9NFU,baseline,46,59,0.9473684210526315
9NFU,baseline,46,60,0.97165991902834
9NFU,baseline,46,61,0.9595141700404858
9NFU,baseline,46,62,0.9635627530364372
9NFU,baseline,46,63,0.9392712550607287
9NFU,baseline,46,64,0.9595141700404858
9NFU,baseline,46,65,0.9757085020242915
9NFU,baseline,46,66,0.9676113360323887
9NFU,baseline,46,67,0.9757085020242915
9NFU,baseline,46,68,0.9473684210526315
9NFU,baseline,46,69,0.9473684210526315
9NFU,baseline,46,70,0.9635627530364372
9NFU,baseline,46,71,0.9595141700404858
9NFU,baseline,46,72,0.9635627530364372
9NFU,baseline,46,73,0.979757085020243
9NFU,baseline,46,74,0.951417004048583
9NFU,baseline,46,75,0.9757085020242915
9NFU,baseline,46,76,0.9554655870445344
9NFU,baseline,46,77,0.97165991902834
9NFU,baseline,46,78,0.97165991902834
9NFU,baseline,46,79,0.9676113360323887
9NFU,baseline,46,80,0.9595141700404858
9NFU,baseline,46,81,0.9635627530364372
9NFU,baseline,46,82,0.9676113360323887
9NFU,baseline,46,83,0.9473684210526315
9NFU,baseline,46,84,0.9676113360323887
9NFU,baseline,46,85,0.9473684210526315
9NFU,baseline,46,86,0.9473684210526315
9NFU,baseline,46,87,0.9595141700404858
9NFU,baseline,46,88,0.951417004048583
9NFU,baseline,46,89,0.9554655870445344
9NFU,baseline,46,90,0.97165991902834
9NFU,baseline,46,91,0.9554655870445344
9NFU,baseline,46,92,0.9757085020242915
9NFU,baseline,46,93,0.9595141700404858
9NFU,baseline,46,94,0.9433198380566802
9NFU,baseline,46,95,0.9676113360323887
9NFU,baseline,46,96,0.9473684210526315
9NFU,baseline,46,97,0.9757085020242915
9NFU,baseline,46,98,0.9676113360323887
9NFU,baseline,46,99,0.9635627530364372
9NFU,baseline,47,48,0.9635627530364372
9NFU,baseline,47,49,0.97165991902834
9NFU,baseline,47,50,0.9635627530364372
9NFU,baseline,47,51,0.9473684210526315
9NFU,baseline,47,52,0.951417004048583
9NFU,baseline,47,53,0.951417004048583
9NFU,baseline,47,54,0.951417004048583
9NFU,baseline,47,55,0.9595141700404858
9NFU,baseline,47,56,0.9595141700404858
9NFU,baseline,47,57,0.9676113360323887
9NFU,baseline,47,58,0.9473684210526315
9NFU,baseline,47,59,0.9554655870445344
9NFU,baseline,47,60,0.9595141700404858
9NFU,baseline,47,61,0.9635627530364372
9NFU,baseline,47,62,0.9635627530364372
9NFU,baseline,47,63,0.9595141700404858
9NFU,baseline,47,64,0.9635627530364372
9NFU,baseline,47,65,0.9595141700404858
9NFU,baseline,47,66,0.9595141700404858
9NFU,baseline,47,67,0.9433198380566802
9NFU,baseline,47,68,0.9635627530364372
9NFU,baseline,47,69,0.9433198380566802
9NFU,baseline,47,70,0.9635627530364372
9NFU,baseline,47,71,0.9635627530364372
9NFU,baseline,47,72,0.9473684210526315
9NFU,baseline,47,73,0.9595141700404858
9NFU,baseline,47,74,0.9554655870445344
9NFU,baseline,47,75,0.9595141700404858
9NFU,baseline,47,76,0.9595141700404858
9NFU,baseline,47,77,0.9554655870445344
9NFU,baseline,47,78,0.9595141700404858
9NFU,baseline,47,79,0.951417004048583
9NFU,baseline,47,80,0.9554655870445344
9NFU,baseline,47,81,0.951417004048583
9NFU,baseline,47,82,0.9635627530364372
9NFU,baseline,47,83,0.9676113360323887
9NFU,baseline,47,84,0.9676113360323887
9NFU,baseline,47,85,0.9473684210526315
9NFU,baseline,47,86,0.9473684210526315
9NFU,baseline,47,87,0.9595141700404858
9NFU,baseline,47,88,0.9433198380566802
9NFU,baseline,47,89,0.9635627530364372
9NFU,baseline,47,90,0.9595141700404858
9NFU,baseline,47,91,0.9554655870445344
9NFU,baseline,47,92,0.9635627530364372
9NFU,baseline,47,93,0.9635627530364372
9NFU,baseline,47,94,0.9473684210526315
9NFU,baseline,47,95,0.9595141700404858
9NFU,baseline,47,96,0.9595141700404858
9NFU,baseline,47,97,0.9635627530364372
9NFU,baseline,47,98,0.9554655870445344
9NFU,baseline,47,99,0.951417004048583
9NFU,baseline,48,49,0.951417004048583
9NFU,baseline,48,50,0.9595141700404858
9NFU,baseline,48,51,0.951417004048583
9NFU,baseline,48,52,0.951417004048583
9NFU,baseline,48,53,0.9554655870445344
9NFU,baseline,48,54,0.97165991902834
9NFU,baseline,48,55,0.9595141700404858
9NFU,baseline,48,56,0.9635627530364372
9NFU,baseline,48,57,0.9635627530364372
9NFU,baseline,48,58,0.951417004048583
9NFU,baseline,48,59,0.9433198380566802
9NFU,baseline,48,60,0.9676113360323887
9NFU,baseline,48,61,0.9635627530364372
9NFU,baseline,48,62,0.951417004048583
9NFU,baseline,48,63,0.9433198380566802
9NFU,baseline,48,64,0.97165991902834
9NFU,baseline,48,65,0.9554655870445344
9NFU,baseline,48,66,0.9635627530364372
9NFU,baseline,48,67,0.9554655870445344
9NFU,baseline,48,68,0.951417004048583
9NFU,baseline,48,69,0.9392712550607287
9NFU,baseline,48,70,0.951417004048583
9NFU,baseline,48,71,0.9676113360323887
9NFU,baseline,48,72,0.9473684210526315
9NFU,baseline,48,73,0.9554655870445344
9NFU,baseline,48,74,0.951417004048583
9NFU,baseline,48,75,0.9676113360323887
9NFU,baseline,48,76,0.9635627530364372
9NFU,baseline,48,77,0.979757085020243
9NFU,baseline,48,78,0.9595141700404858
9NFU,baseline,48,79,0.9554655870445344
9NFU,baseline,48,80,0.9635627530364372
9NFU,baseline,48,81,0.9595141700404858
9NFU,baseline,48,82,0.9676113360323887
9NFU,baseline,48,83,0.9433198380566802
9NFU,baseline,48,84,0.9676113360323887
9NFU,baseline,48,85,0.951417004048583
9NFU,baseline,48,86,0.951417004048583
9NFU,baseline,48,87,0.9635627530364372
9NFU,baseline,48,88,0.9554655870445344
9NFU,baseline,48,89,0.9554655870445344
9NFU,baseline,48,90,0.9554655870445344
9NFU,baseline,48,91,0.951417004048583
9NFU,baseline,48,92,0.97165991902834
9NFU,baseline,48,93,0.951417004048583
9NFU,baseline,48,94,0.9473684210526315
9NFU,baseline,48,95,0.9473684210526315
9NFU,baseline,48,96,0.951417004048583
9NFU,baseline,48,97,0.9554655870445344
9NFU,baseline,48,98,0.9676113360323887
9NFU,baseline,48,99,0.9757085020242915
9NFU,baseline,49,50,0.9473684210526315
9NFU,baseline,49,51,0.9473684210526315
9NFU,baseline,49,52,0.9554655870445344
9NFU,baseline,49,53,0.9554655870445344
9NFU,baseline,49,54,0.9433198380566802
9NFU,baseline,49,55,0.951417004048583
9NFU,baseline,49,56,0.9676113360323887
9NFU,baseline,49,57,0.9635627530364372
9NFU,baseline,49,58,0.9473684210526315
9NFU,baseline,49,59,0.9676113360323887
9NFU,baseline,49,60,0.9595141700404858
9NFU,baseline,49,61,0.9554655870445344
9NFU,baseline,49,62,0.97165991902834
9NFU,baseline,49,63,0.9635627530364372
9NFU,baseline,49,64,0.9635627530364372
9NFU,baseline,49,65,0.9554655870445344
9NFU,baseline,49,66,0.9554655870445344
9NFU,baseline,49,67,0.9473684210526315
9NFU,baseline,49,68,0.9635627530364372
9NFU,baseline,49,69,0.9392712550607287
9NFU,baseline,49,70,0.9554655870445344
9NFU,baseline,49,71,0.9595141700404858
9NFU,baseline,49,72,0.9392712550607287
9NFU,baseline,49,73,0.9676113360323887
9NFU,baseline,49,74,0.951417004048583
9NFU,baseline,49,75,0.9473684210526315
9NFU,baseline,49,76,0.9473684210526315
9NFU,baseline,49,77,0.9433198380566802
9NFU,baseline,49,78,0.9635627530364372
9NFU,baseline,49,79,0.9473684210526315
9NFU,baseline,49,80,0.9635627530364372
9NFU,baseline,49,81,0.9473684210526315
9NFU,baseline,49,82,0.9635627530364372
9NFU,baseline,49,83,0.9676113360323887
9NFU,baseline,49,84,0.9595141700404858
9NFU,baseline,49,85,0.9271255060728745
9NFU,baseline,49,86,0.9473684210526315
9NFU,baseline,49,87,0.9433198380566802
9NFU,baseline,49,88,0.9473684210526315
9NFU,baseline,49,89,0.9595141700404858
9NFU,baseline,49,90,0.951417004048583
9NFU,baseline,49,91,0.9595141700404858
9NFU,baseline,49,92,0.9595141700404858
9NFU,baseline,49,93,0.9635627530364372
9NFU,baseline,49,94,0.9554655870445344
9NFU,baseline,49,95,0.9554655870445344
9NFU,baseline,49,96,0.97165991902834
9NFU,baseline,49,97,0.9676113360323887
9NFU,baseline,49,98,0.951417004048583
9NFU,baseline,49,99,0.951417004048583
9NFU,baseline,50,51,0.9595141700404858
9NFU,baseline,50,52,0.9433198380566802
9NFU,baseline,50,53,0.9473684210526315
9NFU,baseline,50,54,0.951417004048583
9NFU,baseline,50,55,0.97165991902834
9NFU,baseline,50,56,0.9595141700404858
9NFU,baseline,50,57,0.9554655870445344
9NFU,baseline,50,58,0.9433198380566802
9NFU,baseline,50,59,0.9473684210526315
9NFU,baseline,50,60,0.9635627530364372
9NFU,baseline,50,61,0.9676113360323887
9NFU,baseline,50,62,0.9473684210526315
9NFU,baseline,50,63,0.951417004048583
9NFU,baseline,50,64,0.9554655870445344
9NFU,baseline,50,65,0.951417004048583
9NFU,baseline,50,66,0.951417004048583
9NFU,baseline,50,67,0.9473684210526315
9NFU,baseline,50,68,0.9433198380566802
9NFU,baseline,50,69,0.9271255060728745
9NFU,baseline,50,70,0.9635627530364372
9NFU,baseline,50,71,0.9554655870445344
9NFU,baseline,50,72,0.9392712550607287
9NFU,baseline,50,73,0.951417004048583
9NFU,baseline,50,74,0.951417004048583
9NFU,baseline,50,75,0.9473684210526315
9NFU,baseline,50,76,0.951417004048583
9NFU,baseline,50,77,0.9635627530364372
9NFU,baseline,50,78,0.9473684210526315
9NFU,baseline,50,79,0.9554655870445344
9NFU,baseline,50,80,0.9392712550607287
9NFU,baseline,50,81,0.9595141700404858
9NFU,baseline,50,82,0.9676113360323887
9NFU,baseline,50,83,0.9554655870445344
9NFU,baseline,50,84,0.951417004048583
9NFU,baseline,50,85,0.9392712550607287
9NFU,baseline,50,86,0.9311740890688259
9NFU,baseline,50,87,0.9595141700404858
9NFU,baseline,50,88,0.9635627530364372
9NFU,baseline,50,89,0.9433198380566802
9NFU,baseline,50,90,0.9757085020242915
9NFU,baseline,50,91,0.9433198380566802
9NFU,baseline,50,92,0.97165991902834
9NFU,baseline,50,93,0.9352226720647774
9NFU,baseline,50,94,0.9433198380566802
9NFU,baseline,50,95,0.9554655870445344
9NFU,baseline,50,96,0.9554655870445344
9NFU,baseline,50,97,0.9473684210526315
9NFU,baseline,50,98,0.9554655870445344
9NFU,baseline,50,99,0.951417004048583
9NFU,baseline,51,52,0.9554655870445344
9NFU,baseline,51,53,0.9676113360323887
9NFU,baseline,51,54,0.9635627530364372
9NFU,baseline,51,55,0.9635627530364372
9NFU,baseline,51,56,0.9595141700404858
9NFU,baseline,51,57,0.951417004048583
9NFU,baseline,51,58,0.97165991902834
9NFU,baseline,51,59,0.9473684210526315
9NFU,baseline,51,60,0.9635627530364372
9NFU,baseline,51,61,0.951417004048583
9NFU,baseline,51,62,0.951417004048583
9NFU,baseline,51,63,0.9433198380566802
9NFU,baseline,51,64,0.951417004048583
9NFU,baseline,51,65,0.951417004048583
9NFU,baseline,51,66,0.9554655870445344
9NFU,baseline,51,67,0.9635627530364372
9NFU,baseline,51,68,0.951417004048583
9NFU,baseline,51,69,0.9271255060728745
9NFU,baseline,51,70,0.9554655870445344
9NFU,baseline,51,71,0.9554655870445344
9NFU,baseline,51,72,0.9635627530364372
9NFU,baseline,51,73,0.9595141700404858
9NFU,baseline,51,74,0.9433198380566802
9NFU,baseline,51,75,0.9595141700404858
9NFU,baseline,51,76,0.9595141700404858
9NFU,baseline,51,77,0.9595141700404858
9NFU,baseline,51,78,0.9635627530364372
9NFU,baseline,51,79,0.9554655870445344
9NFU,baseline,51,80,0.9554655870445344
9NFU,baseline,51,81,0.9554655870445344
9NFU,baseline,51,82,0.9635627530364372
9NFU,baseline,51,83,0.9554655870445344
9NFU,baseline,51,84,0.9473684210526315
9NFU,baseline,51,85,0.9311740890688259
9NFU,baseline,51,86,0.9392712550607287
9NFU,baseline,51,87,0.9433198380566802
9NFU,baseline,51,88,0.9473684210526315
9NFU,baseline,51,89,0.9554655870445344
9NFU,baseline,51,90,0.9676113360323887
9NFU,baseline,51,91,0.9392712550607287
9NFU,baseline,51,92,0.9554655870445344
9NFU,baseline,51,93,0.9271255060728745
9NFU,baseline,51,94,0.9595141700404858
9NFU,baseline,51,95,0.951417004048583
9NFU,baseline,51,96,0.9433198380566802
9NFU,baseline,51,97,0.9473684210526315
9NFU,baseline,51,98,0.9676113360323887
9NFU,baseline,51,99,0.9554655870445344
9NFU,baseline,52,53,0.9433198380566802
9NFU,baseline,52,54,0.9352226720647774
9NFU,baseline,52,55,0.9392712550607287
9NFU,baseline,52,56,0.9595141700404858
9NFU,baseline,52,57,0.951417004048583
9NFU,baseline,52,58,0.9352226720647774
9NFU,baseline,52,59,0.9635627530364372
9NFU,baseline,52,60,0.9473684210526315
9NFU,baseline,52,61,0.9554655870445344
9NFU,baseline,52,62,0.9635627530364372
9NFU,baseline,52,63,0.951417004048583
9NFU,baseline,52,64,0.9595141700404858
9NFU,baseline,52,65,0.9554655870445344
9NFU,baseline,52,66,0.9473684210526315
9NFU,baseline,52,67,0.9433198380566802
9NFU,baseline,52,68,0.9473684210526315
9NFU,baseline,52,69,0.9392712550607287
9NFU,baseline,52,70,0.9433198380566802
9NFU,baseline,52,71,0.9676113360323887
9NFU,baseline,52,72,0.9473684210526315
9NFU,baseline,52,73,0.951417004048583
9NFU,baseline,52,74,0.9433198380566802
9NFU,baseline,52,75,0.9554655870445344
9NFU,baseline,52,76,0.9352226720647774
9NFU,baseline,52,77,0.9433198380566802
9NFU,baseline,52,78,0.9554655870445344
9NFU,baseline,52,79,0.9433198380566802
9NFU,baseline,52,80,0.951417004048583
9NFU,baseline,52,81,0.9473684210526315
9NFU,baseline,52,82,0.9433198380566802
9NFU,baseline,52,83,0.9554655870445344
9NFU,baseline,52,84,0.951417004048583
9NFU,baseline,52,85,0.9392712550607287
9NFU,baseline,52,86,0.9635627530364372
9NFU,baseline,52,87,0.9554655870445344
9NFU,baseline,52,88,0.9352226720647774
9NFU,baseline,52,89,0.9473684210526315
9NFU,baseline,52,90,0.9595141700404858
9NFU,baseline,52,91,0.9595141700404858
9NFU,baseline,52,92,0.9392712550607287
9NFU,baseline,52,93,0.9473684210526315
9NFU,baseline,52,94,0.9433198380566802
9NFU,baseline,52,95,0.9433198380566802
9NFU,baseline,52,96,0.97165991902834
9NFU,baseline,52,97,0.9676113360323887
9NFU,baseline,52,98,0.9554655870445344
9NFU,baseline,52,99,0.9595141700404858
9NFU,baseline,53,54,0.9676113360323887
9NFU,baseline,53,55,0.9595141700404858
9NFU,baseline,53,56,0.9635627530364372
9NFU,baseline,53,57,0.9473684210526315
9NFU,baseline,53,58,0.9676113360323887
9NFU,baseline,53,59,0.9554655870445344
9NFU,baseline,53,60,0.9676113360323887
9NFU,baseline,53,61,0.9473684210526315
9NFU,baseline,53,62,0.9554655870445344
9NFU,baseline,53,63,0.9352226720647774
9NFU,baseline,53,64,0.9473684210526315
9NFU,baseline,53,65,0.9554655870445344
9NFU,baseline,53,66,0.9635627530364372
9NFU,baseline,53,67,0.9595141700404858
9NFU,baseline,53,68,0.951417004048583
9NFU,baseline,53,69,0.951417004048583
9NFU,baseline,53,70,0.9554655870445344
9NFU,baseline,53,71,0.9554655870445344
9NFU,baseline,53,72,0.9595141700404858
9NFU,baseline,53,73,0.97165991902834
9NFU,baseline,53,74,0.9433198380566802
9NFU,baseline,53,75,0.9595141700404858
9NFU,baseline,53,76,0.951417004048583
9NFU,baseline,53,77,0.9635627530364372
9NFU,baseline,53,78,0.9635627530364372
9NFU,baseline,53,79,0.97165991902834
9NFU,baseline,53,80,0.9635627530364372
9NFU,baseline,53,81,0.9676113360323887
9NFU,baseline,53,82,0.9676113360323887
9NFU,baseline,53,83,0.9473684210526315
9NFU,baseline,53,84,0.9554655870445344
9NFU,baseline,53,85,0.9392712550607287
9NFU,baseline,53,86,0.9433198380566802
9NFU,baseline,53,87,0.9433198380566802
9NFU,baseline,53,88,0.951417004048583
9NFU,baseline,53,89,0.9554655870445344
9NFU,baseline,53,90,0.9595141700404858
9NFU,baseline,53,91,0.9433198380566802
9NFU,baseline,53,92,0.9676113360323887
9NFU,baseline,53,93,0.9352226720647774
9NFU,baseline,53,94,0.9554655870445344
9NFU,baseline,53,95,0.9554655870445344
9NFU,baseline,53,96,0.9392712550607287
9NFU,baseline,53,97,0.9635627530364372
9NFU,baseline,53,98,0.9757085020242915
9NFU,baseline,53,99,0.9554655870445344
9NFU,baseline,54,55,0.9595141700404858
9NFU,baseline,54,56,0.97165991902834
9NFU,baseline,54,57,0.9473684210526315
9NFU,baseline,54,58,0.9554655870445344
9NFU,baseline,54,59,0.9311740890688259
9NFU,baseline,54,60,0.9595141700404858
9NFU,baseline,54,61,0.9433198380566802
9NFU,baseline,54,62,0.9473684210526315
9NFU,baseline,54,63,0.9311740890688259
9NFU,baseline,54,64,0.9473684210526315
9NFU,baseline,54,65,0.951417004048583
9NFU,baseline,54,66,0.951417004048583
9NFU,baseline,54,67,0.9595141700404858
9NFU,baseline,54,68,0.951417004048583
9NFU,baseline,54,69,0.9433198380566802
9NFU,baseline,54,70,0.951417004048583
9NFU,baseline,54,71,0.9473684210526315
9NFU,baseline,54,72,0.9554655870445344
9NFU,baseline,54,73,0.9595141700404858
9NFU,baseline,54,74,0.9311740890688259
9NFU,baseline,54,75,0.9595141700404858
9NFU,baseline,54,76,0.9595141700404858
9NFU,baseline,54,77,0.9635627530364372
9NFU,baseline,54,78,0.9635627530364372
9NFU,baseline,54,79,0.9473684210526315
9NFU,baseline,54,80,0.9554655870445344
9NFU,baseline,54,81,0.9473684210526315
9NFU,baseline,54,82,0.9635627530364372
9NFU,baseline,54,83,0.9433198380566802
9NFU,baseline,54,84,0.951417004048583
9NFU,baseline,54,85,0.9473684210526315
9NFU,baseline,54,86,0.9352226720647774
9NFU,baseline,54,87,0.951417004048583
9NFU,baseline,54,88,0.9554655870445344
9NFU,baseline,54,89,0.9595141700404858
9NFU,baseline,54,90,0.9473684210526315
9NFU,baseline,54,91,0.9311740890688259
9NFU,baseline,54,92,0.9635627530364372
9NFU,baseline,54,93,0.9311740890688259
9NFU,baseline,54,94,0.9473684210526315
9NFU,baseline,54,95,0.9433198380566802
9NFU,baseline,54,96,0.9271255060728745
9NFU,baseline,54,97,0.9473684210526315
9NFU,baseline,54,98,0.9676113360323887
9NFU,baseline,54,99,0.951417004048583
9NFU,baseline,55,56,0.9595141700404858
9NFU,baseline,55,57,0.951417004048583
9NFU,baseline,55,58,0.951417004048583
9NFU,baseline,55,59,0.9392712550607287
9NFU,baseline,55,60,0.9635627530364372
9NFU,baseline,55,61,0.9554655870445344
9NFU,baseline,55,62,0.9433198380566802
9NFU,baseline,55,63,0.9473684210526315
9NFU,baseline,55,64,0.9473684210526315
9NFU,baseline,55,65,0.9392712550607287
9NFU,baseline,55,66,0.951417004048583
9NFU,baseline,55,67,0.9473684210526315
9NFU,baseline,55,68,0.9433198380566802
9NFU,baseline,55,69,0.9271255060728745
9NFU,baseline,55,70,0.9676113360323887
9NFU,baseline,55,71,0.9473684210526315
9NFU,baseline,55,72,0.9554655870445344
9NFU,baseline,55,73,0.9554655870445344
9NFU,baseline,55,74,0.9473684210526315
9NFU,baseline,55,75,0.9473684210526315
9NFU,baseline,55,76,0.9595141700404858
9NFU,baseline,55,77,0.9595141700404858
9NFU,baseline,55,78,0.9473684210526315
9NFU,baseline,55,79,0.9473684210526315
9NFU,baseline,55,80,0.951417004048583
9NFU,baseline,55,81,0.951417004048583
9NFU,baseline,55,82,0.97165991902834
9NFU,baseline,55,83,0.9473684210526315
9NFU,baseline,55,84,0.9473684210526315
9NFU,baseline,55,85,0.9392712550607287
9NFU,baseline,55,86,0.9352226720647774
9NFU,baseline,55,87,0.951417004048583
9NFU,baseline,55,88,0.9554655870445344
9NFU,baseline,55,89,0.9554655870445344
9NFU,baseline,55,90,0.9595141700404858
9NFU,baseline,55,91,0.9473684210526315
9NFU,baseline,55,92,0.9757085020242915
9NFU,baseline,55,93,0.9311740890688259
9NFU,baseline,55,94,0.9392712550607287
9NFU,baseline,55,95,0.951417004048583
9NFU,baseline,55,96,0.9392712550607287
9NFU,baseline,55,97,0.9433198380566802
9NFU,baseline,55,98,0.9595141700404858
9NFU,baseline,55,99,0.9595141700404858
9NFU,baseline,56,57,0.951417004048583
9NFU,baseline,56,58,0.951417004048583
9NFU,baseline,56,59,0.9554655870445344
9NFU,baseline,56,60,0.9554655870445344
9NFU,baseline,56,61,0.951417004048583
9NFU,baseline,56,62,0.9595141700404858
9NFU,baseline,56,63,0.9554655870445344
9NFU,baseline,56,64,0.9676113360323887
9NFU,baseline,56,65,0.9595141700404858
9NFU,baseline,56,66,0.9433198380566802
9NFU,baseline,56,67,0.9595141700404858
9NFU,baseline,56,68,0.9473684210526315
9NFU,baseline,56,69,0.9433198380566802
9NFU,baseline,56,70,0.951417004048583
9NFU,baseline,56,71,0.951417004048583
9NFU,baseline,56,72,0.9473684210526315
9NFU,baseline,56,73,0.9554655870445344
9NFU,baseline,56,74,0.9392712550607287
9NFU,baseline,56,75,0.9595141700404858
9NFU,baseline,56,76,0.9595141700404858
9NFU,baseline,56,77,0.9554655870445344
9NFU,baseline,56,78,0.9635627530364372
9NFU,baseline,56,79,0.9473684210526315
9NFU,baseline,56,80,0.9595141700404858
9NFU,baseline,56,81,0.9433198380566802
9NFU,baseline,56,82,0.9635627530364372
9NFU,baseline,56,83,0.9676113360323887
9NFU,baseline,56,84,0.9473684210526315
9NFU,baseline,56,85,0.9433198380566802
9NFU,baseline,56,86,0.9554655870445344
9NFU,baseline,56,87,0.951417004048583
9NFU,baseline,56,88,0.9635627530364372
9NFU,baseline,56,89,0.9635627530364372
9NFU,baseline,56,90,0.9554655870445344
9NFU,baseline,56,91,0.9392712550607287
9NFU,baseline,56,92,0.9635627530364372
9NFU,baseline,56,93,0.9433198380566802
9NFU,baseline,56,94,0.9595141700404858
9NFU,baseline,56,95,0.9433198380566802
9NFU,baseline,56,96,0.951417004048583
9NFU,baseline,56,97,0.9635627530364372
9NFU,baseline,56,98,0.9757085020242915
9NFU,baseline,56,99,0.9554655870445344
9NFU,baseline,57,58,0.9433198380566802
9NFU,baseline,57,59,0.97165991902834
9NFU,baseline,57,60,0.9676113360323887
9NFU,baseline,57,61,0.9635627530364372
9NFU,baseline,57,62,0.9676113360323887
9NFU,baseline,57,63,0.9635627530364372
9NFU,baseline,57,64,0.9473684210526315
9NFU,baseline,57,65,0.9595141700404858
9NFU,baseline,57,66,0.951417004048583
9NFU,baseline,57,67,0.9554655870445344
9NFU,baseline,57,68,0.9554655870445344
9NFU,baseline,57,69,0.9392712550607287
9NFU,baseline,57,70,0.9595141700404858
9NFU,baseline,57,71,0.97165991902834
9NFU,baseline,57,72,0.9473684210526315
9NFU,baseline,57,73,0.9595141700404858
9NFU,baseline,57,74,0.951417004048583
9NFU,baseline,57,75,0.9392712550607287
9NFU,baseline,57,76,0.9635627530364372
9NFU,baseline,57,77,0.9554655870445344
9NFU,baseline,57,78,0.9595141700404858
9NFU,baseline,57,79,0.9554655870445344
9NFU,baseline,57,80,0.9595141700404858
9NFU,baseline,57,81,0.9473684210526315
9NFU,baseline,57,82,0.9757085020242915
9NFU,baseline,57,83,0.9595141700404858
9NFU,baseline,57,84,0.9595141700404858
9NFU,baseline,57,85,0.9352226720647774
9NFU,baseline,57,86,0.9392712550607287
9NFU,baseline,57,87,0.9635627530364372
9NFU,baseline,57,88,0.951417004048583
9NFU,baseline,57,89,0.951417004048583
9NFU,baseline,57,90,0.951417004048583
9NFU,baseline,57,91,0.9433198380566802
9NFU,baseline,57,92,0.9635627530364372
9NFU,baseline,57,93,0.9554655870445344
9NFU,baseline,57,94,0.9433198380566802
9NFU,baseline,57,95,0.9635627530364372
9NFU,baseline,57,96,0.9554655870445344
9NFU,baseline,57,97,0.951417004048583
9NFU,baseline,57,98,0.9595141700404858
9NFU,baseline,57,99,0.9473684210526315
9NFU,baseline,58,59,0.9392712550607287
9NFU,baseline,58,60,0.9635627530364372
9NFU,baseline,58,61,0.9433198380566802
9NFU,baseline,58,62,0.9352226720647774
9NFU,baseline,58,63,0.9352226720647774
9NFU,baseline,58,64,0.9635627530364372
9NFU,baseline,58,65,0.9433198380566802
9NFU,baseline,58,66,0.9635627530364372
9NFU,baseline,58,67,0.9554655870445344
9NFU,baseline,58,68,0.951417004048583
9NFU,baseline,58,69,0.9271255060728745
9NFU,baseline,58,70,0.951417004048583
9NFU,baseline,58,71,0.9473684210526315
9NFU,baseline,58,72,0.9595141700404858
9NFU,baseline,58,73,0.951417004048583
9NFU,baseline,58,74,0.9433198380566802
9NFU,baseline,58,75,0.9635627530364372
9NFU,baseline,58,76,0.97165991902834
9NFU,baseline,58,77,0.9595141700404858
9NFU,baseline,58,78,0.9554655870445344
9NFU,baseline,58,79,0.97165991902834
9NFU,baseline,58,80,0.9554655870445344
9NFU,baseline,58,81,0.9595141700404858
9NFU,baseline,58,82,0.9554655870445344
9NFU,baseline,58,83,0.9473684210526315
9NFU,baseline,58,84,0.9595141700404858
9NFU,baseline,58,85,0.9392712550607287
9NFU,baseline,58,86,0.9311740890688259
9NFU,baseline,58,87,0.9271255060728745
9NFU,baseline,58,88,0.9433198380566802
9NFU,baseline,58,89,0.9473684210526315
9NFU,baseline,58,90,0.951417004048583
9NFU,baseline,58,91,0.9352226720647774
9NFU,baseline,58,92,0.9554655870445344
9NFU,baseline,58,93,0.9271255060728745
9NFU,baseline,58,94,0.9676113360323887
9NFU,baseline,58,95,0.951417004048583
9NFU,baseline,58,96,0.9311740890688259
9NFU,baseline,58,97,0.9392712550607287
9NFU,baseline,58,98,0.9676113360323887
9NFU,baseline,58,99,0.9554655870445344
9NFU,baseline,59,60,0.9595141700404858
9NFU,baseline,59,61,0.9554655870445344
9NFU,baseline,59,62,0.97165991902834
9NFU,baseline,59,63,0.9635627530364372
9NFU,baseline,59,64,0.951417004048583
9NFU,baseline,59,65,0.9554655870445344
9NFU,baseline,59,66,0.951417004048583
9NFU,baseline,59,67,0.951417004048583
9NFU,baseline,59,68,0.9635627530364372
9NFU,baseline,59,69,0.9352226720647774
9NFU,baseline,59,70,0.9473684210526315
9NFU,baseline,59,71,0.9676113360323887
9NFU,baseline,59,72,0.9352226720647774
9NFU,baseline,59,73,0.9635627530364372
9NFU,baseline,59,74,0.951417004048583
9NFU,baseline,59,75,0.9392712550607287
9NFU,baseline,59,76,0.9473684210526315
9NFU,baseline,59,77,0.9392712550607287
9NFU,baseline,59,78,0.9554655870445344
9NFU,baseline,59,79,0.9595141700404858
9NFU,baseline,59,80,0.9595141700404858
9NFU,baseline,59,81,0.9473684210526315
9NFU,baseline,59,82,0.9635627530364372
9NFU,baseline,59,83,0.9635627530364372
9NFU,baseline,59,84,0.951417004048583
9NFU,baseline,59,85,0.9230769230769231
9NFU,baseline,59,86,0.9554655870445344
9NFU,baseline,59,87,0.9473684210526315
9NFU,baseline,59,88,0.951417004048583
9NFU,baseline,59,89,0.9433198380566802
9NFU,baseline,59,90,0.951417004048583
9NFU,baseline,59,91,0.951417004048583
9NFU,baseline,59,92,0.9554655870445344
9NFU,baseline,59,93,0.9554655870445344
9NFU,baseline,59,94,0.9473684210526315
9NFU,baseline,59,95,0.9595141700404858
9NFU,baseline,59,96,0.9635627530364372
9NFU,baseline,59,97,0.97165991902834
9NFU,baseline,59,98,0.951417004048583
9NFU,baseline,59,99,0.9433198380566802
9NFU,baseline,60,61,0.9635627530364372
9NFU,baseline,60,62,0.9676113360323887
9NFU,baseline,60,63,0.951417004048583
9NFU,baseline,60,64,0.9595141700404858
9NFU,baseline,60,65,0.9473684210526315
9NFU,baseline,60,66,0.97165991902834
9NFU,baseline,60,67,0.9554655870445344
9NFU,baseline,60,68,0.9595141700404858
9NFU,baseline,60,69,0.9311740890688259
9NFU,baseline,60,70,0.9554655870445344
9NFU,baseline,60,71,0.9676113360323887
9NFU,baseline,60,72,0.9635627530364372
9NFU,baseline,60,73,0.9676113360323887
9NFU,baseline,60,74,0.951417004048583
9NFU,baseline,60,75,0.9595141700404858
9NFU,baseline,60,76,0.9595141700404858
9NFU,baseline,60,77,0.9595141700404858
9NFU,baseline,60,78,0.9635627530364372
9NFU,baseline,60,79,0.9676113360323887
9NFU,baseline,60,80,0.9595141700404858
9NFU,baseline,60,81,0.9676113360323887
9NFU,baseline,60,82,0.979757085020243
9NFU,baseline,60,83,0.951417004048583
9NFU,baseline,60,84,0.97165991902834
9NFU,baseline,60,85,0.9392712550607287
9NFU,baseline,60,86,0.9392712550607287
9NFU,baseline,60,87,0.9554655870445344
9NFU,baseline,60,88,0.951417004048583
9NFU,baseline,60,89,0.951417004048583
9NFU,baseline,60,90,0.9676113360323887
9NFU,baseline,60,91,0.9473684210526315
9NFU,baseline,60,92,0.9757085020242915
9NFU,baseline,60,93,0.9433198380566802
9NFU,baseline,60,94,0.9635627530364372
9NFU,baseline,60,95,0.9635627530364372
9NFU,baseline,60,96,0.9554655870445344
9NFU,baseline,60,97,0.9554655870445344
9NFU,baseline,60,98,0.9676113360323887
9NFU,baseline,60,99,0.9635627530364372
9NFU,baseline,61,62,0.951417004048583
9NFU,baseline,61,63,0.97165991902834
9NFU,baseline,61,64,0.9554655870445344
9NFU,baseline,61,65,0.9554655870445344
9NFU,baseline,61,66,0.9757085020242915
9NFU,baseline,61,67,0.9433198380566802
9NFU,baseline,61,68,0.9473684210526315
9NFU,baseline,61,69,0.9352226720647774
9NFU,baseline,61,70,0.951417004048583
9NFU,baseline,61,71,0.9676113360323887
9NFU,baseline,61,72,0.9433198380566802
9NFU,baseline,61,73,0.9595141700404858
9NFU,baseline,61,74,0.979757085020243
9NFU,baseline,61,75,0.9473684210526315
9NFU,baseline,61,76,0.9473684210526315
9NFU,baseline,61,77,0.951417004048583
9NFU,baseline,61,78,0.9595141700404858
9NFU,baseline,61,79,0.951417004048583
9NFU,baseline,61,80,0.951417004048583
9NFU,baseline,61,81,0.9595141700404858
9NFU,baseline,61,82,0.9676113360323887
9NFU,baseline,61,83,0.9635627530364372
9NFU,baseline,61,84,0.9554655870445344
9NFU,baseline,61,85,0.951417004048583
9NFU,baseline,61,86,0.951417004048583
9NFU,baseline,61,87,0.97165991902834
9NFU,baseline,61,88,0.9473684210526315
9NFU,baseline,61,89,0.9473684210526315
9NFU,baseline,61,90,0.97165991902834
9NFU,baseline,61,91,0.9595141700404858
9NFU,baseline,61,92,0.9635627530364372
9NFU,baseline,61,93,0.9473684210526315
9NFU,baseline,61,94,0.9392712550607287
9NFU,baseline,61,95,0.9554655870445344
9NFU,baseline,61,96,0.9635627530364372
9NFU,baseline,61,97,0.9554655870445344
9NFU,baseline,61,98,0.9554655870445344
9NFU,baseline,61,99,0.9635627530364372
9NFU,baseline,62,63,0.9676113360323887
9NFU,baseline,62,64,0.9554655870445344
9NFU,baseline,62,65,0.9554655870445344
9NFU,baseline,62,66,0.951417004048583
9NFU,baseline,62,67,0.9554655870445344
9NFU,baseline,62,68,0.9676113360323887
9NFU,baseline,62,69,0.951417004048583
9NFU,baseline,62,70,0.9635627530364372
9NFU,baseline,62,71,0.9635627530364372
9NFU,baseline,62,72,0.951417004048583
9NFU,baseline,62,73,0.97165991902834
9NFU,baseline,62,74,0.9473684210526315
9NFU,baseline,62,75,0.9554655870445344
9NFU,baseline,62,76,0.9473684210526315
9NFU,baseline,62,77,0.9473684210526315
9NFU,baseline,62,78,0.9635627530364372
9NFU,baseline,62,79,0.9433198380566802
9NFU,baseline,62,80,0.9554655870445344
9NFU,baseline,62,81,0.951417004048583
9NFU,baseline,62,82,0.9595141700404858
9NFU,baseline,62,83,0.9676113360323887
9NFU,baseline,62,84,0.9635627530364372
9NFU,baseline,62,85,0.9352226720647774
9NFU,baseline,62,86,0.9595141700404858
9NFU,baseline,62,87,0.9595141700404858
9NFU,baseline,62,88,0.9433198380566802
9NFU,baseline,62,89,0.9635627530364372
9NFU,baseline,62,90,0.9595141700404858
9NFU,baseline,62,91,0.951417004048583
9NFU,baseline,62,92,0.9676113360323887
9NFU,baseline,62,93,0.9595141700404858
9NFU,baseline,62,94,0.951417004048583
9NFU,baseline,62,95,0.9635627530364372
9NFU,baseline,62,96,0.97165991902834
9NFU,baseline,62,97,0.9757085020242915
9NFU,baseline,62,98,0.951417004048583
9NFU,baseline,62,99,0.9554655870445344
9NFU,baseline,63,64,0.951417004048583
9NFU,baseline,63,65,0.9392712550607287
9NFU,baseline,63,66,0.9473684210526315
9NFU,baseline,63,67,0.9392712550607287
9NFU,baseline,63,68,0.9595141700404858
9NFU,baseline,63,69,0.9433198380566802
9NFU,baseline,63,70,0.9473684210526315
9NFU,baseline,63,71,0.9473684210526315
9NFU,baseline,63,72,0.9392712550607287
9NFU,baseline,63,73,0.951417004048583
9NFU,baseline,63,74,0.9676113360323887
9NFU,baseline,63,75,0.9352226720647774
9NFU,baseline,63,76,0.9473684210526315
9NFU,baseline,63,77,0.9352226720647774
9NFU,baseline,63,78,0.951417004048583
9NFU,baseline,63,79,0.9311740890688259
9NFU,baseline,63,80,0.9473684210526315
9NFU,baseline,63,81,0.9392712550607287
9NFU,baseline,63,82,0.9554655870445344
9NFU,baseline,63,83,0.9757085020242915
9NFU,baseline,63,84,0.9392712550607287
9NFU,baseline,63,85,0.9352226720647774
9NFU,baseline,63,86,0.9554655870445344
9NFU,baseline,63,87,0.9635627530364372
9NFU,baseline,63,88,0.9433198380566802
9NFU,baseline,63,89,0.9595141700404858
9NFU,baseline,63,90,0.9554655870445344
9NFU,baseline,63,91,0.9554655870445344
9NFU,baseline,63,92,0.9595141700404858
9NFU,baseline,63,93,0.951417004048583
9NFU,baseline,63,94,0.9473684210526315
9NFU,baseline,63,95,0.951417004048583
9NFU,baseline,63,96,0.9676113360323887
9NFU,baseline,63,97,0.9554655870445344
9NFU,baseline,63,98,0.9433198380566802
9NFU,baseline,63,99,0.951417004048583
9NFU,baseline,64,65,0.951417004048583
9NFU,baseline,64,66,0.9554655870445344
9NFU,baseline,64,67,0.9473684210526315
9NFU,baseline,64,68,0.9595141700404858
9NFU,baseline,64,69,0.9311740890688259
9NFU,baseline,64,70,0.951417004048583
9NFU,baseline,64,71,0.9595141700404858
9NFU,baseline,64,72,0.9392712550607287
9NFU,baseline,64,73,0.9473684210526315
9NFU,baseline,64,74,0.9554655870445344
9NFU,baseline,64,75,0.9838056680161943
9NFU,baseline,64,76,0.9676113360323887
9NFU,baseline,64,77,0.9595141700404858
9NFU,baseline,64,78,0.9595141700404858
9NFU,baseline,64,79,0.951417004048583
9NFU,baseline,64,80,0.951417004048583
9NFU,baseline,64,81,0.9595141700404858
9NFU,baseline,64,82,0.951417004048583
9NFU,baseline,64,83,0.9595141700404858
9NFU,baseline,64,84,0.9595141700404858
9NFU,baseline,64,85,0.9433198380566802
9NFU,baseline,64,86,0.9595141700404858
9NFU,baseline,64,87,0.9473684210526315
9NFU,baseline,64,88,0.9473684210526315
9NFU,baseline,64,89,0.9473684210526315
9NFU,baseline,64,90,0.9595141700404858
9NFU,baseline,64,91,0.9554655870445344
9NFU,baseline,64,92,0.9554655870445344
9NFU,baseline,64,93,0.9554655870445344
9NFU,baseline,64,94,0.9635627530364372
9NFU,baseline,64,95,0.9473684210526315
9NFU,baseline,64,96,0.9635627530364372
9NFU,baseline,64,97,0.9595141700404858
9NFU,baseline,64,98,0.9554655870445344
9NFU,baseline,64,99,0.9676113360323887
9NFU,baseline,65,66,0.9554655870445344
9NFU,baseline,65,67,0.9757085020242915
9NFU,baseline,65,68,0.9352226720647774
9NFU,baseline,65,69,0.9433198380566802
9NFU,baseline,65,70,0.9595141700404858
9NFU,baseline,65,71,0.9757085020242915
9NFU,baseline,65,72,0.9554655870445344
9NFU,baseline,65,73,0.97165991902834
9NFU,baseline,65,74,0.9554655870445344
9NFU,baseline,65,75,0.9595141700404858
9NFU,baseline,65,76,0.951417004048583
9NFU,baseline,65,77,0.9554655870445344
9NFU,baseline,65,78,0.9757085020242915
9NFU,baseline,65,79,0.9635627530364372
9NFU,baseline,65,80,0.9635627530364372
9NFU,baseline,65,81,0.9433198380566802
9NFU,baseline,65,82,0.9554655870445344
9NFU,baseline,65,83,0.9473684210526315
9NFU,baseline,65,84,0.9676113360323887
9NFU,baseline,65,85,0.9433198380566802
9NFU,baseline,65,86,0.9554655870445344
9NFU,baseline,65,87,0.9473684210526315
9NFU,baseline,65,88,0.9554655870445344
9NFU,baseline,65,89,0.9554655870445344
9NFU,baseline,65,90,0.9595141700404858
9NFU,baseline,65,91,0.9473684210526315
9NFU,baseline,65,92,0.9554655870445344
9NFU,baseline,65,93,0.9595141700404858
9NFU,baseline,65,94,0.9352226720647774
9NFU,baseline,65,95,0.9676113360323887
9NFU,baseline,65,96,0.9473684210526315
9NFU,baseline,65,97,0.97165991902834
9NFU,baseline,65,98,0.9635627530364372
9NFU,baseline,65,99,0.951417004048583
9NFU,baseline,66,67,0.9473684210526315
9NFU,baseline,66,68,0.9554655870445344
9NFU,baseline,66,69,0.9433198380566802
9NFU,baseline,66,70,0.951417004048583
9NFU,baseline,66,71,0.9676113360323887
9NFU,baseline,66,72,0.9473684210526315
9NFU,baseline,66,73,0.97165991902834
9NFU,baseline,66,74,0.97165991902834
9NFU,baseline,66,75,0.9595141700404858
9NFU,baseline,66,76,0.9433198380566802
9NFU,baseline,66,77,0.9595141700404858
9NFU,baseline,66,78,0.9635627530364372
9NFU,baseline,66,79,0.97165991902834
9NFU,baseline,66,80,0.9635627530364372
9NFU,baseline,66,81,0.9676113360323887
9NFU,baseline,66,82,0.9595141700404858
9NFU,baseline,66,83,0.9473684210526315
9NFU,baseline,66,84,0.97165991902834
9NFU,baseline,66,85,0.9473684210526315
9NFU,baseline,66,86,0.9554655870445344
9NFU,baseline,66,87,0.9554655870445344
9NFU,baseline,66,88,0.9392712550607287
9NFU,baseline,66,89,0.9473684210526315
9NFU,baseline,66,90,0.9595141700404858
9NFU,baseline,66,91,0.9635627530364372
9NFU,baseline,66,92,0.9635627530364372
9NFU,baseline,66,93,0.951417004048583
9NFU,baseline,66,94,0.9473684210526315
9NFU,baseline,66,95,0.9554655870445344
9NFU,baseline,66,96,0.9554655870445344
9NFU,baseline,66,97,0.9676113360323887
9NFU,baseline,66,98,0.951417004048583
9NFU,baseline,66,99,0.9676113360323887
9NFU,baseline,67,68,0.9311740890688259
9NFU,baseline,67,69,0.9352226720647774
9NFU,baseline,67,70,0.951417004048583
9NFU,baseline,67,71,0.9554655870445344
9NFU,baseline,67,72,0.9554655870445344
9NFU,baseline,67,73,0.97165991902834
9NFU,baseline,67,74,0.951417004048583
9NFU,baseline,67,75,0.9595141700404858
9NFU,baseline,67,76,0.97165991902834
9NFU,baseline,67,77,0.9554655870445344
9NFU,baseline,67,78,0.9676113360323887
9NFU,baseline,67,79,0.9635627530364372
9NFU,baseline,67,80,0.9554655870445344
9NFU,baseline,67,81,0.9433198380566802
9NFU,baseline,67,82,0.9676113360323887
9NFU,baseline,67,83,0.9392712550607287
9NFU,baseline,67,84,0.951417004048583
9NFU,baseline,67,85,0.9311740890688259
9NFU,baseline,67,86,0.951417004048583
9NFU,baseline,67,87,0.9352226720647774
9NFU,baseline,67,88,0.97165991902834
9NFU,baseline,67,89,0.9635627530364372
9NFU,baseline,67,90,0.9554655870445344
9NFU,baseline,67,91,0.9392712550607287
9NFU,baseline,67,92,0.97165991902834
9NFU,baseline,67,93,0.9554655870445344
9NFU,baseline,67,94,0.9392712550607287
9NFU,baseline,67,95,0.9554655870445344
9NFU,baseline,67,96,0.9433198380566802
9NFU,baseline,67,97,0.9554655870445344
9NFU,baseline,67,98,0.97165991902834
9NFU,baseline,67,99,0.9595141700404858
9NFU,baseline,68,69,0.9352226720647774
9NFU,baseline,68,70,0.951417004048583
9NFU,baseline,68,71,0.951417004048583
9NFU,baseline,68,72,0.9473684210526315
9NFU,baseline,68,73,0.9595141700404858
9NFU,baseline,68,74,0.9392712550607287
9NFU,baseline,68,75,0.9554655870445344
9NFU,baseline,68,76,0.9473684210526315
9NFU,baseline,68,77,0.9433198380566802
9NFU,baseline,68,78,0.9554655870445344
9NFU,baseline,68,79,0.9392712550607287
9NFU,baseline,68,80,0.9595141700404858
9NFU,baseline,68,81,0.9554655870445344
9NFU,baseline,68,82,0.9554655870445344
9NFU,baseline,68,83,0.9757085020242915
9NFU,baseline,68,84,0.9473684210526315
9NFU,baseline,68,85,0.9271255060728745
9NFU,baseline,68,86,0.9433198380566802
9NFU,baseline,68,87,0.951417004048583
9NFU,baseline,68,88,0.9230769230769231
9NFU,baseline,68,89,0.9473684210526315
9NFU,baseline,68,90,0.9473684210526315
9NFU,baseline,68,91,0.9554655870445344
9NFU,baseline,68,92,0.9473684210526315
9NFU,baseline,68,93,0.9473684210526315
9NFU,baseline,68,94,0.9595141700404858
9NFU,baseline,68,95,0.9635627530364372
9NFU,baseline,68,96,0.9554655870445344
9NFU,baseline,68,97,0.9635627530364372
9NFU,baseline,68,98,0.9352226720647774
9NFU,baseline,68,99,0.9392712550607287
9NFU,baseline,69,70,0.9392712550607287
9NFU,baseline,69,71,0.9392712550607287
9NFU,baseline,69,72,0.9311740890688259
9NFU,baseline,69,73,0.9473684210526315
9NFU,baseline,69,74,0.9311740890688259
9NFU,baseline,69,75,0.9352226720647774
9NFU,baseline,69,76,0.9271255060728745
9NFU,baseline,69,77,0.9473684210526315
9NFU,baseline,69,78,0.9392712550607287
9NFU,baseline,69,79,0.9433198380566802
9NFU,baseline,69,80,0.9392712550607287
9NFU,baseline,69,81,0.9473684210526315
9NFU,baseline,69,82,0.9352226720647774
9NFU,baseline,69,83,0.9392712550607287
9NFU,baseline,69,84,0.9392712550607287
9NFU,baseline,69,85,0.9311740890688259
9NFU,baseline,69,86,0.9433198380566802
9NFU,baseline,69,87,0.9392712550607287
9NFU,baseline,69,88,0.9230769230769231
9NFU,baseline,69,89,0.9554655870445344
9NFU,baseline,69,90,0.9311740890688259
9NFU,baseline,69,91,0.9392712550607287
9NFU,baseline,69,92,0.9473684210526315
9NFU,baseline,69,93,0.9473684210526315
9NFU,baseline,69,94,0.9352226720647774
9NFU,baseline,69,95,0.9352226720647774
9NFU,baseline,69,96,0.9473684210526315
9NFU,baseline,69,97,0.9595141700404858
9NFU,baseline,69,98,0.9473684210526315
9NFU,baseline,69,99,0.9392712550607287
9NFU,baseline,70,71,0.9554655870445344
9NFU,baseline,70,72,0.9473684210526315
9NFU,baseline,70,73,0.97165991902834
9NFU,baseline,70,74,0.9433198380566802
9NFU,baseline,70,75,0.9595141700404858
9NFU,baseline,70,76,0.9595141700404858
9NFU,baseline,70,77,0.9554655870445344
9NFU,baseline,70,78,0.9595141700404858
9NFU,baseline,70,79,0.9433198380566802
9NFU,baseline,70,80,0.951417004048583
9NFU,baseline,70,81,0.9473684210526315
9NFU,baseline,70,82,0.9595141700404858
9NFU,baseline,70,83,0.9635627530364372
9NFU,baseline,70,84,0.9595141700404858
9NFU,baseline,70,85,0.9473684210526315
9NFU,baseline,70,86,0.9392712550607287
9NFU,baseline,70,87,0.9554655870445344
9NFU,baseline,70,88,0.9473684210526315
9NFU,baseline,70,89,0.9635627530364372
9NFU,baseline,70,90,0.9554655870445344
9NFU,baseline,70,91,0.9473684210526315
9NFU,baseline,70,92,0.97165991902834
9NFU,baseline,70,93,0.9352226720647774
9NFU,baseline,70,94,0.9271255060728745
9NFU,baseline,70,95,0.97165991902834
9NFU,baseline,70,96,0.9433198380566802
9NFU,baseline,70,97,0.9595141700404858
9NFU,baseline,70,98,0.9595141700404858
9NFU,baseline,70,99,0.9433198380566802
9NFU,baseline,71,72,0.951417004048583
9NFU,baseline,71,73,0.9635627530364372
9NFU,baseline,71,74,0.9635627530364372
9NFU,baseline,71,75,0.9595141700404858
9NFU,baseline,71,76,0.9554655870445344
9NFU,baseline,71,77,0.9554655870445344
9NFU,baseline,71,78,0.9635627530364372
9NFU,baseline,71,79,0.9635627530364372
9NFU,baseline,71,80,0.9676113360323887
9NFU,baseline,71,81,0.9635627530364372
9NFU,baseline,71,82,0.97165991902834
9NFU,baseline,71,83,0.9473684210526315
9NFU,baseline,71,84,0.9757085020242915
9NFU,baseline,71,85,0.9473684210526315
9NFU,baseline,71,86,0.9635627530364372
9NFU,baseline,71,87,0.9595141700404858
9NFU,baseline,71,88,0.951417004048583
9NFU,baseline,71,89,0.9554655870445344
9NFU,baseline,71,90,0.9595141700404858
9NFU,baseline,71,91,0.9554655870445344
9NFU,baseline,71,92,0.9595141700404858
9NFU,baseline,71,93,0.9554655870445344
9NFU,baseline,71,94,0.9433198380566802
9NFU,baseline,71,95,0.9676113360323887
9NFU,baseline,71,96,0.9635627530364372
9NFU,baseline,71,97,0.9635627530364372
9NFU,baseline,71,98,0.9595141700404858
9NFU,baseline,71,99,0.9676113360323887
9NFU,baseline,72,73,0.9595141700404858
9NFU,baseline,72,74,0.9311740890688259
9NFU,baseline,72,75,0.9554655870445344
9NFU,baseline,72,76,0.9473684210526315
9NFU,baseline,72,77,0.951417004048583
9NFU,baseline,72,78,0.9635627530364372
9NFU,baseline,72,79,0.9473684210526315
9NFU,baseline,72,80,0.9554655870445344
9NFU,baseline,72,81,0.9473684210526315
9NFU,baseline,72,82,0.9554655870445344
9NFU,baseline,72,83,0.9473684210526315
9NFU,baseline,72,84,0.9595141700404858
9NFU,baseline,72,85,0.951417004048583
9NFU,baseline,72,86,0.9352226720647774
9NFU,baseline,72,87,0.951417004048583
9NFU,baseline,72,88,0.9311740890688259
9NFU,baseline,72,89,0.9554655870445344
9NFU,baseline,72,90,0.9554655870445344
9NFU,baseline,72,91,0.9392712550607287
9NFU,baseline,72,92,0.9473684210526315
9NFU,baseline,72,93,0.9352226720647774
9NFU,baseline,72,94,0.9595141700404858
9NFU,baseline,72,95,0.9595141700404858
9NFU,baseline,72,96,0.9311740890688259
9NFU,baseline,72,97,0.9473684210526315
9NFU,baseline,72,98,0.9595141700404858
9NFU,baseline,72,99,0.9473684210526315
9NFU,baseline,73,74,0.9554655870445344
9NFU,baseline,73,75,0.9635627530364372
9NFU,baseline,73,76,0.9473684210526315
9NFU,baseline,73,77,0.9554655870445344
9NFU,baseline,73,78,0.9838056680161943
9NFU,baseline,73,79,0.9595141700404858
9NFU,baseline,73,80,0.9757085020242915
9NFU,baseline,73,81,0.9554655870445344
9NFU,baseline,73,82,0.9676113360323887
9NFU,baseline,73,83,0.9595141700404858
9NFU,baseline,73,84,0.9676113360323887
9NFU,baseline,73,85,0.9473684210526315
9NFU,baseline,73,86,0.951417004048583
9NFU,baseline,73,87,0.9595141700404858
9NFU,baseline,73,88,0.951417004048583
9NFU,baseline,73,89,0.9676113360323887
9NFU,baseline,73,90,0.9635627530364372
9NFU,baseline,73,91,0.9676113360323887
9NFU,baseline,73,92,0.97165991902834
9NFU,baseline,73,93,0.951417004048583
9NFU,baseline,73,94,0.9392712550607287
9NFU,baseline,73,95,0.97165991902834
9NFU,baseline,73,96,0.9554655870445344
9NFU,baseline,73,97,0.9838056680161943
9NFU,baseline,73,98,0.9635627530364372
9NFU,baseline,73,99,0.9554655870445344
9NFU,baseline,74,75,0.9473684210526315
9NFU,baseline,74,76,0.9554655870445344
9NFU,baseline,74,77,0.9392712550607287
9NFU,baseline,74,78,0.9554655870445344
9NFU,baseline,74,79,0.9554655870445344
9NFU,baseline,74,80,0.9473684210526315
9NFU,baseline,74,81,0.9473684210526315
9NFU,baseline,74,82,0.9554655870445344
9NFU,baseline,74,83,0.9473684210526315
9NFU,baseline,74,84,0.951417004048583
9NFU,baseline,74,85,0.9433198380566802
9NFU,baseline,74,86,0.97165991902834
9NFU,baseline,74,87,0.9595141700404858
9NFU,baseline,74,88,0.951417004048583
9NFU,baseline,74,89,0.951417004048583
9NFU,baseline,74,90,0.9635627530364372
9NFU,baseline,74,91,0.9595141700404858
9NFU,baseline,74,92,0.9595141700404858
9NFU,baseline,74,93,0.9554655870445344
9NFU,baseline,74,94,0.9311740890688259
9NFU,baseline,74,95,0.9433198380566802
9NFU,baseline,74,96,0.9595141700404858
9NFU,baseline,74,97,0.951417004048583
9NFU,baseline,74,98,0.9433198380566802
9NFU,baseline,74,99,0.9676113360323887
9NFU,baseline,75,76,0.9635627530364372
9NFU,baseline,75,77,0.9595141700404858
9NFU,baseline,75,78,0.9676113360323887
9NFU,baseline,75,79,0.951417004048583
9NFU,baseline,75,80,0.9554655870445344
9NFU,baseline,75,81,0.9635627530364372
9NFU,baseline,75,82,0.951417004048583
9NFU,baseline,75,83,0.951417004048583
9NFU,baseline,75,84,0.9595141700404858
9NFU,baseline,75,85,0.951417004048583
9NFU,baseline,75,86,0.9595141700404858
9NFU,baseline,75,87,0.951417004048583
9NFU,baseline,75,88,0.9392712550607287
9NFU,baseline,75,89,0.9554655870445344
9NFU,baseline,75,90,0.9595141700404858
9NFU,baseline,75,91,0.9554655870445344
9NFU,baseline,75,92,0.9554655870445344
9NFU,baseline,75,93,0.951417004048583
9NFU,baseline,75,94,0.951417004048583
9NFU,baseline,75,95,0.9554655870445344
9NFU,baseline,75,96,0.9473684210526315
9NFU,baseline,75,97,0.9676113360323887
9NFU,baseline,75,98,0.9595141700404858
9NFU,baseline,75,99,0.9635627530364372
9NFU,baseline,76,77,0.9554655870445344
9NFU,baseline,76,78,0.9554655870445344
9NFU,baseline,76,79,0.9554655870445344
9NFU,baseline,76,80,0.951417004048583
9NFU,baseline,76,81,0.9433198380566802
9NFU,baseline,76,82,0.97165991902834
9NFU,baseline,76,83,0.951417004048583
9NFU,baseline,76,84,0.951417004048583
9NFU,baseline,76,85,0.9392712550607287
9NFU,baseline,76,86,0.9473684210526315
9NFU,baseline,76,87,0.9392712550607287
9NFU,baseline,76,88,0.9676113360323887
9NFU,baseline,76,89,0.9635627530364372
9NFU,baseline,76,90,0.9473684210526315
9NFU,baseline,76,91,0.9311740890688259
9NFU,baseline,76,92,0.97165991902834
9NFU,baseline,76,93,0.9473684210526315
9NFU,baseline,76,94,0.9473684210526315
9NFU,baseline,76,95,0.951417004048583
9NFU,baseline,76,96,0.9392712550607287
9NFU,baseline,76,97,0.9352226720647774
9NFU,baseline,76,98,0.9676113360323887
9NFU,baseline,76,99,0.9595141700404858
9NFU,baseline,77,78,0.9554655870445344
9NFU,baseline,77,79,0.9676113360323887
9NFU,baseline,77,80,0.9595141700404858
9NFU,baseline,77,81,0.9635627530364372
9NFU,baseline,77,82,0.9595141700404858
9NFU,baseline,77,83,0.9352226720647774
9NFU,baseline,77,84,0.9676113360323887
9NFU,baseline,77,85,0.9473684210526315
9NFU,baseline,77,86,0.9392712550607287
9NFU,baseline,77,87,0.951417004048583
9NFU,baseline,77,88,0.9554655870445344
9NFU,baseline,77,89,0.9473684210526315
9NFU,baseline,77,90,0.951417004048583
9NFU,baseline,77,91,0.9473684210526315
9NFU,baseline,77,92,0.9676113360323887
9NFU,baseline,77,93,0.9433198380566802
9NFU,baseline,77,94,0.9554655870445344
9NFU,baseline,77,95,0.9473684210526315
9NFU,baseline,77,96,0.9433198380566802
9NFU,baseline,77,97,0.9554655870445344
9NFU,baseline,77,98,0.9676113360323887
9NFU,baseline,77,99,0.9635627530364372
9NFU,baseline,78,79,0.951417004048583
9NFU,baseline,78,80,0.9757085020242915
9NFU,baseline,78,81,0.9473684210526315
9NFU,baseline,78,82,0.9554655870445344
9NFU,baseline,78,83,0.9595141700404858
9NFU,baseline,78,84,0.9676113360323887
9NFU,baseline,78,85,0.951417004048583
9NFU,baseline,78,86,0.951417004048583
9NFU,baseline,78,87,0.9554655870445344
9NFU,baseline,78,88,0.951417004048583
9NFU,baseline,78,89,0.9635627530364372
9NFU,baseline,78,90,0.9595141700404858
9NFU,baseline,78,91,0.9554655870445344
9NFU,baseline,78,92,0.9595141700404858
9NFU,baseline,78,93,0.951417004048583
9NFU,baseline,78,94,0.951417004048583
9NFU,baseline,78,95,0.9595141700404858
9NFU,baseline,78,96,0.951417004048583
9NFU,baseline,78,97,0.97165991902834
9NFU,baseline,78,98,0.9676113360323887
9NFU,baseline,78,99,0.9554655870445344
9NFU,baseline,79,80,0.951417004048583
9NFU,baseline,79,81,0.9676113360323887
9NFU,baseline,79,82,0.9635627530364372
9NFU,baseline,79,83,0.9311740890688259
9NFU,baseline,79,84,0.9676113360323887
9NFU,baseline,79,85,0.9352226720647774
9NFU,baseline,79,86,0.9433198380566802
9NFU,baseline,79,87,0.9352226720647774
9NFU,baseline,79,88,0.951417004048583
9NFU,baseline,79,89,0.9352226720647774
9NFU,baseline,79,90,0.9595141700404858
9NFU,baseline,79,91,0.9433198380566802
9NFU,baseline,79,92,0.9635627530364372
9NFU,baseline,79,93,0.9473684210526315
9NFU,baseline,79,94,0.9554655870445344
9NFU,baseline,79,95,0.951417004048583
9NFU,baseline,79,96,0.9433198380566802
9NFU,baseline,79,97,0.9595141700404858
9NFU,baseline,79,98,0.9676113360323887
9NFU,baseline,79,99,0.9554655870445344
9NFU,baseline,80,81,0.9473684210526315
9NFU,baseline,80,82,0.9595141700404858
9NFU,baseline,80,83,0.951417004048583
9NFU,baseline,80,84,0.9635627530364372
9NFU,baseline,80,85,0.9473684210526315
9NFU,baseline,80,86,0.951417004048583
9NFU,baseline,80,87,0.951417004048583
9NFU,baseline,80,88,0.9433198380566802
9NFU,baseline,80,89,0.9595141700404858
9NFU,baseline,80,90,0.9433198380566802
9NFU,baseline,80,91,0.9595141700404858
9NFU,baseline,80,92,0.9595141700404858
9NFU,baseline,80,93,0.9473684210526315
9NFU,baseline,80,94,0.9473684210526315
9NFU,baseline,80,95,0.9635627530364372
9NFU,baseline,80,96,0.9473684210526315
9NFU,baseline,80,97,0.97165991902834
9NFU,baseline,80,98,0.9595141700404858
9NFU,baseline,80,99,0.9595141700404858
9NFU,baseline,81,82,0.9635627530364372
9NFU,baseline,81,83,0.9433198380566802
9NFU,baseline,81,84,0.9554655870445344
9NFU,baseline,81,85,0.9352226720647774
9NFU,baseline,81,86,0.9392712550607287
9NFU,baseline,81,87,0.9473684210526315
9NFU,baseline,81,88,0.9352226720647774
9NFU,baseline,81,89,0.9433198380566802
9NFU,baseline,81,90,0.9595141700404858
9NFU,baseline,81,91,0.951417004048583
9NFU,baseline,81,92,0.9635627530364372
9NFU,baseline,81,93,0.9433198380566802
9NFU,baseline,81,94,0.9554655870445344
9NFU,baseline,81,95,0.9554655870445344
9NFU,baseline,81,96,0.9554655870445344
9NFU,baseline,81,97,0.9554655870445344
9NFU,baseline,81,98,0.9554655870445344
9NFU,baseline,81,99,0.9595141700404858
9NFU,baseline,82,83,0.9595141700404858
9NFU,baseline,82,84,0.9554655870445344
9NFU,baseline,82,85,0.9352226720647774
9NFU,baseline,82,86,0.9433198380566802
9NFU,baseline,82,87,0.9554655870445344
9NFU,baseline,82,88,0.9676113360323887
9NFU,baseline,82,89,0.9635627530364372
9NFU,baseline,82,90,0.9635627530364372
9NFU,baseline,82,91,0.9473684210526315
9NFU,baseline,82,92,0.979757085020243
9NFU,baseline,82,93,0.9473684210526315
9NFU,baseline,82,94,0.951417004048583
9NFU,baseline,82,95,0.9635627530364372
9NFU,baseline,82,96,0.9554655870445344
9NFU,baseline,82,97,0.951417004048583
9NFU,baseline,82,98,0.9676113360323887
9NFU,baseline,82,99,0.9595141700404858
9NFU,baseline,83,84,0.9392712550607287
9NFU,baseline,83,85,0.9352226720647774
9NFU,baseline,83,86,0.9473684210526315
9NFU,baseline,83,87,0.9595141700404858
9NFU,baseline,83,88,0.9352226720647774
9NFU,baseline,83,89,0.9595141700404858
9NFU,baseline,83,90,0.9635627530364372
9NFU,baseline,83,91,0.9473684210526315
9NFU,baseline,83,92,0.951417004048583
9NFU,baseline,83,93,0.9433198380566802
9NFU,baseline,83,94,0.951417004048583
9NFU,baseline,83,95,0.9595141700404858
9NFU,baseline,83,96,0.9595141700404858
9NFU,baseline,83,97,0.9635627530364372
9NFU,baseline,83,98,0.951417004048583
9NFU,baseline,83,99,0.9392712550607287
9NFU,baseline,84,85,0.9554655870445344
9NFU,baseline,84,86,0.9473684210526315
9NFU,baseline,84,87,0.951417004048583
9NFU,baseline,84,88,0.9473684210526315
9NFU,baseline,84,89,0.9554655870445344
9NFU,baseline,84,90,0.9554655870445344
9NFU,baseline,84,91,0.951417004048583
9NFU,baseline,84,92,0.9635627530364372
9NFU,baseline,84,93,0.9473684210526315
9NFU,baseline,84,94,0.951417004048583
9NFU,baseline,84,95,0.9595141700404858
9NFU,baseline,84,96,0.951417004048583
9NFU,baseline,84,97,0.9635627530364372
9NFU,baseline,84,98,0.9595141700404858
9NFU,baseline,84,99,0.9635627530364372
9NFU,baseline,85,86,0.9433198380566802
9NFU,baseline,85,87,0.9676113360323887
9NFU,baseline,85,88,0.9311740890688259
9NFU,baseline,85,89,0.9473684210526315
9NFU,baseline,85,90,0.9392712550607287
9NFU,baseline,85,91,0.9433198380566802
9NFU,baseline,85,92,0.9392712550607287
9NFU,baseline,85,93,0.9271255060728745
9NFU,baseline,85,94,0.9271255060728745
9NFU,baseline,85,95,0.9311740890688259
9NFU,baseline,85,96,0.9271255060728745
9NFU,baseline,85,97,0.9433198380566802
9NFU,baseline,85,98,0.951417004048583
9NFU,baseline,85,99,0.9433198380566802
9NFU,baseline,86,87,0.9554655870445344
9NFU,baseline,86,88,0.9392712550607287
9NFU,baseline,86,89,0.9595141700404858
9NFU,baseline,86,90,0.9473684210526315
9NFU,baseline,86,91,0.9554655870445344
9NFU,baseline,86,92,0.9473684210526315
9NFU,baseline,86,93,0.9554655870445344
9NFU,baseline,86,94,0.9352226720647774
9NFU,baseline,86,95,0.9352226720647774
9NFU,baseline,86,96,0.9554655870445344
9NFU,baseline,86,97,0.9676113360323887
9NFU,baseline,86,98,0.9473684210526315
9NFU,baseline,86,99,0.9635627530364372
9NFU,baseline,87,88,0.9352226720647774
9NFU,baseline,87,89,0.9554655870445344
9NFU,baseline,87,90,0.9595141700404858
9NFU,baseline,87,91,0.9595141700404858
9NFU,baseline,87,92,0.951417004048583
9NFU,baseline,87,93,0.9433198380566802
9NFU,baseline,87,94,0.9311740890688259
9NFU,baseline,87,95,0.951417004048583
9NFU,baseline,87,96,0.951417004048583
9NFU,baseline,87,97,0.9595141700404858
9NFU,baseline,87,98,0.9473684210526315
9NFU,baseline,87,99,0.951417004048583
9NFU,baseline,88,89,0.9554655870445344
9NFU,baseline,88,90,0.9473684210526315
9NFU,baseline,88,91,0.9352226720647774
9NFU,baseline,88,92,0.97165991902834
9NFU,baseline,88,93,0.9392712550607287
9NFU,baseline,88,94,0.9352226720647774
9NFU,baseline,88,95,0.9392712550607287
9NFU,baseline,88,96,0.951417004048583
9NFU,baseline,88,97,0.9352226720647774
9NFU,baseline,88,98,0.9595141700404858
9NFU,baseline,88,99,0.9554655870445344
9NFU,baseline,89,90,0.9473684210526315
9NFU,baseline,89,91,0.9473684210526315
9NFU,baseline,89,92,0.9676113360323887
9NFU,baseline,89,93,0.9473684210526315
9NFU,baseline,89,94,0.9392712550607287
9NFU,baseline,89,95,0.951417004048583
9NFU,baseline,89,96,0.9554655870445344
9NFU,baseline,89,97,0.9554655870445344
9NFU,baseline,89,98,0.9635627530364372
9NFU,baseline,89,99,0.9554655870445344
9NFU,baseline,90,91,0.9473684210526315
9NFU,baseline,90,92,0.9635627530364372
9NFU,baseline,90,93,0.9352226720647774
9NFU,baseline,90,94,0.9473684210526315
9NFU,baseline,90,95,0.9554655870445344
9NFU,baseline,90,96,0.9554655870445344
9NFU,baseline,90,97,0.9595141700404858
9NFU,baseline,90,98,0.9595141700404858
9NFU,baseline,90,99,0.9676113360323887
9NFU,baseline,91,92,0.9473684210526315
9NFU,baseline,91,93,0.9554655870445344
9NFU,baseline,91,94,0.9352226720647774
9NFU,baseline,91,95,0.951417004048583
9NFU,baseline,91,96,0.9676113360323887
9NFU,baseline,91,97,0.97165991902834
9NFU,baseline,91,98,0.9352226720647774
9NFU,baseline,91,99,0.9554655870445344
9NFU,baseline,92,93,0.951417004048583
9NFU,baseline,92,94,0.9433198380566802
9NFU,baseline,92,95,0.9635627530364372
9NFU,baseline,92,96,0.9554655870445344
9NFU,baseline,92,97,0.9595141700404858
9NFU,baseline,92,98,0.97165991902834
9NFU,baseline,92,99,0.97165991902834
9NFU,baseline,93,94,0.9352226720647774
9NFU,baseline,93,95,0.9473684210526315
9NFU,baseline,93,96,0.9676113360323887
9NFU,baseline,93,97,0.9635627530364372
9NFU,baseline,93,98,0.9352226720647774
9NFU,baseline,93,99,0.951417004048583
9NFU,baseline,94,95,0.9433198380566802
9NFU,baseline,94,96,0.9473684210526315
9NFU,baseline,94,97,0.9433198380566802
9NFU,baseline,94,98,0.951417004048583
9NFU,baseline,94,99,0.9433198380566802
9NFU,baseline,95,96,0.9473684210526315
9NFU,baseline,95,97,0.9635627530364372
9NFU,baseline,95,98,0.951417004048583
9NFU,baseline,95,99,0.9433198380566802
9NFU,baseline,96,97,0.9635627530364372
9NFU,baseline,96,98,0.9392712550607287
9NFU,baseline,96,99,0.9595141700404858
9NFU,baseline,97,98,0.9554655870445344
9NFU,baseline,97,99,0.9554655870445344
9NFU,baseline,98,99,0.9595141700404858
9NFU,ensemble,0,1,0.9473684210526315
9NFU,ensemble,0,2,0.9473684210526315
9NFU,ensemble,0,3,0.97165991902834
9NFU,ensemble,0,4,0.9352226720647774
9NFU,ensemble,0,5,0.9352226720647774
9NFU,ensemble,0,6,0.9311740890688259
9NFU,ensemble,0,7,0.9635627530364372
9NFU,ensemble,0,8,0.9352226720647774
9NFU,ensemble,0,9,0.9878542510121457
9NFU,ensemble,0,10,0.9635627530364372
9NFU,ensemble,0,11,0.9554655870445344
9NFU,ensemble,0,12,0.9595141700404858
9NFU,ensemble,0,13,0.9433198380566802
9NFU,ensemble,0,14,0.9554655870445344
9NFU,ensemble,0,15,0.9635627530364372
9NFU,ensemble,0,16,0.951417004048583
9NFU,ensemble,0,17,0.951417004048583
9NFU,ensemble,0,18,0.951417004048583
9NFU,ensemble,0,19,0.9595141700404858
9NFU,ensemble,0,20,0.9392712550607287
9NFU,ensemble,0,21,0.9473684210526315
9NFU,ensemble,0,22,0.9190283400809717
9NFU,ensemble,0,23,0.9635627530364372
9NFU,ensemble,0,24,0.9635627530364372
9NFU,ensemble,0,25,0.9595141700404858
9NFU,ensemble,0,26,0.9554655870445344
9NFU,ensemble,0,27,0.9554655870445344
9NFU,ensemble,0,28,0.951417004048583
9NFU,ensemble,0,29,0.9595141700404858
9NFU,ensemble,0,30,0.9352226720647774
9NFU,ensemble,0,31,0.9230769230769231
9NFU,ensemble,0,32,0.9757085020242915
9NFU,ensemble,0,33,0.9311740890688259
9NFU,ensemble,0,34,0.9473684210526315
9NFU,ensemble,0,35,0.9473684210526315
9NFU,ensemble,0,36,0.9352226720647774
9NFU,ensemble,0,37,0.9473684210526315
9NFU,ensemble,0,38,0.9554655870445344
9NFU,ensemble,0,39,0.9352226720647774
9NFU,ensemble,0,40,0.9554655870445344
9NFU,ensemble,0,41,0.9676113360323887
9NFU,ensemble,0,42,0.9635627530364372
9NFU,ensemble,0,43,0.97165991902834
9NFU,ensemble,0,44,0.9392712550607287
9NFU,ensemble,0,45,0.9230769230769231
9NFU,ensemble,0,46,0.9595141700404858
9NFU,ensemble,0,47,0.9595141700404858
9NFU,ensemble,0,48,0.9757085020242915
9NFU,ensemble,0,49,0.9352226720647774
9NFU,ensemble,0,50,0.9433198380566802
9NFU,ensemble,0,51,0.9473684210526315
9NFU,ensemble,0,52,0.9392712550607287
9NFU,ensemble,0,53,0.9757085020242915
9NFU,ensemble,0,54,0.9635627530364372
9NFU,ensemble,0,55,0.9473684210526315
9NFU,ensemble,0,56,0.9311740890688259
9NFU,ensemble,0,57,0.951417004048583
9NFU,ensemble,0,58,0.9554655870445344
9NFU,ensemble,0,59,0.9676113360323887
9NFU,ensemble,0,60,0.9635627530364372
9NFU,ensemble,0,61,0.9392712550607287
9NFU,ensemble,0,62,0.951417004048583
9NFU,ensemble,0,63,0.9554655870445344
9NFU,ensemble,0,64,0.9433198380566802
9NFU,ensemble,0,65,0.9473684210526315
9NFU,ensemble,0,66,0.9635627530364372
9NFU,ensemble,0,67,0.9473684210526315
9NFU,ensemble,0,68,0.979757085020243
9NFU,ensemble,0,69,0.9473684210526315
9NFU,ensemble,0,70,0.9554655870445344
9NFU,ensemble,0,71,0.951417004048583
9NFU,ensemble,0,72,0.9554655870445344
9NFU,ensemble,0,73,0.9554655870445344
9NFU,ensemble,0,74,0.9433198380566802
9NFU,ensemble,0,75,0.9554655870445344
9NFU,ensemble,0,76,0.97165991902834
9NFU,ensemble,0,77,0.979757085020243
9NFU,ensemble,0,78,0.9433198380566802
9NFU,ensemble,0,79,0.9554655870445344
9NFU,ensemble,0,80,0.9473684210526315
9NFU,ensemble,0,81,0.9352226720647774
9NFU,ensemble,0,82,0.9757085020242915
9NFU,ensemble,0,83,0.97165991902834
9NFU,ensemble,0,84,0.9635627530364372
9NFU,ensemble,0,85,0.9757085020242915
9NFU,ensemble,0,86,0.9635627530364372
9NFU,ensemble,0,87,0.9392712550607287
9NFU,ensemble,0,88,0.9595141700404858
9NFU,ensemble,0,89,0.9595141700404858
9NFU,ensemble,0,90,0.951417004048583
9NFU,ensemble,0,91,0.9311740890688259
9NFU,ensemble,0,92,0.9595141700404858
9NFU,ensemble,0,93,0.97165991902834
9NFU,ensemble,0,94,0.951417004048583
9NFU,ensemble,0,95,0.9352226720647774
9NFU,ensemble,0,96,0.9757085020242915
9NFU,ensemble,0,97,0.9676113360323887
9NFU,ensemble,0,98,0.9554655870445344
9NFU,ensemble,0,99,0.9392712550607287
9NFU,ensemble,1,2,0.9757085020242915
9NFU,ensemble,1,3,0.9473684210526315
9NFU,ensemble,1,4,0.9554655870445344
9NFU,ensemble,1,5,0.9554655870445344
9NFU,ensemble,1,6,0.9433198380566802
9NFU,ensemble,1,7,0.9433198380566802
9NFU,ensemble,1,8,0.9554655870445344
9NFU,ensemble,1,9,0.9392712550607287
9NFU,ensemble,1,10,0.9757085020242915
9NFU,ensemble,1,11,0.97165991902834
9NFU,ensemble,1,12,0.9473684210526315
9NFU,ensemble,1,13,0.9595141700404858
9NFU,ensemble,1,14,0.9676113360323887
9NFU,ensemble,1,15,0.9757085020242915
9NFU,ensemble,1,16,0.9554655870445344
9NFU,ensemble,1,17,0.9595141700404858
9NFU,ensemble,1,18,0.9433198380566802
9NFU,ensemble,1,19,0.9676113360323887
9NFU,ensemble,1,20,0.9554655870445344
9NFU,ensemble,1,21,0.97165991902834
9NFU,ensemble,1,22,0.9311740890688259
9NFU,ensemble,1,23,0.9473684210526315
9NFU,ensemble,1,24,0.9433198380566802
9NFU,ensemble,1,25,0.9635627530364372
9NFU,ensemble,1,26,0.951417004048583
9NFU,ensemble,1,27,0.9473684210526315
9NFU,ensemble,1,28,0.97165991902834
9NFU,ensemble,1,29,0.9838056680161943
9NFU,ensemble,1,30,0.9473684210526315
9NFU,ensemble,1,31,0.951417004048583
9NFU,ensemble,1,32,0.951417004048583
9NFU,ensemble,1,33,0.9595141700404858
9NFU,ensemble,1,34,0.9392712550607287
9NFU,ensemble,1,35,0.9635627530364372
9NFU,ensemble,1,36,0.9676113360323887
9NFU,ensemble,1,37,0.9635627530364372
9NFU,ensemble,1,38,0.9473684210526315
9NFU,ensemble,1,39,0.9554655870445344
9NFU,ensemble,1,40,0.9635627530364372
9NFU,ensemble,1,41,0.9473684210526315
9NFU,ensemble,1,42,0.9392712550607287
9NFU,ensemble,1,43,0.9433198380566802
9NFU,ensemble,1,44,0.9595141700404858
9NFU,ensemble,1,45,0.9271255060728745
9NFU,ensemble,1,46,0.97165991902834
9NFU,ensemble,1,47,0.951417004048583
9NFU,ensemble,1,48,0.9676113360323887
9NFU,ensemble,1,49,0.9595141700404858
9NFU,ensemble,1,50,0.9635627530364372
9NFU,ensemble,1,51,0.9595141700404858
9NFU,ensemble,1,52,0.951417004048583
9NFU,ensemble,1,53,0.9554655870445344
9NFU,ensemble,1,54,0.9473684210526315
9NFU,ensemble,1,55,0.9635627530364372
9NFU,ensemble,1,56,0.9392712550607287
9NFU,ensemble,1,57,0.979757085020243
9NFU,ensemble,1,58,0.9757085020242915
9NFU,ensemble,1,59,0.9473684210526315
9NFU,ensemble,1,60,0.9473684210526315
9NFU,ensemble,1,61,0.9595141700404858
9NFU,ensemble,1,62,0.9554655870445344
9NFU,ensemble,1,63,0.9635627530364372
9NFU,ensemble,1,64,0.9676113360323887
9NFU,ensemble,1,65,0.9595141700404858
9NFU,ensemble,1,66,0.9392712550607287
9NFU,ensemble,1,67,0.951417004048583
9NFU,ensemble,1,68,0.9473684210526315
9NFU,ensemble,1,69,0.9271255060728745
9NFU,ensemble,1,70,0.9757085020242915
9NFU,ensemble,1,71,0.97165991902834
9NFU,ensemble,1,72,0.951417004048583
9NFU,ensemble,1,73,0.9433198380566802
9NFU,ensemble,1,74,0.9554655870445344
9NFU,ensemble,1,75,0.9757085020242915
9NFU,ensemble,1,76,0.9352226720647774
9NFU,ensemble,1,77,0.9433198380566802
9NFU,ensemble,1,78,0.9595141700404858
9NFU,ensemble,1,79,0.9433198380566802
9NFU,ensemble,1,80,0.9554655870445344
9NFU,ensemble,1,81,0.9392712550607287
9NFU,ensemble,1,82,0.9352226720647774
9NFU,ensemble,1,83,0.9352226720647774
9NFU,ensemble,1,84,0.9838056680161943
9NFU,ensemble,1,85,0.9595141700404858
9NFU,ensemble,1,86,0.9352226720647774
9NFU,ensemble,1,87,0.97165991902834
9NFU,ensemble,1,88,0.9473684210526315
9NFU,ensemble,1,89,0.9392712550607287
9NFU,ensemble,1,90,0.9635627530364372
9NFU,ensemble,1,91,0.951417004048583
9NFU,ensemble,1,92,0.9473684210526315
9NFU,ensemble,1,93,0.9554655870445344
9NFU,ensemble,1,94,0.97165991902834
9NFU,ensemble,1,95,0.951417004048583
9NFU,ensemble,1,96,0.9473684210526315
9NFU,ensemble,1,97,0.9392712550607287
9NFU,ensemble,1,98,0.9473684210526315
9NFU,ensemble,1,99,0.9595141700404858
9NFU,ensemble,2,3,0.951417004048583
9NFU,ensemble,2,4,0.9676113360323887
9NFU,ensemble,2,5,0.9554655870445344
9NFU,ensemble,2,6,0.9433198380566802
9NFU,ensemble,2,7,0.9433198380566802
9NFU,ensemble,2,8,0.9676113360323887
9NFU,ensemble,2,9,0.9392712550607287
9NFU,ensemble,2,10,0.979757085020243
9NFU,ensemble,2,11,0.97165991902834
9NFU,ensemble,2,12,0.9433198380566802
9NFU,ensemble,2,13,0.9595141700404858
9NFU,ensemble,2,14,0.97165991902834
9NFU,ensemble,2,15,0.9595141700404858
9NFU,ensemble,2,16,0.9473684210526315
9NFU,ensemble,2,17,0.9676113360323887
9NFU,ensemble,2,18,0.951417004048583
9NFU,ensemble,2,19,0.97165991902834
9NFU,ensemble,2,20,0.9635627530364372
9NFU,ensemble,2,21,0.97165991902834
9NFU,ensemble,2,22,0.9433198380566802
9NFU,ensemble,2,23,0.9392712550607287
9NFU,ensemble,2,24,0.9352226720647774
9NFU,ensemble,2,25,0.9676113360323887
9NFU,ensemble,2,26,0.9433198380566802
9NFU,ensemble,2,27,0.9392712550607287
9NFU,ensemble,2,28,0.9757085020242915
9NFU,ensemble,2,29,0.9838056680161943
9NFU,ensemble,2,30,0.9595141700404858
9NFU,ensemble,2,31,0.9554655870445344
9NFU,ensemble,2,32,0.9595141700404858
9NFU,ensemble,2,33,0.9595141700404858
9NFU,ensemble,2,34,0.951417004048583
9NFU,ensemble,2,35,0.9676113360323887
9NFU,ensemble,2,36,0.979757085020243
9NFU,ensemble,2,37,0.9473684210526315
9NFU,ensemble,2,38,0.9433198380566802
9NFU,ensemble,2,39,0.9635627530364372
9NFU,ensemble,2,40,0.9635627530364372
9NFU,ensemble,2,41,0.9554655870445344
9NFU,ensemble,2,42,0.9311740890688259
9NFU,ensemble,2,43,0.9473684210526315
9NFU,ensemble,2,44,0.9595141700404858
9NFU,ensemble,2,45,0.9433198380566802
9NFU,ensemble,2,46,0.9757085020242915
9NFU,ensemble,2,47,0.9473684210526315
9NFU,ensemble,2,48,0.9595141700404858
9NFU,ensemble,2,49,0.9676113360323887
9NFU,ensemble,2,50,0.9676113360323887
9NFU,ensemble,2,51,0.9635627530364372
9NFU,ensemble,2,52,0.9554655870445344
9NFU,ensemble,2,53,0.951417004048583
9NFU,ensemble,2,54,0.951417004048583
9NFU,ensemble,2,55,0.979757085020243
9NFU,ensemble,2,56,0.9433198380566802
9NFU,ensemble,2,57,0.979757085020243
9NFU,ensemble,2,58,0.9635627530364372
9NFU,ensemble,2,59,0.9554655870445344
9NFU,ensemble,2,60,0.9635627530364372
9NFU,ensemble,2,61,0.9595141700404858
9NFU,ensemble,2,62,0.9595141700404858
9NFU,ensemble,2,63,0.9676113360323887
9NFU,ensemble,2,64,0.9757085020242915
9NFU,ensemble,2,65,0.9595141700404858
9NFU,ensemble,2,66,0.9473684210526315
9NFU,ensemble,2,67,0.9676113360323887
9NFU,ensemble,2,68,0.9473684210526315
9NFU,ensemble,2,69,0.9190283400809717
9NFU,ensemble,2,70,0.97165991902834
9NFU,ensemble,2,71,0.979757085020243
9NFU,ensemble,2,72,0.9676113360323887
9NFU,ensemble,2,73,0.951417004048583
9NFU,ensemble,2,74,0.9554655870445344
9NFU,ensemble,2,75,0.97165991902834
9NFU,ensemble,2,76,0.9311740890688259
9NFU,ensemble,2,77,0.9433198380566802
9NFU,ensemble,2,78,0.9595141700404858
9NFU,ensemble,2,79,0.9352226720647774
9NFU,ensemble,2,80,0.9676113360323887
9NFU,ensemble,2,81,0.9554655870445344
9NFU,ensemble,2,82,0.9392712550607287
9NFU,ensemble,2,83,0.9352226720647774
9NFU,ensemble,2,84,0.9838056680161943
9NFU,ensemble,2,85,0.9595141700404858
9NFU,ensemble,2,86,0.9352226720647774
9NFU,ensemble,2,87,0.9757085020242915
9NFU,ensemble,2,88,0.951417004048583
9NFU,ensemble,2,89,0.9352226720647774
9NFU,ensemble,2,90,0.97165991902834
9NFU,ensemble,2,91,0.9676113360323887
9NFU,ensemble,2,92,0.9554655870445344
9NFU,ensemble,2,93,0.951417004048583
9NFU,ensemble,2,94,0.9635627530364372
9NFU,ensemble,2,95,0.9595141700404858
9NFU,ensemble,2,96,0.9473684210526315
9NFU,ensemble,2,97,0.9473684210526315
9NFU,ensemble,2,98,0.9554655870445344
9NFU,ensemble,2,99,0.979757085020243
9NFU,ensemble,3,4,0.9311740890688259
9NFU,ensemble,3,5,0.9392712550607287
9NFU,ensemble,3,6,0.9311740890688259
9NFU,ensemble,3,7,0.9595141700404858
9NFU,ensemble,3,8,0.9352226720647774
9NFU,ensemble,3,9,0.97165991902834
9NFU,ensemble,3,10,0.9635627530364372
9NFU,ensemble,3,11,0.9554655870445344
9NFU,ensemble,3,12,0.9595141700404858
9NFU,ensemble,3,13,0.9595141700404858
9NFU,ensemble,3,14,0.9473684210526315
9NFU,ensemble,3,15,0.9433198380566802
9NFU,ensemble,3,16,0.9635627530364372
9NFU,ensemble,3,17,0.9595141700404858
9NFU,ensemble,3,18,0.951417004048583
9NFU,ensemble,3,19,0.9554655870445344
9NFU,ensemble,3,20,0.951417004048583
9NFU,ensemble,3,21,0.9473684210526315
9NFU,ensemble,3,22,0.9271255060728745
9NFU,ensemble,3,23,0.9757085020242915
9NFU,ensemble,3,24,0.9635627530364372
9NFU,ensemble,3,25,0.9595141700404858
9NFU,ensemble,3,26,0.9635627530364372
9NFU,ensemble,3,27,0.9676113360323887
9NFU,ensemble,3,28,0.9433198380566802
9NFU,ensemble,3,29,0.9554655870445344
9NFU,ensemble,3,30,0.9311740890688259
9NFU,ensemble,3,31,0.9352226720647774
9NFU,ensemble,3,32,0.9676113360323887
9NFU,ensemble,3,33,0.9392712550607287
9NFU,ensemble,3,34,0.9433198380566802
9NFU,ensemble,3,35,0.951417004048583
9NFU,ensemble,3,36,0.9433198380566802
9NFU,ensemble,3,37,0.9311740890688259
9NFU,ensemble,3,38,0.97165991902834
9NFU,ensemble,3,39,0.9352226720647774
9NFU,ensemble,3,40,0.9473684210526315
9NFU,ensemble,3,41,0.9757085020242915
9NFU,ensemble,3,42,0.9757085020242915
9NFU,ensemble,3,43,0.97165991902834
9NFU,ensemble,3,44,0.9473684210526315
9NFU,ensemble,3,45,0.9352226720647774
9NFU,ensemble,3,46,0.9595141700404858
9NFU,ensemble,3,47,0.9635627530364372
9NFU,ensemble,3,48,0.9635627530364372
9NFU,ensemble,3,49,0.9352226720647774
9NFU,ensemble,3,50,0.9554655870445344
9NFU,ensemble,3,51,0.9433198380566802
9NFU,ensemble,3,52,0.9392712550607287
9NFU,ensemble,3,53,0.97165991902834
9NFU,ensemble,3,54,0.9676113360323887
9NFU,ensemble,3,55,0.9433198380566802
9NFU,ensemble,3,56,0.9311740890688259
9NFU,ensemble,3,57,0.9554655870445344
9NFU,ensemble,3,58,0.9595141700404858
9NFU,ensemble,3,59,0.9635627530364372
9NFU,ensemble,3,60,0.9595141700404858
9NFU,ensemble,3,61,0.9595141700404858
9NFU,ensemble,3,62,0.9473684210526315
9NFU,ensemble,3,63,0.9595141700404858
9NFU,ensemble,3,64,0.9433198380566802
9NFU,ensemble,3,65,0.9635627530364372
9NFU,ensemble,3,66,0.9757085020242915
9NFU,ensemble,3,67,0.9433198380566802
9NFU,ensemble,3,68,0.97165991902834
9NFU,ensemble,3,69,0.9554655870445344
9NFU,ensemble,3,70,0.9433198380566802
9NFU,ensemble,3,71,0.9595141700404858
9NFU,ensemble,3,72,0.9554655870445344
9NFU,ensemble,3,73,0.9554655870445344
9NFU,ensemble,3,74,0.9352226720647774
9NFU,ensemble,3,75,0.9554655870445344
9NFU,ensemble,3,76,0.9676113360323887
9NFU,ensemble,3,77,0.97165991902834
9NFU,ensemble,3,78,0.9554655870445344
9NFU,ensemble,3,79,0.9635627530364372
9NFU,ensemble,3,80,0.9554655870445344
9NFU,ensemble,3,81,0.9352226720647774
9NFU,ensemble,3,82,0.979757085020243
9NFU,ensemble,3,83,0.9838056680161943
9NFU,ensemble,3,84,0.9635627530364372
9NFU,ensemble,3,85,0.9757085020242915
9NFU,ensemble,3,86,0.9838056680161943
9NFU,ensemble,3,87,0.9433198380566802
9NFU,ensemble,3,88,0.9554655870445344
9NFU,ensemble,3,89,0.9676113360323887
9NFU,ensemble,3,90,0.9473684210526315
9NFU,ensemble,3,91,0.9392712550607287
9NFU,ensemble,3,92,0.9554655870445344
9NFU,ensemble,3,93,0.9757085020242915
9NFU,ensemble,3,94,0.951417004048583
9NFU,ensemble,3,95,0.9433198380566802
9NFU,ensemble,3,96,0.97165991902834
9NFU,ensemble,3,97,0.9635627530364372
9NFU,ensemble,3,98,0.9635627530364372
9NFU,ensemble,3,99,0.9352226720647774
9NFU,ensemble,4,5,0.951417004048583
9NFU,ensemble,4,6,0.9433198380566802
9NFU,ensemble,4,7,0.9311740890688259
9NFU,ensemble,4,8,0.9595141700404858
9NFU,ensemble,4,9,0.9230769230769231
9NFU,ensemble,4,10,0.951417004048583
9NFU,ensemble,4,11,0.9595141700404858
9NFU,ensemble,4,12,0.9392712550607287
9NFU,ensemble,4,13,0.9392712550607287
9NFU,ensemble,4,14,0.9473684210526315
9NFU,ensemble,4,15,0.9392712550607287
9NFU,ensemble,4,16,0.9392712550607287
9NFU,ensemble,4,17,0.9433198380566802
9NFU,ensemble,4,18,0.9392712550607287
9NFU,ensemble,4,19,0.9473684210526315
9NFU,ensemble,4,20,0.9473684210526315
9NFU,ensemble,4,21,0.951417004048583
9NFU,ensemble,4,22,0.9635627530364372
9NFU,ensemble,4,23,0.9230769230769231
9NFU,ensemble,4,24,0.9271255060728745
9NFU,ensemble,4,25,0.9473684210526315
9NFU,ensemble,4,26,0.9311740890688259
9NFU,ensemble,4,27,0.9311740890688259
9NFU,ensemble,4,28,0.9635627530364372
9NFU,ensemble,4,29,0.9595141700404858
9NFU,ensemble,4,30,0.9433198380566802
9NFU,ensemble,4,31,0.9473684210526315
9NFU,ensemble,4,32,0.9433198380566802
9NFU,ensemble,4,33,0.9473684210526315
9NFU,ensemble,4,34,0.9392712550607287
9NFU,ensemble,4,35,0.9433198380566802
9NFU,ensemble,4,36,0.9554655870445344
9NFU,ensemble,4,37,0.9271255060728745
9NFU,ensemble,4,38,0.9392712550607287
9NFU,ensemble,4,39,0.9635627530364372
9NFU,ensemble,4,40,0.9554655870445344
9NFU,ensemble,4,41,0.9311740890688259
9NFU,ensemble,4,42,0.9230769230769231
9NFU,ensemble,4,43,0.9311740890688259
9NFU,ensemble,4,44,0.9311740890688259
9NFU,ensemble,4,45,0.9554655870445344
9NFU,ensemble,4,46,0.9473684210526315
9NFU,ensemble,4,47,0.9433198380566802
9NFU,ensemble,4,48,0.951417004048583
9NFU,ensemble,4,49,0.9392712550607287
9NFU,ensemble,4,50,0.9433198380566802
9NFU,ensemble,4,51,0.9595141700404858
9NFU,ensemble,4,52,0.9676113360323887
9NFU,ensemble,4,53,0.9311740890688259
9NFU,ensemble,4,54,0.9352226720647774
9NFU,ensemble,4,55,0.951417004048583
9NFU,ensemble,4,56,0.9433198380566802
9NFU,ensemble,4,57,0.9595141700404858
9NFU,ensemble,4,58,0.9554655870445344
9NFU,ensemble,4,59,0.9433198380566802
9NFU,ensemble,4,60,0.951417004048583
9NFU,ensemble,4,61,0.9311740890688259
9NFU,ensemble,4,62,0.9554655870445344
9NFU,ensemble,4,63,0.9433198380566802
9NFU,ensemble,4,64,0.9554655870445344
9NFU,ensemble,4,65,0.9311740890688259
9NFU,ensemble,4,66,0.9271255060728745
9NFU,ensemble,4,67,0.9635627530364372
9NFU,ensemble,4,68,0.9311740890688259
9NFU,ensemble,4,69,0.9109311740890689
9NFU,ensemble,4,70,0.9635627530364372
9NFU,ensemble,4,71,0.9554655870445344
9NFU,ensemble,4,72,0.951417004048583
9NFU,ensemble,4,73,0.9433198380566802
9NFU,ensemble,4,74,0.951417004048583
9NFU,ensemble,4,75,0.9433198380566802
9NFU,ensemble,4,76,0.9190283400809717
9NFU,ensemble,4,77,0.9271255060728745
9NFU,ensemble,4,78,0.9352226720647774
9NFU,ensemble,4,79,0.9149797570850202
9NFU,ensemble,4,80,0.9433198380566802
9NFU,ensemble,4,81,0.9595141700404858
9NFU,ensemble,4,82,0.9230769230769231
9NFU,ensemble,4,83,0.9149797570850202
9NFU,ensemble,4,84,0.9554655870445344
9NFU,ensemble,4,85,0.951417004048583
9NFU,ensemble,4,86,0.9149797570850202
9NFU,ensemble,4,87,0.9676113360323887
9NFU,ensemble,4,88,0.9473684210526315
9NFU,ensemble,4,89,0.9271255060728745
9NFU,ensemble,4,90,0.9676113360323887
9NFU,ensemble,4,91,0.9635627530364372
9NFU,ensemble,4,92,0.951417004048583
9NFU,ensemble,4,93,0.9433198380566802
9NFU,ensemble,4,94,0.9473684210526315
9NFU,ensemble,4,95,0.9392712550607287
9NFU,ensemble,4,96,0.9311740890688259
9NFU,ensemble,4,97,0.9311740890688259
9NFU,ensemble,4,98,0.951417004048583
9NFU,ensemble,4,99,0.9554655870445344
9NFU,ensemble,5,6,0.9757085020242915
9NFU,ensemble,5,7,0.9352226720647774
9NFU,ensemble,5,8,0.97165991902834
9NFU,ensemble,5,9,0.9392712550607287
9NFU,ensemble,5,10,0.9595141700404858
9NFU,ensemble,5,11,0.9473684210526315
9NFU,ensemble,5,12,0.9554655870445344
9NFU,ensemble,5,13,0.9635627530364372
9NFU,ensemble,5,14,0.9595141700404858
9NFU,ensemble,5,15,0.9554655870445344
9NFU,ensemble,5,16,0.951417004048583
9NFU,ensemble,5,17,0.951417004048583
9NFU,ensemble,5,18,0.951417004048583
9NFU,ensemble,5,19,0.9676113360323887
9NFU,ensemble,5,20,0.951417004048583
9NFU,ensemble,5,21,0.9473684210526315
9NFU,ensemble,5,22,0.9352226720647774
9NFU,ensemble,5,23,0.9433198380566802
9NFU,ensemble,5,24,0.9433198380566802
9NFU,ensemble,5,25,0.9554655870445344
9NFU,ensemble,5,26,0.9676113360323887
9NFU,ensemble,5,27,0.951417004048583
9NFU,ensemble,5,28,0.9635627530364372
9NFU,ensemble,5,29,0.9595141700404858
9NFU,ensemble,5,30,0.9392712550607287
9NFU,ensemble,5,31,0.9595141700404858
9NFU,ensemble,5,32,0.9392712550607287
9NFU,ensemble,5,33,0.979757085020243
9NFU,ensemble,5,34,0.9473684210526315
9NFU,ensemble,5,35,0.951417004048583
9NFU,ensemble,5,36,0.9554655870445344
9NFU,ensemble,5,37,0.9433198380566802
9NFU,ensemble,5,38,0.9473684210526315
9NFU,ensemble,5,39,0.9595141700404858
9NFU,ensemble,5,40,0.9554655870445344
9NFU,ensemble,5,41,0.9554655870445344
9NFU,ensemble,5,42,0.9554655870445344
9NFU,ensemble,5,43,0.9392712550607287
9NFU,ensemble,5,44,0.9635627530364372
9NFU,ensemble,5,45,0.9352226720647774
9NFU,ensemble,5,46,0.9635627530364372
9NFU,ensemble,5,47,0.951417004048583
9NFU,ensemble,5,48,0.951417004048583
9NFU,ensemble,5,49,0.9311740890688259
9NFU,ensemble,5,50,0.9473684210526315
9NFU,ensemble,5,51,0.9473684210526315
9NFU,ensemble,5,52,0.951417004048583
9NFU,ensemble,5,53,0.9392712550607287
9NFU,ensemble,5,54,0.9433198380566802
9NFU,ensemble,5,55,0.951417004048583
9NFU,ensemble,5,56,0.951417004048583
9NFU,ensemble,5,57,0.951417004048583
9NFU,ensemble,5,58,0.9554655870445344
9NFU,ensemble,5,59,0.9433198380566802
9NFU,ensemble,5,60,0.9554655870445344
9NFU,ensemble,5,61,0.951417004048583
9NFU,ensemble,5,62,0.9392712550607287
9NFU,ensemble,5,63,0.9635627530364372
9NFU,ensemble,5,64,0.9473684210526315
9NFU,ensemble,5,65,0.9635627530364372
9NFU,ensemble,5,66,0.9311740890688259
9NFU,ensemble,5,67,0.9595141700404858
9NFU,ensemble,5,68,0.9271255060728745
9NFU,ensemble,5,69,0.9473684210526315
9NFU,ensemble,5,70,0.9595141700404858
9NFU,ensemble,5,71,0.9473684210526315
9NFU,ensemble,5,72,0.9554655870445344
9NFU,ensemble,5,73,0.9635627530364372
9NFU,ensemble,5,74,0.9473684210526315
9NFU,ensemble,5,75,0.9635627530364372
9NFU,ensemble,5,76,0.9311740890688259
9NFU,ensemble,5,77,0.9392712550607287
9NFU,ensemble,5,78,0.9595141700404858
9NFU,ensemble,5,79,0.9271255060728745
9NFU,ensemble,5,80,0.9635627530364372
9NFU,ensemble,5,81,0.951417004048583
9NFU,ensemble,5,82,0.9352226720647774
9NFU,ensemble,5,83,0.9473684210526315
9NFU,ensemble,5,84,0.951417004048583
9NFU,ensemble,5,85,0.9392712550607287
9NFU,ensemble,5,86,0.9473684210526315
9NFU,ensemble,5,87,0.951417004048583
9NFU,ensemble,5,88,0.9352226720647774
9NFU,ensemble,5,89,0.9352226720647774
9NFU,ensemble,5,90,0.9595141700404858
9NFU,ensemble,5,91,0.9473684210526315
9NFU,ensemble,5,92,0.951417004048583
9NFU,ensemble,5,93,0.9392712550607287
9NFU,ensemble,5,94,0.97165991902834
9NFU,ensemble,5,95,0.97165991902834
9NFU,ensemble,5,96,0.9311740890688259
9NFU,ensemble,5,97,0.9271255060728745
9NFU,ensemble,5,98,0.9433198380566802
9NFU,ensemble,5,99,0.9473684210526315
9NFU,ensemble,6,7,0.9190283400809717
9NFU,ensemble,6,8,0.9676113360323887
9NFU,ensemble,6,9,0.9271255060728745
9NFU,ensemble,6,10,0.9473684210526315
9NFU,ensemble,6,11,0.9473684210526315
9NFU,ensemble,6,12,0.9352226720647774
9NFU,ensemble,6,13,0.951417004048583
9NFU,ensemble,6,14,0.951417004048583
9NFU,ensemble,6,15,0.9433198380566802
9NFU,ensemble,6,16,0.9352226720647774
9NFU,ensemble,6,17,0.9433198380566802
9NFU,ensemble,6,18,0.9392712550607287
9NFU,ensemble,6,19,0.951417004048583
9NFU,ensemble,6,20,0.9392712550607287
9NFU,ensemble,6,21,0.9271255060728745
9NFU,ensemble,6,22,0.9271255060728745
9NFU,ensemble,6,23,0.9433198380566802
9NFU,ensemble,6,24,0.9271255060728745
9NFU,ensemble,6,25,0.951417004048583
9NFU,ensemble,6,26,0.9554655870445344
9NFU,ensemble,6,27,0.9352226720647774
9NFU,ensemble,6,28,0.9433198380566802
9NFU,ensemble,6,29,0.9433198380566802
9NFU,ensemble,6,30,0.9392712550607287
9NFU,ensemble,6,31,0.9473684210526315
9NFU,ensemble,6,32,0.9311740890688259
9NFU,ensemble,6,33,0.9757085020242915
9NFU,ensemble,6,34,0.9473684210526315
9NFU,ensemble,6,35,0.9392712550607287
9NFU,ensemble,6,36,0.9433198380566802
9NFU,ensemble,6,37,0.9271255060728745
9NFU,ensemble,6,38,0.9311740890688259
9NFU,ensemble,6,39,0.951417004048583
9NFU,ensemble,6,40,0.9433198380566802
9NFU,ensemble,6,41,0.9473684210526315
9NFU,ensemble,6,42,0.9433198380566802
9NFU,ensemble,6,43,0.9311740890688259
9NFU,ensemble,6,44,0.9595141700404858
9NFU,ensemble,6,45,0.9352226720647774
9NFU,ensemble,6,46,0.951417004048583
9NFU,ensemble,6,47,0.9311740890688259
9NFU,ensemble,6,48,0.9352226720647774
9NFU,ensemble,6,49,0.9271255060728745
9NFU,ensemble,6,50,0.9352226720647774
9NFU,ensemble,6,51,0.9352226720647774
9NFU,ensemble,6,52,0.9433198380566802
9NFU,ensemble,6,53,0.9311740890688259
9NFU,ensemble,6,54,0.9433198380566802
9NFU,ensemble,6,55,0.9473684210526315
9NFU,ensemble,6,56,0.9473684210526315
9NFU,ensemble,6,57,0.9311740890688259
9NFU,ensemble,6,58,0.9433198380566802
9NFU,ensemble,6,59,0.9392712550607287
9NFU,ensemble,6,60,0.9433198380566802
9NFU,ensemble,6,61,0.9473684210526315
9NFU,ensemble,6,62,0.9271255060728745
9NFU,ensemble,6,63,0.9473684210526315
9NFU,ensemble,6,64,0.9230769230769231
9NFU,ensemble,6,65,0.951417004048583
9NFU,ensemble,6,66,0.9230769230769231
9NFU,ensemble,6,67,0.9554655870445344
9NFU,ensemble,6,68,0.9190283400809717
9NFU,ensemble,6,69,0.9271255060728745
9NFU,ensemble,6,70,0.9433198380566802
9NFU,ensemble,6,71,0.9352226720647774
9NFU,ensemble,6,72,0.9473684210526315
9NFU,ensemble,6,73,0.951417004048583
9NFU,ensemble,6,74,0.951417004048583
9NFU,ensemble,6,75,0.951417004048583
9NFU,ensemble,6,76,0.9149797570850202
9NFU,ensemble,6,77,0.9311740890688259
9NFU,ensemble,6,78,0.9473684210526315
9NFU,ensemble,6,79,0.9352226720647774
9NFU,ensemble,6,80,0.9595141700404858
9NFU,ensemble,6,81,0.951417004048583
9NFU,ensemble,6,82,0.9271255060728745
9NFU,ensemble,6,83,0.9392712550607287
9NFU,ensemble,6,84,0.9392712550607287
9NFU,ensemble,6,85,0.9230769230769231
9NFU,ensemble,6,86,0.9392712550607287
9NFU,ensemble,6,87,0.9352226720647774
9NFU,ensemble,6,88,0.9149797570850202
9NFU,ensemble,6,89,0.9149797570850202
9NFU,ensemble,6,90,0.951417004048583
9NFU,ensemble,6,91,0.9473684210526315
9NFU,ensemble,6,92,0.9392712550607287
9NFU,ensemble,6,93,0.9230769230769231
9NFU,ensemble,6,94,0.9473684210526315
9NFU,ensemble,6,95,0.9595141700404858
9NFU,ensemble,6,96,0.9230769230769231
9NFU,ensemble,6,97,0.9149797570850202
9NFU,ensemble,6,98,0.9271255060728745
9NFU,ensemble,6,99,0.9392712550607287
9NFU,ensemble,7,8,0.9311740890688259
9NFU,ensemble,7,9,0.9676113360323887
9NFU,ensemble,7,10,0.9473684210526315
9NFU,ensemble,7,11,0.9433198380566802
9NFU,ensemble,7,12,0.9635627530364372
9NFU,ensemble,7,13,0.9433198380566802
9NFU,ensemble,7,14,0.9352226720647774
9NFU,ensemble,7,15,0.9554655870445344
9NFU,ensemble,7,16,0.9433198380566802
9NFU,ensemble,7,17,0.9392712550607287
9NFU,ensemble,7,18,0.9433198380566802
9NFU,ensemble,7,19,0.9433198380566802
9NFU,ensemble,7,20,0.9433198380566802
9NFU,ensemble,7,21,0.9473684210526315
9NFU,ensemble,7,22,0.9190283400809717
9NFU,ensemble,7,23,0.9392712550607287
9NFU,ensemble,7,24,0.951417004048583
9NFU,ensemble,7,25,0.951417004048583
9NFU,ensemble,7,26,0.951417004048583
9NFU,ensemble,7,27,0.9473684210526315
9NFU,ensemble,7,28,0.951417004048583
9NFU,ensemble,7,29,0.9433198380566802
9NFU,ensemble,7,30,0.9271255060728745
9NFU,ensemble,7,31,0.9311740890688259
9NFU,ensemble,7,32,0.9554655870445344
9NFU,ensemble,7,33,0.9311740890688259
9NFU,ensemble,7,34,0.9473684210526315
9NFU,ensemble,7,35,0.9352226720647774
9NFU,ensemble,7,36,0.9392712550607287
9NFU,ensemble,7,37,0.9473684210526315
9NFU,ensemble,7,38,0.9473684210526315
9NFU,ensemble,7,39,0.9392712550607287
9NFU,ensemble,7,40,0.9635627530364372
9NFU,ensemble,7,41,0.951417004048583
9NFU,ensemble,7,42,0.951417004048583
9NFU,ensemble,7,43,0.9554655870445344
9NFU,ensemble,7,44,0.9311740890688259
9NFU,ensemble,7,45,0.9149797570850202
9NFU,ensemble,7,46,0.9473684210526315
9NFU,ensemble,7,47,0.951417004048583
9NFU,ensemble,7,48,0.9635627530364372
9NFU,ensemble,7,49,0.9190283400809717
9NFU,ensemble,7,50,0.9311740890688259
9NFU,ensemble,7,51,0.9554655870445344
9NFU,ensemble,7,52,0.9352226720647774
9NFU,ensemble,7,53,0.9635627530364372
9NFU,ensemble,7,54,0.951417004048583
9NFU,ensemble,7,55,0.9433198380566802
9NFU,ensemble,7,56,0.9311740890688259
9NFU,ensemble,7,57,0.9473684210526315
9NFU,ensemble,7,58,0.9473684210526315
9NFU,ensemble,7,59,0.9554655870445344
9NFU,ensemble,7,60,0.9595141700404858
9NFU,ensemble,7,61,0.9271255060728745
9NFU,ensemble,7,62,0.951417004048583
9NFU,ensemble,7,63,0.9473684210526315
9NFU,ensemble,7,64,0.9352226720647774
9NFU,ensemble,7,65,0.9392712550607287
9NFU,ensemble,7,66,0.9433198380566802
9NFU,ensemble,7,67,0.9352226720647774
9NFU,ensemble,7,68,0.9595141700404858
9NFU,ensemble,7,69,0.9352226720647774
9NFU,ensemble,7,70,0.9433198380566802
9NFU,ensemble,7,71,0.9392712550607287
9NFU,ensemble,7,72,0.9595141700404858
9NFU,ensemble,7,73,0.9554655870445344
9NFU,ensemble,7,74,0.9352226720647774
9NFU,ensemble,7,75,0.9433198380566802
9NFU,ensemble,7,76,0.9676113360323887
9NFU,ensemble,7,77,0.951417004048583
9NFU,ensemble,7,78,0.9271255060728745
9NFU,ensemble,7,79,0.9352226720647774
9NFU,ensemble,7,80,0.9433198380566802
9NFU,ensemble,7,81,0.9311740890688259
9NFU,ensemble,7,82,0.9676113360323887
9NFU,ensemble,7,83,0.9595141700404858
9NFU,ensemble,7,84,0.951417004048583
9NFU,ensemble,7,85,0.9595141700404858
9NFU,ensemble,7,86,0.951417004048583
9NFU,ensemble,7,87,0.9433198380566802
9NFU,ensemble,7,88,0.9554655870445344
9NFU,ensemble,7,89,0.9595141700404858
9NFU,ensemble,7,90,0.951417004048583
9NFU,ensemble,7,91,0.9352226720647774
9NFU,ensemble,7,92,0.9635627530364372
9NFU,ensemble,7,93,0.9554655870445344
9NFU,ensemble,7,94,0.9392712550607287
9NFU,ensemble,7,95,0.9392712550607287
9NFU,ensemble,7,96,0.9554655870445344
9NFU,ensemble,7,97,0.9473684210526315
9NFU,ensemble,7,98,0.9554655870445344
9NFU,ensemble,7,99,0.9392712550607287
9NFU,ensemble,8,9,0.9352226720647774
9NFU,ensemble,8,10,0.9676113360323887
9NFU,ensemble,8,11,0.9595141700404858
9NFU,ensemble,8,12,0.9473684210526315
9NFU,ensemble,8,13,0.951417004048583
9NFU,ensemble,8,14,0.9676113360323887
9NFU,ensemble,8,15,0.951417004048583
9NFU,ensemble,8,16,0.9392712550607287
9NFU,ensemble,8,17,0.9554655870445344
9NFU,ensemble,8,18,0.951417004048583
9NFU,ensemble,8,19,0.9676113360323887
9NFU,ensemble,8,20,0.951417004048583
9NFU,ensemble,8,21,0.9473684210526315
9NFU,ensemble,8,22,0.9392712550607287
9NFU,ensemble,8,23,0.9311740890688259
9NFU,ensemble,8,24,0.9311740890688259
9NFU,ensemble,8,25,0.9635627530364372
9NFU,ensemble,8,26,0.951417004048583
9NFU,ensemble,8,27,0.9311740890688259
9NFU,ensemble,8,28,0.9676113360323887
9NFU,ensemble,8,29,0.9595141700404858
9NFU,ensemble,8,30,0.951417004048583
9NFU,ensemble,8,31,0.9473684210526315
9NFU,ensemble,8,32,0.9433198380566802
9NFU,ensemble,8,33,0.9676113360323887
9NFU,ensemble,8,34,0.9595141700404858
9NFU,ensemble,8,35,0.9554655870445344
9NFU,ensemble,8,36,0.97165991902834
9NFU,ensemble,8,37,0.9392712550607287
9NFU,ensemble,8,38,0.9392712550607287
9NFU,ensemble,8,39,0.97165991902834
9NFU,ensemble,8,40,0.9554655870445344
9NFU,ensemble,8,41,0.951417004048583
9NFU,ensemble,8,42,0.9311740890688259
9NFU,ensemble,8,43,0.9433198380566802
9NFU,ensemble,8,44,0.9554655870445344
9NFU,ensemble,8,45,0.9473684210526315
9NFU,ensemble,8,46,0.97165991902834
9NFU,ensemble,8,47,0.9433198380566802
9NFU,ensemble,8,48,0.9473684210526315
9NFU,ensemble,8,49,0.9392712550607287
9NFU,ensemble,8,50,0.9595141700404858
9NFU,ensemble,8,51,0.9595141700404858
9NFU,ensemble,8,52,0.951417004048583
9NFU,ensemble,8,53,0.9473684210526315
9NFU,ensemble,8,54,0.9392712550607287
9NFU,ensemble,8,55,0.9635627530364372
9NFU,ensemble,8,56,0.9595141700404858
9NFU,ensemble,8,57,0.951417004048583
9NFU,ensemble,8,58,0.951417004048583
9NFU,ensemble,8,59,0.9473684210526315
9NFU,ensemble,8,60,0.9635627530364372
9NFU,ensemble,8,61,0.9473684210526315
9NFU,ensemble,8,62,0.9433198380566802
9NFU,ensemble,8,63,0.9635627530364372
9NFU,ensemble,8,64,0.9433198380566802
9NFU,ensemble,8,65,0.9554655870445344
9NFU,ensemble,8,66,0.9230769230769231
9NFU,ensemble,8,67,0.97165991902834
9NFU,ensemble,8,68,0.9271255060728745
9NFU,ensemble,8,69,0.9230769230769231
9NFU,ensemble,8,70,0.9595141700404858
9NFU,ensemble,8,71,0.9635627530364372
9NFU,ensemble,8,72,0.97165991902834
9NFU,ensemble,8,73,0.9473684210526315
9NFU,ensemble,8,74,0.9635627530364372
9NFU,ensemble,8,75,0.97165991902834
9NFU,ensemble,8,76,0.9271255060728745
9NFU,ensemble,8,77,0.9352226720647774
9NFU,ensemble,8,78,0.9473684210526315
9NFU,ensemble,8,79,0.9271255060728745
9NFU,ensemble,8,80,0.9635627530364372
9NFU,ensemble,8,81,0.9757085020242915
9NFU,ensemble,8,82,0.9352226720647774
9NFU,ensemble,8,83,0.9433198380566802
9NFU,ensemble,8,84,0.9595141700404858
9NFU,ensemble,8,85,0.9352226720647774
9NFU,ensemble,8,86,0.9433198380566802
9NFU,ensemble,8,87,0.9595141700404858
9NFU,ensemble,8,88,0.9352226720647774
9NFU,ensemble,8,89,0.9271255060728745
9NFU,ensemble,8,90,0.97165991902834
9NFU,ensemble,8,91,0.9757085020242915
9NFU,ensemble,8,92,0.9473684210526315
9NFU,ensemble,8,93,0.9352226720647774
9NFU,ensemble,8,94,0.9595141700404858
9NFU,ensemble,8,95,0.9595141700404858
9NFU,ensemble,8,96,0.9311740890688259
9NFU,ensemble,8,97,0.9271255060728745
9NFU,ensemble,8,98,0.9433198380566802
9NFU,ensemble,8,99,0.9635627530364372
9NFU,ensemble,9,10,0.9554655870445344
9NFU,ensemble,9,11,0.9473684210526315
9NFU,ensemble,9,12,0.9595141700404858
9NFU,ensemble,9,13,0.9433198380566802
9NFU,ensemble,9,14,0.951417004048583
9NFU,ensemble,9,15,0.9635627530364372
9NFU,ensemble,9,16,0.9433198380566802
9NFU,ensemble,9,17,0.9433198380566802
9NFU,ensemble,9,18,0.9473684210526315
9NFU,ensemble,9,19,0.9635627530364372
9NFU,ensemble,9,20,0.9311740890688259
9NFU,ensemble,9,21,0.9392712550607287
9NFU,ensemble,9,22,0.9109311740890689
9NFU,ensemble,9,23,0.9554655870445344
9NFU,ensemble,9,24,0.9554655870445344
9NFU,ensemble,9,25,0.951417004048583
9NFU,ensemble,9,26,0.9554655870445344
9NFU,ensemble,9,27,0.9473684210526315
9NFU,ensemble,9,28,0.9433198380566802
9NFU,ensemble,9,29,0.9554655870445344
9NFU,ensemble,9,30,0.9271255060728745
9NFU,ensemble,9,31,0.9149797570850202
9NFU,ensemble,9,32,0.9676113360323887
9NFU,ensemble,9,33,0.9230769230769231
9NFU,ensemble,9,34,0.9554655870445344
9NFU,ensemble,9,35,0.9473684210526315
9NFU,ensemble,9,36,0.9271255060728745
9NFU,ensemble,9,37,0.9473684210526315
9NFU,ensemble,9,38,0.9473684210526315
9NFU,ensemble,9,39,0.9352226720647774
9NFU,ensemble,9,40,0.951417004048583
9NFU,ensemble,9,41,0.9595141700404858
9NFU,ensemble,9,42,0.9676113360323887
9NFU,ensemble,9,43,0.97165991902834
9NFU,ensemble,9,44,0.9311740890688259
9NFU,ensemble,9,45,0.9149797570850202
9NFU,ensemble,9,46,0.9595141700404858
9NFU,ensemble,9,47,0.9554655870445344
9NFU,ensemble,9,48,0.9676113360323887
9NFU,ensemble,9,49,0.9271255060728745
9NFU,ensemble,9,50,0.9352226720647774
9NFU,ensemble,9,51,0.9392712550607287
9NFU,ensemble,9,52,0.9271255060728745
9NFU,ensemble,9,53,0.9757085020242915
9NFU,ensemble,9,54,0.9554655870445344
9NFU,ensemble,9,55,0.9473684210526315
9NFU,ensemble,9,56,0.9352226720647774
9NFU,ensemble,9,57,0.9433198380566802
9NFU,ensemble,9,58,0.9473684210526315
9NFU,ensemble,9,59,0.97165991902834
9NFU,ensemble,9,60,0.9635627530364372
9NFU,ensemble,9,61,0.9311740890688259
9NFU,ensemble,9,62,0.9433198380566802
9NFU,ensemble,9,63,0.9676113360323887
9NFU,ensemble,9,64,0.9392712550607287
9NFU,ensemble,9,65,0.9473684210526315
9NFU,ensemble,9,66,0.9554655870445344
9NFU,ensemble,9,67,0.9433198380566802
9NFU,ensemble,9,68,0.979757085020243
9NFU,ensemble,9,69,0.951417004048583
9NFU,ensemble,9,70,0.951417004048583
9NFU,ensemble,9,71,0.9433198380566802
9NFU,ensemble,9,72,0.9554655870445344
9NFU,ensemble,9,73,0.9433198380566802
9NFU,ensemble,9,74,0.9352226720647774
9NFU,ensemble,9,75,0.9554655870445344
9NFU,ensemble,9,76,0.9757085020242915
9NFU,ensemble,9,77,0.9757085020242915
9NFU,ensemble,9,78,0.9352226720647774
9NFU,ensemble,9,79,0.9473684210526315
9NFU,ensemble,9,80,0.9473684210526315
9NFU,ensemble,9,81,0.9352226720647774
9NFU,ensemble,9,82,0.9838056680161943
9NFU,ensemble,9,83,0.979757085020243
9NFU,ensemble,9,84,0.9554655870445344
9NFU,ensemble,9,85,0.9676113360323887
9NFU,ensemble,9,86,0.97165991902834
9NFU,ensemble,9,87,0.9311740890688259
9NFU,ensemble,9,88,0.9554655870445344
9NFU,ensemble,9,89,0.9676113360323887
9NFU,ensemble,9,90,0.9433198380566802
9NFU,ensemble,9,91,0.9230769230769231
9NFU,ensemble,9,92,0.9635627530364372
9NFU,ensemble,9,93,0.9635627530364372
9NFU,ensemble,9,94,0.9473684210526315
9NFU,ensemble,9,95,0.9352226720647774
9NFU,ensemble,9,96,0.9676113360323887
9NFU,ensemble,9,97,0.9635627530364372
9NFU,ensemble,9,98,0.9473684210526315
9NFU,ensemble,9,99,0.9311740890688259
9NFU,ensemble,10,11,0.979757085020243
9NFU,ensemble,10,12,0.9554655870445344
9NFU,ensemble,10,13,0.97165991902834
9NFU,ensemble,10,14,0.9838056680161943
9NFU,ensemble,10,15,0.9757085020242915
9NFU,ensemble,10,16,0.9595141700404858
9NFU,ensemble,10,17,0.97165991902834
9NFU,ensemble,10,18,0.9554655870445344
9NFU,ensemble,10,19,0.9919028340080972
9NFU,ensemble,10,20,0.9595141700404858
9NFU,ensemble,10,21,0.979757085020243
9NFU,ensemble,10,22,0.9352226720647774
9NFU,ensemble,10,23,0.951417004048583
9NFU,ensemble,10,24,0.951417004048583
9NFU,ensemble,10,25,0.979757085020243
9NFU,ensemble,10,26,0.9635627530364372
9NFU,ensemble,10,27,0.951417004048583
9NFU,ensemble,10,28,0.979757085020243
9NFU,ensemble,10,29,0.9838056680161943
9NFU,ensemble,10,30,0.951417004048583
9NFU,ensemble,10,31,0.9473684210526315
9NFU,ensemble,10,32,0.97165991902834
9NFU,ensemble,10,33,0.9635627530364372
9NFU,ensemble,10,34,0.9635627530364372
9NFU,ensemble,10,35,0.979757085020243
9NFU,ensemble,10,36,0.97165991902834
9NFU,ensemble,10,37,0.9595141700404858
9NFU,ensemble,10,38,0.951417004048583
9NFU,ensemble,10,39,0.9635627530364372
9NFU,ensemble,10,40,0.97165991902834
9NFU,ensemble,10,41,0.9676113360323887
9NFU,ensemble,10,42,0.951417004048583
9NFU,ensemble,10,43,0.9635627530364372
9NFU,ensemble,10,44,0.97165991902834
9NFU,ensemble,10,45,0.9433198380566802
9NFU,ensemble,10,46,0.9959514170040485
9NFU,ensemble,10,47,0.9554655870445344
9NFU,ensemble,10,48,0.9757085020242915
9NFU,ensemble,10,49,0.9635627530364372
9NFU,ensemble,10,50,0.9757085020242915
9NFU,ensemble,10,51,0.9635627530364372
9NFU,ensemble,10,52,0.9595141700404858
9NFU,ensemble,10,53,0.9635627530364372
9NFU,ensemble,10,54,0.9595141700404858
9NFU,ensemble,10,55,0.9757085020242915
9NFU,ensemble,10,56,0.951417004048583
9NFU,ensemble,10,57,0.9838056680161943
9NFU,ensemble,10,58,0.9757085020242915
9NFU,ensemble,10,59,0.9676113360323887
9NFU,ensemble,10,60,0.9635627530364372
9NFU,ensemble,10,61,0.97165991902834
9NFU,ensemble,10,62,0.9554655870445344
9NFU,ensemble,10,63,0.9878542510121457
9NFU,ensemble,10,64,0.97165991902834
9NFU,ensemble,10,65,0.979757085020243
9NFU,ensemble,10,66,0.951417004048583
9NFU,ensemble,10,67,0.9757085020242915
9NFU,ensemble,10,68,0.9554655870445344
9NFU,ensemble,10,69,0.9352226720647774
9NFU,ensemble,10,70,0.9757085020242915
9NFU,ensemble,10,71,0.9878542510121457
9NFU,ensemble,10,72,0.9676113360323887
9NFU,ensemble,10,73,0.9473684210526315
9NFU,ensemble,10,74,0.9595141700404858
9NFU,ensemble,10,75,0.9919028340080972
9NFU,ensemble,10,76,0.951417004048583
9NFU,ensemble,10,77,0.9554655870445344
9NFU,ensemble,10,78,0.97165991902834
9NFU,ensemble,10,79,0.9473684210526315
9NFU,ensemble,10,80,0.979757085020243
9NFU,ensemble,10,81,0.9635627530364372
9NFU,ensemble,10,82,0.9554655870445344
9NFU,ensemble,10,83,0.9554655870445344
9NFU,ensemble,10,84,0.9919028340080972
9NFU,ensemble,10,85,0.9635627530364372
9NFU,ensemble,10,86,0.9554655870445344
9NFU,ensemble,10,87,0.9595141700404858
9NFU,ensemble,10,88,0.9554655870445344
9NFU,ensemble,10,89,0.951417004048583
9NFU,ensemble,10,90,0.9676113360323887
9NFU,ensemble,10,91,0.9595141700404858
9NFU,ensemble,10,92,0.9595141700404858
9NFU,ensemble,10,93,0.9635627530364372
9NFU,ensemble,10,94,0.9838056680161943
9NFU,ensemble,10,95,0.9635627530364372
9NFU,ensemble,10,96,0.9595141700404858
9NFU,ensemble,10,97,0.9554655870445344
9NFU,ensemble,10,98,0.9554655870445344
9NFU,ensemble,10,99,0.97165991902834
9NFU,ensemble,11,12,0.9433198380566802
9NFU,ensemble,11,13,0.9554655870445344
9NFU,ensemble,11,14,0.9635627530364372
9NFU,ensemble,11,15,0.9635627530364372
9NFU,ensemble,11,16,0.951417004048583
9NFU,ensemble,11,17,0.9635627530364372
9NFU,ensemble,11,18,0.951417004048583
9NFU,ensemble,11,19,0.97165991902834
9NFU,ensemble,11,20,0.951417004048583
9NFU,ensemble,11,21,0.9676113360323887
9NFU,ensemble,11,22,0.9473684210526315
9NFU,ensemble,11,23,0.9433198380566802
9NFU,ensemble,11,24,0.9392712550607287
9NFU,ensemble,11,25,0.9635627530364372
9NFU,ensemble,11,26,0.9473684210526315
9NFU,ensemble,11,27,0.9433198380566802
9NFU,ensemble,11,28,0.9757085020242915
9NFU,ensemble,11,29,0.979757085020243
9NFU,ensemble,11,30,0.9473684210526315
9NFU,ensemble,11,31,0.9392712550607287
9NFU,ensemble,11,32,0.9595141700404858
9NFU,ensemble,11,33,0.9595141700404858
9NFU,ensemble,11,34,0.9635627530364372
9NFU,ensemble,11,35,0.9676113360323887
9NFU,ensemble,11,36,0.9595141700404858
9NFU,ensemble,11,37,0.951417004048583
9NFU,ensemble,11,38,0.9433198380566802
9NFU,ensemble,11,39,0.9635627530364372
9NFU,ensemble,11,40,0.9635627530364372
9NFU,ensemble,11,41,0.951417004048583
9NFU,ensemble,11,42,0.9352226720647774
9NFU,ensemble,11,43,0.951417004048583
9NFU,ensemble,11,44,0.951417004048583
9NFU,ensemble,11,45,0.951417004048583
9NFU,ensemble,11,46,0.9757085020242915
9NFU,ensemble,11,47,0.9473684210526315
9NFU,ensemble,11,48,0.9676113360323887
9NFU,ensemble,11,49,0.9554655870445344
9NFU,ensemble,11,50,0.9635627530364372
9NFU,ensemble,11,51,0.9635627530364372
9NFU,ensemble,11,52,0.9635627530364372
9NFU,ensemble,11,53,0.9595141700404858
9NFU,ensemble,11,54,0.951417004048583
9NFU,ensemble,11,55,0.9635627530364372
9NFU,ensemble,11,56,0.9554655870445344
9NFU,ensemble,11,57,0.9757085020242915
9NFU,ensemble,11,58,0.9676113360323887
9NFU,ensemble,11,59,0.9554655870445344
9NFU,ensemble,11,60,0.9473684210526315
9NFU,ensemble,11,61,0.9595141700404858
9NFU,ensemble,11,62,0.9554655870445344
9NFU,ensemble,11,63,0.9676113360323887
9NFU,ensemble,11,64,0.9635627530364372
9NFU,ensemble,11,65,0.9595141700404858
9NFU,ensemble,11,66,0.9473684210526315
9NFU,ensemble,11,67,0.979757085020243
9NFU,ensemble,11,68,0.9554655870445344
9NFU,ensemble,11,69,0.9230769230769231
9NFU,ensemble,11,70,0.9676113360323887
9NFU,ensemble,11,71,0.9757085020242915
9NFU,ensemble,11,72,0.951417004048583
9NFU,ensemble,11,73,0.9311740890688259
9NFU,ensemble,11,74,0.9676113360323887
9NFU,ensemble,11,75,0.97165991902834
9NFU,ensemble,11,76,0.9352226720647774
9NFU,ensemble,11,77,0.9473684210526315
9NFU,ensemble,11,78,0.9595141700404858
9NFU,ensemble,11,79,0.9392712550607287
9NFU,ensemble,11,80,0.9635627530364372
9NFU,ensemble,11,81,0.9635627530364372
9NFU,ensemble,11,82,0.9433198380566802
9NFU,ensemble,11,83,0.9392712550607287
9NFU,ensemble,11,84,0.9878542510121457
9NFU,ensemble,11,85,0.9595141700404858
9NFU,ensemble,11,86,0.9392712550607287
9NFU,ensemble,11,87,0.9554655870445344
9NFU,ensemble,11,88,0.9473684210526315
9NFU,ensemble,11,89,0.9392712550607287
9NFU,ensemble,11,90,0.9676113360323887
9NFU,ensemble,11,91,0.9635627530364372
9NFU,ensemble,11,92,0.9473684210526315
9NFU,ensemble,11,93,0.9554655870445344
9NFU,ensemble,11,94,0.9635627530364372
9NFU,ensemble,11,95,0.9473684210526315
9NFU,ensemble,11,96,0.9554655870445344
9NFU,ensemble,11,97,0.9473684210526315
9NFU,ensemble,11,98,0.9473684210526315
9NFU,ensemble,11,99,0.9554655870445344
9NFU,ensemble,12,13,0.9595141700404858
9NFU,ensemble,12,14,0.9554655870445344
9NFU,ensemble,12,15,0.9473684210526315
9NFU,ensemble,12,16,0.9635627530364372
9NFU,ensemble,12,17,0.9635627530364372
9NFU,ensemble,12,18,0.951417004048583
9NFU,ensemble,12,19,0.9595141700404858
9NFU,ensemble,12,20,0.9554655870445344
9NFU,ensemble,12,21,0.951417004048583
9NFU,ensemble,12,22,0.9271255060728745
9NFU,ensemble,12,23,0.9635627530364372
9NFU,ensemble,12,24,0.9757085020242915
9NFU,ensemble,12,25,0.9554655870445344
9NFU,ensemble,12,26,0.97165991902834
9NFU,ensemble,12,27,0.97165991902834
9NFU,ensemble,12,28,0.951417004048583
9NFU,ensemble,12,29,0.951417004048583
9NFU,ensemble,12,30,0.9352226720647774
9NFU,ensemble,12,31,0.9473684210526315
9NFU,ensemble,12,32,0.9635627530364372
9NFU,ensemble,12,33,0.9433198380566802
9NFU,ensemble,12,34,0.9311740890688259
9NFU,ensemble,12,35,0.9473684210526315
9NFU,ensemble,12,36,0.9473684210526315
9NFU,ensemble,12,37,0.9433198380566802
9NFU,ensemble,12,38,0.9757085020242915
9NFU,ensemble,12,39,0.9433198380566802
9NFU,ensemble,12,40,0.9554655870445344
9NFU,ensemble,12,41,0.9757085020242915
9NFU,ensemble,12,42,0.97165991902834
9NFU,ensemble,12,43,0.9676113360323887
9NFU,ensemble,12,44,0.9433198380566802
9NFU,ensemble,12,45,0.9271255060728745
9NFU,ensemble,12,46,0.9554655870445344
9NFU,ensemble,12,47,0.9878542510121457
9NFU,ensemble,12,48,0.9676113360323887
9NFU,ensemble,12,49,0.9352226720647774
9NFU,ensemble,12,50,0.9554655870445344
9NFU,ensemble,12,51,0.9554655870445344
9NFU,ensemble,12,52,0.9392712550607287
9NFU,ensemble,12,53,0.9676113360323887
9NFU,ensemble,12,54,0.9676113360323887
9NFU,ensemble,12,55,0.9433198380566802
9NFU,ensemble,12,56,0.9433198380566802
9NFU,ensemble,12,57,0.951417004048583
9NFU,ensemble,12,58,0.9635627530364372
9NFU,ensemble,12,59,0.9554655870445344
9NFU,ensemble,12,60,0.9757085020242915
9NFU,ensemble,12,61,0.9433198380566802
9NFU,ensemble,12,62,0.9554655870445344
9NFU,ensemble,12,63,0.9554655870445344
9NFU,ensemble,12,64,0.951417004048583
9NFU,ensemble,12,65,0.951417004048583
9NFU,ensemble,12,66,0.951417004048583
9NFU,ensemble,12,67,0.951417004048583
9NFU,ensemble,12,68,0.9473684210526315
9NFU,ensemble,12,69,0.9635627530364372
9NFU,ensemble,12,70,0.9595141700404858
9NFU,ensemble,12,71,0.9554655870445344
9NFU,ensemble,12,72,0.9595141700404858
9NFU,ensemble,12,73,0.9676113360323887
9NFU,ensemble,12,74,0.9352226720647774
9NFU,ensemble,12,75,0.9554655870445344
9NFU,ensemble,12,76,0.9595141700404858
9NFU,ensemble,12,77,0.9676113360323887
9NFU,ensemble,12,78,0.951417004048583
9NFU,ensemble,12,79,0.9554655870445344
9NFU,ensemble,12,80,0.9433198380566802
9NFU,ensemble,12,81,0.9392712550607287
9NFU,ensemble,12,82,0.9635627530364372
9NFU,ensemble,12,83,0.9595141700404858
9NFU,ensemble,12,84,0.951417004048583
9NFU,ensemble,12,85,0.9676113360323887
9NFU,ensemble,12,86,0.9595141700404858
9NFU,ensemble,12,87,0.951417004048583
9NFU,ensemble,12,88,0.9757085020242915
9NFU,ensemble,12,89,0.9676113360323887
9NFU,ensemble,12,90,0.9473684210526315
9NFU,ensemble,12,91,0.9352226720647774
9NFU,ensemble,12,92,0.9554655870445344
9NFU,ensemble,12,93,0.9676113360323887
9NFU,ensemble,12,94,0.9635627530364372
9NFU,ensemble,12,95,0.9554655870445344
9NFU,ensemble,12,96,0.9595141700404858
9NFU,ensemble,12,97,0.9595141700404858
9NFU,ensemble,12,98,0.9676113360323887
9NFU,ensemble,12,99,0.9352226720647774
9NFU,ensemble,13,14,0.9676113360323887
9NFU,ensemble,13,15,0.9595141700404858
9NFU,ensemble,13,16,0.9595141700404858
9NFU,ensemble,13,17,0.97165991902834
9NFU,ensemble,13,18,0.9433198380566802
9NFU,ensemble,13,19,0.9635627530364372
9NFU,ensemble,13,20,0.9676113360323887
9NFU,ensemble,13,21,0.9595141700404858
9NFU,ensemble,13,22,0.9311740890688259
9NFU,ensemble,13,23,0.951417004048583
9NFU,ensemble,13,24,0.951417004048583
9NFU,ensemble,13,25,0.9635627530364372
9NFU,ensemble,13,26,0.9757085020242915
9NFU,ensemble,13,27,0.9595141700404858
9NFU,ensemble,13,28,0.9635627530364372
9NFU,ensemble,13,29,0.9554655870445344
9NFU,ensemble,13,30,0.9433198380566802
9NFU,ensemble,13,31,0.9595141700404858
9NFU,ensemble,13,32,0.9473684210526315
9NFU,ensemble,13,33,0.9676113360323887
9NFU,ensemble,13,34,0.951417004048583
9NFU,ensemble,13,35,0.951417004048583
9NFU,ensemble,13,36,0.9554655870445344
9NFU,ensemble,13,37,0.9473684210526315
9NFU,ensemble,13,38,0.9595141700404858
9NFU,ensemble,13,39,0.951417004048583
9NFU,ensemble,13,40,0.9595141700404858
9NFU,ensemble,13,41,0.9757085020242915
9NFU,ensemble,13,42,0.9676113360323887
9NFU,ensemble,13,43,0.9392712550607287
9NFU,ensemble,13,44,0.9676113360323887
9NFU,ensemble,13,45,0.9311740890688259
9NFU,ensemble,13,46,0.9676113360323887
9NFU,ensemble,13,47,0.9595141700404858
9NFU,ensemble,13,48,0.9595141700404858
9NFU,ensemble,13,49,0.9473684210526315
9NFU,ensemble,13,50,0.9635627530364372
9NFU,ensemble,13,51,0.9554655870445344
9NFU,ensemble,13,52,0.9433198380566802
9NFU,ensemble,13,53,0.9433198380566802
9NFU,ensemble,13,54,0.951417004048583
9NFU,ensemble,13,55,0.9635627530364372
9NFU,ensemble,13,56,0.9311740890688259
9NFU,ensemble,13,57,0.9635627530364372
9NFU,ensemble,13,58,0.9676113360323887
9NFU,ensemble,13,59,0.951417004048583
9NFU,ensemble,13,60,0.9433198380566802
9NFU,ensemble,13,61,0.9635627530364372
9NFU,ensemble,13,62,0.9473684210526315
9NFU,ensemble,13,63,0.9676113360323887
9NFU,ensemble,13,64,0.9595141700404858
9NFU,ensemble,13,65,0.9838056680161943
9NFU,ensemble,13,66,0.9433198380566802
9NFU,ensemble,13,67,0.9554655870445344
9NFU,ensemble,13,68,0.9433198380566802
9NFU,ensemble,13,69,0.9433198380566802
9NFU,ensemble,13,70,0.9676113360323887
9NFU,ensemble,13,71,0.9635627530364372
9NFU,ensemble,13,72,0.9473684210526315
9NFU,ensemble,13,73,0.9635627530364372
9NFU,ensemble,13,74,0.9433198380566802
9NFU,ensemble,13,75,0.9676113360323887
9NFU,ensemble,13,76,0.9473684210526315
9NFU,ensemble,13,77,0.9433198380566802
9NFU,ensemble,13,78,0.9676113360323887
9NFU,ensemble,13,79,0.9392712550607287
9NFU,ensemble,13,80,0.9676113360323887
9NFU,ensemble,13,81,0.9433198380566802
9NFU,ensemble,13,82,0.9433198380566802
9NFU,ensemble,13,83,0.9595141700404858
9NFU,ensemble,13,84,0.9635627530364372
9NFU,ensemble,13,85,0.9473684210526315
9NFU,ensemble,13,86,0.9595141700404858
9NFU,ensemble,13,87,0.951417004048583
9NFU,ensemble,13,88,0.9433198380566802
9NFU,ensemble,13,89,0.9433198380566802
9NFU,ensemble,13,90,0.951417004048583
9NFU,ensemble,13,91,0.9392712550607287
9NFU,ensemble,13,92,0.951417004048583
9NFU,ensemble,13,93,0.9473684210526315
9NFU,ensemble,13,94,0.9757085020242915
9NFU,ensemble,13,95,0.9838056680161943
9NFU,ensemble,13,96,0.9392712550607287
9NFU,ensemble,13,97,0.9311740890688259
9NFU,ensemble,13,98,0.9473684210526315
9NFU,ensemble,13,99,0.9473684210526315
9NFU,ensemble,14,15,0.9676113360323887
9NFU,ensemble,14,16,0.951417004048583
9NFU,ensemble,14,17,0.9676113360323887
9NFU,ensemble,14,18,0.9473684210526315
9NFU,ensemble,14,19,0.9878542510121457
9NFU,ensemble,14,20,0.9554655870445344
9NFU,ensemble,14,21,0.9635627530364372
9NFU,ensemble,14,22,0.9271255060728745
9NFU,ensemble,14,23,0.9433198380566802
9NFU,ensemble,14,24,0.9433198380566802
9NFU,ensemble,14,25,0.97165991902834
9NFU,ensemble,14,26,0.9595141700404858
9NFU,ensemble,14,27,0.9433198380566802
9NFU,ensemble,14,28,0.9676113360323887
9NFU,ensemble,14,29,0.97165991902834
9NFU,ensemble,14,30,0.9433198380566802
9NFU,ensemble,14,31,0.9433198380566802
9NFU,ensemble,14,32,0.9595141700404858
9NFU,ensemble,14,33,0.951417004048583
9NFU,ensemble,14,34,0.9554655870445344
9NFU,ensemble,14,35,0.9757085020242915
9NFU,ensemble,14,36,0.9635627530364372
9NFU,ensemble,14,37,0.9595141700404858
9NFU,ensemble,14,38,0.9473684210526315
9NFU,ensemble,14,39,0.9595141700404858
9NFU,ensemble,14,40,0.9595141700404858
9NFU,ensemble,14,41,0.9635627530364372
9NFU,ensemble,14,42,0.9433198380566802
9NFU,ensemble,14,43,0.9595141700404858
9NFU,ensemble,14,44,0.9595141700404858
9NFU,ensemble,14,45,0.9352226720647774
9NFU,ensemble,14,46,0.9878542510121457
9NFU,ensemble,14,47,0.951417004048583
9NFU,ensemble,14,48,0.9635627530364372
9NFU,ensemble,14,49,0.9676113360323887
9NFU,ensemble,14,50,0.9676113360323887
9NFU,ensemble,14,51,0.951417004048583
9NFU,ensemble,14,52,0.951417004048583
9NFU,ensemble,14,53,0.9595141700404858
9NFU,ensemble,14,54,0.951417004048583
9NFU,ensemble,14,55,0.9757085020242915
9NFU,ensemble,14,56,0.9554655870445344
9NFU,ensemble,14,57,0.9676113360323887
9NFU,ensemble,14,58,0.97165991902834
9NFU,ensemble,14,59,0.9676113360323887
9NFU,ensemble,14,60,0.9595141700404858
9NFU,ensemble,14,61,0.9595141700404858
9NFU,ensemble,14,62,0.9473684210526315
9NFU,ensemble,14,63,0.9838056680161943
9NFU,ensemble,14,64,0.9676113360323887
9NFU,ensemble,14,65,0.9676113360323887
9NFU,ensemble,14,66,0.9352226720647774
9NFU,ensemble,14,67,0.9676113360323887
9NFU,ensemble,14,68,0.9433198380566802
9NFU,ensemble,14,69,0.9352226720647774
9NFU,ensemble,14,70,0.9676113360323887
9NFU,ensemble,14,71,0.9757085020242915
9NFU,ensemble,14,72,0.9635627530364372
9NFU,ensemble,14,73,0.951417004048583
9NFU,ensemble,14,74,0.9554655870445344
9NFU,ensemble,14,75,0.9919028340080972
9NFU,ensemble,14,76,0.9392712550607287
9NFU,ensemble,14,77,0.9473684210526315
9NFU,ensemble,14,78,0.9635627530364372
9NFU,ensemble,14,79,0.9352226720647774
9NFU,ensemble,14,80,0.97165991902834
9NFU,ensemble,14,81,0.9595141700404858
9NFU,ensemble,14,82,0.951417004048583
9NFU,ensemble,14,83,0.951417004048583
9NFU,ensemble,14,84,0.9757085020242915
9NFU,ensemble,14,85,0.951417004048583
9NFU,ensemble,14,86,0.951417004048583
9NFU,ensemble,14,87,0.9554655870445344
9NFU,ensemble,14,88,0.9473684210526315
9NFU,ensemble,14,89,0.9433198380566802
9NFU,ensemble,14,90,0.951417004048583
9NFU,ensemble,14,91,0.9473684210526315
9NFU,ensemble,14,92,0.9595141700404858
9NFU,ensemble,14,93,0.951417004048583
9NFU,ensemble,14,94,0.9757085020242915
9NFU,ensemble,14,95,0.9676113360323887
9NFU,ensemble,14,96,0.9473684210526315
9NFU,ensemble,14,97,0.9433198380566802
9NFU,ensemble,14,98,0.9473684210526315
9NFU,ensemble,14,99,0.9595141700404858
9NFU,ensemble,15,16,0.9433198380566802
9NFU,ensemble,15,17,0.951417004048583
9NFU,ensemble,15,18,0.9433198380566802
9NFU,ensemble,15,19,0.9757085020242915
9NFU,ensemble,15,20,0.9433198380566802
9NFU,ensemble,15,21,0.9676113360323887
9NFU,ensemble,15,22,0.9230769230769231
9NFU,ensemble,15,23,0.9392712550607287
9NFU,ensemble,15,24,0.9392712550607287
9NFU,ensemble,15,25,0.9554655870445344
9NFU,ensemble,15,26,0.9595141700404858
9NFU,ensemble,15,27,0.9392712550607287
9NFU,ensemble,15,28,0.97165991902834
9NFU,ensemble,15,29,0.9676113360323887
9NFU,ensemble,15,30,0.9433198380566802
9NFU,ensemble,15,31,0.9352226720647774
9NFU,ensemble,15,32,0.951417004048583
9NFU,ensemble,15,33,0.951417004048583
9NFU,ensemble,15,34,0.9635627530364372
9NFU,ensemble,15,35,0.9635627530364372
9NFU,ensemble,15,36,0.9473684210526315
9NFU,ensemble,15,37,0.9757085020242915
9NFU,ensemble,15,38,0.9392712550607287
9NFU,ensemble,15,39,0.9554655870445344
9NFU,ensemble,15,40,0.9676113360323887
9NFU,ensemble,15,41,0.9473684210526315
9NFU,ensemble,15,42,0.9392712550607287
9NFU,ensemble,15,43,0.9473684210526315
9NFU,ensemble,15,44,0.951417004048583
9NFU,ensemble,15,45,0.9190283400809717
9NFU,ensemble,15,46,0.979757085020243
9NFU,ensemble,15,47,0.9433198380566802
9NFU,ensemble,15,48,0.9676113360323887
9NFU,ensemble,15,49,0.9433198380566802
9NFU,ensemble,15,50,0.9554655870445344
9NFU,ensemble,15,51,0.9554655870445344
9NFU,ensemble,15,52,0.9433198380566802
9NFU,ensemble,15,53,0.9554655870445344
9NFU,ensemble,15,54,0.9392712550607287
9NFU,ensemble,15,55,0.9635627530364372
9NFU,ensemble,15,56,0.9352226720647774
9NFU,ensemble,15,57,0.97165991902834
9NFU,ensemble,15,58,0.9595141700404858
9NFU,ensemble,15,59,0.9554655870445344
9NFU,ensemble,15,60,0.9433198380566802
9NFU,ensemble,15,61,0.951417004048583
9NFU,ensemble,15,62,0.9473684210526315
9NFU,ensemble,15,63,0.97165991902834
9NFU,ensemble,15,64,0.9595141700404858
9NFU,ensemble,15,65,0.9595141700404858
9NFU,ensemble,15,66,0.9352226720647774
9NFU,ensemble,15,67,0.951417004048583
9NFU,ensemble,15,68,0.9554655870445344
9NFU,ensemble,15,69,0.9311740890688259
9NFU,ensemble,15,70,0.9676113360323887
9NFU,ensemble,15,71,0.9635627530364372
9NFU,ensemble,15,72,0.951417004048583
9NFU,ensemble,15,73,0.9352226720647774
9NFU,ensemble,15,74,0.9433198380566802
9NFU,ensemble,15,75,0.9757085020242915
9NFU,ensemble,15,76,0.9554655870445344
9NFU,ensemble,15,77,0.9473684210526315
9NFU,ensemble,15,78,0.951417004048583
9NFU,ensemble,15,79,0.9352226720647774
9NFU,ensemble,15,80,0.9635627530364372
9NFU,ensemble,15,81,0.9473684210526315
9NFU,ensemble,15,82,0.951417004048583
9NFU,ensemble,15,83,0.951417004048583
9NFU,ensemble,15,84,0.9757085020242915
9NFU,ensemble,15,85,0.951417004048583
9NFU,ensemble,15,86,0.9433198380566802
9NFU,ensemble,15,87,0.9473684210526315
9NFU,ensemble,15,88,0.9433198380566802
9NFU,ensemble,15,89,0.9392712550607287
9NFU,ensemble,15,90,0.9554655870445344
9NFU,ensemble,15,91,0.9352226720647774
9NFU,ensemble,15,92,0.9554655870445344
9NFU,ensemble,15,93,0.9473684210526315
9NFU,ensemble,15,94,0.9676113360323887
9NFU,ensemble,15,95,0.9595141700404858
9NFU,ensemble,15,96,0.9433198380566802
9NFU,ensemble,15,97,0.9352226720647774
9NFU,ensemble,15,98,0.9392712550607287
9NFU,ensemble,15,99,0.951417004048583
9NFU,ensemble,16,17,0.9676113360323887
9NFU,ensemble,16,18,0.9676113360323887
9NFU,ensemble,16,19,0.9554655870445344
9NFU,ensemble,16,20,0.97165991902834
9NFU,ensemble,16,21,0.9595141700404858
9NFU,ensemble,16,22,0.9392712550607287
9NFU,ensemble,16,23,0.9757085020242915
9NFU,ensemble,16,24,0.9757085020242915
9NFU,ensemble,16,25,0.9595141700404858
9NFU,ensemble,16,26,0.9635627530364372
9NFU,ensemble,16,27,0.9919028340080972
9NFU,ensemble,16,28,0.9473684210526315
9NFU,ensemble,16,29,0.9554655870445344
9NFU,ensemble,16,30,0.9392712550607287
9NFU,ensemble,16,31,0.9595141700404858
9NFU,ensemble,16,32,0.9595141700404858
9NFU,ensemble,16,33,0.9473684210526315
9NFU,ensemble,16,34,0.9271255060728745
9NFU,ensemble,16,35,0.9635627530364372
9NFU,ensemble,16,36,0.9473684210526315
9NFU,ensemble,16,37,0.9433198380566802
9NFU,ensemble,16,38,0.9838056680161943
9NFU,ensemble,16,39,0.9352226720647774
9NFU,ensemble,16,40,0.951417004048583
9NFU,ensemble,16,41,0.9676113360323887
9NFU,ensemble,16,42,0.9635627530364372
9NFU,ensemble,16,43,0.9554655870445344
9NFU,ensemble,16,44,0.9554655870445344
9NFU,ensemble,16,45,0.9392712550607287
9NFU,ensemble,16,46,0.9554655870445344
9NFU,ensemble,16,47,0.9757085020242915
9NFU,ensemble,16,48,0.9676113360323887
9NFU,ensemble,16,49,0.951417004048583
9NFU,ensemble,16,50,0.9676113360323887
9NFU,ensemble,16,51,0.9554655870445344
9NFU,ensemble,16,52,0.9473684210526315
9NFU,ensemble,16,53,0.9554655870445344
9NFU,ensemble,16,54,0.9676113360323887
9NFU,ensemble,16,55,0.9392712550607287
9NFU,ensemble,16,56,0.9311740890688259
9NFU,ensemble,16,57,0.9676113360323887
9NFU,ensemble,16,58,0.9757085020242915
9NFU,ensemble,16,59,0.9554655870445344
9NFU,ensemble,16,60,0.951417004048583
9NFU,ensemble,16,61,0.9635627530364372
9NFU,ensemble,16,62,0.9635627530364372
9NFU,ensemble,16,63,0.951417004048583
9NFU,ensemble,16,64,0.9595141700404858
9NFU,ensemble,16,65,0.9635627530364372
9NFU,ensemble,16,66,0.9554655870445344
9NFU,ensemble,16,67,0.9433198380566802
9NFU,ensemble,16,68,0.9554655870445344
9NFU,ensemble,16,69,0.9595141700404858
9NFU,ensemble,16,70,0.951417004048583
9NFU,ensemble,16,71,0.9635627530364372
9NFU,ensemble,16,72,0.9433198380566802
9NFU,ensemble,16,73,0.9595141700404858
9NFU,ensemble,16,74,0.9392712550607287
9NFU,ensemble,16,75,0.9554655870445344
9NFU,ensemble,16,76,0.9433198380566802
9NFU,ensemble,16,77,0.9595141700404858
9NFU,ensemble,16,78,0.979757085020243
9NFU,ensemble,16,79,0.9554655870445344
9NFU,ensemble,16,80,0.9595141700404858
9NFU,ensemble,16,81,0.9311740890688259
9NFU,ensemble,16,82,0.9473684210526315
9NFU,ensemble,16,83,0.9554655870445344
9NFU,ensemble,16,84,0.9595141700404858
9NFU,ensemble,16,85,0.97165991902834
9NFU,ensemble,16,86,0.9635627530364372
9NFU,ensemble,16,87,0.951417004048583
9NFU,ensemble,16,88,0.9635627530364372
9NFU,ensemble,16,89,0.951417004048583
9NFU,ensemble,16,90,0.951417004048583
9NFU,ensemble,16,91,0.9433198380566802
9NFU,ensemble,16,92,0.9554655870445344
9NFU,ensemble,16,93,0.979757085020243
9NFU,ensemble,16,94,0.9676113360323887
9NFU,ensemble,16,95,0.951417004048583
9NFU,ensemble,16,96,0.9635627530364372
9NFU,ensemble,16,97,0.9554655870445344
9NFU,ensemble,16,98,0.9757085020242915
9NFU,ensemble,16,99,0.9311740890688259
9NFU,ensemble,17,18,0.9676113360323887
9NFU,ensemble,17,19,0.9635627530364372
9NFU,ensemble,17,20,0.97165991902834
9NFU,ensemble,17,21,0.9635627530364372
9NFU,ensemble,17,22,0.9311740890688259
9NFU,ensemble,17,23,0.9676113360323887
9NFU,ensemble,17,24,0.9635627530364372
9NFU,ensemble,17,25,0.9635627530364372
9NFU,ensemble,17,26,0.9595141700404858
9NFU,ensemble,17,27,0.9676113360323887
9NFU,ensemble,17,28,0.9554655870445344
9NFU,ensemble,17,29,0.9635627530364372
9NFU,ensemble,17,30,0.9595141700404858
9NFU,ensemble,17,31,0.9635627530364372
9NFU,ensemble,17,32,0.9554655870445344
9NFU,ensemble,17,33,0.951417004048583
9NFU,ensemble,17,34,0.9433198380566802
9NFU,ensemble,17,35,0.9676113360323887
9NFU,ensemble,17,36,0.9635627530364372
9NFU,ensemble,17,37,0.951417004048583
9NFU,ensemble,17,38,0.9676113360323887
9NFU,ensemble,17,39,0.9433198380566802
9NFU,ensemble,17,40,0.9554655870445344
9NFU,ensemble,17,41,0.9757085020242915
9NFU,ensemble,17,42,0.951417004048583
9NFU,ensemble,17,43,0.951417004048583
9NFU,ensemble,17,44,0.9676113360323887
9NFU,ensemble,17,45,0.9433198380566802
9NFU,ensemble,17,46,0.9676113360323887
9NFU,ensemble,17,47,0.9757085020242915
9NFU,ensemble,17,48,0.9595141700404858
9NFU,ensemble,17,49,0.9635627530364372
9NFU,ensemble,17,50,0.979757085020243
9NFU,ensemble,17,51,0.9635627530364372
9NFU,ensemble,17,52,0.9473684210526315
9NFU,ensemble,17,53,0.9554655870445344
9NFU,ensemble,17,54,0.9554655870445344
9NFU,ensemble,17,55,0.9595141700404858
9NFU,ensemble,17,56,0.9392712550607287
9NFU,ensemble,17,57,0.97165991902834
9NFU,ensemble,17,58,0.97165991902834
9NFU,ensemble,17,59,0.951417004048583
9NFU,ensemble,17,60,0.951417004048583
9NFU,ensemble,17,61,0.9635627530364372
9NFU,ensemble,17,62,0.9554655870445344
9NFU,ensemble,17,63,0.9595141700404858
9NFU,ensemble,17,64,0.9676113360323887
9NFU,ensemble,17,65,0.9676113360323887
9NFU,ensemble,17,66,0.9554655870445344
9NFU,ensemble,17,67,0.9554655870445344
9NFU,ensemble,17,68,0.951417004048583
9NFU,ensemble,17,69,0.9473684210526315
9NFU,ensemble,17,70,0.9554655870445344
9NFU,ensemble,17,71,0.979757085020243
9NFU,ensemble,17,72,0.9554655870445344
9NFU,ensemble,17,73,0.9554655870445344
9NFU,ensemble,17,74,0.9473684210526315
9NFU,ensemble,17,75,0.9676113360323887
9NFU,ensemble,17,76,0.9392712550607287
9NFU,ensemble,17,77,0.9595141700404858
9NFU,ensemble,17,78,0.9757085020242915
9NFU,ensemble,17,79,0.9635627530364372
9NFU,ensemble,17,80,0.9635627530364372
9NFU,ensemble,17,81,0.9473684210526315
9NFU,ensemble,17,82,0.9473684210526315
9NFU,ensemble,17,83,0.951417004048583
9NFU,ensemble,17,84,0.97165991902834
9NFU,ensemble,17,85,0.9554655870445344
9NFU,ensemble,17,86,0.951417004048583
9NFU,ensemble,17,87,0.9595141700404858
9NFU,ensemble,17,88,0.9554655870445344
9NFU,ensemble,17,89,0.9392712550607287
9NFU,ensemble,17,90,0.951417004048583
9NFU,ensemble,17,91,0.9595141700404858
9NFU,ensemble,17,92,0.9433198380566802
9NFU,ensemble,17,93,0.9635627530364372
9NFU,ensemble,17,94,0.9635627530364372
9NFU,ensemble,17,95,0.9635627530364372
9NFU,ensemble,17,96,0.9554655870445344
9NFU,ensemble,17,97,0.951417004048583
9NFU,ensemble,17,98,0.9595141700404858
9NFU,ensemble,17,99,0.9473684210526315
9NFU,ensemble,18,19,0.9554655870445344
9NFU,ensemble,18,20,0.9554655870445344
9NFU,ensemble,18,21,0.9473684210526315
9NFU,ensemble,18,22,0.9271255060728745
9NFU,ensemble,18,23,0.9554655870445344
9NFU,ensemble,18,24,0.9595141700404858
9NFU,ensemble,18,25,0.9554655870445344
9NFU,ensemble,18,26,0.9392712550607287
9NFU,ensemble,18,27,0.9635627530364372
9NFU,ensemble,18,28,0.9473684210526315
9NFU,ensemble,18,29,0.9554655870445344
9NFU,ensemble,18,30,0.9554655870445344
9NFU,ensemble,18,31,0.9473684210526315
9NFU,ensemble,18,32,0.9473684210526315
9NFU,ensemble,18,33,0.9433198380566802
9NFU,ensemble,18,34,0.9473684210526315
9NFU,ensemble,18,35,0.9554655870445344
9NFU,ensemble,18,36,0.951417004048583
9NFU,ensemble,18,37,0.9433198380566802
9NFU,ensemble,18,38,0.9595141700404858
9NFU,ensemble,18,39,0.9352226720647774
9NFU,ensemble,18,40,0.9473684210526315
9NFU,ensemble,18,41,0.951417004048583
9NFU,ensemble,18,42,0.9433198380566802
9NFU,ensemble,18,43,0.9433198380566802
9NFU,ensemble,18,44,0.9473684210526315
9NFU,ensemble,18,45,0.9392712550607287
9NFU,ensemble,18,46,0.951417004048583
9NFU,ensemble,18,47,0.9635627530364372
9NFU,ensemble,18,48,0.951417004048583
9NFU,ensemble,18,49,0.9433198380566802
9NFU,ensemble,18,50,0.97165991902834
9NFU,ensemble,18,51,0.9595141700404858
9NFU,ensemble,18,52,0.9473684210526315
9NFU,ensemble,18,53,0.9433198380566802
9NFU,ensemble,18,54,0.9473684210526315
9NFU,ensemble,18,55,0.9352226720647774
9NFU,ensemble,18,56,0.9433198380566802
9NFU,ensemble,18,57,0.9554655870445344
9NFU,ensemble,18,58,0.9595141700404858
9NFU,ensemble,18,59,0.9433198380566802
9NFU,ensemble,18,60,0.951417004048583
9NFU,ensemble,18,61,0.9595141700404858
9NFU,ensemble,18,62,0.9473684210526315
9NFU,ensemble,18,63,0.951417004048583
9NFU,ensemble,18,64,0.951417004048583
9NFU,ensemble,18,65,0.9554655870445344
9NFU,ensemble,18,66,0.9392712550607287
9NFU,ensemble,18,67,0.9554655870445344
9NFU,ensemble,18,68,0.951417004048583
9NFU,ensemble,18,69,0.9392712550607287
9NFU,ensemble,18,70,0.9433198380566802
9NFU,ensemble,18,71,0.9595141700404858
9NFU,ensemble,18,72,0.9473684210526315
9NFU,ensemble,18,73,0.9433198380566802
9NFU,ensemble,18,74,0.951417004048583
9NFU,ensemble,18,75,0.951417004048583
9NFU,ensemble,18,76,0.9352226720647774
9NFU,ensemble,18,77,0.9635627530364372
9NFU,ensemble,18,78,0.9676113360323887
9NFU,ensemble,18,79,0.9473684210526315
9NFU,ensemble,18,80,0.9554655870445344
9NFU,ensemble,18,81,0.9392712550607287
9NFU,ensemble,18,82,0.951417004048583
9NFU,ensemble,18,83,0.951417004048583
9NFU,ensemble,18,84,0.9554655870445344
9NFU,ensemble,18,85,0.9473684210526315
9NFU,ensemble,18,86,0.951417004048583
9NFU,ensemble,18,87,0.9473684210526315
9NFU,ensemble,18,88,0.9473684210526315
9NFU,ensemble,18,89,0.9352226720647774
9NFU,ensemble,18,90,0.9554655870445344
9NFU,ensemble,18,91,0.9554655870445344
9NFU,ensemble,18,92,0.9433198380566802
9NFU,ensemble,18,93,0.9554655870445344
9NFU,ensemble,18,94,0.9554655870445344
9NFU,ensemble,18,95,0.9433198380566802
9NFU,ensemble,18,96,0.9473684210526315
9NFU,ensemble,18,97,0.9473684210526315
9NFU,ensemble,18,98,0.9554655870445344
9NFU,ensemble,18,99,0.9352226720647774
9NFU,ensemble,19,20,0.951417004048583
9NFU,ensemble,19,21,0.97165991902834
9NFU,ensemble,19,22,0.9311740890688259
9NFU,ensemble,19,23,0.9473684210526315
9NFU,ensemble,19,24,0.9473684210526315
9NFU,ensemble,19,25,0.97165991902834
9NFU,ensemble,19,26,0.9635627530364372
9NFU,ensemble,19,27,0.9473684210526315
9NFU,ensemble,19,28,0.97165991902834
9NFU,ensemble,19,29,0.9838056680161943
9NFU,ensemble,19,30,0.9433198380566802
9NFU,ensemble,19,31,0.9433198380566802
9NFU,ensemble,19,32,0.9676113360323887
9NFU,ensemble,19,33,0.9554655870445344
9NFU,ensemble,19,34,0.9635627530364372
9NFU,ensemble,19,35,0.9838056680161943
9NFU,ensemble,19,36,0.9635627530364372
9NFU,ensemble,19,37,0.9595141700404858
9NFU,ensemble,19,38,0.9473684210526315
9NFU,ensemble,19,39,0.9635627530364372
9NFU,ensemble,19,40,0.9676113360323887
9NFU,ensemble,19,41,0.9595141700404858
9NFU,ensemble,19,42,0.951417004048583
9NFU,ensemble,19,43,0.9676113360323887
9NFU,ensemble,19,44,0.9635627530364372
9NFU,ensemble,19,45,0.9392712550607287
9NFU,ensemble,19,46,0.9959514170040485
9NFU,ensemble,19,47,0.9554655870445344
9NFU,ensemble,19,48,0.97165991902834
9NFU,ensemble,19,49,0.9595141700404858
9NFU,ensemble,19,50,0.9676113360323887
9NFU,ensemble,19,51,0.9554655870445344
9NFU,ensemble,19,52,0.9554655870445344
9NFU,ensemble,19,53,0.9635627530364372
9NFU,ensemble,19,54,0.9554655870445344
9NFU,ensemble,19,55,0.9757085020242915
9NFU,ensemble,19,56,0.9595141700404858
9NFU,ensemble,19,57,0.9757085020242915
9NFU,ensemble,19,58,0.97165991902834
9NFU,ensemble,19,59,0.97165991902834
9NFU,ensemble,19,60,0.9676113360323887
9NFU,ensemble,19,61,0.9635627530364372
9NFU,ensemble,19,62,0.951417004048583
9NFU,ensemble,19,63,0.9959514170040485
9NFU,ensemble,19,64,0.97165991902834
9NFU,ensemble,19,65,0.97165991902834
9NFU,ensemble,19,66,0.9433198380566802
9NFU,ensemble,19,67,0.9757085020242915
9NFU,ensemble,19,68,0.951417004048583
9NFU,ensemble,19,69,0.9433198380566802
9NFU,ensemble,19,70,0.9757085020242915
9NFU,ensemble,19,71,0.979757085020243
9NFU,ensemble,19,72,0.9676113360323887
9NFU,ensemble,19,73,0.9433198380566802
9NFU,ensemble,19,74,0.9554655870445344
9NFU,ensemble,19,75,0.9919028340080972
9NFU,ensemble,19,76,0.9473684210526315
9NFU,ensemble,19,77,0.9554655870445344
9NFU,ensemble,19,78,0.9676113360323887
9NFU,ensemble,19,79,0.9392712550607287
9NFU,ensemble,19,80,0.979757085020243
9NFU,ensemble,19,81,0.9635627530364372
9NFU,ensemble,19,82,0.9595141700404858
9NFU,ensemble,19,83,0.9554655870445344
9NFU,ensemble,19,84,0.9838056680161943
9NFU,ensemble,19,85,0.9595141700404858
9NFU,ensemble,19,86,0.9554655870445344
9NFU,ensemble,19,87,0.951417004048583
9NFU,ensemble,19,88,0.9554655870445344
9NFU,ensemble,19,89,0.9554655870445344
9NFU,ensemble,19,90,0.9595141700404858
9NFU,ensemble,19,91,0.951417004048583
9NFU,ensemble,19,92,0.9635627530364372
9NFU,ensemble,19,93,0.9595141700404858
9NFU,ensemble,19,94,0.9838056680161943
9NFU,ensemble,19,95,0.9635627530364372
9NFU,ensemble,19,96,0.9554655870445344
9NFU,ensemble,19,97,0.9554655870445344
9NFU,ensemble,19,98,0.951417004048583
9NFU,ensemble,19,99,0.9635627530364372
9NFU,ensemble,20,21,0.9595141700404858
9NFU,ensemble,20,22,0.9392712550607287
9NFU,ensemble,20,23,0.9554655870445344
9NFU,ensemble,20,24,0.9554655870445344
9NFU,ensemble,20,25,0.97165991902834
9NFU,ensemble,20,26,0.9635627530364372
9NFU,ensemble,20,27,0.9635627530364372
9NFU,ensemble,20,28,0.9595141700404858
9NFU,ensemble,20,29,0.951417004048583
9NFU,ensemble,20,30,0.951417004048583
9NFU,ensemble,20,31,0.9595141700404858
9NFU,ensemble,20,32,0.9473684210526315
9NFU,ensemble,20,33,0.951417004048583
9NFU,ensemble,20,34,0.9352226720647774
9NFU,ensemble,20,35,0.9554655870445344
9NFU,ensemble,20,36,0.9595141700404858
9NFU,ensemble,20,37,0.9433198380566802
9NFU,ensemble,20,38,0.9676113360323887
9NFU,ensemble,20,39,0.9473684210526315
9NFU,ensemble,20,40,0.9595141700404858
9NFU,ensemble,20,41,0.9635627530364372
9NFU,ensemble,20,42,0.9473684210526315
9NFU,ensemble,20,43,0.9433198380566802
9NFU,ensemble,20,44,0.951417004048583
9NFU,ensemble,20,45,0.9433198380566802
9NFU,ensemble,20,46,0.9554655870445344
9NFU,ensemble,20,47,0.9676113360323887
9NFU,ensemble,20,48,0.951417004048583
9NFU,ensemble,20,49,0.951417004048583
9NFU,ensemble,20,50,0.9635627530364372
9NFU,ensemble,20,51,0.9676113360323887
9NFU,ensemble,20,52,0.951417004048583
9NFU,ensemble,20,53,0.9473684210526315
9NFU,ensemble,20,54,0.951417004048583
9NFU,ensemble,20,55,0.951417004048583
9NFU,ensemble,20,56,0.9352226720647774
9NFU,ensemble,20,57,0.9676113360323887
9NFU,ensemble,20,58,0.9676113360323887
9NFU,ensemble,20,59,0.9433198380566802
9NFU,ensemble,20,60,0.951417004048583
9NFU,ensemble,20,61,0.951417004048583
9NFU,ensemble,20,62,0.9676113360323887
9NFU,ensemble,20,63,0.9473684210526315
9NFU,ensemble,20,64,0.9635627530364372
9NFU,ensemble,20,65,0.951417004048583
9NFU,ensemble,20,66,0.9433198380566802
9NFU,ensemble,20,67,0.951417004048583
9NFU,ensemble,20,68,0.9392712550607287
9NFU,ensemble,20,69,0.9433198380566802
9NFU,ensemble,20,70,0.9554655870445344
9NFU,ensemble,20,71,0.9676113360323887
9NFU,ensemble,20,72,0.9473684210526315
9NFU,ensemble,20,73,0.9595141700404858
9NFU,ensemble,20,74,0.9473684210526315
9NFU,ensemble,20,75,0.9554655870445344
9NFU,ensemble,20,76,0.9352226720647774
9NFU,ensemble,20,77,0.9473684210526315
9NFU,ensemble,20,78,0.9595141700404858
9NFU,ensemble,20,79,0.9473684210526315
9NFU,ensemble,20,80,0.9676113360323887
9NFU,ensemble,20,81,0.9433198380566802
9NFU,ensemble,20,82,0.9352226720647774
9NFU,ensemble,20,83,0.9433198380566802
9NFU,ensemble,20,84,0.9595141700404858
9NFU,ensemble,20,85,0.9554655870445344
9NFU,ensemble,20,86,0.9433198380566802
9NFU,ensemble,20,87,0.9595141700404858
9NFU,ensemble,20,88,0.9554655870445344
9NFU,ensemble,20,89,0.9392712550607287
9NFU,ensemble,20,90,0.951417004048583
9NFU,ensemble,20,91,0.9554655870445344
9NFU,ensemble,20,92,0.951417004048583
9NFU,ensemble,20,93,0.9635627530364372
9NFU,ensemble,20,94,0.9635627530364372
9NFU,ensemble,20,95,0.9676113360323887
9NFU,ensemble,20,96,0.9554655870445344
9NFU,ensemble,20,97,0.9433198380566802
9NFU,ensemble,20,98,0.97165991902834
9NFU,ensemble,20,99,0.9433198380566802
9NFU,ensemble,21,22,0.9392712550607287
9NFU,ensemble,21,23,0.9433198380566802
9NFU,ensemble,21,24,0.9554655870445344
9NFU,ensemble,21,25,0.9595141700404858
9NFU,ensemble,21,26,0.951417004048583
9NFU,ensemble,21,27,0.951417004048583
9NFU,ensemble,21,28,0.97165991902834
9NFU,ensemble,21,29,0.97165991902834
9NFU,ensemble,21,30,0.951417004048583
9NFU,ensemble,21,31,0.9473684210526315
9NFU,ensemble,21,32,0.9676113360323887
9NFU,ensemble,21,33,0.951417004048583
9NFU,ensemble,21,34,0.9473684210526315
9NFU,ensemble,21,35,0.97165991902834
9NFU,ensemble,21,36,0.9554655870445344
9NFU,ensemble,21,37,0.97165991902834
9NFU,ensemble,21,38,0.951417004048583
9NFU,ensemble,21,39,0.951417004048583
9NFU,ensemble,21,40,0.9635627530364372
9NFU,ensemble,21,41,0.9473684210526315
9NFU,ensemble,21,42,0.9392712550607287
9NFU,ensemble,21,43,0.9595141700404858
9NFU,ensemble,21,44,0.9595141700404858
9NFU,ensemble,21,45,0.9352226720647774
9NFU,ensemble,21,46,0.9757085020242915
9NFU,ensemble,21,47,0.9554655870445344
9NFU,ensemble,21,48,0.9676113360323887
9NFU,ensemble,21,49,0.97165991902834
9NFU,ensemble,21,50,0.9676113360323887
9NFU,ensemble,21,51,0.97165991902834
9NFU,ensemble,21,52,0.951417004048583
9NFU,ensemble,21,53,0.9554655870445344
9NFU,ensemble,21,54,0.9554655870445344
9NFU,ensemble,21,55,0.9635627530364372
9NFU,ensemble,21,56,0.9392712550607287
9NFU,ensemble,21,57,0.9919028340080972
9NFU,ensemble,21,58,0.9676113360323887
9NFU,ensemble,21,59,0.9635627530364372
9NFU,ensemble,21,60,0.9433198380566802
9NFU,ensemble,21,61,0.9554655870445344
9NFU,ensemble,21,62,0.9554655870445344
9NFU,ensemble,21,63,0.9676113360323887
9NFU,ensemble,21,64,0.979757085020243
9NFU,ensemble,21,65,0.9595141700404858
9NFU,ensemble,21,66,0.9554655870445344
9NFU,ensemble,21,67,0.9554655870445344
9NFU,ensemble,21,68,0.9473684210526315
9NFU,ensemble,21,69,0.9352226720647774
9NFU,ensemble,21,70,0.9676113360323887
9NFU,ensemble,21,71,0.979757085020243
9NFU,ensemble,21,72,0.9473684210526315
9NFU,ensemble,21,73,0.9352226720647774
9NFU,ensemble,21,74,0.9473684210526315
9NFU,ensemble,21,75,0.97165991902834
9NFU,ensemble,21,76,0.9473684210526315
9NFU,ensemble,21,77,0.9392712550607287
9NFU,ensemble,21,78,0.9635627530364372
9NFU,ensemble,21,79,0.9392712550607287
9NFU,ensemble,21,80,0.9676113360323887
9NFU,ensemble,21,81,0.9433198380566802
9NFU,ensemble,21,82,0.9433198380566802
9NFU,ensemble,21,83,0.9352226720647774
9NFU,ensemble,21,84,0.979757085020243
9NFU,ensemble,21,85,0.9635627530364372
9NFU,ensemble,21,86,0.9352226720647774
9NFU,ensemble,21,87,0.9595141700404858
9NFU,ensemble,21,88,0.9676113360323887
9NFU,ensemble,21,89,0.9433198380566802
9NFU,ensemble,21,90,0.9635627530364372
9NFU,ensemble,21,91,0.951417004048583
9NFU,ensemble,21,92,0.9635627530364372
9NFU,ensemble,21,93,0.9635627530364372
9NFU,ensemble,21,94,0.97165991902834
9NFU,ensemble,21,95,0.951417004048583
9NFU,ensemble,21,96,0.9595141700404858
9NFU,ensemble,21,97,0.9676113360323887
9NFU,ensemble,21,98,0.9554655870445344
9NFU,ensemble,21,99,0.9595141700404858
9NFU,ensemble,22,23,0.9271255060728745
9NFU,ensemble,22,24,0.9190283400809717
9NFU,ensemble,22,25,0.9311740890688259
9NFU,ensemble,22,26,0.9271255060728745
9NFU,ensemble,22,27,0.9352226720647774
9NFU,ensemble,22,28,0.9473684210526315
9NFU,ensemble,22,29,0.9352226720647774
9NFU,ensemble,22,30,0.9271255060728745
9NFU,ensemble,22,31,0.9392712550607287
9NFU,ensemble,22,32,0.9311740890688259
9NFU,ensemble,22,33,0.9352226720647774
9NFU,ensemble,22,34,0.9271255060728745
9NFU,ensemble,22,35,0.9433198380566802
9NFU,ensemble,22,36,0.9352226720647774
9NFU,ensemble,22,37,0.9149797570850202
9NFU,ensemble,22,38,0.9433198380566802
9NFU,ensemble,22,39,0.9433198380566802
9NFU,ensemble,22,40,0.9392712550607287
9NFU,ensemble,22,41,0.9271255060728745
9NFU,ensemble,22,42,0.9190283400809717
9NFU,ensemble,22,43,0.9190283400809717
9NFU,ensemble,22,44,0.9190283400809717
9NFU,ensemble,22,45,0.9757085020242915
9NFU,ensemble,22,46,0.9311740890688259
9NFU,ensemble,22,47,0.9352226720647774
9NFU,ensemble,22,48,0.9433198380566802
9NFU,ensemble,22,49,0.9311740890688259
9NFU,ensemble,22,50,0.9311740890688259
9NFU,ensemble,22,51,0.9473684210526315
9NFU,ensemble,22,52,0.9554655870445344
9NFU,ensemble,22,53,0.9190283400809717
9NFU,ensemble,22,54,0.9311740890688259
9NFU,ensemble,22,55,0.9271255060728745
9NFU,ensemble,22,56,0.951417004048583
9NFU,ensemble,22,57,0.9473684210526315
9NFU,ensemble,22,58,0.9433198380566802
9NFU,ensemble,22,59,0.9230769230769231
9NFU,ensemble,22,60,0.9311740890688259
9NFU,ensemble,22,61,0.9230769230769231
9NFU,ensemble,22,62,0.9595141700404858
9NFU,ensemble,22,63,0.9271255060728745
9NFU,ensemble,22,64,0.9433198380566802
9NFU,ensemble,22,65,0.9230769230769231
9NFU,ensemble,22,66,0.9311740890688259
9NFU,ensemble,22,67,0.951417004048583
9NFU,ensemble,22,68,0.9190283400809717
9NFU,ensemble,22,69,0.9190283400809717
9NFU,ensemble,22,70,0.9392712550607287
9NFU,ensemble,22,71,0.9433198380566802
9NFU,ensemble,22,72,0.9311740890688259
9NFU,ensemble,22,73,0.9271255060728745
9NFU,ensemble,22,74,0.9473684210526315
9NFU,ensemble,22,75,0.9271255060728745
9NFU,ensemble,22,76,0.9109311740890689
9NFU,ensemble,22,77,0.9149797570850202
9NFU,ensemble,22,78,0.9352226720647774
9NFU,ensemble,22,79,0.9068825910931174
9NFU,ensemble,22,80,0.9392712550607287
9NFU,ensemble,22,81,0.9595141700404858
9NFU,ensemble,22,82,0.9109311740890689
9NFU,ensemble,22,83,0.9109311740890689
9NFU,ensemble,22,84,0.9392712550607287
9NFU,ensemble,22,85,0.9433198380566802
9NFU,ensemble,22,86,0.9109311740890689
9NFU,ensemble,22,87,0.9473684210526315
9NFU,ensemble,22,88,0.9392712550607287
9NFU,ensemble,22,89,0.9190283400809717
9NFU,ensemble,22,90,0.9473684210526315
9NFU,ensemble,22,91,0.9473684210526315
9NFU,ensemble,22,92,0.9311740890688259
9NFU,ensemble,22,93,0.9392712550607287
9NFU,ensemble,22,94,0.9352226720647774
9NFU,ensemble,22,95,0.9311740890688259
9NFU,ensemble,22,96,0.9271255060728745
9NFU,ensemble,22,97,0.9230769230769231
9NFU,ensemble,22,98,0.951417004048583
9NFU,ensemble,22,99,0.9352226720647774
9NFU,ensemble,23,24,0.9757085020242915
9NFU,ensemble,23,25,0.951417004048583
9NFU,ensemble,23,26,0.9635627530364372
9NFU,ensemble,23,27,0.9838056680161943
9NFU,ensemble,23,28,0.9311740890688259
9NFU,ensemble,23,29,0.9473684210526315
9NFU,ensemble,23,30,0.9352226720647774
9NFU,ensemble,23,31,0.951417004048583
9NFU,ensemble,23,32,0.9595141700404858
9NFU,ensemble,23,33,0.9392712550607287
9NFU,ensemble,23,34,0.9230769230769231
9NFU,ensemble,23,35,0.9554655870445344
9NFU,ensemble,23,36,0.9392712550607287
9NFU,ensemble,23,37,0.9311740890688259
9NFU,ensemble,23,38,0.979757085020243
9NFU,ensemble,23,39,0.9230769230769231
9NFU,ensemble,23,40,0.9352226720647774
9NFU,ensemble,23,41,0.9757085020242915
9NFU,ensemble,23,42,0.97165991902834
9NFU,ensemble,23,43,0.9635627530364372
9NFU,ensemble,23,44,0.9554655870445344
9NFU,ensemble,23,45,0.9352226720647774
9NFU,ensemble,23,46,0.9473684210526315
9NFU,ensemble,23,47,0.9757085020242915
9NFU,ensemble,23,48,0.9595141700404858
9NFU,ensemble,23,49,0.9433198380566802
9NFU,ensemble,23,50,0.9554655870445344
9NFU,ensemble,23,51,0.9392712550607287
9NFU,ensemble,23,52,0.9311740890688259
9NFU,ensemble,23,53,0.9635627530364372
9NFU,ensemble,23,54,0.9676113360323887
9NFU,ensemble,23,55,0.9311740890688259
9NFU,ensemble,23,56,0.9271255060728745
9NFU,ensemble,23,57,0.951417004048583
9NFU,ensemble,23,58,0.9595141700404858
9NFU,ensemble,23,59,0.9473684210526315
9NFU,ensemble,23,60,0.951417004048583
9NFU,ensemble,23,61,0.951417004048583
9NFU,ensemble,23,62,0.9473684210526315
9NFU,ensemble,23,63,0.9433198380566802
9NFU,ensemble,23,64,0.9433198380566802
9NFU,ensemble,23,65,0.9554655870445344
9NFU,ensemble,23,66,0.97165991902834
9NFU,ensemble,23,67,0.9352226720647774
9NFU,ensemble,23,68,0.9595141700404858
9NFU,ensemble,23,69,0.9676113360323887
9NFU,ensemble,23,70,0.9352226720647774
9NFU,ensemble,23,71,0.9554655870445344
9NFU,ensemble,23,72,0.9433198380566802
9NFU,ensemble,23,73,0.9595141700404858
9NFU,ensemble,23,74,0.9311740890688259
9NFU,ensemble,23,75,0.9473684210526315
9NFU,ensemble,23,76,0.9473684210526315
9NFU,ensemble,23,77,0.97165991902834
9NFU,ensemble,23,78,0.97165991902834
9NFU,ensemble,23,79,0.979757085020243
9NFU,ensemble,23,80,0.951417004048583
9NFU,ensemble,23,81,0.9230769230769231
9NFU,ensemble,23,82,0.9595141700404858
9NFU,ensemble,23,83,0.9676113360323887
9NFU,ensemble,23,84,0.951417004048583
9NFU,ensemble,23,85,0.97165991902834
9NFU,ensemble,23,86,0.9676113360323887
9NFU,ensemble,23,87,0.9352226720647774
9NFU,ensemble,23,88,0.9554655870445344
9NFU,ensemble,23,89,0.951417004048583
9NFU,ensemble,23,90,0.9352226720647774
9NFU,ensemble,23,91,0.9352226720647774
9NFU,ensemble,23,92,0.9392712550607287
9NFU,ensemble,23,93,0.979757085020243
9NFU,ensemble,23,94,0.951417004048583
9NFU,ensemble,23,95,0.9433198380566802
9NFU,ensemble,23,96,0.97165991902834
9NFU,ensemble,23,97,0.9635627530364372
9NFU,ensemble,23,98,0.9676113360323887
9NFU,ensemble,23,99,0.9230769230769231
9NFU,ensemble,24,25,0.951417004048583
9NFU,ensemble,24,26,0.9635627530364372
9NFU,ensemble,24,27,0.9838056680161943
9NFU,ensemble,24,28,0.9392712550607287
9NFU,ensemble,24,29,0.9433198380566802
9NFU,ensemble,24,30,0.9311740890688259
9NFU,ensemble,24,31,0.9433198380566802
9NFU,ensemble,24,32,0.9595141700404858
9NFU,ensemble,24,33,0.9392712550607287
9NFU,ensemble,24,34,0.9230769230769231
9NFU,ensemble,24,35,0.9473684210526315
9NFU,ensemble,24,36,0.9352226720647774
9NFU,ensemble,24,37,0.9433198380566802
9NFU,ensemble,24,38,0.97165991902834
9NFU,ensemble,24,39,0.9311740890688259
9NFU,ensemble,24,40,0.9433198380566802
9NFU,ensemble,24,41,0.9676113360323887
9NFU,ensemble,24,42,0.97165991902834
9NFU,ensemble,24,43,0.97165991902834
9NFU,ensemble,24,44,0.9473684210526315
9NFU,ensemble,24,45,0.9230769230769231
9NFU,ensemble,24,46,0.9473684210526315
9NFU,ensemble,24,47,0.979757085020243
9NFU,ensemble,24,48,0.9635627530364372
9NFU,ensemble,24,49,0.9352226720647774
9NFU,ensemble,24,50,0.9595141700404858
9NFU,ensemble,24,51,0.951417004048583
9NFU,ensemble,24,52,0.9352226720647774
9NFU,ensemble,24,53,0.9676113360323887
9NFU,ensemble,24,54,0.9635627530364372
9NFU,ensemble,24,55,0.9311740890688259
9NFU,ensemble,24,56,0.9311740890688259
9NFU,ensemble,24,57,0.9554655870445344
9NFU,ensemble,24,58,0.9595141700404858
9NFU,ensemble,24,59,0.9473684210526315
9NFU,ensemble,24,60,0.951417004048583
9NFU,ensemble,24,61,0.9473684210526315
9NFU,ensemble,24,62,0.9473684210526315
9NFU,ensemble,24,63,0.9433198380566802
9NFU,ensemble,24,64,0.9473684210526315
9NFU,ensemble,24,65,0.9554655870445344
9NFU,ensemble,24,66,0.9595141700404858
9NFU,ensemble,24,67,0.9352226720647774
9NFU,ensemble,24,68,0.951417004048583
9NFU,ensemble,24,69,0.9676113360323887
9NFU,ensemble,24,70,0.9433198380566802
9NFU,ensemble,24,71,0.951417004048583
9NFU,ensemble,24,72,0.9433198380566802
9NFU,ensemble,24,73,0.9595141700404858
9NFU,ensemble,24,74,0.9311740890688259
9NFU,ensemble,24,75,0.9473684210526315
9NFU,ensemble,24,76,0.9554655870445344
9NFU,ensemble,24,77,0.9676113360323887
9NFU,ensemble,24,78,0.9635627530364372
9NFU,ensemble,24,79,0.9676113360323887
9NFU,ensemble,24,80,0.9433198380566802
9NFU,ensemble,24,81,0.9230769230769231
9NFU,ensemble,24,82,0.9676113360323887
9NFU,ensemble,24,83,0.9595141700404858
9NFU,ensemble,24,84,0.9473684210526315
9NFU,ensemble,24,85,0.97165991902834
9NFU,ensemble,24,86,0.9676113360323887
9NFU,ensemble,24,87,0.9392712550607287
9NFU,ensemble,24,88,0.9676113360323887
9NFU,ensemble,24,89,0.9595141700404858
9NFU,ensemble,24,90,0.9433198380566802
9NFU,ensemble,24,91,0.9311740890688259
9NFU,ensemble,24,92,0.9473684210526315
9NFU,ensemble,24,93,0.979757085020243
9NFU,ensemble,24,94,0.9554655870445344
9NFU,ensemble,24,95,0.9433198380566802
9NFU,ensemble,24,96,0.9757085020242915
9NFU,ensemble,24,97,0.9676113360323887
9NFU,ensemble,24,98,0.9635627530364372
9NFU,ensemble,24,99,0.9230769230769231
9NFU,ensemble,25,26,0.97165991902834
9NFU,ensemble,25,27,0.951417004048583
9NFU,ensemble,25,28,0.9676113360323887
9NFU,ensemble,25,29,0.9635627530364372
9NFU,ensemble,25,30,0.9473684210526315
9NFU,ensemble,25,31,0.9433198380566802
9NFU,ensemble,25,32,0.9676113360323887
9NFU,ensemble,25,33,0.9554655870445344
9NFU,ensemble,25,34,0.9554655870445344
9NFU,ensemble,25,35,0.9595141700404858
9NFU,ensemble,25,36,0.9635627530364372
9NFU,ensemble,25,37,0.9473684210526315
9NFU,ensemble,25,38,0.951417004048583
9NFU,ensemble,25,39,0.9554655870445344
9NFU,ensemble,25,40,0.97165991902834
9NFU,ensemble,25,41,0.9676113360323887
9NFU,ensemble,25,42,0.951417004048583
9NFU,ensemble,25,43,0.9595141700404858
9NFU,ensemble,25,44,0.9554655870445344
9NFU,ensemble,25,45,0.9392712550607287
9NFU,ensemble,25,46,0.9757085020242915
9NFU,ensemble,25,47,0.9554655870445344
9NFU,ensemble,25,48,0.9635627530364372
9NFU,ensemble,25,49,0.951417004048583
9NFU,ensemble,25,50,0.9595141700404858
9NFU,ensemble,25,51,0.9635627530364372
9NFU,ensemble,25,52,0.9554655870445344
9NFU,ensemble,25,53,0.9635627530364372
9NFU,ensemble,25,54,0.9595141700404858
9NFU,ensemble,25,55,0.9635627530364372
9NFU,ensemble,25,56,0.9554655870445344
9NFU,ensemble,25,57,0.9635627530364372
9NFU,ensemble,25,58,0.9757085020242915
9NFU,ensemble,25,59,0.9635627530364372
9NFU,ensemble,25,60,0.9676113360323887
9NFU,ensemble,25,61,0.9554655870445344
9NFU,ensemble,25,62,0.9635627530364372
9NFU,ensemble,25,63,0.9676113360323887
9NFU,ensemble,25,64,0.951417004048583
9NFU,ensemble,25,65,0.9635627530364372
9NFU,ensemble,25,66,0.9473684210526315
9NFU,ensemble,25,67,0.9676113360323887
9NFU,ensemble,25,68,0.951417004048583
9NFU,ensemble,25,69,0.9352226720647774
9NFU,ensemble,25,70,0.9635627530364372
9NFU,ensemble,25,71,0.9676113360323887
9NFU,ensemble,25,72,0.9635627530364372
9NFU,ensemble,25,73,0.9554655870445344
9NFU,ensemble,25,74,0.9676113360323887
9NFU,ensemble,25,75,0.979757085020243
9NFU,ensemble,25,76,0.9473684210526315
9NFU,ensemble,25,77,0.9554655870445344
9NFU,ensemble,25,78,0.9554655870445344
9NFU,ensemble,25,79,0.9473684210526315
9NFU,ensemble,25,80,0.9757085020242915
9NFU,ensemble,25,81,0.9595141700404858
9NFU,ensemble,25,82,0.951417004048583
9NFU,ensemble,25,83,0.9554655870445344
9NFU,ensemble,25,84,0.97165991902834
9NFU,ensemble,25,85,0.9595141700404858
9NFU,ensemble,25,86,0.9554655870445344
9NFU,ensemble,25,87,0.9635627530364372
9NFU,ensemble,25,88,0.951417004048583
9NFU,ensemble,25,89,0.9473684210526315
9NFU,ensemble,25,90,0.9635627530364372
9NFU,ensemble,25,91,0.9554655870445344
9NFU,ensemble,25,92,0.9635627530364372
9NFU,ensemble,25,93,0.9595141700404858
9NFU,ensemble,25,94,0.9676113360323887
9NFU,ensemble,25,95,0.9635627530364372
9NFU,ensemble,25,96,0.9554655870445344
9NFU,ensemble,25,97,0.951417004048583
9NFU,ensemble,25,98,0.9595141700404858
9NFU,ensemble,25,99,0.9595141700404858
9NFU,ensemble,26,27,0.97165991902834
9NFU,ensemble,26,28,0.951417004048583
9NFU,ensemble,26,29,0.9473684210526315
9NFU,ensemble,26,30,0.9311740890688259
9NFU,ensemble,26,31,0.9473684210526315
9NFU,ensemble,26,32,0.9595141700404858
9NFU,ensemble,26,33,0.9595141700404858
9NFU,ensemble,26,34,0.9433198380566802
9NFU,ensemble,26,35,0.951417004048583
9NFU,ensemble,26,36,0.9433198380566802
9NFU,ensemble,26,37,0.9473684210526315
9NFU,ensemble,26,38,0.9676113360323887
9NFU,ensemble,26,39,0.951417004048583
9NFU,ensemble,26,40,0.9595141700404858
9NFU,ensemble,26,41,0.979757085020243
9NFU,ensemble,26,42,0.97165991902834
9NFU,ensemble,26,43,0.9595141700404858
9NFU,ensemble,26,44,0.9595141700404858
9NFU,ensemble,26,45,0.9271255060728745
9NFU,ensemble,26,46,0.9676113360323887
9NFU,ensemble,26,47,0.9676113360323887
9NFU,ensemble,26,48,0.9635627530364372
9NFU,ensemble,26,49,0.9311740890688259
9NFU,ensemble,26,50,0.951417004048583
9NFU,ensemble,26,51,0.9473684210526315
9NFU,ensemble,26,52,0.9392712550607287
9NFU,ensemble,26,53,0.9635627530364372
9NFU,ensemble,26,54,0.9635627530364372
9NFU,ensemble,26,55,0.9554655870445344
9NFU,ensemble,26,56,0.9392712550607287
9NFU,ensemble,26,57,0.9554655870445344
9NFU,ensemble,26,58,0.9635627530364372
9NFU,ensemble,26,59,0.9554655870445344
9NFU,ensemble,26,60,0.9554655870445344
9NFU,ensemble,26,61,0.9554655870445344
9NFU,ensemble,26,62,0.9473684210526315
9NFU,ensemble,26,63,0.9595141700404858
9NFU,ensemble,26,64,0.9433198380566802
9NFU,ensemble,26,65,0.9676113360323887
9NFU,ensemble,26,66,0.9554655870445344
9NFU,ensemble,26,67,0.9433198380566802
9NFU,ensemble,26,68,0.9392712550607287
9NFU,ensemble,26,69,0.9635627530364372
9NFU,ensemble,26,70,0.9554655870445344
9NFU,ensemble,26,71,0.951417004048583
9NFU,ensemble,26,72,0.9554655870445344
9NFU,ensemble,26,73,0.9676113360323887
9NFU,ensemble,26,74,0.9392712550607287
9NFU,ensemble,26,75,0.9676113360323887
9NFU,ensemble,26,76,0.9554655870445344
9NFU,ensemble,26,77,0.9554655870445344
9NFU,ensemble,26,78,0.9595141700404858
9NFU,ensemble,26,79,0.951417004048583
9NFU,ensemble,26,80,0.9676113360323887
9NFU,ensemble,26,81,0.9433198380566802
9NFU,ensemble,26,82,0.9554655870445344
9NFU,ensemble,26,83,0.97165991902834
9NFU,ensemble,26,84,0.9554655870445344
9NFU,ensemble,26,85,0.9595141700404858
9NFU,ensemble,26,86,0.97165991902834
9NFU,ensemble,26,87,0.9433198380566802
9NFU,ensemble,26,88,0.951417004048583
9NFU,ensemble,26,89,0.951417004048583
9NFU,ensemble,26,90,0.9473684210526315
9NFU,ensemble,26,91,0.9311740890688259
9NFU,ensemble,26,92,0.9554655870445344
9NFU,ensemble,26,93,0.9595141700404858
9NFU,ensemble,26,94,0.9676113360323887
9NFU,ensemble,26,95,0.9757085020242915
9NFU,ensemble,26,96,0.951417004048583
9NFU,ensemble,26,97,0.9433198380566802
9NFU,ensemble,26,98,0.9554655870445344
9NFU,ensemble,26,99,0.9352226720647774
9NFU,ensemble,27,28,0.9392712550607287
9NFU,ensemble,27,29,0.9473684210526315
9NFU,ensemble,27,30,0.9352226720647774
9NFU,ensemble,27,31,0.9595141700404858
9NFU,ensemble,27,32,0.9595141700404858
9NFU,ensemble,27,33,0.9473684210526315
9NFU,ensemble,27,34,0.9230769230769231
9NFU,ensemble,27,35,0.9554655870445344
9NFU,ensemble,27,36,0.9392712550607287
9NFU,ensemble,27,37,0.9392712550607287
9NFU,ensemble,27,38,0.9878542510121457
9NFU,ensemble,27,39,0.9311740890688259
9NFU,ensemble,27,40,0.9433198380566802
9NFU,ensemble,27,41,0.9757085020242915
9NFU,ensemble,27,42,0.97165991902834
9NFU,ensemble,27,43,0.9554655870445344
9NFU,ensemble,27,44,0.9554655870445344
9NFU,ensemble,27,45,0.9352226720647774
9NFU,ensemble,27,46,0.9473684210526315
9NFU,ensemble,27,47,0.9838056680161943
9NFU,ensemble,27,48,0.9676113360323887
9NFU,ensemble,27,49,0.9433198380566802
9NFU,ensemble,27,50,0.9635627530364372
9NFU,ensemble,27,51,0.9473684210526315
9NFU,ensemble,27,52,0.9392712550607287
9NFU,ensemble,27,53,0.9554655870445344
9NFU,ensemble,27,54,0.9676113360323887
9NFU,ensemble,27,55,0.9311740890688259
9NFU,ensemble,27,56,0.9271255060728745
9NFU,ensemble,27,57,0.9595141700404858
9NFU,ensemble,27,58,0.9676113360323887
9NFU,ensemble,27,59,0.9473684210526315
9NFU,ensemble,27,60,0.951417004048583
9NFU,ensemble,27,61,0.9595141700404858
9NFU,ensemble,27,62,0.9554655870445344
9NFU,ensemble,27,63,0.9433198380566802
9NFU,ensemble,27,64,0.951417004048583
9NFU,ensemble,27,65,0.9635627530364372
9NFU,ensemble,27,66,0.9635627530364372
9NFU,ensemble,27,67,0.9352226720647774
9NFU,ensemble,27,68,0.951417004048583
9NFU,ensemble,27,69,0.9676113360323887
9NFU,ensemble,27,70,0.9433198380566802
9NFU,ensemble,27,71,0.9554655870445344
9NFU,ensemble,27,72,0.9433198380566802
9NFU,ensemble,27,73,0.9676113360323887
9NFU,ensemble,27,74,0.9311740890688259
9NFU,ensemble,27,75,0.9473684210526315
9NFU,ensemble,27,76,0.9473684210526315
9NFU,ensemble,27,77,0.9635627530364372
9NFU,ensemble,27,78,0.979757085020243
9NFU,ensemble,27,79,0.9635627530364372
9NFU,ensemble,27,80,0.951417004048583
9NFU,ensemble,27,81,0.9230769230769231
9NFU,ensemble,27,82,0.951417004048583
9NFU,ensemble,27,83,0.9595141700404858
9NFU,ensemble,27,84,0.951417004048583
9NFU,ensemble,27,85,0.97165991902834
9NFU,ensemble,27,86,0.9676113360323887
9NFU,ensemble,27,87,0.9433198380566802
9NFU,ensemble,27,88,0.9635627530364372
9NFU,ensemble,27,89,0.951417004048583
9NFU,ensemble,27,90,0.9433198380566802
9NFU,ensemble,27,91,0.9352226720647774
9NFU,ensemble,27,92,0.9473684210526315
9NFU,ensemble,27,93,0.979757085020243
9NFU,ensemble,27,94,0.9595141700404858
9NFU,ensemble,27,95,0.951417004048583
9NFU,ensemble,27,96,0.9635627530364372
9NFU,ensemble,27,97,0.9554655870445344
9NFU,ensemble,27,98,0.9757085020242915
9NFU,ensemble,27,99,0.9230769230769231
9NFU,ensemble,28,29,0.97165991902834
9NFU,ensemble,28,30,0.9473684210526315
9NFU,ensemble,28,31,0.951417004048583
9NFU,ensemble,28,32,0.9554655870445344
9NFU,ensemble,28,33,0.9676113360323887
9NFU,ensemble,28,34,0.9554655870445344
9NFU,ensemble,28,35,0.9595141700404858
9NFU,ensemble,28,36,0.9676113360323887
9NFU,ensemble,28,37,0.9554655870445344
9NFU,ensemble,28,38,0.9473684210526315
9NFU,ensemble,28,39,0.9676113360323887
9NFU,ensemble,28,40,0.9757085020242915
9NFU,ensemble,28,41,0.951417004048583
9NFU,ensemble,28,42,0.9392712550607287
9NFU,ensemble,28,43,0.9433198380566802
9NFU,ensemble,28,44,0.951417004048583
9NFU,ensemble,28,45,0.9433198380566802
9NFU,ensemble,28,46,0.9757085020242915
9NFU,ensemble,28,47,0.951417004048583
9NFU,ensemble,28,48,0.97165991902834
9NFU,ensemble,28,49,0.951417004048583
9NFU,ensemble,28,50,0.9635627530364372
9NFU,ensemble,28,51,0.979757085020243
9NFU,ensemble,28,52,0.9595141700404858
9NFU,ensemble,28,53,0.951417004048583
9NFU,ensemble,28,54,0.9433198380566802
9NFU,ensemble,28,55,0.9635627530364372
9NFU,ensemble,28,56,0.9433198380566802
9NFU,ensemble,28,57,0.9757085020242915
9NFU,ensemble,28,58,0.9635627530364372
9NFU,ensemble,28,59,0.951417004048583
9NFU,ensemble,28,60,0.9595141700404858
9NFU,ensemble,28,61,0.951417004048583
9NFU,ensemble,28,62,0.9676113360323887
9NFU,ensemble,28,63,0.9676113360323887
9NFU,ensemble,28,64,0.9676113360323887
9NFU,ensemble,28,65,0.9595141700404858
9NFU,ensemble,28,66,0.9352226720647774
9NFU,ensemble,28,67,0.979757085020243
9NFU,ensemble,28,68,0.9433198380566802
9NFU,ensemble,28,69,0.9230769230769231
9NFU,ensemble,28,70,0.979757085020243
9NFU,ensemble,28,71,0.9757085020242915
9NFU,ensemble,28,72,0.9635627530364372
9NFU,ensemble,28,73,0.9473684210526315
9NFU,ensemble,28,74,0.9595141700404858
9NFU,ensemble,28,75,0.97165991902834
9NFU,ensemble,28,76,0.9392712550607287
9NFU,ensemble,28,77,0.9352226720647774
9NFU,ensemble,28,78,0.951417004048583
9NFU,ensemble,28,79,0.9271255060728745
9NFU,ensemble,28,80,0.9676113360323887
9NFU,ensemble,28,81,0.9635627530364372
9NFU,ensemble,28,82,0.9352226720647774
9NFU,ensemble,28,83,0.9352226720647774
9NFU,ensemble,28,84,0.979757085020243
9NFU,ensemble,28,85,0.9554655870445344
9NFU,ensemble,28,86,0.9352226720647774
9NFU,ensemble,28,87,0.9676113360323887
9NFU,ensemble,28,88,0.9554655870445344
9NFU,ensemble,28,89,0.9392712550607287
9NFU,ensemble,28,90,0.97165991902834
9NFU,ensemble,28,91,0.9595141700404858
9NFU,ensemble,28,92,0.9595141700404858
9NFU,ensemble,28,93,0.951417004048583
9NFU,ensemble,28,94,0.97165991902834
9NFU,ensemble,28,95,0.9635627530364372
9NFU,ensemble,28,96,0.9473684210526315
9NFU,ensemble,28,97,0.9392712550607287
9NFU,ensemble,28,98,0.9595141700404858
9NFU,ensemble,28,99,0.97165991902834
9NFU,ensemble,29,30,0.951417004048583
9NFU,ensemble,29,31,0.951417004048583
9NFU,ensemble,29,32,0.9635627530364372
9NFU,ensemble,29,33,0.9554655870445344
9NFU,ensemble,29,34,0.9473684210526315
9NFU,ensemble,29,35,0.9757085020242915
9NFU,ensemble,29,36,0.97165991902834
9NFU,ensemble,29,37,0.9554655870445344
9NFU,ensemble,29,38,0.9473684210526315
9NFU,ensemble,29,39,0.9554655870445344
9NFU,ensemble,29,40,0.9635627530364372
9NFU,ensemble,29,41,0.951417004048583
9NFU,ensemble,29,42,0.9433198380566802
9NFU,ensemble,29,43,0.9554655870445344
9NFU,ensemble,29,44,0.9635627530364372
9NFU,ensemble,29,45,0.9392712550607287
9NFU,ensemble,29,46,0.979757085020243
9NFU,ensemble,29,47,0.9554655870445344
9NFU,ensemble,29,48,0.97165991902834
9NFU,ensemble,29,49,0.9635627530364372
9NFU,ensemble,29,50,0.9676113360323887
9NFU,ensemble,29,51,0.9595141700404858
9NFU,ensemble,29,52,0.9554655870445344
9NFU,ensemble,29,53,0.9595141700404858
9NFU,ensemble,29,54,0.9554655870445344
9NFU,ensemble,29,55,0.97165991902834
9NFU,ensemble,29,56,0.9473684210526315
9NFU,ensemble,29,57,0.979757085020243
9NFU,ensemble,29,58,0.97165991902834
9NFU,ensemble,29,59,0.9595141700404858
9NFU,ensemble,29,60,0.9635627530364372
9NFU,ensemble,29,61,0.9635627530364372
9NFU,ensemble,29,62,0.9595141700404858
9NFU,ensemble,29,63,0.979757085020243
9NFU,ensemble,29,64,0.9757085020242915
9NFU,ensemble,29,65,0.9635627530364372
9NFU,ensemble,29,66,0.9473684210526315
9NFU,ensemble,29,67,0.9676113360323887
9NFU,ensemble,29,68,0.9595141700404858
9NFU,ensemble,29,69,0.9311740890688259
9NFU,ensemble,29,70,0.9838056680161943
9NFU,ensemble,29,71,0.979757085020243
9NFU,ensemble,29,72,0.9595141700404858
9NFU,ensemble,29,73,0.9433198380566802
9NFU,ensemble,29,74,0.9595141700404858
9NFU,ensemble,29,75,0.9757085020242915
9NFU,ensemble,29,76,0.9352226720647774
9NFU,ensemble,29,77,0.9554655870445344
9NFU,ensemble,29,78,0.9676113360323887
9NFU,ensemble,29,79,0.9392712550607287
9NFU,ensemble,29,80,0.9635627530364372
9NFU,ensemble,29,81,0.9473684210526315
9NFU,ensemble,29,82,0.9473684210526315
9NFU,ensemble,29,83,0.9392712550607287
9NFU,ensemble,29,84,0.9919028340080972
9NFU,ensemble,29,85,0.9635627530364372
9NFU,ensemble,29,86,0.9392712550607287
9NFU,ensemble,29,87,0.9635627530364372
9NFU,ensemble,29,88,0.9554655870445344
9NFU,ensemble,29,89,0.9473684210526315
9NFU,ensemble,29,90,0.9635627530364372
9NFU,ensemble,29,91,0.9595141700404858
9NFU,ensemble,29,92,0.951417004048583
9NFU,ensemble,29,93,0.9595141700404858
9NFU,ensemble,29,94,0.9757085020242915
9NFU,ensemble,29,95,0.9473684210526315
9NFU,ensemble,29,96,0.9595141700404858
9NFU,ensemble,29,97,0.9554655870445344
9NFU,ensemble,29,98,0.951417004048583
9NFU,ensemble,29,99,0.9676113360323887
9NFU,ensemble,30,31,0.9595141700404858
9NFU,ensemble,30,32,0.9352226720647774
9NFU,ensemble,30,33,0.951417004048583
9NFU,ensemble,30,34,0.951417004048583
9NFU,ensemble,30,35,0.9473684210526315
9NFU,ensemble,30,36,0.97165991902834
9NFU,ensemble,30,37,0.951417004048583
9NFU,ensemble,30,38,0.9433198380566802
9NFU,ensemble,30,39,0.9433198380566802
9NFU,ensemble,30,40,0.9352226720647774
9NFU,ensemble,30,41,0.9392712550607287
9NFU,ensemble,30,42,0.9271255060728745
9NFU,ensemble,30,43,0.9311740890688259
9NFU,ensemble,30,44,0.9595141700404858
9NFU,ensemble,30,45,0.9392712550607287
9NFU,ensemble,30,46,0.9473684210526315
9NFU,ensemble,30,47,0.9473684210526315
9NFU,ensemble,30,48,0.9311740890688259
9NFU,ensemble,30,49,0.9554655870445344
9NFU,ensemble,30,50,0.9635627530364372
9NFU,ensemble,30,51,0.9473684210526315
9NFU,ensemble,30,52,0.9392712550607287
9NFU,ensemble,30,53,0.9271255060728745
9NFU,ensemble,30,54,0.9352226720647774
9NFU,ensemble,30,55,0.9433198380566802
9NFU,ensemble,30,56,0.9311740890688259
9NFU,ensemble,30,57,0.951417004048583
9NFU,ensemble,30,58,0.9433198380566802
9NFU,ensemble,30,59,0.9311740890688259
9NFU,ensemble,30,60,0.9433198380566802
9NFU,ensemble,30,61,0.951417004048583
9NFU,ensemble,30,62,0.9392712550607287
9NFU,ensemble,30,63,0.9392712550607287
9NFU,ensemble,30,64,0.9433198380566802
9NFU,ensemble,30,65,0.9433198380566802
9NFU,ensemble,30,66,0.9311740890688259
9NFU,ensemble,30,67,0.951417004048583
9NFU,ensemble,30,68,0.9392712550607287
9NFU,ensemble,30,69,0.9190283400809717
9NFU,ensemble,30,70,0.9473684210526315
9NFU,ensemble,30,71,0.9635627530364372
9NFU,ensemble,30,72,0.9473684210526315
9NFU,ensemble,30,73,0.9352226720647774
9NFU,ensemble,30,74,0.9352226720647774
9NFU,ensemble,30,75,0.9473684210526315
9NFU,ensemble,30,76,0.9352226720647774
9NFU,ensemble,30,77,0.9473684210526315
9NFU,ensemble,30,78,0.951417004048583
9NFU,ensemble,30,79,0.9392712550607287
9NFU,ensemble,30,80,0.951417004048583
9NFU,ensemble,30,81,0.9433198380566802
9NFU,ensemble,30,82,0.9271255060728745
9NFU,ensemble,30,83,0.9311740890688259
9NFU,ensemble,30,84,0.951417004048583
9NFU,ensemble,30,85,0.9271255060728745
9NFU,ensemble,30,86,0.9230769230769231
9NFU,ensemble,30,87,0.9595141700404858
9NFU,ensemble,30,88,0.9311740890688259
9NFU,ensemble,30,89,0.9109311740890689
9NFU,ensemble,30,90,0.9392712550607287
9NFU,ensemble,30,91,0.9554655870445344
9NFU,ensemble,30,92,0.9311740890688259
9NFU,ensemble,30,93,0.9352226720647774
9NFU,ensemble,30,94,0.9433198380566802
9NFU,ensemble,30,95,0.9433198380566802
9NFU,ensemble,30,96,0.9271255060728745
9NFU,ensemble,30,97,0.9311740890688259
9NFU,ensemble,30,98,0.9433198380566802
9NFU,ensemble,30,99,0.9595141700404858
9NFU,ensemble,31,32,0.9271255060728745
9NFU,ensemble,31,33,0.9635627530364372
9NFU,ensemble,31,34,0.9271255060728745
9NFU,ensemble,31,35,0.951417004048583
9NFU,ensemble,31,36,0.9676113360323887
9NFU,ensemble,31,37,0.9392712550607287
9NFU,ensemble,31,38,0.9635627530364372
9NFU,ensemble,31,39,0.9433198380566802
9NFU,ensemble,31,40,0.9392712550607287
9NFU,ensemble,31,41,0.9473684210526315
9NFU,ensemble,31,42,0.9433198380566802
9NFU,ensemble,31,43,0.9230769230769231
9NFU,ensemble,31,44,0.97165991902834
9NFU,ensemble,31,45,0.9392712550607287
9NFU,ensemble,31,46,0.9433198380566802
9NFU,ensemble,31,47,0.9595141700404858
9NFU,ensemble,31,48,0.9433198380566802
9NFU,ensemble,31,49,0.9473684210526315
9NFU,ensemble,31,50,0.9595141700404858
9NFU,ensemble,31,51,0.951417004048583
9NFU,ensemble,31,52,0.9392712550607287
9NFU,ensemble,31,53,0.9230769230769231
9NFU,ensemble,31,54,0.9392712550607287
9NFU,ensemble,31,55,0.9473684210526315
9NFU,ensemble,31,56,0.9230769230769231
9NFU,ensemble,31,57,0.9554655870445344
9NFU,ensemble,31,58,0.9554655870445344
9NFU,ensemble,31,59,0.9230769230769231
9NFU,ensemble,31,60,0.9433198380566802
9NFU,ensemble,31,61,0.951417004048583
9NFU,ensemble,31,62,0.951417004048583
9NFU,ensemble,31,63,0.9392712550607287
9NFU,ensemble,31,64,0.951417004048583
9NFU,ensemble,31,65,0.951417004048583
9NFU,ensemble,31,66,0.9311740890688259
9NFU,ensemble,31,67,0.9473684210526315
9NFU,ensemble,31,68,0.9271255060728745
9NFU,ensemble,31,69,0.9352226720647774
9NFU,ensemble,31,70,0.9554655870445344
9NFU,ensemble,31,71,0.9595141700404858
9NFU,ensemble,31,72,0.951417004048583
9NFU,ensemble,31,73,0.9635627530364372
9NFU,ensemble,31,74,0.9311740890688259
9NFU,ensemble,31,75,0.9433198380566802
9NFU,ensemble,31,76,0.9149797570850202
9NFU,ensemble,31,77,0.9352226720647774
9NFU,ensemble,31,78,0.9676113360323887
9NFU,ensemble,31,79,0.9352226720647774
9NFU,ensemble,31,80,0.9554655870445344
9NFU,ensemble,31,81,0.9311740890688259
9NFU,ensemble,31,82,0.9190283400809717
9NFU,ensemble,31,83,0.9271255060728745
9NFU,ensemble,31,84,0.9473684210526315
9NFU,ensemble,31,85,0.9392712550607287
9NFU,ensemble,31,86,0.9271255060728745
9NFU,ensemble,31,87,0.9554655870445344
9NFU,ensemble,31,88,0.9392712550607287
9NFU,ensemble,31,89,0.9190283400809717
9NFU,ensemble,31,90,0.9433198380566802
9NFU,ensemble,31,91,0.9595141700404858
9NFU,ensemble,31,92,0.9311740890688259
9NFU,ensemble,31,93,0.9473684210526315
9NFU,ensemble,31,94,0.9554655870445344
9NFU,ensemble,31,95,0.9595141700404858
9NFU,ensemble,31,96,0.9311740890688259
9NFU,ensemble,31,97,0.9230769230769231
9NFU,ensemble,31,98,0.9595141700404858
9NFU,ensemble,31,99,0.9554655870445344
9NFU,ensemble,32,33,0.9352226720647774
9NFU,ensemble,32,34,0.9433198380566802
9NFU,ensemble,32,35,0.9554655870445344
9NFU,ensemble,32,36,0.9433198380566802
9NFU,ensemble,32,37,0.9392712550607287
9NFU,ensemble,32,38,0.9595141700404858
9NFU,ensemble,32,39,0.9433198380566802
9NFU,ensemble,32,40,0.9595141700404858
9NFU,ensemble,32,41,0.97165991902834
9NFU,ensemble,32,42,0.9595141700404858
9NFU,ensemble,32,43,0.979757085020243
9NFU,ensemble,32,44,0.9433198380566802
9NFU,ensemble,32,45,0.9311740890688259
9NFU,ensemble,32,46,0.9676113360323887
9NFU,ensemble,32,47,0.9635627530364372
9NFU,ensemble,32,48,0.979757085020243
9NFU,ensemble,32,49,0.9554655870445344
9NFU,ensemble,32,50,0.9473684210526315
9NFU,ensemble,32,51,0.951417004048583
9NFU,ensemble,32,52,0.9433198380566802
9NFU,ensemble,32,53,0.97165991902834
9NFU,ensemble,32,54,0.979757085020243
9NFU,ensemble,32,55,0.9595141700404858
9NFU,ensemble,32,56,0.9392712550607287
9NFU,ensemble,32,57,0.9635627530364372
9NFU,ensemble,32,58,0.9635627530364372
9NFU,ensemble,32,59,0.9838056680161943
9NFU,ensemble,32,60,0.97165991902834
9NFU,ensemble,32,61,0.9433198380566802
9NFU,ensemble,32,62,0.9554655870445344
9NFU,ensemble,32,63,0.9635627530364372
9NFU,ensemble,32,64,0.9554655870445344
9NFU,ensemble,32,65,0.951417004048583
9NFU,ensemble,32,66,0.97165991902834
9NFU,ensemble,32,67,0.9554655870445344
9NFU,ensemble,32,68,0.9635627530364372
9NFU,ensemble,32,69,0.9433198380566802
9NFU,ensemble,32,70,0.9595141700404858
9NFU,ensemble,32,71,0.9595141700404858
9NFU,ensemble,32,72,0.9635627530364372
9NFU,ensemble,32,73,0.9554655870445344
9NFU,ensemble,32,74,0.951417004048583
9NFU,ensemble,32,75,0.9635627530364372
9NFU,ensemble,32,76,0.9635627530364372
9NFU,ensemble,32,77,0.9635627530364372
9NFU,ensemble,32,78,0.9473684210526315
9NFU,ensemble,32,79,0.951417004048583
9NFU,ensemble,32,80,0.9554655870445344
9NFU,ensemble,32,81,0.9433198380566802
9NFU,ensemble,32,82,0.9635627530364372
9NFU,ensemble,32,83,0.9595141700404858
9NFU,ensemble,32,84,0.9676113360323887
9NFU,ensemble,32,85,0.979757085020243
9NFU,ensemble,32,86,0.9595141700404858
9NFU,ensemble,32,87,0.951417004048583
9NFU,ensemble,32,88,0.97165991902834
9NFU,ensemble,32,89,0.9595141700404858
9NFU,ensemble,32,90,0.9635627530364372
9NFU,ensemble,32,91,0.9392712550607287
9NFU,ensemble,32,92,0.9757085020242915
9NFU,ensemble,32,93,0.97165991902834
9NFU,ensemble,32,94,0.9595141700404858
9NFU,ensemble,32,95,0.9392712550607287
9NFU,ensemble,32,96,0.97165991902834
9NFU,ensemble,32,97,0.979757085020243
9NFU,ensemble,32,98,0.9635627530364372
9NFU,ensemble,32,99,0.951417004048583
9NFU,ensemble,33,34,0.951417004048583
9NFU,ensemble,33,35,0.9433198380566802
9NFU,ensemble,33,36,0.9595141700404858
9NFU,ensemble,33,37,0.9433198380566802
9NFU,ensemble,33,38,0.9433198380566802
9NFU,ensemble,33,39,0.9635627530364372
9NFU,ensemble,33,40,0.951417004048583
9NFU,ensemble,33,41,0.9554655870445344
9NFU,ensemble,33,42,0.9554655870445344
9NFU,ensemble,33,43,0.9271255060728745
9NFU,ensemble,33,44,0.9757085020242915
9NFU,ensemble,33,45,0.9352226720647774
9NFU,ensemble,33,46,0.9595141700404858
9NFU,ensemble,33,47,0.9433198380566802
9NFU,ensemble,33,48,0.9473684210526315
9NFU,ensemble,33,49,0.9392712550607287
9NFU,ensemble,33,50,0.951417004048583
9NFU,ensemble,33,51,0.9473684210526315
9NFU,ensemble,33,52,0.9473684210526315
9NFU,ensemble,33,53,0.9311740890688259
9NFU,ensemble,33,54,0.9473684210526315
9NFU,ensemble,33,55,0.9473684210526315
9NFU,ensemble,33,56,0.9392712550607287
9NFU,ensemble,33,57,0.9554655870445344
9NFU,ensemble,33,58,0.951417004048583
9NFU,ensemble,33,59,0.9311740890688259
9NFU,ensemble,33,60,0.9433198380566802
9NFU,ensemble,33,61,0.9635627530364372
9NFU,ensemble,33,62,0.9352226720647774
9NFU,ensemble,33,63,0.951417004048583
9NFU,ensemble,33,64,0.9433198380566802
9NFU,ensemble,33,65,0.9676113360323887
9NFU,ensemble,33,66,0.9311740890688259
9NFU,ensemble,33,67,0.9635627530364372
9NFU,ensemble,33,68,0.9230769230769231
9NFU,ensemble,33,69,0.9311740890688259
9NFU,ensemble,33,70,0.9554655870445344
9NFU,ensemble,33,71,0.951417004048583
9NFU,ensemble,33,72,0.9473684210526315
9NFU,ensemble,33,73,0.9595141700404858
9NFU,ensemble,33,74,0.9473684210526315
9NFU,ensemble,33,75,0.9595141700404858
9NFU,ensemble,33,76,0.9271255060728745
9NFU,ensemble,33,77,0.9352226720647774
9NFU,ensemble,33,78,0.9595141700404858
9NFU,ensemble,33,79,0.9352226720647774
9NFU,ensemble,33,80,0.9595141700404858
9NFU,ensemble,33,81,0.9473684210526315
9NFU,ensemble,33,82,0.9230769230769231
9NFU,ensemble,33,83,0.9392712550607287
9NFU,ensemble,33,84,0.9554655870445344
9NFU,ensemble,33,85,0.9352226720647774
9NFU,ensemble,33,86,0.9392712550607287
9NFU,ensemble,33,87,0.951417004048583
9NFU,ensemble,33,88,0.9271255060728745
9NFU,ensemble,33,89,0.9230769230769231
9NFU,ensemble,33,90,0.9676113360323887
9NFU,ensemble,33,91,0.951417004048583
9NFU,ensemble,33,92,0.9392712550607287
9NFU,ensemble,33,93,0.9352226720647774
9NFU,ensemble,33,94,0.9676113360323887
9NFU,ensemble,33,95,0.9676113360323887
9NFU,ensemble,33,96,0.9271255060728745
9NFU,ensemble,33,97,0.9190283400809717
9NFU,ensemble,33,98,0.9392712550607287
9NFU,ensemble,33,99,0.9554655870445344
9NFU,ensemble,34,35,0.951417004048583
9NFU,ensemble,34,36,0.9433198380566802
9NFU,ensemble,34,37,0.951417004048583
9NFU,ensemble,34,38,0.9230769230769231
9NFU,ensemble,34,39,0.9635627530364372
9NFU,ensemble,34,40,0.951417004048583
9NFU,ensemble,34,41,0.9392712550607287
9NFU,ensemble,34,42,0.9311740890688259
9NFU,ensemble,34,43,0.9433198380566802
9NFU,ensemble,34,44,0.9392712550607287
9NFU,ensemble,34,45,0.9352226720647774
9NFU,ensemble,34,46,0.9676113360323887
9NFU,ensemble,34,47,0.9271255060728745
9NFU,ensemble,34,48,0.9433198380566802
9NFU,ensemble,34,49,0.9311740890688259
9NFU,ensemble,34,50,0.9433198380566802
9NFU,ensemble,34,51,0.9433198380566802
9NFU,ensemble,34,52,0.951417004048583
9NFU,ensemble,34,53,0.9392712550607287
9NFU,ensemble,34,54,0.9271255060728745
9NFU,ensemble,34,55,0.951417004048583
9NFU,ensemble,34,56,0.951417004048583
9NFU,ensemble,34,57,0.9473684210526315
9NFU,ensemble,34,58,0.9433198380566802
9NFU,ensemble,34,59,0.9554655870445344
9NFU,ensemble,34,60,0.9433198380566802
9NFU,ensemble,34,61,0.9392712550607287
9NFU,ensemble,34,62,0.9311740890688259
9NFU,ensemble,34,63,0.9676113360323887
9NFU,ensemble,34,64,0.9352226720647774
9NFU,ensemble,34,65,0.9554655870445344
9NFU,ensemble,34,66,0.9271255060728745
9NFU,ensemble,34,67,0.9676113360323887
9NFU,ensemble,34,68,0.951417004048583
9NFU,ensemble,34,69,0.9149797570850202
9NFU,ensemble,34,70,0.9433198380566802
9NFU,ensemble,34,71,0.951417004048583
9NFU,ensemble,34,72,0.951417004048583
9NFU,ensemble,34,73,0.9271255060728745
9NFU,ensemble,34,74,0.9473684210526315
9NFU,ensemble,34,75,0.9635627530364372
9NFU,ensemble,34,76,0.951417004048583
9NFU,ensemble,34,77,0.9392712550607287
9NFU,ensemble,34,78,0.9392712550607287
9NFU,ensemble,34,79,0.9190283400809717
9NFU,ensemble,34,80,0.9635627530364372
9NFU,ensemble,34,81,0.9635627530364372
9NFU,ensemble,34,82,0.951417004048583
9NFU,ensemble,34,83,0.951417004048583
9NFU,ensemble,34,84,0.9554655870445344
9NFU,ensemble,34,85,0.9311740890688259
9NFU,ensemble,34,86,0.9433198380566802
9NFU,ensemble,34,87,0.9352226720647774
9NFU,ensemble,34,88,0.9230769230769231
9NFU,ensemble,34,89,0.9311740890688259
9NFU,ensemble,34,90,0.9554655870445344
9NFU,ensemble,34,91,0.9473684210526315
9NFU,ensemble,34,92,0.9554655870445344
9NFU,ensemble,34,93,0.9311740890688259
9NFU,ensemble,34,94,0.9473684210526315
9NFU,ensemble,34,95,0.951417004048583
9NFU,ensemble,34,96,0.9271255060728745
9NFU,ensemble,34,97,0.9271255060728745
9NFU,ensemble,34,98,0.9311740890688259
9NFU,ensemble,34,99,0.9433198380566802
9NFU,ensemble,35,36,0.9595141700404858
9NFU,ensemble,35,37,0.9595141700404858
9NFU,ensemble,35,38,0.9554655870445344
9NFU,ensemble,35,39,0.951417004048583
9NFU,ensemble,35,40,0.9554655870445344
9NFU,ensemble,35,41,0.9473684210526315
9NFU,ensemble,35,42,0.9352226720647774
9NFU,ensemble,35,43,0.9595141700404858
9NFU,ensemble,35,44,0.9595141700404858
9NFU,ensemble,35,45,0.9433198380566802
9NFU,ensemble,35,46,0.9838056680161943
9NFU,ensemble,35,47,0.9554655870445344
9NFU,ensemble,35,48,0.9635627530364372
9NFU,ensemble,35,49,0.9676113360323887
9NFU,ensemble,35,50,0.97165991902834
9NFU,ensemble,35,51,0.9554655870445344
9NFU,ensemble,35,52,0.951417004048583
9NFU,ensemble,35,53,0.9554655870445344
9NFU,ensemble,35,54,0.9473684210526315
9NFU,ensemble,35,55,0.9635627530364372
9NFU,ensemble,35,56,0.9473684210526315
9NFU,ensemble,35,57,0.979757085020243
9NFU,ensemble,35,58,0.97165991902834
9NFU,ensemble,35,59,0.9595141700404858
9NFU,ensemble,35,60,0.951417004048583
9NFU,ensemble,35,61,0.9595141700404858
9NFU,ensemble,35,62,0.9635627530364372
9NFU,ensemble,35,63,0.979757085020243
9NFU,ensemble,35,64,0.97165991902834
9NFU,ensemble,35,65,0.9595141700404858
9NFU,ensemble,35,66,0.9433198380566802
9NFU,ensemble,35,67,0.9595141700404858
9NFU,ensemble,35,68,0.951417004048583
9NFU,ensemble,35,69,0.9433198380566802
9NFU,ensemble,35,70,0.9595141700404858
9NFU,ensemble,35,71,0.9838056680161943
9NFU,ensemble,35,72,0.9554655870445344
9NFU,ensemble,35,73,0.9311740890688259
9NFU,ensemble,35,74,0.9473684210526315
9NFU,ensemble,35,75,0.979757085020243
9NFU,ensemble,35,76,0.9352226720647774
9NFU,ensemble,35,77,0.9473684210526315
9NFU,ensemble,35,78,0.9757085020242915
9NFU,ensemble,35,79,0.9433198380566802
9NFU,ensemble,35,80,0.9757085020242915
9NFU,ensemble,35,81,0.951417004048583
9NFU,ensemble,35,82,0.951417004048583
9NFU,ensemble,35,83,0.9433198380566802
9NFU,ensemble,35,84,0.979757085020243
9NFU,ensemble,35,85,0.9595141700404858
9NFU,ensemble,35,86,0.9433198380566802
9NFU,ensemble,35,87,0.9473684210526315
9NFU,ensemble,35,88,0.951417004048583
9NFU,ensemble,35,89,0.9473684210526315
9NFU,ensemble,35,90,0.9473684210526315
9NFU,ensemble,35,91,0.9554655870445344
9NFU,ensemble,35,92,0.951417004048583
9NFU,ensemble,35,93,0.9676113360323887
9NFU,ensemble,35,94,0.9676113360323887
9NFU,ensemble,35,95,0.951417004048583
9NFU,ensemble,35,96,0.9554655870445344
9NFU,ensemble,35,97,0.951417004048583
9NFU,ensemble,35,98,0.9595141700404858
9NFU,ensemble,35,99,0.951417004048583
9NFU,ensemble,36,37,0.9392712550607287
9NFU,ensemble,36,38,0.9473684210526315
9NFU,ensemble,36,39,0.9554655870445344
9NFU,ensemble,36,40,0.951417004048583
9NFU,ensemble,36,41,0.951417004048583
9NFU,ensemble,36,42,0.9311740890688259
9NFU,ensemble,36,43,0.9392712550607287
9NFU,ensemble,36,44,0.9676113360323887
9NFU,ensemble,36,45,0.9433198380566802
9NFU,ensemble,36,46,0.9676113360323887
9NFU,ensemble,36,47,0.951417004048583
9NFU,ensemble,36,48,0.9473684210526315
9NFU,ensemble,36,49,0.951417004048583
9NFU,ensemble,36,50,0.97165991902834
9NFU,ensemble,36,51,0.9554655870445344
9NFU,ensemble,36,52,0.951417004048583
9NFU,ensemble,36,53,0.9433198380566802
9NFU,ensemble,36,54,0.9433198380566802
9NFU,ensemble,36,55,0.9676113360323887
9NFU,ensemble,36,56,0.9433198380566802
9NFU,ensemble,36,57,0.9635627530364372
9NFU,ensemble,36,58,0.9595141700404858
9NFU,ensemble,36,59,0.9392712550607287
9NFU,ensemble,36,60,0.9595141700404858
9NFU,ensemble,36,61,0.9595141700404858
9NFU,ensemble,36,62,0.951417004048583
9NFU,ensemble,36,63,0.9595141700404858
9NFU,ensemble,36,64,0.9554655870445344
9NFU,ensemble,36,65,0.9595141700404858
9NFU,ensemble,36,66,0.9311740890688259
9NFU,ensemble,36,67,0.9635627530364372
9NFU,ensemble,36,68,0.9352226720647774
9NFU,ensemble,36,69,0.9230769230769231
9NFU,ensemble,36,70,0.9635627530364372
9NFU,ensemble,36,71,0.9757085020242915
9NFU,ensemble,36,72,0.97165991902834
9NFU,ensemble,36,73,0.9554655870445344
9NFU,ensemble,36,74,0.951417004048583
9NFU,ensemble,36,75,0.9676113360323887
9NFU,ensemble,36,76,0.9271255060728745
9NFU,ensemble,36,77,0.9433198380566802
9NFU,ensemble,36,78,0.9595141700404858
9NFU,ensemble,36,79,0.9352226720647774
9NFU,ensemble,36,80,0.9595141700404858
9NFU,ensemble,36,81,0.9554655870445344
9NFU,ensemble,36,82,0.9311740890688259
9NFU,ensemble,36,83,0.9352226720647774
9NFU,ensemble,36,84,0.97165991902834
9NFU,ensemble,36,85,0.9433198380566802
9NFU,ensemble,36,86,0.9352226720647774
9NFU,ensemble,36,87,0.9757085020242915
9NFU,ensemble,36,88,0.9392712550607287
9NFU,ensemble,36,89,0.9271255060728745
9NFU,ensemble,36,90,0.9554655870445344
9NFU,ensemble,36,91,0.97165991902834
9NFU,ensemble,36,92,0.9392712550607287
9NFU,ensemble,36,93,0.9433198380566802
9NFU,ensemble,36,94,0.9635627530364372
9NFU,ensemble,36,95,0.9554655870445344
9NFU,ensemble,36,96,0.9352226720647774
9NFU,ensemble,36,97,0.9311740890688259
9NFU,ensemble,36,98,0.951417004048583
9NFU,ensemble,36,99,0.9838056680161943
9NFU,ensemble,37,38,0.9392712550607287
9NFU,ensemble,37,39,0.9392712550607287
9NFU,ensemble,37,40,0.951417004048583
9NFU,ensemble,37,41,0.9352226720647774
9NFU,ensemble,37,42,0.9311740890688259
9NFU,ensemble,37,43,0.9433198380566802
9NFU,ensemble,37,44,0.951417004048583
9NFU,ensemble,37,45,0.9149797570850202
9NFU,ensemble,37,46,0.9635627530364372
9NFU,ensemble,37,47,0.9433198380566802
9NFU,ensemble,37,48,0.951417004048583
9NFU,ensemble,37,49,0.9554655870445344
9NFU,ensemble,37,50,0.9554655870445344
9NFU,ensemble,37,51,0.9554655870445344
9NFU,ensemble,37,52,0.9311740890688259
9NFU,ensemble,37,53,0.951417004048583
9NFU,ensemble,37,54,0.9392712550607287
9NFU,ensemble,37,55,0.9473684210526315
9NFU,ensemble,37,56,0.9352226720647774
9NFU,ensemble,37,57,0.9676113360323887
9NFU,ensemble,37,58,0.9554655870445344
9NFU,ensemble,37,59,0.9433198380566802
9NFU,ensemble,37,60,0.9271255060728745
9NFU,ensemble,37,61,0.9473684210526315
9NFU,ensemble,37,62,0.9392712550607287
9NFU,ensemble,37,63,0.9554655870445344
9NFU,ensemble,37,64,0.9554655870445344
9NFU,ensemble,37,65,0.9473684210526315
9NFU,ensemble,37,66,0.9311740890688259
9NFU,ensemble,37,67,0.9352226720647774
9NFU,ensemble,37,68,0.951417004048583
9NFU,ensemble,37,69,0.9311740890688259
9NFU,ensemble,37,70,0.951417004048583
9NFU,ensemble,37,71,0.9595141700404858
9NFU,ensemble,37,72,0.9352226720647774
9NFU,ensemble,37,73,0.9230769230769231
9NFU,ensemble,37,74,0.9392712550607287
9NFU,ensemble,37,75,0.9676113360323887
9NFU,ensemble,37,76,0.9433198380566802
9NFU,ensemble,37,77,0.9433198380566802
9NFU,ensemble,37,78,0.951417004048583
9NFU,ensemble,37,79,0.9311740890688259
9NFU,ensemble,37,80,0.9554655870445344
9NFU,ensemble,37,81,0.9311740890688259
9NFU,ensemble,37,82,0.9433198380566802
9NFU,ensemble,37,83,0.9392712550607287
9NFU,ensemble,37,84,0.9635627530364372
9NFU,ensemble,37,85,0.9392712550607287
9NFU,ensemble,37,86,0.9311740890688259
9NFU,ensemble,37,87,0.9433198380566802
9NFU,ensemble,37,88,0.9433198380566802
9NFU,ensemble,37,89,0.9271255060728745
9NFU,ensemble,37,90,0.9392712550607287
9NFU,ensemble,37,91,0.9311740890688259
9NFU,ensemble,37,92,0.9433198380566802
9NFU,ensemble,37,93,0.9433198380566802
9NFU,ensemble,37,94,0.9554655870445344
9NFU,ensemble,37,95,0.9473684210526315
9NFU,ensemble,37,96,0.9433198380566802
9NFU,ensemble,37,97,0.9392712550607287
9NFU,ensemble,37,98,0.9352226720647774
9NFU,ensemble,37,99,0.9433198380566802
9NFU,ensemble,38,39,0.9352226720647774
9NFU,ensemble,38,40,0.9433198380566802
9NFU,ensemble,38,41,0.9757085020242915
9NFU,ensemble,38,42,0.9676113360323887
9NFU,ensemble,38,43,0.9554655870445344
9NFU,ensemble,38,44,0.951417004048583
9NFU,ensemble,38,45,0.9433198380566802
9NFU,ensemble,38,46,0.9473684210526315
9NFU,ensemble,38,47,0.9878542510121457
9NFU,ensemble,38,48,0.9676113360323887
9NFU,ensemble,38,49,0.9473684210526315
9NFU,ensemble,38,50,0.9676113360323887
9NFU,ensemble,38,51,0.9554655870445344
9NFU,ensemble,38,52,0.9392712550607287
9NFU,ensemble,38,53,0.9554655870445344
9NFU,ensemble,38,54,0.9676113360323887
9NFU,ensemble,38,55,0.9352226720647774
9NFU,ensemble,38,56,0.9271255060728745
9NFU,ensemble,38,57,0.9595141700404858
9NFU,ensemble,38,58,0.9676113360323887
9NFU,ensemble,38,59,0.9473684210526315
9NFU,ensemble,38,60,0.9595141700404858
9NFU,ensemble,38,61,0.9554655870445344
9NFU,ensemble,38,62,0.9635627530364372
9NFU,ensemble,38,63,0.9433198380566802
9NFU,ensemble,38,64,0.9554655870445344
9NFU,ensemble,38,65,0.951417004048583
9NFU,ensemble,38,66,0.9595141700404858
9NFU,ensemble,38,67,0.9433198380566802
9NFU,ensemble,38,68,0.951417004048583
9NFU,ensemble,38,69,0.9635627530364372
9NFU,ensemble,38,70,0.951417004048583
9NFU,ensemble,38,71,0.9635627530364372
9NFU,ensemble,38,72,0.951417004048583
9NFU,ensemble,38,73,0.9676113360323887
9NFU,ensemble,38,74,0.9311740890688259
9NFU,ensemble,38,75,0.9473684210526315
9NFU,ensemble,38,76,0.9473684210526315
9NFU,ensemble,38,77,0.9635627530364372
9NFU,ensemble,38,78,0.9676113360323887
9NFU,ensemble,38,79,0.9595141700404858
9NFU,ensemble,38,80,0.951417004048583
9NFU,ensemble,38,81,0.9311740890688259
9NFU,ensemble,38,82,0.9554655870445344
9NFU,ensemble,38,83,0.9635627530364372
9NFU,ensemble,38,84,0.951417004048583
9NFU,ensemble,38,85,0.97165991902834
9NFU,ensemble,38,86,0.9635627530364372
9NFU,ensemble,38,87,0.951417004048583
9NFU,ensemble,38,88,0.97165991902834
9NFU,ensemble,38,89,0.951417004048583
9NFU,ensemble,38,90,0.9433198380566802
9NFU,ensemble,38,91,0.9433198380566802
9NFU,ensemble,38,92,0.9473684210526315
9NFU,ensemble,38,93,0.979757085020243
9NFU,ensemble,38,94,0.9595141700404858
9NFU,ensemble,38,95,0.951417004048583
9NFU,ensemble,38,96,0.9635627530364372
9NFU,ensemble,38,97,0.9554655870445344
9NFU,ensemble,38,98,0.9838056680161943
9NFU,ensemble,38,99,0.9311740890688259
9NFU,ensemble,39,40,0.9595141700404858
9NFU,ensemble,39,41,0.9433198380566802
9NFU,ensemble,39,42,0.9311740890688259
9NFU,ensemble,39,43,0.9433198380566802
9NFU,ensemble,39,44,0.9433198380566802
9NFU,ensemble,39,45,0.9433198380566802
9NFU,ensemble,39,46,0.9676113360323887
9NFU,ensemble,39,47,0.9392712550607287
9NFU,ensemble,39,48,0.9554655870445344
9NFU,ensemble,39,49,0.9311740890688259
9NFU,ensemble,39,50,0.9433198380566802
9NFU,ensemble,39,51,0.9554655870445344
9NFU,ensemble,39,52,0.9554655870445344
9NFU,ensemble,39,53,0.9433198380566802
9NFU,ensemble,39,54,0.9311740890688259
9NFU,ensemble,39,55,0.9635627530364372
9NFU,ensemble,39,56,0.9554655870445344
9NFU,ensemble,39,57,0.9554655870445344
9NFU,ensemble,39,58,0.951417004048583
9NFU,ensemble,39,59,0.9433198380566802
9NFU,ensemble,39,60,0.9595141700404858
9NFU,ensemble,39,61,0.9352226720647774
9NFU,ensemble,39,62,0.9433198380566802
9NFU,ensemble,39,63,0.9595141700404858
9NFU,ensemble,39,64,0.9473684210526315
9NFU,ensemble,39,65,0.9433198380566802
9NFU,ensemble,39,66,0.9230769230769231
9NFU,ensemble,39,67,0.97165991902834
9NFU,ensemble,39,68,0.9230769230769231
9NFU,ensemble,39,69,0.9230769230769231
9NFU,ensemble,39,70,0.9635627530364372
9NFU,ensemble,39,71,0.9554655870445344
9NFU,ensemble,39,72,0.9676113360323887
9NFU,ensemble,39,73,0.9473684210526315
9NFU,ensemble,39,74,0.9473684210526315
9NFU,ensemble,39,75,0.9635627530364372
9NFU,ensemble,39,76,0.9352226720647774
9NFU,ensemble,39,77,0.9271255060728745
9NFU,ensemble,39,78,0.9352226720647774
9NFU,ensemble,39,79,0.9190283400809717
9NFU,ensemble,39,80,0.9635627530364372
9NFU,ensemble,39,81,0.9676113360323887
9NFU,ensemble,39,82,0.9352226720647774
9NFU,ensemble,39,83,0.9352226720647774
9NFU,ensemble,39,84,0.9554655870445344
9NFU,ensemble,39,85,0.9433198380566802
9NFU,ensemble,39,86,0.9352226720647774
9NFU,ensemble,39,87,0.9554655870445344
9NFU,ensemble,39,88,0.9392712550607287
9NFU,ensemble,39,89,0.9352226720647774
9NFU,ensemble,39,90,0.97165991902834
9NFU,ensemble,39,91,0.9595141700404858
9NFU,ensemble,39,92,0.951417004048583
9NFU,ensemble,39,93,0.9433198380566802
9NFU,ensemble,39,94,0.9554655870445344
9NFU,ensemble,39,95,0.9595141700404858
9NFU,ensemble,39,96,0.9311740890688259
9NFU,ensemble,39,97,0.9271255060728745
9NFU,ensemble,39,98,0.9473684210526315
9NFU,ensemble,39,99,0.9554655870445344
9NFU,ensemble,40,41,0.951417004048583
9NFU,ensemble,40,42,0.9433198380566802
9NFU,ensemble,40,43,0.951417004048583
9NFU,ensemble,40,44,0.9433198380566802
9NFU,ensemble,40,45,0.9352226720647774
9NFU,ensemble,40,46,0.97165991902834
9NFU,ensemble,40,47,0.9473684210526315
9NFU,ensemble,40,48,0.9757085020242915
9NFU,ensemble,40,49,0.9392712550607287
9NFU,ensemble,40,50,0.9473684210526315
9NFU,ensemble,40,51,0.9757085020242915
9NFU,ensemble,40,52,0.9554655870445344
9NFU,ensemble,40,53,0.9595141700404858
9NFU,ensemble,40,54,0.9473684210526315
9NFU,ensemble,40,55,0.9635627530364372
9NFU,ensemble,40,56,0.9433198380566802
9NFU,ensemble,40,57,0.9676113360323887
9NFU,ensemble,40,58,0.97165991902834
9NFU,ensemble,40,59,0.9595141700404858
9NFU,ensemble,40,60,0.9635627530364372
9NFU,ensemble,40,61,0.9433198380566802
9NFU,ensemble,40,62,0.9676113360323887
9NFU,ensemble,40,63,0.9635627530364372
9NFU,ensemble,40,64,0.9554655870445344
9NFU,ensemble,40,65,0.951417004048583
9NFU,ensemble,40,66,0.9392712550607287
9NFU,ensemble,40,67,0.9595141700404858
9NFU,ensemble,40,68,0.9473684210526315
9NFU,ensemble,40,69,0.9311740890688259
9NFU,ensemble,40,70,0.97165991902834
9NFU,ensemble,40,71,0.9595141700404858
9NFU,ensemble,40,72,0.9635627530364372
9NFU,ensemble,40,73,0.9473684210526315
9NFU,ensemble,40,74,0.9595141700404858
9NFU,ensemble,40,75,0.9676113360323887
9NFU,ensemble,40,76,0.951417004048583
9NFU,ensemble,40,77,0.9392712550607287
9NFU,ensemble,40,78,0.9433198380566802
9NFU,ensemble,40,79,0.9311740890688259
9NFU,ensemble,40,80,0.97165991902834
9NFU,ensemble,40,81,0.9595141700404858
9NFU,ensemble,40,82,0.9433198380566802
9NFU,ensemble,40,83,0.9433198380566802
9NFU,ensemble,40,84,0.97165991902834
9NFU,ensemble,40,85,0.9595141700404858
9NFU,ensemble,40,86,0.9433198380566802
9NFU,ensemble,40,87,0.9635627530364372
9NFU,ensemble,40,88,0.951417004048583
9NFU,ensemble,40,89,0.951417004048583
9NFU,ensemble,40,90,0.97165991902834
9NFU,ensemble,40,91,0.9473684210526315
9NFU,ensemble,40,92,0.9676113360323887
9NFU,ensemble,40,93,0.9554655870445344
9NFU,ensemble,40,94,0.9635627530364372
9NFU,ensemble,40,95,0.9635627530364372
9NFU,ensemble,40,96,0.951417004048583
9NFU,ensemble,40,97,0.9433198380566802
9NFU,ensemble,40,98,0.9554655870445344
9NFU,ensemble,40,99,0.9554655870445344
9NFU,ensemble,41,42,0.9757085020242915
9NFU,ensemble,41,43,0.9635627530364372
9NFU,ensemble,41,44,0.9635627530364372
9NFU,ensemble,41,45,0.9352226720647774
9NFU,ensemble,41,46,0.9635627530364372
9NFU,ensemble,41,47,0.9757085020242915
9NFU,ensemble,41,48,0.9676113360323887
9NFU,ensemble,41,49,0.9433198380566802
9NFU,ensemble,41,50,0.9595141700404858
9NFU,ensemble,41,51,0.9473684210526315
9NFU,ensemble,41,52,0.9352226720647774
9NFU,ensemble,41,53,0.9676113360323887
9NFU,ensemble,41,54,0.9757085020242915
9NFU,ensemble,41,55,0.9554655870445344
9NFU,ensemble,41,56,0.9352226720647774
9NFU,ensemble,41,57,0.951417004048583
9NFU,ensemble,41,58,0.9595141700404858
9NFU,ensemble,41,59,0.9595141700404858
9NFU,ensemble,41,60,0.9676113360323887
9NFU,ensemble,41,61,0.9595141700404858
9NFU,ensemble,41,62,0.9473684210526315
9NFU,ensemble,41,63,0.9554655870445344
9NFU,ensemble,41,64,0.9473684210526315
9NFU,ensemble,41,65,0.97165991902834
9NFU,ensemble,41,66,0.9676113360323887
9NFU,ensemble,41,67,0.951417004048583
9NFU,ensemble,41,68,0.951417004048583
9NFU,ensemble,41,69,0.9595141700404858
9NFU,ensemble,41,70,0.951417004048583
9NFU,ensemble,41,71,0.9595141700404858
9NFU,ensemble,41,72,0.9635627530364372
9NFU,ensemble,41,73,0.979757085020243
9NFU,ensemble,41,74,0.9392712550607287
9NFU,ensemble,41,75,0.9635627530364372
9NFU,ensemble,41,76,0.9554655870445344
9NFU,ensemble,41,77,0.9676113360323887
9NFU,ensemble,41,78,0.9635627530364372
9NFU,ensemble,41,79,0.9635627530364372
9NFU,ensemble,41,80,0.9595141700404858
9NFU,ensemble,41,81,0.9433198380566802
9NFU,ensemble,41,82,0.9595141700404858
9NFU,ensemble,41,83,0.9757085020242915
9NFU,ensemble,41,84,0.9595141700404858
9NFU,ensemble,41,85,0.9635627530364372
9NFU,ensemble,41,86,0.9757085020242915
9NFU,ensemble,41,87,0.9473684210526315
9NFU,ensemble,41,88,0.9595141700404858
9NFU,ensemble,41,89,0.951417004048583
9NFU,ensemble,41,90,0.951417004048583
9NFU,ensemble,41,91,0.9392712550607287
9NFU,ensemble,41,92,0.951417004048583
9NFU,ensemble,41,93,0.9635627530364372
9NFU,ensemble,41,94,0.9635627530364372
9NFU,ensemble,41,95,0.9676113360323887
9NFU,ensemble,41,96,0.9635627530364372
9NFU,ensemble,41,97,0.9554655870445344
9NFU,ensemble,41,98,0.9635627530364372
9NFU,ensemble,41,99,0.9433198380566802
9NFU,ensemble,42,43,0.9595141700404858
9NFU,ensemble,42,44,0.9554655870445344
9NFU,ensemble,42,45,0.9190283400809717
9NFU,ensemble,42,46,0.9473684210526315
9NFU,ensemble,42,47,0.97165991902834
9NFU,ensemble,42,48,0.9635627530364372
9NFU,ensemble,42,49,0.9311740890688259
9NFU,ensemble,42,50,0.9392712550607287
9NFU,ensemble,42,51,0.9352226720647774
9NFU,ensemble,42,52,0.9311740890688259
9NFU,ensemble,42,53,0.9595141700404858
9NFU,ensemble,42,54,0.97165991902834
9NFU,ensemble,42,55,0.9311740890688259
9NFU,ensemble,42,56,0.9271255060728745
9NFU,ensemble,42,57,0.9433198380566802
9NFU,ensemble,42,58,0.9554655870445344
9NFU,ensemble,42,59,0.9554655870445344
9NFU,ensemble,42,60,0.9554655870445344
9NFU,ensemble,42,61,0.951417004048583
9NFU,ensemble,42,62,0.9392712550607287
9NFU,ensemble,42,63,0.9554655870445344
9NFU,ensemble,42,64,0.9392712550607287
9NFU,ensemble,42,65,0.9635627530364372
9NFU,ensemble,42,66,0.9595141700404858
9NFU,ensemble,42,67,0.9392712550607287
9NFU,ensemble,42,68,0.9554655870445344
9NFU,ensemble,42,69,0.9676113360323887
9NFU,ensemble,42,70,0.9473684210526315
9NFU,ensemble,42,71,0.9392712550607287
9NFU,ensemble,42,72,0.9433198380566802
9NFU,ensemble,42,73,0.9676113360323887
9NFU,ensemble,42,74,0.9271255060728745
9NFU,ensemble,42,75,0.9473684210526315
9NFU,ensemble,42,76,0.9635627530364372
9NFU,ensemble,42,77,0.97165991902834
9NFU,ensemble,42,78,0.951417004048583
9NFU,ensemble,42,79,0.9635627530364372
9NFU,ensemble,42,80,0.9433198380566802
9NFU,ensemble,42,81,0.9230769230769231
9NFU,ensemble,42,82,0.9635627530364372
9NFU,ensemble,42,83,0.9757085020242915
9NFU,ensemble,42,84,0.9433198380566802
9NFU,ensemble,42,85,0.9676113360323887
9NFU,ensemble,42,86,0.9757085020242915
9NFU,ensemble,42,87,0.9352226720647774
9NFU,ensemble,42,88,0.9554655870445344
9NFU,ensemble,42,89,0.9676113360323887
9NFU,ensemble,42,90,0.9433198380566802
9NFU,ensemble,42,91,0.9190283400809717
9NFU,ensemble,42,92,0.9554655870445344
9NFU,ensemble,42,93,0.9676113360323887
9NFU,ensemble,42,94,0.9635627530364372
9NFU,ensemble,42,95,0.951417004048583
9NFU,ensemble,42,96,0.9595141700404858
9NFU,ensemble,42,97,0.9554655870445344
9NFU,ensemble,42,98,0.9554655870445344
9NFU,ensemble,42,99,0.9271255060728745
9NFU,ensemble,43,44,0.9352226720647774
9NFU,ensemble,43,45,0.9271255060728745
9NFU,ensemble,43,46,0.9676113360323887
9NFU,ensemble,43,47,0.9595141700404858
9NFU,ensemble,43,48,0.9676113360323887
9NFU,ensemble,43,49,0.9433198380566802
9NFU,ensemble,43,50,0.9433198380566802
9NFU,ensemble,43,51,0.9473684210526315
9NFU,ensemble,43,52,0.9392712550607287
9NFU,ensemble,43,53,0.9838056680161943
9NFU,ensemble,43,54,0.9676113360323887
9NFU,ensemble,43,55,0.951417004048583
9NFU,ensemble,43,56,0.9473684210526315
9NFU,ensemble,43,57,0.951417004048583
9NFU,ensemble,43,58,0.9595141700404858
9NFU,ensemble,43,59,0.9757085020242915
9NFU,ensemble,43,60,0.9676113360323887
9NFU,ensemble,43,61,0.9392712550607287
9NFU,ensemble,43,62,0.9473684210526315
9NFU,ensemble,43,63,0.9635627530364372
9NFU,ensemble,43,64,0.9433198380566802
9NFU,ensemble,43,65,0.9433198380566802
9NFU,ensemble,43,66,0.9676113360323887
9NFU,ensemble,43,67,0.9473684210526315
9NFU,ensemble,43,68,0.9635627530364372
9NFU,ensemble,43,69,0.9554655870445344
9NFU,ensemble,43,70,0.9473684210526315
9NFU,ensemble,43,71,0.9554655870445344
9NFU,ensemble,43,72,0.9635627530364372
9NFU,ensemble,43,73,0.9473684210526315
9NFU,ensemble,43,74,0.9392712550607287
9NFU,ensemble,43,75,0.9635627530364372
9NFU,ensemble,43,76,0.9676113360323887
9NFU,ensemble,43,77,0.9676113360323887
9NFU,ensemble,43,78,0.9433198380566802
9NFU,ensemble,43,79,0.9554655870445344
9NFU,ensemble,43,80,0.9554655870445344
9NFU,ensemble,43,81,0.9433198380566802
9NFU,ensemble,43,82,0.9838056680161943
9NFU,ensemble,43,83,0.9676113360323887
9NFU,ensemble,43,84,0.9595141700404858
9NFU,ensemble,43,85,0.9757085020242915
9NFU,ensemble,43,86,0.9676113360323887
9NFU,ensemble,43,87,0.9392712550607287
9NFU,ensemble,43,88,0.9635627530364372
9NFU,ensemble,43,89,0.9676113360323887
9NFU,ensemble,43,90,0.9473684210526315
9NFU,ensemble,43,91,0.9352226720647774
9NFU,ensemble,43,92,0.9676113360323887
9NFU,ensemble,43,93,0.9757085020242915
9NFU,ensemble,43,94,0.951417004048583
9NFU,ensemble,43,95,0.9392712550607287
9NFU,ensemble,43,96,0.979757085020243
9NFU,ensemble,43,97,0.979757085020243
9NFU,ensemble,43,98,0.9595141700404858
9NFU,ensemble,43,99,0.9352226720647774
9NFU,ensemble,44,45,0.9311740890688259
9NFU,ensemble,44,46,0.9676113360323887
9NFU,ensemble,44,47,0.951417004048583
9NFU,ensemble,44,48,0.9473684210526315
9NFU,ensemble,44,49,0.9554655870445344
9NFU,ensemble,44,50,0.9676113360323887
9NFU,ensemble,44,51,0.9433198380566802
9NFU,ensemble,44,52,0.9311740890688259
9NFU,ensemble,44,53,0.9392712550607287
9NFU,ensemble,44,54,0.9554655870445344
9NFU,ensemble,44,55,0.9635627530364372
9NFU,ensemble,44,56,0.9271255060728745
9NFU,ensemble,44,57,0.9635627530364372
9NFU,ensemble,44,58,0.951417004048583
9NFU,ensemble,44,59,0.9392712550607287
9NFU,ensemble,44,60,0.9433198380566802
9NFU,ensemble,44,61,0.97165991902834
9NFU,ensemble,44,62,0.9311740890688259
9NFU,ensemble,44,63,0.9595141700404858
9NFU,ensemble,44,64,0.951417004048583
9NFU,ensemble,44,65,0.9757085020242915
9NFU,ensemble,44,66,0.9433198380566802
9NFU,ensemble,44,67,0.9473684210526315
9NFU,ensemble,44,68,0.9311740890688259
9NFU,ensemble,44,69,0.9392712550607287
9NFU,ensemble,44,70,0.9554655870445344
9NFU,ensemble,44,71,0.9676113360323887
9NFU,ensemble,44,72,0.9554655870445344
9NFU,ensemble,44,73,0.9595141700404858
9NFU,ensemble,44,74,0.9352226720647774
9NFU,ensemble,44,75,0.9676113360323887
9NFU,ensemble,44,76,0.9271255060728745
9NFU,ensemble,44,77,0.9433198380566802
9NFU,ensemble,44,78,0.9757085020242915
9NFU,ensemble,44,79,0.951417004048583
9NFU,ensemble,44,80,0.9676113360323887
9NFU,ensemble,44,81,0.9352226720647774
9NFU,ensemble,44,82,0.9311740890688259
9NFU,ensemble,44,83,0.9473684210526315
9NFU,ensemble,44,84,0.9635627530364372
9NFU,ensemble,44,85,0.9352226720647774
9NFU,ensemble,44,86,0.9473684210526315
9NFU,ensemble,44,87,0.9433198380566802
9NFU,ensemble,44,88,0.9352226720647774
9NFU,ensemble,44,89,0.9230769230769231
9NFU,ensemble,44,90,0.9473684210526315
9NFU,ensemble,44,91,0.9554655870445344
9NFU,ensemble,44,92,0.9311740890688259
9NFU,ensemble,44,93,0.9433198380566802
9NFU,ensemble,44,94,0.9676113360323887
9NFU,ensemble,44,95,0.9595141700404858
9NFU,ensemble,44,96,0.9433198380566802
9NFU,ensemble,44,97,0.9352226720647774
9NFU,ensemble,44,98,0.9392712550607287
9NFU,ensemble,44,99,0.9635627530364372
9NFU,ensemble,45,46,0.9392712550607287
9NFU,ensemble,45,47,0.9392712550607287
9NFU,ensemble,45,48,0.9352226720647774
9NFU,ensemble,45,49,0.9311740890688259
9NFU,ensemble,45,50,0.9433198380566802
9NFU,ensemble,45,51,0.9473684210526315
9NFU,ensemble,45,52,0.9554655870445344
9NFU,ensemble,45,53,0.9230769230769231
9NFU,ensemble,45,54,0.9311740890688259
9NFU,ensemble,45,55,0.9271255060728745
9NFU,ensemble,45,56,0.9595141700404858
9NFU,ensemble,45,57,0.9433198380566802
9NFU,ensemble,45,58,0.9392712550607287
9NFU,ensemble,45,59,0.9230769230769231
9NFU,ensemble,45,60,0.9392712550607287
9NFU,ensemble,45,61,0.9311740890688259
9NFU,ensemble,45,62,0.9392712550607287
9NFU,ensemble,45,63,0.9352226720647774
9NFU,ensemble,45,64,0.9392712550607287
9NFU,ensemble,45,65,0.9311740890688259
9NFU,ensemble,45,66,0.9271255060728745
9NFU,ensemble,45,67,0.9595141700404858
9NFU,ensemble,45,68,0.9190283400809717
9NFU,ensemble,45,69,0.9190283400809717
9NFU,ensemble,45,70,0.9352226720647774
9NFU,ensemble,45,71,0.9554655870445344
9NFU,ensemble,45,72,0.9392712550607287
9NFU,ensemble,45,73,0.9271255060728745
9NFU,ensemble,45,74,0.951417004048583
9NFU,ensemble,45,75,0.9352226720647774
9NFU,ensemble,45,76,0.9109311740890689
9NFU,ensemble,45,77,0.9230769230769231
9NFU,ensemble,45,78,0.9433198380566802
9NFU,ensemble,45,79,0.9190283400809717
9NFU,ensemble,45,80,0.951417004048583
9NFU,ensemble,45,81,0.9676113360323887
9NFU,ensemble,45,82,0.9190283400809717
9NFU,ensemble,45,83,0.9190283400809717
9NFU,ensemble,45,84,0.9433198380566802
9NFU,ensemble,45,85,0.9311740890688259
9NFU,ensemble,45,86,0.9190283400809717
9NFU,ensemble,45,87,0.9392712550607287
9NFU,ensemble,45,88,0.9352226720647774
9NFU,ensemble,45,89,0.9149797570850202
9NFU,ensemble,45,90,0.9392712550607287
9NFU,ensemble,45,91,0.9595141700404858
9NFU,ensemble,45,92,0.9230769230769231
9NFU,ensemble,45,93,0.9392712550607287
9NFU,ensemble,45,94,0.9352226720647774
9NFU,ensemble,45,95,0.9311740890688259
9NFU,ensemble,45,96,0.9352226720647774
9NFU,ensemble,45,97,0.9271255060728745
9NFU,ensemble,45,98,0.951417004048583
9NFU,ensemble,45,99,0.9352226720647774
9NFU,ensemble,46,47,0.951417004048583
9NFU,ensemble,46,48,0.97165991902834
9NFU,ensemble,46,49,0.9595141700404858
9NFU,ensemble,46,50,0.97165991902834
9NFU,ensemble,46,51,0.9595141700404858
9NFU,ensemble,46,52,0.9554655870445344
9NFU,ensemble,46,53,0.9676113360323887
9NFU,ensemble,46,54,0.9554655870445344
9NFU,ensemble,46,55,0.979757085020243
9NFU,ensemble,46,56,0.9554655870445344
9NFU,ensemble,46,57,0.979757085020243
9NFU,ensemble,46,58,0.97165991902834
9NFU,ensemble,46,59,0.97165991902834
9NFU,ensemble,46,60,0.9635627530364372
9NFU,ensemble,46,61,0.9676113360323887
9NFU,ensemble,46,62,0.951417004048583
9NFU,ensemble,46,63,0.9919028340080972
9NFU,ensemble,46,64,0.9676113360323887
9NFU,ensemble,46,65,0.9757085020242915
9NFU,ensemble,46,66,0.9473684210526315
9NFU,ensemble,46,67,0.97165991902834
9NFU,ensemble,46,68,0.951417004048583
9NFU,ensemble,46,69,0.9392712550607287
9NFU,ensemble,46,70,0.97165991902834
9NFU,ensemble,46,71,0.9838056680161943
9NFU,ensemble,46,72,0.97165991902834
9NFU,ensemble,46,73,0.9433198380566802
9NFU,ensemble,46,74,0.9554655870445344
9NFU,ensemble,46,75,0.9959514170040485
9NFU,ensemble,46,76,0.951417004048583
9NFU,ensemble,46,77,0.951417004048583
9NFU,ensemble,46,78,0.9676113360323887
9NFU,ensemble,46,79,0.9433198380566802
9NFU,ensemble,46,80,0.9838056680161943
9NFU,ensemble,46,81,0.9676113360323887
9NFU,ensemble,46,82,0.9595141700404858
9NFU,ensemble,46,83,0.9595141700404858
9NFU,ensemble,46,84,0.9878542510121457
9NFU,ensemble,46,85,0.9595141700404858
9NFU,ensemble,46,86,0.9595141700404858
9NFU,ensemble,46,87,0.9554655870445344
9NFU,ensemble,46,88,0.951417004048583
9NFU,ensemble,46,89,0.951417004048583
9NFU,ensemble,46,90,0.9635627530364372
9NFU,ensemble,46,91,0.9554655870445344
9NFU,ensemble,46,92,0.9635627530364372
9NFU,ensemble,46,93,0.9595141700404858
9NFU,ensemble,46,94,0.979757085020243
9NFU,ensemble,46,95,0.9676113360323887
9NFU,ensemble,46,96,0.9554655870445344
9NFU,ensemble,46,97,0.951417004048583
9NFU,ensemble,46,98,0.951417004048583
9NFU,ensemble,46,99,0.9676113360323887
9NFU,ensemble,47,48,0.9676113360323887
9NFU,ensemble,47,49,0.9473684210526315
9NFU,ensemble,47,50,0.9676113360323887
9NFU,ensemble,47,51,0.9595141700404858
9NFU,ensemble,47,52,0.9433198380566802
9NFU,ensemble,47,53,0.9595141700404858
9NFU,ensemble,47,54,0.9635627530364372
9NFU,ensemble,47,55,0.9392712550607287
9NFU,ensemble,47,56,0.9352226720647774
9NFU,ensemble,47,57,0.9635627530364372
9NFU,ensemble,47,58,0.9676113360323887
9NFU,ensemble,47,59,0.951417004048583
9NFU,ensemble,47,60,0.9676113360323887
9NFU,ensemble,47,61,0.9473684210526315
9NFU,ensemble,47,62,0.9635627530364372
9NFU,ensemble,47,63,0.951417004048583
9NFU,ensemble,47,64,0.9635627530364372
9NFU,ensemble,47,65,0.951417004048583
9NFU,ensemble,47,66,0.9595141700404858
9NFU,ensemble,47,67,0.951417004048583
9NFU,ensemble,47,68,0.951417004048583
9NFU,ensemble,47,69,0.9676113360323887
9NFU,ensemble,47,70,0.9595141700404858
9NFU,ensemble,47,71,0.9676113360323887
9NFU,ensemble,47,72,0.9554655870445344
9NFU,ensemble,47,73,0.9676113360323887
9NFU,ensemble,47,74,0.9352226720647774
9NFU,ensemble,47,75,0.951417004048583
9NFU,ensemble,47,76,0.951417004048583
9NFU,ensemble,47,77,0.97165991902834
9NFU,ensemble,47,78,0.9635627530364372
9NFU,ensemble,47,79,0.9676113360323887
9NFU,ensemble,47,80,0.9473684210526315
9NFU,ensemble,47,81,0.9352226720647774
9NFU,ensemble,47,82,0.9554655870445344
9NFU,ensemble,47,83,0.9554655870445344
9NFU,ensemble,47,84,0.9554655870445344
9NFU,ensemble,47,85,0.97165991902834
9NFU,ensemble,47,86,0.9554655870445344
9NFU,ensemble,47,87,0.9554655870445344
9NFU,ensemble,47,88,0.979757085020243
9NFU,ensemble,47,89,0.9595141700404858
9NFU,ensemble,47,90,0.9473684210526315
9NFU,ensemble,47,91,0.9473684210526315
9NFU,ensemble,47,92,0.951417004048583
9NFU,ensemble,47,93,0.979757085020243
9NFU,ensemble,47,94,0.9635627530364372
9NFU,ensemble,47,95,0.951417004048583
9NFU,ensemble,47,96,0.9635627530364372
9NFU,ensemble,47,97,0.9635627530364372
9NFU,ensemble,47,98,0.979757085020243
9NFU,ensemble,47,99,0.9352226720647774
9NFU,ensemble,48,49,0.951417004048583
9NFU,ensemble,48,50,0.951417004048583
9NFU,ensemble,48,51,0.9676113360323887
9NFU,ensemble,48,52,0.9554655870445344
9NFU,ensemble,48,53,0.97165991902834
9NFU,ensemble,48,54,0.9676113360323887
9NFU,ensemble,48,55,0.9595141700404858
9NFU,ensemble,48,56,0.9433198380566802
9NFU,ensemble,48,57,0.97165991902834
9NFU,ensemble,48,58,0.979757085020243
9NFU,ensemble,48,59,0.9676113360323887
9NFU,ensemble,48,60,0.9676113360323887
9NFU,ensemble,48,61,0.9473684210526315
9NFU,ensemble,48,62,0.9676113360323887
9NFU,ensemble,48,63,0.9676113360323887
9NFU,ensemble,48,64,0.9635627530364372
9NFU,ensemble,48,65,0.9554655870445344
9NFU,ensemble,48,66,0.9554655870445344
9NFU,ensemble,48,67,0.9595141700404858
9NFU,ensemble,48,68,0.9635627530364372
9NFU,ensemble,48,69,0.9473684210526315
9NFU,ensemble,48,70,0.9757085020242915
9NFU,ensemble,48,71,0.9635627530364372
9NFU,ensemble,48,72,0.9676113360323887
9NFU,ensemble,48,73,0.9595141700404858
9NFU,ensemble,48,74,0.9554655870445344
9NFU,ensemble,48,75,0.9676113360323887
9NFU,ensemble,48,76,0.9595141700404858
9NFU,ensemble,48,77,0.9595141700404858
9NFU,ensemble,48,78,0.9554655870445344
9NFU,ensemble,48,79,0.9473684210526315
9NFU,ensemble,48,80,0.9595141700404858
9NFU,ensemble,48,81,0.9473684210526315
9NFU,ensemble,48,82,0.9595141700404858
9NFU,ensemble,48,83,0.9554655870445344
9NFU,ensemble,48,84,0.9757085020242915
9NFU,ensemble,48,85,0.9838056680161943
9NFU,ensemble,48,86,0.9554655870445344
9NFU,ensemble,48,87,0.9595141700404858
9NFU,ensemble,48,88,0.97165991902834
9NFU,ensemble,48,89,0.9635627530364372
9NFU,ensemble,48,90,0.97165991902834
9NFU,ensemble,48,91,0.9433198380566802
9NFU,ensemble,48,92,0.9676113360323887
9NFU,ensemble,48,93,0.979757085020243
9NFU,ensemble,48,94,0.97165991902834
9NFU,ensemble,48,95,0.951417004048583
9NFU,ensemble,48,96,0.97165991902834
9NFU,ensemble,48,97,0.9635627530364372
9NFU,ensemble,48,98,0.97165991902834
9NFU,ensemble,48,99,0.951417004048583
9NFU,ensemble,49,50,0.9635627530364372
9NFU,ensemble,49,51,0.9473684210526315
9NFU,ensemble,49,52,0.9352226720647774
9NFU,ensemble,49,53,0.9392712550607287
9NFU,ensemble,49,54,0.951417004048583
9NFU,ensemble,49,55,0.9554655870445344
9NFU,ensemble,49,56,0.9311740890688259
9NFU,ensemble,49,57,0.97165991902834
9NFU,ensemble,49,58,0.9635627530364372
9NFU,ensemble,49,59,0.951417004048583
9NFU,ensemble,49,60,0.9352226720647774
9NFU,ensemble,49,61,0.9635627530364372
9NFU,ensemble,49,62,0.9473684210526315
9NFU,ensemble,49,63,0.9554655870445344
9NFU,ensemble,49,64,0.979757085020243
9NFU,ensemble,49,65,0.9473684210526315
9NFU,ensemble,49,66,0.9433198380566802
9NFU,ensemble,49,67,0.9473684210526315
9NFU,ensemble,49,68,0.9433198380566802
9NFU,ensemble,49,69,0.9190283400809717
9NFU,ensemble,49,70,0.951417004048583
9NFU,ensemble,49,71,0.97165991902834
9NFU,ensemble,49,72,0.9352226720647774
9NFU,ensemble,49,73,0.9271255060728745
9NFU,ensemble,49,74,0.9433198380566802
9NFU,ensemble,49,75,0.9635627530364372
9NFU,ensemble,49,76,0.9230769230769231
9NFU,ensemble,49,77,0.9392712550607287
9NFU,ensemble,49,78,0.9635627530364372
9NFU,ensemble,49,79,0.9473684210526315
9NFU,ensemble,49,80,0.951417004048583
9NFU,ensemble,49,81,0.9311740890688259
9NFU,ensemble,49,82,0.9271255060728745
9NFU,ensemble,49,83,0.9230769230769231
9NFU,ensemble,49,84,0.9676113360323887
9NFU,ensemble,49,85,0.951417004048583
9NFU,ensemble,49,86,0.9230769230769231
9NFU,ensemble,49,87,0.951417004048583
9NFU,ensemble,49,88,0.9473684210526315
9NFU,ensemble,49,89,0.9230769230769231
9NFU,ensemble,49,90,0.9392712550607287
9NFU,ensemble,49,91,0.9433198380566802
9NFU,ensemble,49,92,0.9433198380566802
9NFU,ensemble,49,93,0.951417004048583
9NFU,ensemble,49,94,0.9554655870445344
9NFU,ensemble,49,95,0.9392712550607287
9NFU,ensemble,49,96,0.9433198380566802
9NFU,ensemble,49,97,0.951417004048583
9NFU,ensemble,49,98,0.9473684210526315
9NFU,ensemble,49,99,0.951417004048583
9NFU,ensemble,50,51,0.9595141700404858
9NFU,ensemble,50,52,0.9433198380566802
9NFU,ensemble,50,53,0.9473684210526315
9NFU,ensemble,50,54,0.9473684210526315
9NFU,ensemble,50,55,0.9554655870445344
9NFU,ensemble,50,56,0.9352226720647774
9NFU,ensemble,50,57,0.9757085020242915
9NFU,ensemble,50,58,0.9635627530364372
9NFU,ensemble,50,59,0.9433198380566802
9NFU,ensemble,50,60,0.9473684210526315
9NFU,ensemble,50,61,0.979757085020243
9NFU,ensemble,50,62,0.951417004048583
9NFU,ensemble,50,63,0.9635627530364372
9NFU,ensemble,50,64,0.9676113360323887
9NFU,ensemble,50,65,0.9757085020242915
9NFU,ensemble,50,66,0.9433198380566802
9NFU,ensemble,50,67,0.9595141700404858
9NFU,ensemble,50,68,0.9433198380566802
9NFU,ensemble,50,69,0.9352226720647774
9NFU,ensemble,50,70,0.9595141700404858
9NFU,ensemble,50,71,0.9878542510121457
9NFU,ensemble,50,72,0.951417004048583
9NFU,ensemble,50,73,0.9392712550607287
9NFU,ensemble,50,74,0.9433198380566802
9NFU,ensemble,50,75,0.97165991902834
9NFU,ensemble,50,76,0.9311740890688259
9NFU,ensemble,50,77,0.951417004048583
9NFU,ensemble,50,78,0.9838056680161943
9NFU,ensemble,50,79,0.951417004048583
9NFU,ensemble,50,80,0.9635627530364372
9NFU,ensemble,50,81,0.9473684210526315
9NFU,ensemble,50,82,0.9433198380566802
9NFU,ensemble,50,83,0.9473684210526315
9NFU,ensemble,50,84,0.9757085020242915
9NFU,ensemble,50,85,0.9473684210526315
9NFU,ensemble,50,86,0.9554655870445344
9NFU,ensemble,50,87,0.9554655870445344
9NFU,ensemble,50,88,0.951417004048583
9NFU,ensemble,50,89,0.9311740890688259
9NFU,ensemble,50,90,0.9433198380566802
9NFU,ensemble,50,91,0.9595141700404858
9NFU,ensemble,50,92,0.9352226720647774
9NFU,ensemble,50,93,0.9554655870445344
9NFU,ensemble,50,94,0.9676113360323887
9NFU,ensemble,50,95,0.9554655870445344
9NFU,ensemble,50,96,0.9473684210526315
9NFU,ensemble,50,97,0.9433198380566802
9NFU,ensemble,50,98,0.9554655870445344
9NFU,ensemble,50,99,0.9554655870445344
9NFU,ensemble,51,52,0.9554655870445344
9NFU,ensemble,51,53,0.9554655870445344
9NFU,ensemble,51,54,0.9473684210526315
9NFU,ensemble,51,55,0.9554655870445344
9NFU,ensemble,51,56,0.9433198380566802
9NFU,ensemble,51,57,0.97165991902834
9NFU,ensemble,51,58,0.9676113360323887
9NFU,ensemble,51,59,0.9473684210526315
9NFU,ensemble,51,60,0.9554655870445344
9NFU,ensemble,51,61,0.9392712550607287
9NFU,ensemble,51,62,0.9757085020242915
9NFU,ensemble,51,63,0.951417004048583
9NFU,ensemble,51,64,0.9635627530364372
9NFU,ensemble,51,65,0.9433198380566802
9NFU,ensemble,51,66,0.9392712550607287
9NFU,ensemble,51,67,0.9635627530364372
9NFU,ensemble,51,68,0.9433198380566802
9NFU,ensemble,51,69,0.9311740890688259
9NFU,ensemble,51,70,0.97165991902834
9NFU,ensemble,51,71,0.97165991902834
9NFU,ensemble,51,72,0.9595141700404858
9NFU,ensemble,51,73,0.9433198380566802
9NFU,ensemble,51,74,0.9635627530364372
9NFU,ensemble,51,75,0.9554655870445344
9NFU,ensemble,51,76,0.9352226720647774
9NFU,ensemble,51,77,0.9352226720647774
9NFU,ensemble,51,78,0.9473684210526315
9NFU,ensemble,51,79,0.9352226720647774
9NFU,ensemble,51,80,0.9676113360323887
9NFU,ensemble,51,81,0.9554655870445344
9NFU,ensemble,51,82,0.9392712550607287
9NFU,ensemble,51,83,0.9311740890688259
9NFU,ensemble,51,84,0.9676113360323887
9NFU,ensemble,51,85,0.9554655870445344
9NFU,ensemble,51,86,0.9311740890688259
9NFU,ensemble,51,87,0.9676113360323887
9NFU,ensemble,51,88,0.9676113360323887
9NFU,ensemble,51,89,0.9392712550607287
9NFU,ensemble,51,90,0.97165991902834
9NFU,ensemble,51,91,0.9676113360323887
9NFU,ensemble,51,92,0.9554655870445344
9NFU,ensemble,51,93,0.9595141700404858
9NFU,ensemble,51,94,0.9554655870445344
9NFU,ensemble,51,95,0.9554655870445344
9NFU,ensemble,51,96,0.9595141700404858
9NFU,ensemble,51,97,0.951417004048583
9NFU,ensemble,51,98,0.9676113360323887
9NFU,ensemble,51,99,0.9554655870445344
9NFU,ensemble,52,53,0.9352226720647774
9NFU,ensemble,52,54,0.9352226720647774
9NFU,ensemble,52,55,0.9392712550607287
9NFU,ensemble,52,56,0.9595141700404858
9NFU,ensemble,52,57,0.9595141700404858
9NFU,ensemble,52,58,0.9635627530364372
9NFU,ensemble,52,59,0.9433198380566802
9NFU,ensemble,52,60,0.9433198380566802
9NFU,ensemble,52,61,0.9392712550607287
9NFU,ensemble,52,62,0.951417004048583
9NFU,ensemble,52,63,0.951417004048583
9NFU,ensemble,52,64,0.951417004048583
9NFU,ensemble,52,65,0.9392712550607287
9NFU,ensemble,52,66,0.9271255060728745
9NFU,ensemble,52,67,0.9635627530364372
9NFU,ensemble,52,68,0.9352226720647774
9NFU,ensemble,52,69,0.9230769230769231
9NFU,ensemble,52,70,0.951417004048583
9NFU,ensemble,52,71,0.9554655870445344
9NFU,ensemble,52,72,0.9433198380566802
9NFU,ensemble,52,73,0.9392712550607287
9NFU,ensemble,52,74,0.9635627530364372
9NFU,ensemble,52,75,0.951417004048583
9NFU,ensemble,52,76,0.9311740890688259
9NFU,ensemble,52,77,0.9352226720647774
9NFU,ensemble,52,78,0.9433198380566802
9NFU,ensemble,52,79,0.9230769230769231
9NFU,ensemble,52,80,0.951417004048583
9NFU,ensemble,52,81,0.9635627530364372
9NFU,ensemble,52,82,0.9311740890688259
9NFU,ensemble,52,83,0.9230769230769231
9NFU,ensemble,52,84,0.9595141700404858
9NFU,ensemble,52,85,0.951417004048583
9NFU,ensemble,52,86,0.9230769230769231
9NFU,ensemble,52,87,0.9554655870445344
9NFU,ensemble,52,88,0.9392712550607287
9NFU,ensemble,52,89,0.9352226720647774
9NFU,ensemble,52,90,0.9595141700404858
9NFU,ensemble,52,91,0.9554655870445344
9NFU,ensemble,52,92,0.951417004048583
9NFU,ensemble,52,93,0.951417004048583
9NFU,ensemble,52,94,0.9554655870445344
9NFU,ensemble,52,95,0.9433198380566802
9NFU,ensemble,52,96,0.9352226720647774
9NFU,ensemble,52,97,0.9311740890688259
9NFU,ensemble,52,98,0.951417004048583
9NFU,ensemble,52,99,0.9433198380566802
9NFU,ensemble,53,54,0.97165991902834
9NFU,ensemble,53,55,0.9554655870445344
9NFU,ensemble,53,56,0.9473684210526315
9NFU,ensemble,53,57,0.9554655870445344
9NFU,ensemble,53,58,0.9595141700404858
9NFU,ensemble,53,59,0.9676113360323887
9NFU,ensemble,53,60,0.9635627530364372
9NFU,ensemble,53,61,0.9433198380566802
9NFU,ensemble,53,62,0.951417004048583
9NFU,ensemble,53,63,0.9595141700404858
9NFU,ensemble,53,64,0.9433198380566802
9NFU,ensemble,53,65,0.9473684210526315
9NFU,ensemble,53,66,0.9635627530364372
9NFU,ensemble,53,67,0.9433198380566802
9NFU,ensemble,53,68,0.9635627530364372
9NFU,ensemble,53,69,0.9554655870445344
9NFU,ensemble,53,70,0.951417004048583
9NFU,ensemble,53,71,0.9554655870445344
9NFU,ensemble,53,72,0.9635627530364372
9NFU,ensemble,53,73,0.9473684210526315
9NFU,ensemble,53,74,0.9473684210526315
9NFU,ensemble,53,75,0.9676113360323887
9NFU,ensemble,53,76,0.9595141700404858
9NFU,ensemble,53,77,0.9676113360323887
9NFU,ensemble,53,78,0.9433198380566802
9NFU,ensemble,53,79,0.9595141700404858
9NFU,ensemble,53,80,0.9554655870445344
9NFU,ensemble,53,81,0.9433198380566802
9NFU,ensemble,53,82,0.9757085020242915
9NFU,ensemble,53,83,0.97165991902834
9NFU,ensemble,53,84,0.9676113360323887
9NFU,ensemble,53,85,0.9757085020242915
9NFU,ensemble,53,86,0.97165991902834
9NFU,ensemble,53,87,0.9473684210526315
9NFU,ensemble,53,88,0.9635627530364372
9NFU,ensemble,53,89,0.9635627530364372
9NFU,ensemble,53,90,0.951417004048583
9NFU,ensemble,53,91,0.9352226720647774
9NFU,ensemble,53,92,0.9595141700404858
9NFU,ensemble,53,93,0.97165991902834
9NFU,ensemble,53,94,0.951417004048583
9NFU,ensemble,53,95,0.9433198380566802
9NFU,ensemble,53,96,0.979757085020243
9NFU,ensemble,53,97,0.97165991902834
9NFU,ensemble,53,98,0.9554655870445344
9NFU,ensemble,53,99,0.9392712550607287
9NFU,ensemble,54,55,0.9473684210526315
9NFU,ensemble,54,56,0.9392712550607287
9NFU,ensemble,54,57,0.9554655870445344
9NFU,ensemble,54,58,0.9595141700404858
9NFU,ensemble,54,59,0.9635627530364372
9NFU,ensemble,54,60,0.9595141700404858
9NFU,ensemble,54,61,0.9595141700404858
9NFU,ensemble,54,62,0.9473684210526315
9NFU,ensemble,54,63,0.951417004048583
9NFU,ensemble,54,64,0.9473684210526315
9NFU,ensemble,54,65,0.9554655870445344
9NFU,ensemble,54,66,0.9635627530364372
9NFU,ensemble,54,67,0.9433198380566802
9NFU,ensemble,54,68,0.951417004048583
9NFU,ensemble,54,69,0.951417004048583
9NFU,ensemble,54,70,0.9473684210526315
9NFU,ensemble,54,71,0.951417004048583
9NFU,ensemble,54,72,0.951417004048583
9NFU,ensemble,54,73,0.9595141700404858
9NFU,ensemble,54,74,0.9473684210526315
9NFU,ensemble,54,75,0.9554655870445344
9NFU,ensemble,54,76,0.9433198380566802
9NFU,ensemble,54,77,0.9676113360323887
9NFU,ensemble,54,78,0.9554655870445344
9NFU,ensemble,54,79,0.9595141700404858
9NFU,ensemble,54,80,0.951417004048583
9NFU,ensemble,54,81,0.9311740890688259
9NFU,ensemble,54,82,0.9595141700404858
9NFU,ensemble,54,83,0.9635627530364372
9NFU,ensemble,54,84,0.9595141700404858
9NFU,ensemble,54,85,0.97165991902834
9NFU,ensemble,54,86,0.9635627530364372
9NFU,ensemble,54,87,0.9473684210526315
9NFU,ensemble,54,88,0.9676113360323887
9NFU,ensemble,54,89,0.951417004048583
9NFU,ensemble,54,90,0.951417004048583
9NFU,ensemble,54,91,0.9311740890688259
9NFU,ensemble,54,92,0.9554655870445344
9NFU,ensemble,54,93,0.9635627530364372
9NFU,ensemble,54,94,0.9595141700404858
9NFU,ensemble,54,95,0.9433198380566802
9NFU,ensemble,54,96,0.97165991902834
9NFU,ensemble,54,97,0.9676113360323887
9NFU,ensemble,54,98,0.9595141700404858
9NFU,ensemble,54,99,0.9433198380566802
9NFU,ensemble,55,56,0.9392712550607287
9NFU,ensemble,55,57,0.9676113360323887
9NFU,ensemble,55,58,0.9595141700404858
9NFU,ensemble,55,59,0.9635627530364372
9NFU,ensemble,55,60,0.9595141700404858
9NFU,ensemble,55,61,0.9473684210526315
9NFU,ensemble,55,62,0.9473684210526315
9NFU,ensemble,55,63,0.97165991902834
9NFU,ensemble,55,64,0.9635627530364372
9NFU,ensemble,55,65,0.9554655870445344
9NFU,ensemble,55,66,0.9392712550607287
9NFU,ensemble,55,67,0.9595141700404858
9NFU,ensemble,55,68,0.9392712550607287
9NFU,ensemble,55,69,0.9230769230769231
9NFU,ensemble,55,70,0.9757085020242915
9NFU,ensemble,55,71,0.9676113360323887
9NFU,ensemble,55,72,0.9757085020242915
9NFU,ensemble,55,73,0.951417004048583
9NFU,ensemble,55,74,0.9473684210526315
9NFU,ensemble,55,75,0.9757085020242915
9NFU,ensemble,55,76,0.9352226720647774
9NFU,ensemble,55,77,0.9352226720647774
9NFU,ensemble,55,78,0.9473684210526315
9NFU,ensemble,55,79,0.9271255060728745
9NFU,ensemble,55,80,0.97165991902834
9NFU,ensemble,55,81,0.9554655870445344
9NFU,ensemble,55,82,0.9433198380566802
9NFU,ensemble,55,83,0.9433198380566802
9NFU,ensemble,55,84,0.97165991902834
9NFU,ensemble,55,85,0.951417004048583
9NFU,ensemble,55,86,0.9433198380566802
9NFU,ensemble,55,87,0.9595141700404858
9NFU,ensemble,55,88,0.9473684210526315
9NFU,ensemble,55,89,0.9352226720647774
9NFU,ensemble,55,90,0.9635627530364372
9NFU,ensemble,55,91,0.9595141700404858
9NFU,ensemble,55,92,0.9554655870445344
9NFU,ensemble,55,93,0.9433198380566802
9NFU,ensemble,55,94,0.9595141700404858
9NFU,ensemble,55,95,0.9635627530364372
9NFU,ensemble,55,96,0.9433198380566802
9NFU,ensemble,55,97,0.9433198380566802
9NFU,ensemble,55,98,0.9392712550607287
9NFU,ensemble,55,99,0.9757085020242915
9NFU,ensemble,56,57,0.9392712550607287
9NFU,ensemble,56,58,0.951417004048583
9NFU,ensemble,56,59,0.9392712550607287
9NFU,ensemble,56,60,0.9473684210526315
9NFU,ensemble,56,61,0.9311740890688259
9NFU,ensemble,56,62,0.9311740890688259
9NFU,ensemble,56,63,0.9554655870445344
9NFU,ensemble,56,64,0.9352226720647774
9NFU,ensemble,56,65,0.9352226720647774
9NFU,ensemble,56,66,0.9230769230769231
9NFU,ensemble,56,67,0.9635627530364372
9NFU,ensemble,56,68,0.9230769230769231
9NFU,ensemble,56,69,0.9352226720647774
9NFU,ensemble,56,70,0.9392712550607287
9NFU,ensemble,56,71,0.9433198380566802
9NFU,ensemble,56,72,0.9473684210526315
9NFU,ensemble,56,73,0.9271255060728745
9NFU,ensemble,56,74,0.9676113360323887
9NFU,ensemble,56,75,0.9595141700404858
9NFU,ensemble,56,76,0.9230769230769231
9NFU,ensemble,56,77,0.9352226720647774
9NFU,ensemble,56,78,0.9352226720647774
9NFU,ensemble,56,79,0.9230769230769231
9NFU,ensemble,56,80,0.951417004048583
9NFU,ensemble,56,81,0.97165991902834
9NFU,ensemble,56,82,0.9392712550607287
9NFU,ensemble,56,83,0.9311740890688259
9NFU,ensemble,56,84,0.9473684210526315
9NFU,ensemble,56,85,0.9352226720647774
9NFU,ensemble,56,86,0.9311740890688259
9NFU,ensemble,56,87,0.9433198380566802
9NFU,ensemble,56,88,0.9433198380566802
9NFU,ensemble,56,89,0.9392712550607287
9NFU,ensemble,56,90,0.9473684210526315
9NFU,ensemble,56,91,0.9473684210526315
9NFU,ensemble,56,92,0.9392712550607287
9NFU,ensemble,56,93,0.9352226720647774
9NFU,ensemble,56,94,0.9473684210526315
9NFU,ensemble,56,95,0.9392712550607287
9NFU,ensemble,56,96,0.9352226720647774
9NFU,ensemble,56,97,0.9433198380566802
9NFU,ensemble,56,98,0.9352226720647774
9NFU,ensemble,56,99,0.9352226720647774
9NFU,ensemble,57,58,0.9757085020242915
9NFU,ensemble,57,59,0.9595141700404858
9NFU,ensemble,57,60,0.9473684210526315
9NFU,ensemble,57,61,0.9635627530364372
9NFU,ensemble,57,62,0.9635627530364372
9NFU,ensemble,57,63,0.97165991902834
9NFU,ensemble,57,64,0.9878542510121457
9NFU,ensemble,57,65,0.9635627530364372
9NFU,ensemble,57,66,0.9554655870445344
9NFU,ensemble,57,67,0.9595141700404858
9NFU,ensemble,57,68,0.951417004048583
9NFU,ensemble,57,69,0.9392712550607287
9NFU,ensemble,57,70,0.97165991902834
9NFU,ensemble,57,71,0.9878542510121457
9NFU,ensemble,57,72,0.951417004048583
9NFU,ensemble,57,73,0.9392712550607287
9NFU,ensemble,57,74,0.951417004048583
9NFU,ensemble,57,75,0.9757085020242915
9NFU,ensemble,57,76,0.9433198380566802
9NFU,ensemble,57,77,0.9473684210526315
9NFU,ensemble,57,78,0.97165991902834
9NFU,ensemble,57,79,0.9473684210526315
9NFU,ensemble,57,80,0.97165991902834
9NFU,ensemble,57,81,0.9473684210526315
9NFU,ensemble,57,82,0.9433198380566802
9NFU,ensemble,57,83,0.9392712550607287
9NFU,ensemble,57,84,0.9878542510121457
9NFU,ensemble,57,85,0.97165991902834
9NFU,ensemble,57,86,0.9392712550607287
9NFU,ensemble,57,87,0.9676113360323887
9NFU,ensemble,57,88,0.9676113360323887
9NFU,ensemble,57,89,0.9473684210526315
9NFU,ensemble,57,90,0.9676113360323887
9NFU,ensemble,57,91,0.9595141700404858
9NFU,ensemble,57,92,0.9595141700404858
9NFU,ensemble,57,93,0.97165991902834
9NFU,ensemble,57,94,0.9757085020242915
9NFU,ensemble,57,95,0.9554655870445344
9NFU,ensemble,57,96,0.9595141700404858
9NFU,ensemble,57,97,0.9595141700404858
9NFU,ensemble,57,98,0.9635627530364372
9NFU,ensemble,57,99,0.9635627530364372
9NFU,ensemble,58,59,0.9595141700404858
9NFU,ensemble,58,60,0.9554655870445344
9NFU,ensemble,58,61,0.9595141700404858
9NFU,ensemble,58,62,0.97165991902834
9NFU,ensemble,58,63,0.9676113360323887
9NFU,ensemble,58,64,0.9676113360323887
9NFU,ensemble,58,65,0.9595141700404858
9NFU,ensemble,58,66,0.9473684210526315
9NFU,ensemble,58,67,0.9595141700404858
9NFU,ensemble,58,68,0.9595141700404858
9NFU,ensemble,58,69,0.9433198380566802
9NFU,ensemble,58,70,0.97165991902834
9NFU,ensemble,58,71,0.97165991902834
9NFU,ensemble,58,72,0.9554655870445344
9NFU,ensemble,58,73,0.951417004048583
9NFU,ensemble,58,74,0.9635627530364372
9NFU,ensemble,58,75,0.9757085020242915
9NFU,ensemble,58,76,0.9473684210526315
9NFU,ensemble,58,77,0.9595141700404858
9NFU,ensemble,58,78,0.9676113360323887
9NFU,ensemble,58,79,0.9473684210526315
9NFU,ensemble,58,80,0.9635627530364372
9NFU,ensemble,58,81,0.9473684210526315
9NFU,ensemble,58,82,0.951417004048583
9NFU,ensemble,58,83,0.9473684210526315
9NFU,ensemble,58,84,0.9757085020242915
9NFU,ensemble,58,85,0.9757085020242915
9NFU,ensemble,58,86,0.9473684210526315
9NFU,ensemble,58,87,0.97165991902834
9NFU,ensemble,58,88,0.9595141700404858
9NFU,ensemble,58,89,0.9554655870445344
9NFU,ensemble,58,90,0.9635627530364372
9NFU,ensemble,58,91,0.951417004048583
9NFU,ensemble,58,92,0.9595141700404858
9NFU,ensemble,58,93,0.9757085020242915
9NFU,ensemble,58,94,0.9757085020242915
9NFU,ensemble,58,95,0.9595141700404858
9NFU,ensemble,58,96,0.9554655870445344
9NFU,ensemble,58,97,0.951417004048583
9NFU,ensemble,58,98,0.9676113360323887
9NFU,ensemble,58,99,0.9473684210526315
9NFU,ensemble,59,60,0.9635627530364372
9NFU,ensemble,59,61,0.9392712550607287
9NFU,ensemble,59,62,0.951417004048583
9NFU,ensemble,59,63,0.9757085020242915
9NFU,ensemble,59,64,0.951417004048583
9NFU,ensemble,59,65,0.9554655870445344
9NFU,ensemble,59,66,0.9595141700404858
9NFU,ensemble,59,67,0.951417004048583
9NFU,ensemble,59,68,0.9676113360323887
9NFU,ensemble,59,69,0.9392712550607287
9NFU,ensemble,59,70,0.9554655870445344
9NFU,ensemble,59,71,0.9554655870445344
9NFU,ensemble,59,72,0.9595141700404858
9NFU,ensemble,59,73,0.9473684210526315
9NFU,ensemble,59,74,0.9433198380566802
9NFU,ensemble,59,75,0.9676113360323887
9NFU,ensemble,59,76,0.9635627530364372
9NFU,ensemble,59,77,0.951417004048583
9NFU,ensemble,59,78,0.9433198380566802
9NFU,ensemble,59,79,0.9392712550607287
9NFU,ensemble,59,80,0.9595141700404858
9NFU,ensemble,59,81,0.9473684210526315
9NFU,ensemble,59,82,0.9676113360323887
9NFU,ensemble,59,83,0.9635627530364372
9NFU,ensemble,59,84,0.9635627530364372
9NFU,ensemble,59,85,0.9676113360323887
9NFU,ensemble,59,86,0.9635627530364372
9NFU,ensemble,59,87,0.9473684210526315
9NFU,ensemble,59,88,0.9595141700404858
9NFU,ensemble,59,89,0.9595141700404858
9NFU,ensemble,59,90,0.9595141700404858
9NFU,ensemble,59,91,0.9352226720647774
9NFU,ensemble,59,92,0.9919028340080972
9NFU,ensemble,59,93,0.9595141700404858
9NFU,ensemble,59,94,0.9554655870445344
9NFU,ensemble,59,95,0.9433198380566802
9NFU,ensemble,59,96,0.9595141700404858
9NFU,ensemble,59,97,0.9676113360323887
9NFU,ensemble,59,98,0.951417004048583
9NFU,ensemble,59,99,0.9473684210526315
9NFU,ensemble,60,61,0.9352226720647774
9NFU,ensemble,60,62,0.9595141700404858
9NFU,ensemble,60,63,0.9635627530364372
9NFU,ensemble,60,64,0.9473684210526315
9NFU,ensemble,60,65,0.9433198380566802
9NFU,ensemble,60,66,0.9473684210526315
9NFU,ensemble,60,67,0.9676113360323887
9NFU,ensemble,60,68,0.9473684210526315
9NFU,ensemble,60,69,0.9433198380566802
9NFU,ensemble,60,70,0.9676113360323887
9NFU,ensemble,60,71,0.9595141700404858
9NFU,ensemble,60,72,0.9838056680161943
9NFU,ensemble,60,73,0.9676113360323887
9NFU,ensemble,60,74,0.9433198380566802
9NFU,ensemble,60,75,0.9595141700404858
9NFU,ensemble,60,76,0.9554655870445344
9NFU,ensemble,60,77,0.9595141700404858
9NFU,ensemble,60,78,0.9392712550607287
9NFU,ensemble,60,79,0.9433198380566802
9NFU,ensemble,60,80,0.9595141700404858
9NFU,ensemble,60,81,0.9554655870445344
9NFU,ensemble,60,82,0.9595141700404858
9NFU,ensemble,60,83,0.9554655870445344
9NFU,ensemble,60,84,0.9554655870445344
9NFU,ensemble,60,85,0.9635627530364372
9NFU,ensemble,60,86,0.9554655870445344
9NFU,ensemble,60,87,0.9595141700404858
9NFU,ensemble,60,88,0.9676113360323887
9NFU,ensemble,60,89,0.9635627530364372
9NFU,ensemble,60,90,0.9635627530364372
9NFU,ensemble,60,91,0.9554655870445344
9NFU,ensemble,60,92,0.9635627530364372
9NFU,ensemble,60,93,0.9635627530364372
9NFU,ensemble,60,94,0.9554655870445344
9NFU,ensemble,60,95,0.9473684210526315
9NFU,ensemble,60,96,0.9595141700404858
9NFU,ensemble,60,97,0.9595141700404858
9NFU,ensemble,60,98,0.97165991902834
9NFU,ensemble,60,99,0.9595141700404858
9NFU,ensemble,61,62,0.9352226720647774
9NFU,ensemble,61,63,0.9595141700404858
9NFU,ensemble,61,64,0.9595141700404858
9NFU,ensemble,61,65,0.979757085020243
9NFU,ensemble,61,66,0.9433198380566802
9NFU,ensemble,61,67,0.9473684210526315
9NFU,ensemble,61,68,0.9392712550607287
9NFU,ensemble,61,69,0.9311740890688259
9NFU,ensemble,61,70,0.9473684210526315
9NFU,ensemble,61,71,0.9676113360323887
9NFU,ensemble,61,72,0.9392712550607287
9NFU,ensemble,61,73,0.9392712550607287
9NFU,ensemble,61,74,0.9392712550607287
9NFU,ensemble,61,75,0.9676113360323887
9NFU,ensemble,61,76,0.9271255060728745
9NFU,ensemble,61,77,0.951417004048583
9NFU,ensemble,61,78,0.979757085020243
9NFU,ensemble,61,79,0.9554655870445344
9NFU,ensemble,61,80,0.9595141700404858
9NFU,ensemble,61,81,0.9352226720647774
9NFU,ensemble,61,82,0.9392712550607287
9NFU,ensemble,61,83,0.951417004048583
9NFU,ensemble,61,84,0.97165991902834
9NFU,ensemble,61,85,0.9433198380566802
9NFU,ensemble,61,86,0.9595141700404858
9NFU,ensemble,61,87,0.9433198380566802
9NFU,ensemble,61,88,0.9311740890688259
9NFU,ensemble,61,89,0.9271255060728745
9NFU,ensemble,61,90,0.9392712550607287
9NFU,ensemble,61,91,0.9392712550607287
9NFU,ensemble,61,92,0.9311740890688259
9NFU,ensemble,61,93,0.9433198380566802
9NFU,ensemble,61,94,0.9676113360323887
9NFU,ensemble,61,95,0.9554655870445344
9NFU,ensemble,61,96,0.9392712550607287
9NFU,ensemble,61,97,0.9311740890688259
9NFU,ensemble,61,98,0.9392712550607287
9NFU,ensemble,61,99,0.9473684210526315
9NFU,ensemble,62,63,0.9473684210526315
9NFU,ensemble,62,64,0.9595141700404858
9NFU,ensemble,62,65,0.9352226720647774
9NFU,ensemble,62,66,0.9473684210526315
9NFU,ensemble,62,67,0.9554655870445344
9NFU,ensemble,62,68,0.9554655870445344
9NFU,ensemble,62,69,0.9352226720647774
9NFU,ensemble,62,70,0.9676113360323887
9NFU,ensemble,62,71,0.9635627530364372
9NFU,ensemble,62,72,0.951417004048583
9NFU,ensemble,62,73,0.9473684210526315
9NFU,ensemble,62,74,0.951417004048583
9NFU,ensemble,62,75,0.9473684210526315
9NFU,ensemble,62,76,0.9352226720647774
9NFU,ensemble,62,77,0.9433198380566802
9NFU,ensemble,62,78,0.9473684210526315
9NFU,ensemble,62,79,0.9352226720647774
9NFU,ensemble,62,80,0.9554655870445344
9NFU,ensemble,62,81,0.9433198380566802
9NFU,ensemble,62,82,0.9392712550607287
9NFU,ensemble,62,83,0.9311740890688259
9NFU,ensemble,62,84,0.9635627530364372
9NFU,ensemble,62,85,0.9676113360323887
9NFU,ensemble,62,86,0.9311740890688259
9NFU,ensemble,62,87,0.9635627530364372
9NFU,ensemble,62,88,0.9635627530364372
9NFU,ensemble,62,89,0.9473684210526315
9NFU,ensemble,62,90,0.9554655870445344
9NFU,ensemble,62,91,0.951417004048583
9NFU,ensemble,62,92,0.9595141700404858
9NFU,ensemble,62,93,0.9676113360323887
9NFU,ensemble,62,94,0.951417004048583
9NFU,ensemble,62,95,0.9473684210526315
9NFU,ensemble,62,96,0.9554655870445344
9NFU,ensemble,62,97,0.9473684210526315
9NFU,ensemble,62,98,0.9757085020242915
9NFU,ensemble,62,99,0.9473684210526315
9NFU,ensemble,63,64,0.9676113360323887
9NFU,ensemble,63,65,0.9757085020242915
9NFU,ensemble,63,66,0.9392712550607287
9NFU,ensemble,63,67,0.97165991902834
9NFU,ensemble,63,68,0.9554655870445344
9NFU,ensemble,63,69,0.9392712550607287
9NFU,ensemble,63,70,0.97165991902834
9NFU,ensemble,63,71,0.9757085020242915
9NFU,ensemble,63,72,0.9635627530364372
9NFU,ensemble,63,73,0.9392712550607287
9NFU,ensemble,63,74,0.951417004048583
9NFU,ensemble,63,75,0.9878542510121457
9NFU,ensemble,63,76,0.951417004048583
9NFU,ensemble,63,77,0.951417004048583
9NFU,ensemble,63,78,0.9635627530364372
9NFU,ensemble,63,79,0.9352226720647774
9NFU,ensemble,63,80,0.9757085020242915
9NFU,ensemble,63,81,0.9595141700404858
9NFU,ensemble,63,82,0.9635627530364372
9NFU,ensemble,63,83,0.9595141700404858
9NFU,ensemble,63,84,0.979757085020243
9NFU,ensemble,63,85,0.9554655870445344
9NFU,ensemble,63,86,0.9595141700404858
9NFU,ensemble,63,87,0.9473684210526315
9NFU,ensemble,63,88,0.951417004048583
9NFU,ensemble,63,89,0.9595141700404858
9NFU,ensemble,63,90,0.9554655870445344
9NFU,ensemble,63,91,0.9473684210526315
9NFU,ensemble,63,92,0.9676113360323887
9NFU,ensemble,63,93,0.9554655870445344
9NFU,ensemble,63,94,0.979757085020243
9NFU,ensemble,63,95,0.9595141700404858
9NFU,ensemble,63,96,0.951417004048583
9NFU,ensemble,63,97,0.951417004048583
9NFU,ensemble,63,98,0.9473684210526315
9NFU,ensemble,63,99,0.9595141700404858
9NFU,ensemble,64,65,0.951417004048583
9NFU,ensemble,64,66,0.9433198380566802
9NFU,ensemble,64,67,0.9595141700404858
9NFU,ensemble,64,68,0.9433198380566802
9NFU,ensemble,64,69,0.9352226720647774
9NFU,ensemble,64,70,0.97165991902834
9NFU,ensemble,64,71,0.979757085020243
9NFU,ensemble,64,72,0.9433198380566802
9NFU,ensemble,64,73,0.9392712550607287
9NFU,ensemble,64,74,0.9433198380566802
9NFU,ensemble,64,75,0.9635627530364372
9NFU,ensemble,64,76,0.9311740890688259
9NFU,ensemble,64,77,0.9433198380566802
9NFU,ensemble,64,78,0.9635627530364372
9NFU,ensemble,64,79,0.9433198380566802
9NFU,ensemble,64,80,0.9595141700404858
9NFU,ensemble,64,81,0.9392712550607287
9NFU,ensemble,64,82,0.9352226720647774
9NFU,ensemble,64,83,0.9271255060728745
9NFU,ensemble,64,84,0.9757085020242915
9NFU,ensemble,64,85,0.9635627530364372
9NFU,ensemble,64,86,0.9271255060728745
9NFU,ensemble,64,87,0.9595141700404858
9NFU,ensemble,64,88,0.9676113360323887
9NFU,ensemble,64,89,0.9433198380566802
9NFU,ensemble,64,90,0.9554655870445344
9NFU,ensemble,64,91,0.951417004048583
9NFU,ensemble,64,92,0.951417004048583
9NFU,ensemble,64,93,0.9635627530364372
9NFU,ensemble,64,94,0.97165991902834
9NFU,ensemble,64,95,0.951417004048583
9NFU,ensemble,64,96,0.951417004048583
9NFU,ensemble,64,97,0.9554655870445344
9NFU,ensemble,64,98,0.9595141700404858
9NFU,ensemble,64,99,0.9554655870445344
9NFU,ensemble,65,66,0.9473684210526315
9NFU,ensemble,65,67,0.9554655870445344
9NFU,ensemble,65,68,0.9473684210526315
9NFU,ensemble,65,69,0.9392712550607287
9NFU,ensemble,65,70,0.9554655870445344
9NFU,ensemble,65,71,0.9676113360323887
9NFU,ensemble,65,72,0.9473684210526315
9NFU,ensemble,65,73,0.951417004048583
9NFU,ensemble,65,74,0.9433198380566802
9NFU,ensemble,65,75,0.9757085020242915
9NFU,ensemble,65,76,0.9433198380566802
9NFU,ensemble,65,77,0.9473684210526315
9NFU,ensemble,65,78,0.9838056680161943
9NFU,ensemble,65,79,0.9433198380566802
9NFU,ensemble,65,80,0.9676113360323887
9NFU,ensemble,65,81,0.9433198380566802
9NFU,ensemble,65,82,0.9473684210526315
9NFU,ensemble,65,83,0.9635627530364372
9NFU,ensemble,65,84,0.97165991902834
9NFU,ensemble,65,85,0.9433198380566802
9NFU,ensemble,65,86,0.97165991902834
9NFU,ensemble,65,87,0.9433198380566802
9NFU,ensemble,65,88,0.9352226720647774
9NFU,ensemble,65,89,0.9392712550607287
9NFU,ensemble,65,90,0.9473684210526315
9NFU,ensemble,65,91,0.9392712550607287
9NFU,ensemble,65,92,0.9473684210526315
9NFU,ensemble,65,93,0.9433198380566802
9NFU,ensemble,65,94,0.9757085020242915
9NFU,ensemble,65,95,0.9676113360323887
9NFU,ensemble,65,96,0.9433198380566802
9NFU,ensemble,65,97,0.9352226720647774
9NFU,ensemble,65,98,0.9392712550607287
9NFU,ensemble,65,99,0.951417004048583
9NFU,ensemble,66,67,0.9311740890688259
9NFU,ensemble,66,68,0.9595141700404858
9NFU,ensemble,66,69,0.9554655870445344
9NFU,ensemble,66,70,0.9352226720647774
9NFU,ensemble,66,71,0.951417004048583
9NFU,ensemble,66,72,0.9433198380566802
9NFU,ensemble,66,73,0.9473684210526315
9NFU,ensemble,66,74,0.9271255060728745
9NFU,ensemble,66,75,0.9433198380566802
9NFU,ensemble,66,76,0.9554655870445344
9NFU,ensemble,66,77,0.9595141700404858
9NFU,ensemble,66,78,0.951417004048583
9NFU,ensemble,66,79,0.9676113360323887
9NFU,ensemble,66,80,0.9473684210526315
9NFU,ensemble,66,81,0.9230769230769231
9NFU,ensemble,66,82,0.9554655870445344
9NFU,ensemble,66,83,0.9595141700404858
9NFU,ensemble,66,84,0.9554655870445344
9NFU,ensemble,66,85,0.97165991902834
9NFU,ensemble,66,86,0.9595141700404858
9NFU,ensemble,66,87,0.9392712550607287
9NFU,ensemble,66,88,0.9595141700404858
9NFU,ensemble,66,89,0.951417004048583
9NFU,ensemble,66,90,0.9433198380566802
9NFU,ensemble,66,91,0.9311740890688259
9NFU,ensemble,66,92,0.951417004048583
9NFU,ensemble,66,93,0.9676113360323887
9NFU,ensemble,66,94,0.9392712550607287
9NFU,ensemble,66,95,0.9352226720647774
9NFU,ensemble,66,96,0.9676113360323887
9NFU,ensemble,66,97,0.9757085020242915
9NFU,ensemble,66,98,0.9554655870445344
9NFU,ensemble,66,99,0.9311740890688259
9NFU,ensemble,67,68,0.9392712550607287
9NFU,ensemble,67,69,0.9230769230769231
9NFU,ensemble,67,70,0.97165991902834
9NFU,ensemble,67,71,0.97165991902834
9NFU,ensemble,67,72,0.9635627530364372
9NFU,ensemble,67,73,0.9433198380566802
9NFU,ensemble,67,74,0.9635627530364372
9NFU,ensemble,67,75,0.9676113360323887
9NFU,ensemble,67,76,0.9311740890688259
9NFU,ensemble,67,77,0.9433198380566802
9NFU,ensemble,67,78,0.951417004048583
9NFU,ensemble,67,79,0.9271255060728745
9NFU,ensemble,67,80,0.9676113360323887
9NFU,ensemble,67,81,0.9757085020242915
9NFU,ensemble,67,82,0.9392712550607287
9NFU,ensemble,67,83,0.9352226720647774
9NFU,ensemble,67,84,0.9676113360323887
9NFU,ensemble,67,85,0.9473684210526315
9NFU,ensemble,67,86,0.9352226720647774
9NFU,ensemble,67,87,0.9554655870445344
9NFU,ensemble,67,88,0.951417004048583
9NFU,ensemble,67,89,0.9392712550607287
9NFU,ensemble,67,90,0.9676113360323887
9NFU,ensemble,67,91,0.9676113360323887
9NFU,ensemble,67,92,0.951417004048583
9NFU,ensemble,67,93,0.9473684210526315
9NFU,ensemble,67,94,0.9676113360323887
9NFU,ensemble,67,95,0.9554655870445344
9NFU,ensemble,67,96,0.9433198380566802
9NFU,ensemble,67,97,0.9433198380566802
9NFU,ensemble,67,98,0.9554655870445344
9NFU,ensemble,67,99,0.9635627530364372
9NFU,ensemble,68,69,0.9352226720647774
9NFU,ensemble,68,70,0.9473684210526315
9NFU,ensemble,68,71,0.951417004048583
9NFU,ensemble,68,72,0.9392712550607287
9NFU,ensemble,68,73,0.9352226720647774
9NFU,ensemble,68,74,0.9392712550607287
9NFU,ensemble,68,75,0.9473684210526315
9NFU,ensemble,68,76,0.9676113360323887
9NFU,ensemble,68,77,0.97165991902834
9NFU,ensemble,68,78,0.9473684210526315
9NFU,ensemble,68,79,0.9473684210526315
9NFU,ensemble,68,80,0.9392712550607287
9NFU,ensemble,68,81,0.9271255060728745
9NFU,ensemble,68,82,0.97165991902834
9NFU,ensemble,68,83,0.9635627530364372
9NFU,ensemble,68,84,0.9635627530364372
9NFU,ensemble,68,85,0.97165991902834
9NFU,ensemble,68,86,0.9554655870445344
9NFU,ensemble,68,87,0.9392712550607287
9NFU,ensemble,68,88,0.9473684210526315
9NFU,ensemble,68,89,0.9554655870445344
9NFU,ensemble,68,90,0.9433198380566802
9NFU,ensemble,68,91,0.9311740890688259
9NFU,ensemble,68,92,0.9595141700404858
9NFU,ensemble,68,93,0.9676113360323887
9NFU,ensemble,68,94,0.9433198380566802
9NFU,ensemble,68,95,0.9271255060728745
9NFU,ensemble,68,96,0.9635627530364372
9NFU,ensemble,68,97,0.9595141700404858
9NFU,ensemble,68,98,0.951417004048583
9NFU,ensemble,68,99,0.9311740890688259
9NFU,ensemble,69,70,0.9311740890688259
9NFU,ensemble,69,71,0.9352226720647774
9NFU,ensemble,69,72,0.9352226720647774
9NFU,ensemble,69,73,0.951417004048583
9NFU,ensemble,69,74,0.9190283400809717
9NFU,ensemble,69,75,0.9392712550607287
9NFU,ensemble,69,76,0.951417004048583
9NFU,ensemble,69,77,0.9554655870445344
9NFU,ensemble,69,78,0.9473684210526315
9NFU,ensemble,69,79,0.9554655870445344
9NFU,ensemble,69,80,0.9433198380566802
9NFU,ensemble,69,81,0.9190283400809717
9NFU,ensemble,69,82,0.951417004048583
9NFU,ensemble,69,83,0.9595141700404858
9NFU,ensemble,69,84,0.9311740890688259
9NFU,ensemble,69,85,0.9554655870445344
9NFU,ensemble,69,86,0.9595141700404858
9NFU,ensemble,69,87,0.9271255060728745
9NFU,ensemble,69,88,0.9595141700404858
9NFU,ensemble,69,89,0.97165991902834
9NFU,ensemble,69,90,0.9271255060728745
9NFU,ensemble,69,91,0.9149797570850202
9NFU,ensemble,69,92,0.9392712550607287
9NFU,ensemble,69,93,0.9635627530364372
9NFU,ensemble,69,94,0.9473684210526315
9NFU,ensemble,69,95,0.9433198380566802
9NFU,ensemble,69,96,0.9554655870445344
9NFU,ensemble,69,97,0.9595141700404858
9NFU,ensemble,69,98,0.951417004048583
9NFU,ensemble,69,99,0.9109311740890689
9NFU,ensemble,70,71,0.97165991902834
9NFU,ensemble,70,72,0.9635627530364372
9NFU,ensemble,70,73,0.951417004048583
9NFU,ensemble,70,74,0.9554655870445344
9NFU,ensemble,70,75,0.9676113360323887
9NFU,ensemble,70,76,0.9392712550607287
9NFU,ensemble,70,77,0.9433198380566802
9NFU,ensemble,70,78,0.951417004048583
9NFU,ensemble,70,79,0.9271255060728745
9NFU,ensemble,70,80,0.9635627530364372
9NFU,ensemble,70,81,0.951417004048583
9NFU,ensemble,70,82,0.9392712550607287
9NFU,ensemble,70,83,0.9352226720647774
9NFU,ensemble,70,84,0.9757085020242915
9NFU,ensemble,70,85,0.9595141700404858
9NFU,ensemble,70,86,0.9352226720647774
9NFU,ensemble,70,87,0.9676113360323887
9NFU,ensemble,70,88,0.9635627530364372
9NFU,ensemble,70,89,0.9473684210526315
9NFU,ensemble,70,90,0.9676113360323887
9NFU,ensemble,70,91,0.9554655870445344
9NFU,ensemble,70,92,0.9554655870445344
9NFU,ensemble,70,93,0.9554655870445344
9NFU,ensemble,70,94,0.9757085020242915
9NFU,ensemble,70,95,0.9595141700404858
9NFU,ensemble,70,96,0.951417004048583
9NFU,ensemble,70,97,0.9473684210526315
9NFU,ensemble,70,98,0.9554655870445344
9NFU,ensemble,70,99,0.9676113360323887
9NFU,ensemble,71,72,0.9635627530364372
9NFU,ensemble,71,73,0.9392712550607287
9NFU,ensemble,71,74,0.951417004048583
9NFU,ensemble,71,75,0.979757085020243
9NFU,ensemble,71,76,0.9392712550607287
9NFU,ensemble,71,77,0.951417004048583
9NFU,ensemble,71,78,0.9757085020242915
9NFU,ensemble,71,79,0.951417004048583
9NFU,ensemble,71,80,0.9757085020242915
9NFU,ensemble,71,81,0.9595141700404858
9NFU,ensemble,71,82,0.9473684210526315
9NFU,ensemble,71,83,0.9433198380566802
9NFU,ensemble,71,84,0.9878542510121457
9NFU,ensemble,71,85,0.9595141700404858
9NFU,ensemble,71,86,0.9433198380566802
9NFU,ensemble,71,87,0.9635627530364372
9NFU,ensemble,71,88,0.9635627530364372
9NFU,ensemble,71,89,0.9433198380566802
9NFU,ensemble,71,90,0.9554655870445344
9NFU,ensemble,71,91,0.97165991902834
9NFU,ensemble,71,92,0.9473684210526315
9NFU,ensemble,71,93,0.9676113360323887
9NFU,ensemble,71,94,0.97165991902834
9NFU,ensemble,71,95,0.9554655870445344
9NFU,ensemble,71,96,0.9595141700404858
9NFU,ensemble,71,97,0.9554655870445344
9NFU,ensemble,71,98,0.9676113360323887
9NFU,ensemble,71,99,0.9676113360323887
9NFU,ensemble,72,73,0.9676113360323887
9NFU,ensemble,72,74,0.9433198380566802
9NFU,ensemble,72,75,0.9676113360323887
9NFU,ensemble,72,76,0.9473684210526315
9NFU,ensemble,72,77,0.9473684210526315
9NFU,ensemble,72,78,0.9392712550607287
9NFU,ensemble,72,79,0.9392712550607287
9NFU,ensemble,72,80,0.9676113360323887
9NFU,ensemble,72,81,0.9635627530364372
9NFU,ensemble,72,82,0.9554655870445344
9NFU,ensemble,72,83,0.9554655870445344
9NFU,ensemble,72,84,0.9595141700404858
9NFU,ensemble,72,85,0.9554655870445344
9NFU,ensemble,72,86,0.9554655870445344
9NFU,ensemble,72,87,0.9635627530364372
9NFU,ensemble,72,88,0.9554655870445344
9NFU,ensemble,72,89,0.9473684210526315
9NFU,ensemble,72,90,0.9676113360323887
9NFU,ensemble,72,91,0.9676113360323887
9NFU,ensemble,72,92,0.9595141700404858
9NFU,ensemble,72,93,0.9554655870445344
9NFU,ensemble,72,94,0.951417004048583
9NFU,ensemble,72,95,0.9554655870445344
9NFU,ensemble,72,96,0.951417004048583
9NFU,ensemble,72,97,0.9473684210526315
9NFU,ensemble,72,98,0.9635627530364372
9NFU,ensemble,72,99,0.97165991902834
9NFU,ensemble,73,74,0.9311740890688259
9NFU,ensemble,73,75,0.9433198380566802
9NFU,ensemble,73,76,0.9433198380566802
9NFU,ensemble,73,77,0.951417004048583
9NFU,ensemble,73,78,0.9473684210526315
9NFU,ensemble,73,79,0.9433198380566802
9NFU,ensemble,73,80,0.9473684210526315
9NFU,ensemble,73,81,0.9311740890688259
9NFU,ensemble,73,82,0.9433198380566802
9NFU,ensemble,73,83,0.9554655870445344
9NFU,ensemble,73,84,0.9392712550607287
9NFU,ensemble,73,85,0.9554655870445344
9NFU,ensemble,73,86,0.9554655870445344
9NFU,ensemble,73,87,0.951417004048583
9NFU,ensemble,73,88,0.951417004048583
9NFU,ensemble,73,89,0.9433198380566802
9NFU,ensemble,73,90,0.9554655870445344
9NFU,ensemble,73,91,0.9433198380566802
9NFU,ensemble,73,92,0.9554655870445344
9NFU,ensemble,73,93,0.9554655870445344
9NFU,ensemble,73,94,0.9554655870445344
9NFU,ensemble,73,95,0.9635627530364372
9NFU,ensemble,73,96,0.9473684210526315
9NFU,ensemble,73,97,0.9392712550607287
9NFU,ensemble,73,98,0.9635627530364372
9NFU,ensemble,73,99,0.9473684210526315
9NFU,ensemble,74,75,0.9595141700404858
9NFU,ensemble,74,76,0.9230769230769231
9NFU,ensemble,74,77,0.9352226720647774
9NFU,ensemble,74,78,0.9433198380566802
9NFU,ensemble,74,79,0.9230769230769231
9NFU,ensemble,74,80,0.9554655870445344
9NFU,ensemble,74,81,0.9635627530364372
9NFU,ensemble,74,82,0.9311740890688259
9NFU,ensemble,74,83,0.9271255060728745
9NFU,ensemble,74,84,0.9635627530364372
9NFU,ensemble,74,85,0.9433198380566802
9NFU,ensemble,74,86,0.9271255060728745
9NFU,ensemble,74,87,0.9554655870445344
9NFU,ensemble,74,88,0.9352226720647774
9NFU,ensemble,74,89,0.9271255060728745
9NFU,ensemble,74,90,0.9635627530364372
9NFU,ensemble,74,91,0.9595141700404858
9NFU,ensemble,74,92,0.9433198380566802
9NFU,ensemble,74,93,0.9392712550607287
9NFU,ensemble,74,94,0.951417004048583
9NFU,ensemble,74,95,0.9433198380566802
9NFU,ensemble,74,96,0.9433198380566802
9NFU,ensemble,74,97,0.9352226720647774
9NFU,ensemble,74,98,0.9392712550607287
9NFU,ensemble,74,99,0.9473684210526315
9NFU,ensemble,75,76,0.9473684210526315
9NFU,ensemble,75,77,0.951417004048583
9NFU,ensemble,75,78,0.9676113360323887
9NFU,ensemble,75,79,0.9433198380566802
9NFU,ensemble,75,80,0.979757085020243
9NFU,ensemble,75,81,0.9635627530364372
9NFU,ensemble,75,82,0.9554655870445344
9NFU,ensemble,75,83,0.9595141700404858
9NFU,ensemble,75,84,0.9838056680161943
9NFU,ensemble,75,85,0.9554655870445344
9NFU,ensemble,75,86,0.9595141700404858
9NFU,ensemble,75,87,0.9595141700404858
9NFU,ensemble,75,88,0.9473684210526315
9NFU,ensemble,75,89,0.9473684210526315
9NFU,ensemble,75,90,0.9595141700404858
9NFU,ensemble,75,91,0.951417004048583
9NFU,ensemble,75,92,0.9595141700404858
9NFU,ensemble,75,93,0.9554655870445344
9NFU,ensemble,75,94,0.979757085020243
9NFU,ensemble,75,95,0.9676113360323887
9NFU,ensemble,75,96,0.951417004048583
9NFU,ensemble,75,97,0.9473684210526315
9NFU,ensemble,75,98,0.9473684210526315
9NFU,ensemble,75,99,0.9635627530364372
9NFU,ensemble,76,77,0.9635627530364372
9NFU,ensemble,76,78,0.9271255060728745
9NFU,ensemble,76,79,0.9433198380566802
9NFU,ensemble,76,80,0.9392712550607287
9NFU,ensemble,76,81,0.9311740890688259
9NFU,ensemble,76,82,0.97165991902834
9NFU,ensemble,76,83,0.97165991902834
9NFU,ensemble,76,84,0.9433198380566802
9NFU,ensemble,76,85,0.9635627530364372
9NFU,ensemble,76,86,0.9635627530364372
9NFU,ensemble,76,87,0.9352226720647774
9NFU,ensemble,76,88,0.9473684210526315
9NFU,ensemble,76,89,0.9676113360323887
9NFU,ensemble,76,90,0.9433198380566802
9NFU,ensemble,76,91,0.9190283400809717
9NFU,ensemble,76,92,0.9635627530364372
9NFU,ensemble,76,93,0.9635627530364372
9NFU,ensemble,76,94,0.9433198380566802
9NFU,ensemble,76,95,0.9352226720647774
9NFU,ensemble,76,96,0.951417004048583
9NFU,ensemble,76,97,0.9554655870445344
9NFU,ensemble,76,98,0.9473684210526315
9NFU,ensemble,76,99,0.9271255060728745
9NFU,ensemble,77,78,0.951417004048583
9NFU,ensemble,77,79,0.9676113360323887
9NFU,ensemble,77,80,0.9392712550607287
9NFU,ensemble,77,81,0.9271255060728745
9NFU,ensemble,77,82,0.97165991902834
9NFU,ensemble,77,83,0.97165991902834
9NFU,ensemble,77,84,0.9554655870445344
9NFU,ensemble,77,85,0.97165991902834
9NFU,ensemble,77,86,0.9635627530364372
9NFU,ensemble,77,87,0.9392712550607287
9NFU,ensemble,77,88,0.9554655870445344
9NFU,ensemble,77,89,0.9595141700404858
9NFU,ensemble,77,90,0.9392712550607287
9NFU,ensemble,77,91,0.9311740890688259
9NFU,ensemble,77,92,0.9433198380566802
9NFU,ensemble,77,93,0.97165991902834
9NFU,ensemble,77,94,0.9554655870445344
9NFU,ensemble,77,95,0.9352226720647774
9NFU,ensemble,77,96,0.9635627530364372
9NFU,ensemble,77,97,0.9635627530364372
9NFU,ensemble,77,98,0.9554655870445344
9NFU,ensemble,77,99,0.9311740890688259
9NFU,ensemble,78,79,0.951417004048583
9NFU,ensemble,78,80,0.9676113360323887
9NFU,ensemble,78,81,0.9352226720647774
9NFU,ensemble,78,82,0.9392712550607287
9NFU,ensemble,78,83,0.9473684210526315
9NFU,ensemble,78,84,0.97165991902834
9NFU,ensemble,78,85,0.951417004048583
9NFU,ensemble,78,86,0.9554655870445344
9NFU,ensemble,78,87,0.9433198380566802
9NFU,ensemble,78,88,0.9433198380566802
9NFU,ensemble,78,89,0.9311740890688259
9NFU,ensemble,78,90,0.9392712550607287
9NFU,ensemble,78,91,0.9473684210526315
9NFU,ensemble,78,92,0.9352226720647774
9NFU,ensemble,78,93,0.9595141700404858
9NFU,ensemble,78,94,0.97165991902834
9NFU,ensemble,78,95,0.9595141700404858
9NFU,ensemble,78,96,0.951417004048583
9NFU,ensemble,78,97,0.9433198380566802
9NFU,ensemble,78,98,0.9554655870445344
9NFU,ensemble,78,99,0.9433198380566802
9NFU,ensemble,79,80,0.9392712550607287
9NFU,ensemble,79,81,0.9190283400809717
9NFU,ensemble,79,82,0.951417004048583
9NFU,ensemble,79,83,0.9554655870445344
9NFU,ensemble,79,84,0.9473684210526315
9NFU,ensemble,79,85,0.9595141700404858
9NFU,ensemble,79,86,0.9554655870445344
9NFU,ensemble,79,87,0.9311740890688259
9NFU,ensemble,79,88,0.951417004048583
9NFU,ensemble,79,89,0.9473684210526315
9NFU,ensemble,79,90,0.9311740890688259
9NFU,ensemble,79,91,0.9311740890688259
9NFU,ensemble,79,92,0.9311740890688259
9NFU,ensemble,79,93,0.9676113360323887
9NFU,ensemble,79,94,0.9392712550607287
9NFU,ensemble,79,95,0.9311740890688259
9NFU,ensemble,79,96,0.9595141700404858
9NFU,ensemble,79,97,0.9595141700404858
9NFU,ensemble,79,98,0.951417004048583
9NFU,ensemble,79,99,0.9230769230769231
9NFU,ensemble,80,81,0.9635627530364372
9NFU,ensemble,80,82,0.9473684210526315
9NFU,ensemble,80,83,0.9554655870445344
9NFU,ensemble,80,84,0.97165991902834
9NFU,ensemble,80,85,0.9473684210526315
9NFU,ensemble,80,86,0.9554655870445344
9NFU,ensemble,80,87,0.951417004048583
9NFU,ensemble,80,88,0.9473684210526315
9NFU,ensemble,80,89,0.9392712550607287
9NFU,ensemble,80,90,0.9595141700404858
9NFU,ensemble,80,91,0.9595141700404858
9NFU,ensemble,80,92,0.9595141700404858
9NFU,ensemble,80,93,0.9554655870445344
9NFU,ensemble,80,94,0.9676113360323887
9NFU,ensemble,80,95,0.9757085020242915
9NFU,ensemble,80,96,0.9554655870445344
9NFU,ensemble,80,97,0.9473684210526315
9NFU,ensemble,80,98,0.9595141700404858
9NFU,ensemble,80,99,0.9595141700404858
9NFU,ensemble,81,82,0.9352226720647774
9NFU,ensemble,81,83,0.9352226720647774
9NFU,ensemble,81,84,0.9554655870445344
9NFU,ensemble,81,85,0.9352226720647774
9NFU,ensemble,81,86,0.9352226720647774
9NFU,ensemble,81,87,0.951417004048583
9NFU,ensemble,81,88,0.9352226720647774
9NFU,ensemble,81,89,0.9271255060728745
9NFU,ensemble,81,90,0.9595141700404858
9NFU,ensemble,81,91,0.9635627530364372
9NFU,ensemble,81,92,0.9473684210526315
9NFU,ensemble,81,93,0.9352226720647774
9NFU,ensemble,81,94,0.9473684210526315
9NFU,ensemble,81,95,0.951417004048583
9NFU,ensemble,81,96,0.9311740890688259
9NFU,ensemble,81,97,0.9271255060728745
9NFU,ensemble,81,98,0.9433198380566802
9NFU,ensemble,81,99,0.9554655870445344
9NFU,ensemble,82,83,0.9838056680161943
9NFU,ensemble,82,84,0.951417004048583
9NFU,ensemble,82,85,0.9676113360323887
9NFU,ensemble,82,86,0.9757085020242915
9NFU,ensemble,82,87,0.9311740890688259
9NFU,ensemble,82,88,0.9554655870445344
9NFU,ensemble,82,89,0.9676113360323887
9NFU,ensemble,82,90,0.9392712550607287
9NFU,ensemble,82,91,0.9271255060728745
9NFU,ensemble,82,92,0.9595141700404858
9NFU,ensemble,82,93,0.9676113360323887
9NFU,ensemble,82,94,0.9433198380566802
9NFU,ensemble,82,95,0.9352226720647774
9NFU,ensemble,82,96,0.97165991902834
9NFU,ensemble,82,97,0.9635627530364372
9NFU,ensemble,82,98,0.951417004048583
9NFU,ensemble,82,99,0.9271255060728745
9NFU,ensemble,83,84,0.9473684210526315
9NFU,ensemble,83,85,0.9595141700404858
9NFU,ensemble,83,86,0.9919028340080972
9NFU,ensemble,83,87,0.9311740890688259
9NFU,ensemble,83,88,0.9433198380566802
9NFU,ensemble,83,89,0.9595141700404858
9NFU,ensemble,83,90,0.9392712550607287
9NFU,ensemble,83,91,0.9230769230769231
9NFU,ensemble,83,92,0.9554655870445344
9NFU,ensemble,83,93,0.9595141700404858
9NFU,ensemble,83,94,0.951417004048583
9NFU,ensemble,83,95,0.951417004048583
9NFU,ensemble,83,96,0.9595141700404858
9NFU,ensemble,83,97,0.951417004048583
9NFU,ensemble,83,98,0.9473684210526315
9NFU,ensemble,83,99,0.9271255060728745
9NFU,ensemble,84,85,0.9676113360323887
9NFU,ensemble,84,86,0.9473684210526315
9NFU,ensemble,84,87,0.9635627530364372
9NFU,ensemble,84,88,0.9554655870445344
9NFU,ensemble,84,89,0.9473684210526315
9NFU,ensemble,84,90,0.9635627530364372
9NFU,ensemble,84,91,0.9595141700404858
9NFU,ensemble,84,92,0.9554655870445344
9NFU,ensemble,84,93,0.9635627530364372
9NFU,ensemble,84,94,0.9757085020242915
9NFU,ensemble,84,95,0.9554655870445344
9NFU,ensemble,84,96,0.9635627530364372
9NFU,ensemble,84,97,0.9554655870445344
9NFU,ensemble,84,98,0.9554655870445344
9NFU,ensemble,84,99,0.9676113360323887
9NFU,ensemble,85,86,0.9595141700404858
9NFU,ensemble,85,87,0.9595141700404858
9NFU,ensemble,85,88,0.9757085020242915
9NFU,ensemble,85,89,0.97165991902834
9NFU,ensemble,85,90,0.9635627530364372
9NFU,ensemble,85,91,0.9392712550607287
9NFU,ensemble,85,92,0.9676113360323887
9NFU,ensemble,85,93,0.9919028340080972
9NFU,ensemble,85,94,0.9595141700404858
9NFU,ensemble,85,95,0.9392712550607287
9NFU,ensemble,85,96,0.9757085020242915
9NFU,ensemble,85,97,0.9757085020242915
9NFU,ensemble,85,98,0.9757085020242915
9NFU,ensemble,85,99,0.9433198380566802
9NFU,ensemble,86,87,0.9311740890688259
9NFU,ensemble,86,88,0.9433198380566802
9NFU,ensemble,86,89,0.9595141700404858
9NFU,ensemble,86,90,0.9392712550607287
9NFU,ensemble,86,91,0.9230769230769231
9NFU,ensemble,86,92,0.9554655870445344
9NFU,ensemble,86,93,0.9595141700404858
9NFU,ensemble,86,94,0.951417004048583
9NFU,ensemble,86,95,0.951417004048583
9NFU,ensemble,86,96,0.9595141700404858
9NFU,ensemble,86,97,0.951417004048583
9NFU,ensemble,86,98,0.9473684210526315
9NFU,ensemble,86,99,0.9271255060728745
9NFU,ensemble,87,88,0.9554655870445344
9NFU,ensemble,87,89,0.9352226720647774
9NFU,ensemble,87,90,0.97165991902834
9NFU,ensemble,87,91,0.9635627530364372
9NFU,ensemble,87,92,0.9554655870445344
9NFU,ensemble,87,93,0.951417004048583
9NFU,ensemble,87,94,0.9554655870445344
9NFU,ensemble,87,95,0.951417004048583
9NFU,ensemble,87,96,0.9392712550607287
9NFU,ensemble,87,97,0.9392712550607287
9NFU,ensemble,87,98,0.9595141700404858
9NFU,ensemble,87,99,0.97165991902834
9NFU,ensemble,88,89,0.9676113360323887
9NFU,ensemble,88,90,0.9554655870445344
9NFU,ensemble,88,91,0.9433198380566802
9NFU,ensemble,88,92,0.9595141700404858
9NFU,ensemble,88,93,0.9757085020242915
9NFU,ensemble,88,94,0.9554655870445344
9NFU,ensemble,88,95,0.9352226720647774
9NFU,ensemble,88,96,0.97165991902834
9NFU,ensemble,88,97,0.9838056680161943
9NFU,ensemble,88,98,0.9757085020242915
9NFU,ensemble,88,99,0.9433198380566802
9NFU,ensemble,89,90,0.9433198380566802
9NFU,ensemble,89,91,0.9230769230769231
9NFU,ensemble,89,92,0.9595141700404858
9NFU,ensemble,89,93,0.97165991902834
9NFU,ensemble,89,94,0.951417004048583
9NFU,ensemble,89,95,0.9311740890688259
9NFU,ensemble,89,96,0.9595141700404858
9NFU,ensemble,89,97,0.9676113360323887
9NFU,ensemble,89,98,0.9554655870445344
9NFU,ensemble,89,99,0.9230769230769231
9NFU,ensemble,90,91,0.9676113360323887
9NFU,ensemble,90,92,0.9676113360323887
9NFU,ensemble,90,93,0.9554655870445344
9NFU,ensemble,90,94,0.9595141700404858
9NFU,ensemble,90,95,0.951417004048583
9NFU,ensemble,90,96,0.9473684210526315
9NFU,ensemble,90,97,0.9473684210526315
9NFU,ensemble,90,98,0.9554655870445344
9NFU,ensemble,90,99,0.9635627530364372
9NFU,ensemble,91,92,0.9352226720647774
9NFU,ensemble,91,93,0.9473684210526315
9NFU,ensemble,91,94,0.9433198380566802
9NFU,ensemble,91,95,0.9392712550607287
9NFU,ensemble,91,96,0.9392712550607287
9NFU,ensemble,91,97,0.9352226720647774
9NFU,ensemble,91,98,0.9554655870445344
9NFU,ensemble,91,99,0.9635627530364372
9NFU,ensemble,92,93,0.9595141700404858
9NFU,ensemble,92,94,0.9554655870445344
9NFU,ensemble,92,95,0.951417004048583
9NFU,ensemble,92,96,0.951417004048583
9NFU,ensemble,92,97,0.9595141700404858
9NFU,ensemble,92,98,0.9595141700404858
9NFU,ensemble,92,99,0.9473684210526315
9NFU,ensemble,93,94,0.9595141700404858
9NFU,ensemble,93,95,0.9392712550607287
9NFU,ensemble,93,96,0.979757085020243
9NFU,ensemble,93,97,0.9757085020242915
9NFU,ensemble,93,98,0.9838056680161943
9NFU,ensemble,93,99,0.9352226720647774
9NFU,ensemble,94,95,0.9676113360323887
9NFU,ensemble,94,96,0.951417004048583
9NFU,ensemble,94,97,0.9473684210526315
9NFU,ensemble,94,98,0.9595141700404858
9NFU,ensemble,94,99,0.9554655870445344
9NFU,ensemble,95,96,0.9311740890688259
9NFU,ensemble,95,97,0.9230769230769231
9NFU,ensemble,95,98,0.9473684210526315
9NFU,ensemble,95,99,0.9473684210526315
9NFU,ensemble,96,97,0.979757085020243
9NFU,ensemble,96,98,0.9676113360323887
9NFU,ensemble,96,99,0.9352226720647774
9NFU,ensemble,97,98,0.9595141700404858
9NFU,ensemble,97,99,0.9352226720647774
9NFU,ensemble,98,99,0.9433198380566802
9NH7,baseline,0,1,0.9391304347826087
9NH7,baseline,0,2,0.9304347826086956
9NH7,baseline,0,3,0.9565217391304348
9NH7,baseline,0,4,0.9565217391304348
9NH7,baseline,0,5,0.9565217391304348
9NH7,baseline,0,6,0.9652173913043478
9NH7,baseline,0,7,0.9478260869565217
9NH7,baseline,0,8,0.9565217391304348
9NH7,baseline,0,9,0.9391304347826087
9NH7,baseline,0,10,0.9304347826086956
9NH7,baseline,0,11,0.9391304347826087
9NH7,baseline,0,12,0.9478260869565217
9NH7,baseline,0,13,0.9478260869565217
9NH7,baseline,0,14,0.9826086956521739
9NH7,baseline,0,15,0.9391304347826087
9NH7,baseline,0,16,0.9739130434782609
9NH7,baseline,0,17,0.9391304347826087
9NH7,baseline,0,18,0.9565217391304348
9NH7,baseline,0,19,0.9391304347826087
9NH7,baseline,0,20,0.9565217391304348
9NH7,baseline,0,21,0.9391304347826087
9NH7,baseline,0,22,0.9652173913043478
9NH7,baseline,0,23,0.9565217391304348
9NH7,baseline,0,24,0.9478260869565217
9NH7,baseline,0,25,0.9652173913043478
9NH7,baseline,0,26,0.9565217391304348
9NH7,baseline,0,27,0.9217391304347826
9NH7,baseline,0,28,0.9739130434782609
9NH7,baseline,0,29,0.9565217391304348
9NH7,baseline,0,30,0.9391304347826087
9NH7,baseline,0,31,0.9565217391304348
9NH7,baseline,0,32,0.9652173913043478
9NH7,baseline,0,33,0.9652173913043478
9NH7,baseline,0,34,0.9478260869565217
9NH7,baseline,0,35,0.9217391304347826
9NH7,baseline,0,36,0.9391304347826087
9NH7,baseline,0,37,0.9652173913043478
9NH7,baseline,0,38,0.9652173913043478
9NH7,baseline,0,39,0.9652173913043478
9NH7,baseline,0,40,0.9652173913043478
9NH7,baseline,0,41,0.9565217391304348
9NH7,baseline,0,42,0.9565217391304348
9NH7,baseline,0,43,0.9478260869565217
9NH7,baseline,0,44,0.9478260869565217
9NH7,baseline,0,45,0.9565217391304348
9NH7,baseline,0,46,0.9565217391304348
9NH7,baseline,0,47,0.9565217391304348
9NH7,baseline,0,48,0.9565217391304348
9NH7,baseline,0,49,0.9652173913043478
9NH7,baseline,0,50,0.9478260869565217
9NH7,baseline,0,51,0.9652173913043478
9NH7,baseline,0,52,0.9565217391304348
9NH7,baseline,0,53,0.9739130434782609
9NH7,baseline,0,54,0.9565217391304348
9NH7,baseline,0,55,0.9565217391304348
9NH7,baseline,0,56,0.9565217391304348
9NH7,baseline,0,57,0.9391304347826087
9NH7,baseline,0,58,0.9304347826086956
9NH7,baseline,0,59,0.9565217391304348
9NH7,baseline,0,60,0.9478260869565217
9NH7,baseline,0,61,0.9826086956521739
9NH7,baseline,0,62,0.9478260869565217
9NH7,baseline,0,63,0.9826086956521739
9NH7,baseline,0,64,0.9652173913043478
9NH7,baseline,0,65,0.9565217391304348
9NH7,baseline,0,66,0.9391304347826087
9NH7,baseline,0,67,0.9391304347826087
9NH7,baseline,0,68,0.9565217391304348
9NH7,baseline,0,69,0.9304347826086956
9NH7,baseline,0,70,0.9478260869565217
9NH7,baseline,0,71,0.9478260869565217
9NH7,baseline,0,72,0.9130434782608695
9NH7,baseline,0,73,0.9217391304347826
9NH7,baseline,0,74,0.9652173913043478
9NH7,baseline,0,75,0.9652173913043478
9NH7,baseline,0,76,0.9391304347826087
9NH7,baseline,0,77,0.9565217391304348
9NH7,baseline,0,78,0.9565217391304348
9NH7,baseline,0,79,0.9652173913043478
9NH7,baseline,0,80,0.9391304347826087
9NH7,baseline,0,81,0.9565217391304348
9NH7,baseline,0,82,0.9652173913043478
9NH7,baseline,0,83,0.9826086956521739
9NH7,baseline,0,84,0.9565217391304348
9NH7,baseline,0,85,0.9391304347826087
9NH7,baseline,0,86,0.9652173913043478
9NH7,baseline,0,87,0.9652173913043478
9NH7,baseline,0,88,0.9478260869565217
9NH7,baseline,0,89,0.9565217391304348
9NH7,baseline,0,90,0.9391304347826087
9NH7,baseline,0,91,0.9391304347826087
9NH7,baseline,0,92,0.9565217391304348
9NH7,baseline,0,93,0.9565217391304348
9NH7,baseline,0,94,0.9826086956521739
9NH7,baseline,0,95,0.9478260869565217
9NH7,baseline,0,96,0.9652173913043478
9NH7,baseline,0,97,0.9565217391304348
9NH7,baseline,0,98,0.9478260869565217
9NH7,baseline,0,99,0.9478260869565217
9NH7,baseline,1,2,0.9391304347826087
9NH7,baseline,1,3,0.9739130434782609
9NH7,baseline,1,4,0.9652173913043478
9NH7,baseline,1,5,0.9478260869565217
9NH7,baseline,1,6,0.9478260869565217
9NH7,baseline,1,7,0.9391304347826087
9NH7,baseline,1,8,0.9565217391304348
9NH7,baseline,1,9,0.9652173913043478
9NH7,baseline,1,10,0.9304347826086956
9NH7,baseline,1,11,0.9304347826086956
9NH7,baseline,1,12,0.9478260869565217
9NH7,baseline,1,13,0.9826086956521739
9NH7,baseline,1,14,0.9478260869565217
9NH7,baseline,1,15,0.9739130434782609
9NH7,baseline,1,16,0.9565217391304348
9NH7,baseline,1,17,0.9652173913043478
9NH7,baseline,1,18,0.9478260869565217
9NH7,baseline,1,19,0.9478260869565217
9NH7,baseline,1,20,0.9391304347826087
9NH7,baseline,1,21,0.9478260869565217
9NH7,baseline,1,22,0.9565217391304348
9NH7,baseline,1,23,0.9652173913043478
9NH7,baseline,1,24,0.9217391304347826
9NH7,baseline,1,25,0.9565217391304348
9NH7,baseline,1,26,0.9478260869565217
9NH7,baseline,1,27,0.9478260869565217
9NH7,baseline,1,28,0.9478260869565217
9NH7,baseline,1,29,0.9391304347826087
9NH7,baseline,1,30,0.9130434782608695
9NH7,baseline,1,31,0.9565217391304348
9NH7,baseline,1,32,0.9478260869565217
9NH7,baseline,1,33,0.9478260869565217
9NH7,baseline,1,34,0.9565217391304348
9NH7,baseline,1,35,0.9478260869565217
9NH7,baseline,1,36,0.9304347826086956
9NH7,baseline,1,37,0.9391304347826087
9NH7,baseline,1,38,0.9565217391304348
9NH7,baseline,1,39,0.9391304347826087
9NH7,baseline,1,40,0.9652173913043478
9NH7,baseline,1,41,0.9565217391304348
9NH7,baseline,1,42,0.9391304347826087
9NH7,baseline,1,43,0.9565217391304348
9NH7,baseline,1,44,0.9478260869565217
9NH7,baseline,1,45,0.9478260869565217
9NH7,baseline,1,46,0.9391304347826087
9NH7,baseline,1,47,0.9478260869565217
9NH7,baseline,1,48,0.9652173913043478
9NH7,baseline,1,49,0.9478260869565217
9NH7,baseline,1,50,0.9304347826086956
9NH7,baseline,1,51,0.9478260869565217
9NH7,baseline,1,52,0.9652173913043478
9NH7,baseline,1,53,0.9565217391304348
9NH7,baseline,1,54,0.9739130434782609
9NH7,baseline,1,55,0.9652173913043478
9NH7,baseline,1,56,0.9739130434782609
9NH7,baseline,1,57,0.9391304347826087
9NH7,baseline,1,58,0.9304347826086956
9NH7,baseline,1,59,0.9391304347826087
9NH7,baseline,1,60,0.9304347826086956
9NH7,baseline,1,61,0.9478260869565217
9NH7,baseline,1,62,0.9478260869565217
9NH7,baseline,1,63,0.9565217391304348
9NH7,baseline,1,64,0.9478260869565217
9NH7,baseline,1,65,0.9565217391304348
9NH7,baseline,1,66,0.9478260869565217
9NH7,baseline,1,67,0.9478260869565217
9NH7,baseline,1,68,0.9478260869565217
9NH7,baseline,1,69,0.9565217391304348
9NH7,baseline,1,70,0.9391304347826087
9NH7,baseline,1,71,0.9565217391304348
9NH7,baseline,1,72,0.9130434782608695
9NH7,baseline,1,73,0.9304347826086956
9NH7,baseline,1,74,0.9478260869565217
9NH7,baseline,1,75,0.9391304347826087
9NH7,baseline,1,76,0.9478260869565217
9NH7,baseline,1,77,0.9565217391304348
9NH7,baseline,1,78,0.9652173913043478
9NH7,baseline,1,79,0.9652173913043478
9NH7,baseline,1,80,0.9478260869565217
9NH7,baseline,1,81,0.9652173913043478
9NH7,baseline,1,82,0.9652173913043478
9NH7,baseline,1,83,0.9565217391304348
9NH7,baseline,1,84,0.9391304347826087
9NH7,baseline,1,85,0.9217391304347826
9NH7,baseline,1,86,0.9478260869565217
9NH7,baseline,1,87,0.9478260869565217
9NH7,baseline,1,88,0.9478260869565217
9NH7,baseline,1,89,0.9739130434782609
9NH7,baseline,1,90,0.9652173913043478
9NH7,baseline,1,91,0.9478260869565217
9NH7,baseline,1,92,0.9739130434782609
9NH7,baseline,1,93,0.9652173913043478
9NH7,baseline,1,94,0.9478260869565217
9NH7,baseline,1,95,0.9565217391304348
9NH7,baseline,1,96,0.9565217391304348
9NH7,baseline,1,97,0.9391304347826087
9NH7,baseline,1,98,0.9478260869565217
9NH7,baseline,1,99,0.9478260869565217
9NH7,baseline,2,3,0.9652173913043478
9NH7,baseline,2,4,0.9391304347826087
9NH7,baseline,2,5,0.9304347826086956
9NH7,baseline,2,6,0.9565217391304348
9NH7,baseline,2,7,0.9391304347826087
9NH7,baseline,2,8,0.9304347826086956
9NH7,baseline,2,9,0.9217391304347826
9NH7,baseline,2,10,0.9217391304347826
9NH7,baseline,2,11,0.9304347826086956
9NH7,baseline,2,12,0.9565217391304348
9NH7,baseline,2,13,0.9391304347826087
9NH7,baseline,2,14,0.9478260869565217
9NH7,baseline,2,15,0.9304347826086956
9NH7,baseline,2,16,0.9478260869565217
9NH7,baseline,2,17,0.9391304347826087
9NH7,baseline,2,18,0.9304347826086956
9NH7,baseline,2,19,0.9478260869565217
9NH7,baseline,2,20,0.9652173913043478
9NH7,baseline,2,21,0.9478260869565217
9NH7,baseline,2,22,0.9478260869565217
9NH7,baseline,2,23,0.9391304347826087
9NH7,baseline,2,24,0.9130434782608695
9NH7,baseline,2,25,0.9478260869565217
9NH7,baseline,2,26,0.9565217391304348
9NH7,baseline,2,27,0.9304347826086956
9NH7,baseline,2,28,0.9391304347826087
9NH7,baseline,2,29,0.9478260869565217
9NH7,baseline,2,30,0.9304347826086956
9NH7,baseline,2,31,0.9391304347826087
9NH7,baseline,2,32,0.9565217391304348
9NH7,baseline,2,33,0.9478260869565217
9NH7,baseline,2,34,0.9826086956521739
9NH7,baseline,2,35,0.9391304347826087
9NH7,baseline,2,36,0.9304347826086956
9NH7,baseline,2,37,0.9304347826086956
9NH7,baseline,2,38,0.9478260869565217
9NH7,baseline,2,39,0.9565217391304348
9NH7,baseline,2,40,0.9304347826086956
9NH7,baseline,2,41,0.9478260869565217
9NH7,baseline,2,42,0.9478260869565217
9NH7,baseline,2,43,0.9304347826086956
9NH7,baseline,2,44,0.9391304347826087
9NH7,baseline,2,45,0.9565217391304348
9NH7,baseline,2,46,0.9217391304347826
9NH7,baseline,2,47,0.9217391304347826
9NH7,baseline,2,48,0.9391304347826087
9NH7,baseline,2,49,0.9565217391304348
9NH7,baseline,2,50,0.9391304347826087
9NH7,baseline,2,51,0.9391304347826087
9NH7,baseline,2,52,0.9391304347826087
9NH7,baseline,2,53,0.9391304347826087
9NH7,baseline,2,54,0.9565217391304348
9NH7,baseline,2,55,0.9217391304347826
9NH7,baseline,2,56,0.9391304347826087
9NH7,baseline,2,57,0.9652173913043478
9NH7,baseline,2,58,0.9478260869565217
9NH7,baseline,2,59,0.9652173913043478
9NH7,baseline,2,60,0.9391304347826087
9NH7,baseline,2,61,0.9478260869565217
9NH7,baseline,2,62,0.9304347826086956
9NH7,baseline,2,63,0.9478260869565217
9NH7,baseline,2,64,0.9478260869565217
9NH7,baseline,2,65,0.9652173913043478
9NH7,baseline,2,66,0.9391304347826087
9NH7,baseline,2,67,0.9478260869565217
9NH7,baseline,2,68,0.9391304347826087
9NH7,baseline,2,69,0.9217391304347826
9NH7,baseline,2,70,0.9478260869565217
9NH7,baseline,2,71,0.9478260869565217
9NH7,baseline,2,72,0.9130434782608695
9NH7,baseline,2,73,0.9478260869565217
9NH7,baseline,2,74,0.9391304347826087
9NH7,baseline,2,75,0.9391304347826087
9NH7,baseline,2,76,0.9478260869565217
9NH7,baseline,2,77,0.9652173913043478
9NH7,baseline,2,78,0.9565217391304348
9NH7,baseline,2,79,0.9391304347826087
9NH7,baseline,2,80,0.9391304347826087
9NH7,baseline,2,81,0.9391304347826087
9NH7,baseline,2,82,0.9565217391304348
9NH7,baseline,2,83,0.9391304347826087
9NH7,baseline,2,84,0.9391304347826087
9NH7,baseline,2,85,0.9217391304347826
9NH7,baseline,2,86,0.9304347826086956
9NH7,baseline,2,87,0.9304347826086956
9NH7,baseline,2,88,0.9478260869565217
9NH7,baseline,2,89,0.9478260869565217
9NH7,baseline,2,90,0.9217391304347826
9NH7,baseline,2,91,0.9391304347826087
9NH7,baseline,2,92,0.9478260869565217
9NH7,baseline,2,93,0.9478260869565217
9NH7,baseline,2,94,0.9478260869565217
9NH7,baseline,2,95,0.9304347826086956
9NH7,baseline,2,96,0.9478260869565217
9NH7,baseline,2,97,0.9478260869565217
9NH7,baseline,2,98,0.9304347826086956
9NH7,baseline,2,99,0.9739130434782609
9NH7,baseline,3,4,0.9739130434782609
9NH7,baseline,3,5,0.9565217391304348
9NH7,baseline,3,6,0.9739130434782609
9NH7,baseline,3,7,0.9478260869565217
9NH7,baseline,3,8,0.9565217391304348
9NH7,baseline,3,9,0.9565217391304348
9NH7,baseline,3,10,0.9391304347826087
9NH7,baseline,3,11,0.9565217391304348
9NH7,baseline,3,12,0.9739130434782609
9NH7,baseline,3,13,0.9739130434782609
9NH7,baseline,3,14,0.9739130434782609
9NH7,baseline,3,15,0.9652173913043478
9NH7,baseline,3,16,0.9826086956521739
9NH7,baseline,3,17,0.9565217391304348
9NH7,baseline,3,18,0.9565217391304348
9NH7,baseline,3,19,0.9565217391304348
9NH7,baseline,3,20,0.9652173913043478
9NH7,baseline,3,21,0.9739130434782609
9NH7,baseline,3,22,0.9826086956521739
9NH7,baseline,3,23,0.9739130434782609
9NH7,baseline,3,24,0.9391304347826087
9NH7,baseline,3,25,0.9565217391304348
9NH7,baseline,3,26,0.9739130434782609
9NH7,baseline,3,27,0.9478260869565217
9NH7,baseline,3,28,0.9652173913043478
9NH7,baseline,3,29,0.9652173913043478
9NH7,baseline,3,30,0.9304347826086956
9NH7,baseline,3,31,0.9565217391304348
9NH7,baseline,3,32,0.9739130434782609
9NH7,baseline,3,33,0.9652173913043478
9NH7,baseline,3,34,0.9826086956521739
9NH7,baseline,3,35,0.9391304347826087
9NH7,baseline,3,36,0.9565217391304348
9NH7,baseline,3,37,0.9565217391304348
9NH7,baseline,3,38,0.9826086956521739
9NH7,baseline,3,39,0.9652173913043478
9NH7,baseline,3,40,0.9652173913043478
9NH7,baseline,3,41,0.9652173913043478
9NH7,baseline,3,42,0.9652173913043478
9NH7,baseline,3,43,0.9565217391304348
9NH7,baseline,3,44,0.9739130434782609
9NH7,baseline,3,45,0.9739130434782609
9NH7,baseline,3,46,0.9478260869565217
9NH7,baseline,3,47,0.9478260869565217
9NH7,baseline,3,48,0.9739130434782609
9NH7,baseline,3,49,0.9739130434782609
9NH7,baseline,3,50,0.9565217391304348
9NH7,baseline,3,51,0.9739130434782609
9NH7,baseline,3,52,0.9739130434782609
9NH7,baseline,3,53,0.9652173913043478
9NH7,baseline,3,54,0.9739130434782609
9NH7,baseline,3,55,0.9565217391304348
9NH7,baseline,3,56,0.9652173913043478
9NH7,baseline,3,57,0.9652173913043478
9NH7,baseline,3,58,0.9565217391304348
9NH7,baseline,3,59,0.9652173913043478
9NH7,baseline,3,60,0.9478260869565217
9NH7,baseline,3,61,0.9739130434782609
9NH7,baseline,3,62,0.9652173913043478
9NH7,baseline,3,63,0.9739130434782609
9NH7,baseline,3,64,0.9652173913043478
9NH7,baseline,3,65,0.9826086956521739
9NH7,baseline,3,66,0.9652173913043478
9NH7,baseline,3,67,0.9652173913043478
9NH7,baseline,3,68,0.9739130434782609
9NH7,baseline,3,69,0.9478260869565217
9NH7,baseline,3,70,0.9652173913043478
9NH7,baseline,3,71,0.9739130434782609
9NH7,baseline,3,72,0.9304347826086956
9NH7,baseline,3,73,0.9478260869565217
9NH7,baseline,3,74,0.9652173913043478
9NH7,baseline,3,75,0.9652173913043478
9NH7,baseline,3,76,0.9652173913043478
9NH7,baseline,3,77,0.9826086956521739
9NH7,baseline,3,78,0.991304347826087
9NH7,baseline,3,79,0.9739130434782609
9NH7,baseline,3,80,0.9565217391304348
9NH7,baseline,3,81,0.9739130434782609
9NH7,baseline,3,82,0.991304347826087
9NH7,baseline,3,83,0.9739130434782609
9NH7,baseline,3,84,0.9565217391304348
9NH7,baseline,3,85,0.9304347826086956
9NH7,baseline,3,86,0.9478260869565217
9NH7,baseline,3,87,0.9652173913043478
9NH7,baseline,3,88,0.9652173913043478
9NH7,baseline,3,89,0.9826086956521739
9NH7,baseline,3,90,0.9565217391304348
9NH7,baseline,3,91,0.9565217391304348
9NH7,baseline,3,92,0.9826086956521739
9NH7,baseline,3,93,0.9826086956521739
9NH7,baseline,3,94,0.9739130434782609
9NH7,baseline,3,95,0.9652173913043478
9NH7,baseline,3,96,0.9826086956521739
9NH7,baseline,3,97,0.9652173913043478
9NH7,baseline,3,98,0.9652173913043478
9NH7,baseline,3,99,0.9739130434782609
9NH7,baseline,4,5,0.9652173913043478
9NH7,baseline,4,6,0.9826086956521739
9NH7,baseline,4,7,0.9565217391304348
9NH7,baseline,4,8,0.9652173913043478
9NH7,baseline,4,9,0.9826086956521739
9NH7,baseline,4,10,0.9565217391304348
9NH7,baseline,4,11,0.9652173913043478
9NH7,baseline,4,12,0.9652173913043478
9NH7,baseline,4,13,0.9826086956521739
9NH7,baseline,4,14,0.9739130434782609
9NH7,baseline,4,15,0.9739130434782609
9NH7,baseline,4,16,0.9826086956521739
9NH7,baseline,4,17,0.9826086956521739
9NH7,baseline,4,18,0.9652173913043478
9NH7,baseline,4,19,0.9652173913043478
9NH7,baseline,4,20,0.9565217391304348
9NH7,baseline,4,21,0.9652173913043478
9NH7,baseline,4,22,0.991304347826087
9NH7,baseline,4,23,0.9826086956521739
9NH7,baseline,4,24,0.9391304347826087
9NH7,baseline,4,25,0.9652173913043478
9NH7,baseline,4,26,0.9826086956521739
9NH7,baseline,4,27,0.9565217391304348
9NH7,baseline,4,28,0.9652173913043478
9NH7,baseline,4,29,0.9739130434782609
9NH7,baseline,4,30,0.9391304347826087
9NH7,baseline,4,31,0.9652173913043478
9NH7,baseline,4,32,0.9826086956521739
9NH7,baseline,4,33,0.9739130434782609
9NH7,baseline,4,34,0.9565217391304348
9NH7,baseline,4,35,0.9478260869565217
9NH7,baseline,4,36,0.9652173913043478
9NH7,baseline,4,37,0.9565217391304348
9NH7,baseline,4,38,0.991304347826087
9NH7,baseline,4,39,0.9739130434782609
9NH7,baseline,4,40,0.9739130434782609
9NH7,baseline,4,41,0.991304347826087
9NH7,baseline,4,42,0.9739130434782609
9NH7,baseline,4,43,0.9652173913043478
9NH7,baseline,4,44,0.9652173913043478
9NH7,baseline,4,45,0.9826086956521739
9NH7,baseline,4,46,0.9304347826086956
9NH7,baseline,4,47,0.9739130434782609
9NH7,baseline,4,48,0.9826086956521739
9NH7,baseline,4,49,0.9826086956521739
9NH7,baseline,4,50,0.9391304347826087
9NH7,baseline,4,51,0.9739130434782609
9NH7,baseline,4,52,1.0
9NH7,baseline,4,53,0.9826086956521739
9NH7,baseline,4,54,0.9652173913043478
9NH7,baseline,4,55,0.9739130434782609
9NH7,baseline,4,56,0.9739130434782609
9NH7,baseline,4,57,0.9565217391304348
9NH7,baseline,4,58,0.9478260869565217
9NH7,baseline,4,59,0.9739130434782609
9NH7,baseline,4,60,0.9565217391304348
9NH7,baseline,4,61,0.9739130434782609
9NH7,baseline,4,62,0.9739130434782609
9NH7,baseline,4,63,0.9652173913043478
9NH7,baseline,4,64,0.9739130434782609
9NH7,baseline,4,65,0.9739130434782609
9NH7,baseline,4,66,0.9565217391304348
9NH7,baseline,4,67,0.9565217391304348
9NH7,baseline,4,68,0.9739130434782609
9NH7,baseline,4,69,0.9739130434782609
9NH7,baseline,4,70,0.9565217391304348
9NH7,baseline,4,71,0.9652173913043478
9NH7,baseline,4,72,0.9217391304347826
9NH7,baseline,4,73,0.9217391304347826
9NH7,baseline,4,74,0.9739130434782609
9NH7,baseline,4,75,0.9739130434782609
9NH7,baseline,4,76,0.9478260869565217
9NH7,baseline,4,77,0.9739130434782609
9NH7,baseline,4,78,0.9826086956521739
9NH7,baseline,4,79,0.991304347826087
9NH7,baseline,4,80,0.9652173913043478
9NH7,baseline,4,81,0.9826086956521739
9NH7,baseline,4,82,0.9826086956521739
9NH7,baseline,4,83,0.9739130434782609
9NH7,baseline,4,84,0.9652173913043478
9NH7,baseline,4,85,0.9304347826086956
9NH7,baseline,4,86,0.9652173913043478
9NH7,baseline,4,87,0.9739130434782609
9NH7,baseline,4,88,0.9565217391304348
9NH7,baseline,4,89,0.9739130434782609
9NH7,baseline,4,90,0.9826086956521739
9NH7,baseline,4,91,0.9478260869565217
9NH7,baseline,4,92,0.9739130434782609
9NH7,baseline,4,93,0.9565217391304348
9NH7,baseline,4,94,0.9739130434782609
9NH7,baseline,4,95,0.9565217391304348
9NH7,baseline,4,96,0.991304347826087
9NH7,baseline,4,97,0.9739130434782609
9NH7,baseline,4,98,0.9739130434782609
9NH7,baseline,4,99,0.9652173913043478
9NH7,baseline,5,6,0.9652173913043478
9NH7,baseline,5,7,0.9826086956521739
9NH7,baseline,5,8,0.9652173913043478
9NH7,baseline,5,9,0.9652173913043478
9NH7,baseline,5,10,0.9217391304347826
9NH7,baseline,5,11,0.9652173913043478
9NH7,baseline,5,12,0.9478260869565217
9NH7,baseline,5,13,0.9652173913043478
9NH7,baseline,5,14,0.9565217391304348
9NH7,baseline,5,15,0.9565217391304348
9NH7,baseline,5,16,0.9652173913043478
9NH7,baseline,5,17,0.9652173913043478
9NH7,baseline,5,18,0.9652173913043478
9NH7,baseline,5,19,0.9391304347826087
9NH7,baseline,5,20,0.9565217391304348
9NH7,baseline,5,21,0.9565217391304348
9NH7,baseline,5,22,0.9739130434782609
9NH7,baseline,5,23,0.9826086956521739
9NH7,baseline,5,24,0.9217391304347826
9NH7,baseline,5,25,0.9304347826086956
9NH7,baseline,5,26,0.9652173913043478
9NH7,baseline,5,27,0.9304347826086956
9NH7,baseline,5,28,0.9652173913043478
9NH7,baseline,5,29,0.9565217391304348
9NH7,baseline,5,30,0.9304347826086956
9NH7,baseline,5,31,0.9652173913043478
9NH7,baseline,5,32,0.9652173913043478
9NH7,baseline,5,33,0.9565217391304348
9NH7,baseline,5,34,0.9391304347826087
9NH7,baseline,5,35,0.9565217391304348
9NH7,baseline,5,36,0.9565217391304348
9NH7,baseline,5,37,0.9391304347826087
9NH7,baseline,5,38,0.9739130434782609
9NH7,baseline,5,39,0.9565217391304348
9NH7,baseline,5,40,0.9739130434782609
9NH7,baseline,5,41,0.9565217391304348
9NH7,baseline,5,42,0.9565217391304348
9NH7,baseline,5,43,0.9739130434782609
9NH7,baseline,5,44,0.9478260869565217
9NH7,baseline,5,45,0.9739130434782609
9NH7,baseline,5,46,0.9217391304347826
9NH7,baseline,5,47,0.9391304347826087
9NH7,baseline,5,48,0.9826086956521739
9NH7,baseline,5,49,0.9652173913043478
9NH7,baseline,5,50,0.9304347826086956
9NH7,baseline,5,51,0.9565217391304348
9NH7,baseline,5,52,0.9652173913043478
9NH7,baseline,5,53,0.9478260869565217
9NH7,baseline,5,54,0.9304347826086956
9NH7,baseline,5,55,0.9391304347826087
9NH7,baseline,5,56,0.9565217391304348
9NH7,baseline,5,57,0.9478260869565217
9NH7,baseline,5,58,0.9391304347826087
9NH7,baseline,5,59,0.9652173913043478
9NH7,baseline,5,60,0.9478260869565217
9NH7,baseline,5,61,0.9565217391304348
9NH7,baseline,5,62,0.9652173913043478
9NH7,baseline,5,63,0.9478260869565217
9NH7,baseline,5,64,0.9565217391304348
9NH7,baseline,5,65,0.9652173913043478
9NH7,baseline,5,66,0.9652173913043478
9NH7,baseline,5,67,0.9565217391304348
9NH7,baseline,5,68,0.9565217391304348
9NH7,baseline,5,69,0.9652173913043478
9NH7,baseline,5,70,0.9478260869565217
9NH7,baseline,5,71,0.9565217391304348
9NH7,baseline,5,72,0.9217391304347826
9NH7,baseline,5,73,0.9217391304347826
9NH7,baseline,5,74,0.9739130434782609
9NH7,baseline,5,75,0.9565217391304348
9NH7,baseline,5,76,0.9478260869565217
9NH7,baseline,5,77,0.9652173913043478
9NH7,baseline,5,78,0.9652173913043478
9NH7,baseline,5,79,0.9565217391304348
9NH7,baseline,5,80,0.9739130434782609
9NH7,baseline,5,81,0.9826086956521739
9NH7,baseline,5,82,0.9652173913043478
9NH7,baseline,5,83,0.9565217391304348
9NH7,baseline,5,84,0.9478260869565217
9NH7,baseline,5,85,0.9391304347826087
9NH7,baseline,5,86,0.9478260869565217
9NH7,baseline,5,87,0.9565217391304348
9NH7,baseline,5,88,0.9478260869565217
9NH7,baseline,5,89,0.9739130434782609
9NH7,baseline,5,90,0.9652173913043478
9NH7,baseline,5,91,0.9565217391304348
9NH7,baseline,5,92,0.9739130434782609
9NH7,baseline,5,93,0.9391304347826087
9NH7,baseline,5,94,0.9565217391304348
9NH7,baseline,5,95,0.9478260869565217
9NH7,baseline,5,96,0.9739130434782609
9NH7,baseline,5,97,0.9565217391304348
9NH7,baseline,5,98,0.9652173913043478
9NH7,baseline,5,99,0.9565217391304348
9NH7,baseline,6,7,0.9565217391304348
9NH7,baseline,6,8,0.9652173913043478
9NH7,baseline,6,9,0.9652173913043478
9NH7,baseline,6,10,0.9391304347826087
9NH7,baseline,6,11,0.9652173913043478
9NH7,baseline,6,12,0.9826086956521739
9NH7,baseline,6,13,0.9652173913043478
9NH7,baseline,6,14,0.9826086956521739
9NH7,baseline,6,15,0.9565217391304348
9NH7,baseline,6,16,0.9826086956521739
9NH7,baseline,6,17,0.9652173913043478
9NH7,baseline,6,18,0.9739130434782609
9NH7,baseline,6,19,0.9652173913043478
9NH7,baseline,6,20,0.9652173913043478
9NH7,baseline,6,21,0.9652173913043478
9NH7,baseline,6,22,0.991304347826087
9NH7,baseline,6,23,0.9826086956521739
9NH7,baseline,6,24,0.9391304347826087
9NH7,baseline,6,25,0.9565217391304348
9NH7,baseline,6,26,0.9826086956521739
9NH7,baseline,6,27,0.9391304347826087
9NH7,baseline,6,28,0.9652173913043478
9NH7,baseline,6,29,0.991304347826087
9NH7,baseline,6,30,0.9478260869565217
9NH7,baseline,6,31,0.9652173913043478
9NH7,baseline,6,32,1.0
9NH7,baseline,6,33,0.991304347826087
9NH7,baseline,6,34,0.9739130434782609
9NH7,baseline,6,35,0.9304347826086956
9NH7,baseline,6,36,0.9652173913043478
9NH7,baseline,6,37,0.9652173913043478
9NH7,baseline,6,38,0.991304347826087
9NH7,baseline,6,39,0.9826086956521739
9NH7,baseline,6,40,0.9739130434782609
9NH7,baseline,6,41,0.991304347826087
9NH7,baseline,6,42,0.991304347826087
9NH7,baseline,6,43,0.9652173913043478
9NH7,baseline,6,44,0.9652173913043478
9NH7,baseline,6,45,0.9826086956521739
9NH7,baseline,6,46,0.9391304347826087
9NH7,baseline,6,47,0.9652173913043478
9NH7,baseline,6,48,0.9826086956521739
9NH7,baseline,6,49,1.0
9NH7,baseline,6,50,0.9478260869565217
9NH7,baseline,6,51,0.9739130434782609
9NH7,baseline,6,52,0.9826086956521739
9NH7,baseline,6,53,0.9739130434782609
9NH7,baseline,6,54,0.9652173913043478
9NH7,baseline,6,55,0.9565217391304348
9NH7,baseline,6,56,0.9652173913043478
9NH7,baseline,6,57,0.9565217391304348
9NH7,baseline,6,58,0.9652173913043478
9NH7,baseline,6,59,0.991304347826087
9NH7,baseline,6,60,0.9739130434782609
9NH7,baseline,6,61,0.9826086956521739
9NH7,baseline,6,62,0.9739130434782609
9NH7,baseline,6,63,0.9739130434782609
9NH7,baseline,6,64,0.991304347826087
9NH7,baseline,6,65,0.9739130434782609
9NH7,baseline,6,66,0.9565217391304348
9NH7,baseline,6,67,0.9565217391304348
9NH7,baseline,6,68,0.9739130434782609
9NH7,baseline,6,69,0.9565217391304348
9NH7,baseline,6,70,0.9652173913043478
9NH7,baseline,6,71,0.9652173913043478
9NH7,baseline,6,72,0.9304347826086956
9NH7,baseline,6,73,0.9304347826086956
9NH7,baseline,6,74,0.9739130434782609
9NH7,baseline,6,75,0.9826086956521739
9NH7,baseline,6,76,0.9478260869565217
9NH7,baseline,6,77,0.9739130434782609
9NH7,baseline,6,78,0.9826086956521739
9NH7,baseline,6,79,0.9739130434782609
9NH7,baseline,6,80,0.9652173913043478
9NH7,baseline,6,81,0.9826086956521739
9NH7,baseline,6,82,0.9826086956521739
9NH7,baseline,6,83,0.9739130434782609
9NH7,baseline,6,84,0.9652173913043478
9NH7,baseline,6,85,0.9304347826086956
9NH7,baseline,6,86,0.9565217391304348
9NH7,baseline,6,87,0.9739130434782609
9NH7,baseline,6,88,0.9739130434782609
9NH7,baseline,6,89,0.9739130434782609
9NH7,baseline,6,90,0.9652173913043478
9NH7,baseline,6,91,0.9565217391304348
9NH7,baseline,6,92,0.9739130434782609
9NH7,baseline,6,93,0.9565217391304348
9NH7,baseline,6,94,0.9826086956521739
9NH7,baseline,6,95,0.9565217391304348
9NH7,baseline,6,96,0.991304347826087
9NH7,baseline,6,97,0.991304347826087
9NH7,baseline,6,98,0.9739130434782609
9NH7,baseline,6,99,0.9826086956521739
9NH7,baseline,7,8,0.9652173913043478
9NH7,baseline,7,9,0.9565217391304348
9NH7,baseline,7,10,0.9217391304347826
9NH7,baseline,7,11,0.9478260869565217
9NH7,baseline,7,12,0.9391304347826087
9NH7,baseline,7,13,0.9565217391304348
9NH7,baseline,7,14,0.9478260869565217
9NH7,baseline,7,15,0.9478260869565217
9NH7,baseline,7,16,0.9565217391304348
9NH7,baseline,7,17,0.9652173913043478
9NH7,baseline,7,18,0.9565217391304348
9NH7,baseline,7,19,0.9304347826086956
9NH7,baseline,7,20,0.9391304347826087
9NH7,baseline,7,21,0.9478260869565217
9NH7,baseline,7,22,0.9652173913043478
9NH7,baseline,7,23,0.9739130434782609
9NH7,baseline,7,24,0.9217391304347826
9NH7,baseline,7,25,0.9217391304347826
9NH7,baseline,7,26,0.9652173913043478
9NH7,baseline,7,27,0.9217391304347826
9NH7,baseline,7,28,0.9478260869565217
9NH7,baseline,7,29,0.9478260869565217
9NH7,baseline,7,30,0.9304347826086956
9NH7,baseline,7,31,0.9652173913043478
9NH7,baseline,7,32,0.9565217391304348
9NH7,baseline,7,33,0.9478260869565217
9NH7,baseline,7,34,0.9304347826086956
9NH7,baseline,7,35,0.9652173913043478
9NH7,baseline,7,36,0.9478260869565217
9NH7,baseline,7,37,0.9304347826086956
9NH7,baseline,7,38,0.9652173913043478
9NH7,baseline,7,39,0.9565217391304348
9NH7,baseline,7,40,0.9652173913043478
9NH7,baseline,7,41,0.9478260869565217
9NH7,baseline,7,42,0.9478260869565217
9NH7,baseline,7,43,0.9652173913043478
9NH7,baseline,7,44,0.9391304347826087
9NH7,baseline,7,45,0.9739130434782609
9NH7,baseline,7,46,0.9130434782608695
9NH7,baseline,7,47,0.9304347826086956
9NH7,baseline,7,48,0.9739130434782609
9NH7,baseline,7,49,0.9565217391304348
9NH7,baseline,7,50,0.9217391304347826
9NH7,baseline,7,51,0.9478260869565217
9NH7,baseline,7,52,0.9565217391304348
9NH7,baseline,7,53,0.9391304347826087
9NH7,baseline,7,54,0.9217391304347826
9NH7,baseline,7,55,0.9304347826086956
9NH7,baseline,7,56,0.9478260869565217
9NH7,baseline,7,57,0.9478260869565217
9NH7,baseline,7,58,0.9304347826086956
9NH7,baseline,7,59,0.9652173913043478
9NH7,baseline,7,60,0.9391304347826087
9NH7,baseline,7,61,0.9478260869565217
9NH7,baseline,7,62,0.9565217391304348
9NH7,baseline,7,63,0.9391304347826087
9NH7,baseline,7,64,0.9478260869565217
9NH7,baseline,7,65,0.9652173913043478
9NH7,baseline,7,66,0.9478260869565217
9NH7,baseline,7,67,0.9565217391304348
9NH7,baseline,7,68,0.9478260869565217
9NH7,baseline,7,69,0.9565217391304348
9NH7,baseline,7,70,0.9391304347826087
9NH7,baseline,7,71,0.9478260869565217
9NH7,baseline,7,72,0.9130434782608695
9NH7,baseline,7,73,0.9217391304347826
9NH7,baseline,7,74,0.9565217391304348
9NH7,baseline,7,75,0.9478260869565217
9NH7,baseline,7,76,0.9478260869565217
9NH7,baseline,7,77,0.9652173913043478
9NH7,baseline,7,78,0.9565217391304348
9NH7,baseline,7,79,0.9478260869565217
9NH7,baseline,7,80,0.9739130434782609
9NH7,baseline,7,81,0.9739130434782609
9NH7,baseline,7,82,0.9565217391304348
9NH7,baseline,7,83,0.9478260869565217
9NH7,baseline,7,84,0.9478260869565217
9NH7,baseline,7,85,0.9304347826086956
9NH7,baseline,7,86,0.9304347826086956
9NH7,baseline,7,87,0.9478260869565217
9NH7,baseline,7,88,0.9391304347826087
9NH7,baseline,7,89,0.9652173913043478
9NH7,baseline,7,90,0.9565217391304348
9NH7,baseline,7,91,0.9478260869565217
9NH7,baseline,7,92,0.9652173913043478
9NH7,baseline,7,93,0.9304347826086956
9NH7,baseline,7,94,0.9478260869565217
9NH7,baseline,7,95,0.9391304347826087
9NH7,baseline,7,96,0.9652173913043478
9NH7,baseline,7,97,0.9478260869565217
9NH7,baseline,7,98,0.9565217391304348
9NH7,baseline,7,99,0.9565217391304348
9NH7,baseline,8,9,0.9652173913043478
9NH7,baseline,8,10,0.9304347826086956
9NH7,baseline,8,11,0.9478260869565217
9NH7,baseline,8,12,0.9478260869565217
9NH7,baseline,8,13,0.9652173913043478
9NH7,baseline,8,14,0.9565217391304348
9NH7,baseline,8,15,0.9565217391304348
9NH7,baseline,8,16,0.9652173913043478
9NH7,baseline,8,17,0.9739130434782609
9NH7,baseline,8,18,0.9652173913043478
9NH7,baseline,8,19,0.9304347826086956
9NH7,baseline,8,20,0.9391304347826087
9NH7,baseline,8,21,0.9478260869565217
9NH7,baseline,8,22,0.9739130434782609
9NH7,baseline,8,23,0.9826086956521739
9NH7,baseline,8,24,0.9565217391304348
9NH7,baseline,8,25,0.9478260869565217
9NH7,baseline,8,26,0.9739130434782609
9NH7,baseline,8,27,0.9304347826086956
9NH7,baseline,8,28,0.9652173913043478
9NH7,baseline,8,29,0.9565217391304348
9NH7,baseline,8,30,0.9391304347826087
9NH7,baseline,8,31,0.991304347826087
9NH7,baseline,8,32,0.9652173913043478
9NH7,baseline,8,33,0.9652173913043478
9NH7,baseline,8,34,0.9391304347826087
9NH7,baseline,8,35,0.9391304347826087
9NH7,baseline,8,36,0.9478260869565217
9NH7,baseline,8,37,0.9565217391304348
9NH7,baseline,8,38,0.9739130434782609
9NH7,baseline,8,39,0.9652173913043478
9NH7,baseline,8,40,0.991304347826087
9NH7,baseline,8,41,0.9565217391304348
9NH7,baseline,8,42,0.9565217391304348
9NH7,baseline,8,43,0.9739130434782609
9NH7,baseline,8,44,0.9478260869565217
9NH7,baseline,8,45,0.9652173913043478
9NH7,baseline,8,46,0.9391304347826087
9NH7,baseline,8,47,0.9478260869565217
9NH7,baseline,8,48,0.9826086956521739
9NH7,baseline,8,49,0.9652173913043478
9NH7,baseline,8,50,0.9217391304347826
9NH7,baseline,8,51,0.9565217391304348
9NH7,baseline,8,52,0.9652173913043478
9NH7,baseline,8,53,0.9478260869565217
9NH7,baseline,8,54,0.9478260869565217
9NH7,baseline,8,55,0.9478260869565217
9NH7,baseline,8,56,0.9565217391304348
9NH7,baseline,8,57,0.9391304347826087
9NH7,baseline,8,58,0.9304347826086956
9NH7,baseline,8,59,0.9565217391304348
9NH7,baseline,8,60,0.9478260869565217
9NH7,baseline,8,61,0.9565217391304348
9NH7,baseline,8,62,0.9652173913043478
9NH7,baseline,8,63,0.9652173913043478
9NH7,baseline,8,64,0.9652173913043478
9NH7,baseline,8,65,0.9565217391304348
9NH7,baseline,8,66,0.9478260869565217
9NH7,baseline,8,67,0.9478260869565217
9NH7,baseline,8,68,0.9565217391304348
9NH7,baseline,8,69,0.9565217391304348
9NH7,baseline,8,70,0.9391304347826087
9NH7,baseline,8,71,0.9565217391304348
9NH7,baseline,8,72,0.9130434782608695
9NH7,baseline,8,73,0.9217391304347826
9NH7,baseline,8,74,0.9739130434782609
9NH7,baseline,8,75,0.9565217391304348
9NH7,baseline,8,76,0.9391304347826087
9NH7,baseline,8,77,0.9565217391304348
9NH7,baseline,8,78,0.9652173913043478
9NH7,baseline,8,79,0.9565217391304348
9NH7,baseline,8,80,0.9652173913043478
9NH7,baseline,8,81,0.9826086956521739
9NH7,baseline,8,82,0.9652173913043478
9NH7,baseline,8,83,0.9739130434782609
9NH7,baseline,8,84,0.9739130434782609
9NH7,baseline,8,85,0.9478260869565217
9NH7,baseline,8,86,0.9391304347826087
9NH7,baseline,8,87,0.9739130434782609
9NH7,baseline,8,88,0.9478260869565217
9NH7,baseline,8,89,0.9739130434782609
9NH7,baseline,8,90,0.9652173913043478
9NH7,baseline,8,91,0.9478260869565217
9NH7,baseline,8,92,0.9739130434782609
9NH7,baseline,8,93,0.9565217391304348
9NH7,baseline,8,94,0.9565217391304348
9NH7,baseline,8,95,0.9565217391304348
9NH7,baseline,8,96,0.9739130434782609
9NH7,baseline,8,97,0.9565217391304348
9NH7,baseline,8,98,0.9652173913043478
9NH7,baseline,8,99,0.9478260869565217
9NH7,baseline,9,10,0.9565217391304348
9NH7,baseline,9,11,0.9478260869565217
9NH7,baseline,9,12,0.9478260869565217
9NH7,baseline,9,13,0.9826086956521739
9NH7,baseline,9,14,0.9565217391304348
9NH7,baseline,9,15,0.9739130434782609
9NH7,baseline,9,16,0.9652173913043478
9NH7,baseline,9,17,0.9826086956521739
9NH7,baseline,9,18,0.9652173913043478
9NH7,baseline,9,19,0.9478260869565217
9NH7,baseline,9,20,0.9391304347826087
9NH7,baseline,9,21,0.9478260869565217
9NH7,baseline,9,22,0.9739130434782609
9NH7,baseline,9,23,0.9826086956521739
9NH7,baseline,9,24,0.9217391304347826
9NH7,baseline,9,25,0.9478260869565217
9NH7,baseline,9,26,0.9652173913043478
9NH7,baseline,9,27,0.9478260869565217
9NH7,baseline,9,28,0.9478260869565217
9NH7,baseline,9,29,0.9565217391304348
9NH7,baseline,9,30,0.9304347826086956
9NH7,baseline,9,31,0.9652173913043478
9NH7,baseline,9,32,0.9652173913043478
9NH7,baseline,9,33,0.9565217391304348
9NH7,baseline,9,34,0.9391304347826087
9NH7,baseline,9,35,0.9478260869565217
9NH7,baseline,9,36,0.9478260869565217
9NH7,baseline,9,37,0.9391304347826087
9NH7,baseline,9,38,0.9739130434782609
9NH7,baseline,9,39,0.9565217391304348
9NH7,baseline,9,40,0.9739130434782609
9NH7,baseline,9,41,0.9739130434782609
9NH7,baseline,9,42,0.9565217391304348
9NH7,baseline,9,43,0.9652173913043478
9NH7,baseline,9,44,0.9478260869565217
9NH7,baseline,9,45,0.9652173913043478
9NH7,baseline,9,46,0.9217391304347826
9NH7,baseline,9,47,0.9739130434782609
9NH7,baseline,9,48,0.9826086956521739
9NH7,baseline,9,49,0.9652173913043478
9NH7,baseline,9,50,0.9217391304347826
9NH7,baseline,9,51,0.9565217391304348
9NH7,baseline,9,52,0.9826086956521739
9NH7,baseline,9,53,0.9652173913043478
9NH7,baseline,9,54,0.9478260869565217
9NH7,baseline,9,55,0.9565217391304348
9NH7,baseline,9,56,0.9739130434782609
9NH7,baseline,9,57,0.9391304347826087
9NH7,baseline,9,58,0.9304347826086956
9NH7,baseline,9,59,0.9565217391304348
9NH7,baseline,9,60,0.9391304347826087
9NH7,baseline,9,61,0.9565217391304348
9NH7,baseline,9,62,0.9652173913043478
9NH7,baseline,9,63,0.9478260869565217
9NH7,baseline,9,64,0.9565217391304348
9NH7,baseline,9,65,0.9565217391304348
9NH7,baseline,9,66,0.9478260869565217
9NH7,baseline,9,67,0.9478260869565217
9NH7,baseline,9,68,0.9565217391304348
9NH7,baseline,9,69,0.9739130434782609
9NH7,baseline,9,70,0.9391304347826087
9NH7,baseline,9,71,0.9478260869565217
9NH7,baseline,9,72,0.9130434782608695
9NH7,baseline,9,73,0.9130434782608695
9NH7,baseline,9,74,0.9565217391304348
9NH7,baseline,9,75,0.9565217391304348
9NH7,baseline,9,76,0.9391304347826087
9NH7,baseline,9,77,0.9565217391304348
9NH7,baseline,9,78,0.9652173913043478
9NH7,baseline,9,79,0.9739130434782609
9NH7,baseline,9,80,0.9652173913043478
9NH7,baseline,9,81,0.9826086956521739
9NH7,baseline,9,82,0.9652173913043478
9NH7,baseline,9,83,0.9565217391304348
9NH7,baseline,9,84,0.9478260869565217
9NH7,baseline,9,85,0.9217391304347826
9NH7,baseline,9,86,0.9478260869565217
9NH7,baseline,9,87,0.9565217391304348
9NH7,baseline,9,88,0.9478260869565217
9NH7,baseline,9,89,0.9739130434782609
9NH7,baseline,9,90,0.9826086956521739
9NH7,baseline,9,91,0.9478260869565217
9NH7,baseline,9,92,0.9739130434782609
9NH7,baseline,9,93,0.9391304347826087
9NH7,baseline,9,94,0.9565217391304348
9NH7,baseline,9,95,0.9478260869565217
9NH7,baseline,9,96,0.9739130434782609
9NH7,baseline,9,97,0.9565217391304348
9NH7,baseline,9,98,0.9652173913043478
9NH7,baseline,9,99,0.9478260869565217
9NH7,baseline,10,11,0.9391304347826087
9NH7,baseline,10,12,0.9217391304347826
9NH7,baseline,10,13,0.9478260869565217
9NH7,baseline,10,14,0.9478260869565217
9NH7,baseline,10,15,0.9391304347826087
9NH7,baseline,10,16,0.9565217391304348
9NH7,baseline,10,17,0.9565217391304348
9NH7,baseline,10,18,0.9217391304347826
9NH7,baseline,10,19,0.9304347826086956
9NH7,baseline,10,20,0.9217391304347826
9NH7,baseline,10,21,0.9217391304347826
9NH7,baseline,10,22,0.9478260869565217
9NH7,baseline,10,23,0.9391304347826087
9NH7,baseline,10,24,0.9565217391304348
9NH7,baseline,10,25,0.9304347826086956
9NH7,baseline,10,26,0.9565217391304348
9NH7,baseline,10,27,0.9217391304347826
9NH7,baseline,10,28,0.9391304347826087
9NH7,baseline,10,29,0.9478260869565217
9NH7,baseline,10,30,0.9217391304347826
9NH7,baseline,10,31,0.9391304347826087
9NH7,baseline,10,32,0.9391304347826087
9NH7,baseline,10,33,0.9304347826086956
9NH7,baseline,10,34,0.9217391304347826
9NH7,baseline,10,35,0.9217391304347826
9NH7,baseline,10,36,0.9217391304347826
9NH7,baseline,10,37,0.9130434782608695
9NH7,baseline,10,38,0.9478260869565217
9NH7,baseline,10,39,0.9478260869565217
9NH7,baseline,10,40,0.9304347826086956
9NH7,baseline,10,41,0.9478260869565217
9NH7,baseline,10,42,0.9304347826086956
9NH7,baseline,10,43,0.9217391304347826
9NH7,baseline,10,44,0.9304347826086956
9NH7,baseline,10,45,0.9391304347826087
9NH7,baseline,10,46,0.9043478260869565
9NH7,baseline,10,47,0.9478260869565217
9NH7,baseline,10,48,0.9391304347826087
9NH7,baseline,10,49,0.9391304347826087
9NH7,baseline,10,50,0.9130434782608695
9NH7,baseline,10,51,0.9478260869565217
9NH7,baseline,10,52,0.9565217391304348
9NH7,baseline,10,53,0.9565217391304348
9NH7,baseline,10,54,0.9304347826086956
9NH7,baseline,10,55,0.9652173913043478
9NH7,baseline,10,56,0.9391304347826087
9NH7,baseline,10,57,0.9217391304347826
9NH7,baseline,10,58,0.9043478260869565
9NH7,baseline,10,59,0.9304347826086956
9NH7,baseline,10,60,0.9130434782608695
9NH7,baseline,10,61,0.9478260869565217
9NH7,baseline,10,62,0.9304347826086956
9NH7,baseline,10,63,0.9304347826086956
9NH7,baseline,10,64,0.9304347826086956
9NH7,baseline,10,65,0.9391304347826087
9NH7,baseline,10,66,0.9217391304347826
9NH7,baseline,10,67,0.9217391304347826
9NH7,baseline,10,68,0.9391304347826087
9NH7,baseline,10,69,0.9304347826086956
9NH7,baseline,10,70,0.9130434782608695
9NH7,baseline,10,71,0.9217391304347826
9NH7,baseline,10,72,0.9130434782608695
9NH7,baseline,10,73,0.9043478260869565
9NH7,baseline,10,74,0.9304347826086956
9NH7,baseline,10,75,0.9304347826086956
9NH7,baseline,10,76,0.9217391304347826
9NH7,baseline,10,77,0.9391304347826087
9NH7,baseline,10,78,0.9391304347826087
9NH7,baseline,10,79,0.9652173913043478
9NH7,baseline,10,80,0.9391304347826087
9NH7,baseline,10,81,0.9391304347826087
9NH7,baseline,10,82,0.9478260869565217
9NH7,baseline,10,83,0.9478260869565217
9NH7,baseline,10,84,0.9565217391304348
9NH7,baseline,10,85,0.9217391304347826
9NH7,baseline,10,86,0.9391304347826087
9NH7,baseline,10,87,0.9304347826086956
9NH7,baseline,10,88,0.9217391304347826
9NH7,baseline,10,89,0.9391304347826087
9NH7,baseline,10,90,0.9391304347826087
9NH7,baseline,10,91,0.9043478260869565
9NH7,baseline,10,92,0.9391304347826087
9NH7,baseline,10,93,0.9217391304347826
9NH7,baseline,10,94,0.9478260869565217
9NH7,baseline,10,95,0.9217391304347826
9NH7,baseline,10,96,0.9478260869565217
9NH7,baseline,10,97,0.9478260869565217
9NH7,baseline,10,98,0.9304347826086956
9NH7,baseline,10,99,0.9217391304347826
9NH7,baseline,11,12,0.9652173913043478
9NH7,baseline,11,13,0.9478260869565217
9NH7,baseline,11,14,0.9565217391304348
9NH7,baseline,11,15,0.9391304347826087
9NH7,baseline,11,16,0.9652173913043478
9NH7,baseline,11,17,0.9478260869565217
9NH7,baseline,11,18,0.9652173913043478
9NH7,baseline,11,19,0.9391304347826087
9NH7,baseline,11,20,0.9565217391304348
9NH7,baseline,11,21,0.9565217391304348
9NH7,baseline,11,22,0.9739130434782609
9NH7,baseline,11,23,0.9652173913043478
9NH7,baseline,11,24,0.9391304347826087
9NH7,baseline,11,25,0.9304347826086956
9NH7,baseline,11,26,0.9652173913043478
9NH7,baseline,11,27,0.9304347826086956
9NH7,baseline,11,28,0.9652173913043478
9NH7,baseline,11,29,0.9739130434782609
9NH7,baseline,11,30,0.9304347826086956
9NH7,baseline,11,31,0.9478260869565217
9NH7,baseline,11,32,0.9652173913043478
9NH7,baseline,11,33,0.9565217391304348
9NH7,baseline,11,34,0.9391304347826087
9NH7,baseline,11,35,0.9391304347826087
9NH7,baseline,11,36,0.9565217391304348
9NH7,baseline,11,37,0.9478260869565217
9NH7,baseline,11,38,0.9739130434782609
9NH7,baseline,11,39,0.9565217391304348
9NH7,baseline,11,40,0.9565217391304348
9NH7,baseline,11,41,0.9565217391304348
9NH7,baseline,11,42,0.9652173913043478
9NH7,baseline,11,43,0.9565217391304348
9NH7,baseline,11,44,0.9652173913043478
9NH7,baseline,11,45,0.9739130434782609
9NH7,baseline,11,46,0.9217391304347826
9NH7,baseline,11,47,0.9391304347826087
9NH7,baseline,11,48,0.9652173913043478
9NH7,baseline,11,49,0.9652173913043478
9NH7,baseline,11,50,0.9304347826086956
9NH7,baseline,11,51,0.9739130434782609
9NH7,baseline,11,52,0.9652173913043478
9NH7,baseline,11,53,0.9478260869565217
9NH7,baseline,11,54,0.9304347826086956
9NH7,baseline,11,55,0.9391304347826087
9NH7,baseline,11,56,0.9391304347826087
9NH7,baseline,11,57,0.9652173913043478
9NH7,baseline,11,58,0.9478260869565217
9NH7,baseline,11,59,0.9652173913043478
9NH7,baseline,11,60,0.9478260869565217
9NH7,baseline,11,61,0.9565217391304348
9NH7,baseline,11,62,0.9652173913043478
9NH7,baseline,11,63,0.9478260869565217
9NH7,baseline,11,64,0.9565217391304348
9NH7,baseline,11,65,0.9652173913043478
9NH7,baseline,11,66,0.9652173913043478
9NH7,baseline,11,67,0.9565217391304348
9NH7,baseline,11,68,0.9739130434782609
9NH7,baseline,11,69,0.9478260869565217
9NH7,baseline,11,70,0.9478260869565217
9NH7,baseline,11,71,0.9565217391304348
9NH7,baseline,11,72,0.9391304347826087
9NH7,baseline,11,73,0.9217391304347826
9NH7,baseline,11,74,0.9739130434782609
9NH7,baseline,11,75,0.9565217391304348
9NH7,baseline,11,76,0.9478260869565217
9NH7,baseline,11,77,0.9652173913043478
9NH7,baseline,11,78,0.9652173913043478
9NH7,baseline,11,79,0.9565217391304348
9NH7,baseline,11,80,0.9739130434782609
9NH7,baseline,11,81,0.9652173913043478
9NH7,baseline,11,82,0.9652173913043478
9NH7,baseline,11,83,0.9565217391304348
9NH7,baseline,11,84,0.9652173913043478
9NH7,baseline,11,85,0.9391304347826087
9NH7,baseline,11,86,0.9478260869565217
9NH7,baseline,11,87,0.9739130434782609
9NH7,baseline,11,88,0.9478260869565217
9NH7,baseline,11,89,0.9565217391304348
9NH7,baseline,11,90,0.9652173913043478
9NH7,baseline,11,91,0.9391304347826087
9NH7,baseline,11,92,0.9565217391304348
9NH7,baseline,11,93,0.9565217391304348
9NH7,baseline,11,94,0.9565217391304348
9NH7,baseline,11,95,0.9478260869565217
9NH7,baseline,11,96,0.9739130434782609
9NH7,baseline,11,97,0.9739130434782609
9NH7,baseline,11,98,0.9652173913043478
9NH7,baseline,11,99,0.9565217391304348
9NH7,baseline,12,13,0.9478260869565217
9NH7,baseline,12,14,0.9652173913043478
9NH7,baseline,12,15,0.9391304347826087
9NH7,baseline,12,16,0.9652173913043478
9NH7,baseline,12,17,0.9478260869565217
9NH7,baseline,12,18,0.9739130434782609
9NH7,baseline,12,19,0.9478260869565217
9NH7,baseline,12,20,0.9478260869565217
9NH7,baseline,12,21,0.9652173913043478
9NH7,baseline,12,22,0.9739130434782609
9NH7,baseline,12,23,0.9652173913043478
9NH7,baseline,12,24,0.9217391304347826
9NH7,baseline,12,25,0.9391304347826087
9NH7,baseline,12,26,0.9652173913043478
9NH7,baseline,12,27,0.9304347826086956
9NH7,baseline,12,28,0.9478260869565217
9NH7,baseline,12,29,0.9739130434782609
9NH7,baseline,12,30,0.9304347826086956
9NH7,baseline,12,31,0.9478260869565217
9NH7,baseline,12,32,0.9826086956521739
9NH7,baseline,12,33,0.9739130434782609
9NH7,baseline,12,34,0.9739130434782609
9NH7,baseline,12,35,0.9478260869565217
9NH7,baseline,12,36,0.9478260869565217
9NH7,baseline,12,37,0.9652173913043478
9NH7,baseline,12,38,0.9739130434782609
9NH7,baseline,12,39,0.9652173913043478
9NH7,baseline,12,40,0.9565217391304348
9NH7,baseline,12,41,0.9739130434782609
9NH7,baseline,12,42,0.9826086956521739
9NH7,baseline,12,43,0.9478260869565217
9NH7,baseline,12,44,0.9652173913043478
9NH7,baseline,12,45,0.9652173913043478
9NH7,baseline,12,46,0.9478260869565217
9NH7,baseline,12,47,0.9478260869565217
9NH7,baseline,12,48,0.9652173913043478
9NH7,baseline,12,49,0.9826086956521739
9NH7,baseline,12,50,0.9478260869565217
9NH7,baseline,12,51,0.9739130434782609
9NH7,baseline,12,52,0.9652173913043478
9NH7,baseline,12,53,0.9565217391304348
9NH7,baseline,12,54,0.9652173913043478
9NH7,baseline,12,55,0.9391304347826087
9NH7,baseline,12,56,0.9478260869565217
9NH7,baseline,12,57,0.9565217391304348
9NH7,baseline,12,58,0.9739130434782609
9NH7,baseline,12,59,0.9739130434782609
9NH7,baseline,12,60,0.9565217391304348
9NH7,baseline,12,61,0.9652173913043478
9NH7,baseline,12,62,0.9652173913043478
9NH7,baseline,12,63,0.9565217391304348
9NH7,baseline,12,64,0.9739130434782609
9NH7,baseline,12,65,0.9565217391304348
9NH7,baseline,12,66,0.9478260869565217
9NH7,baseline,12,67,0.9478260869565217
9NH7,baseline,12,68,0.9739130434782609
9NH7,baseline,12,69,0.9391304347826087
9NH7,baseline,12,70,0.9652173913043478
9NH7,baseline,12,71,0.9652173913043478
9NH7,baseline,12,72,0.9391304347826087
9NH7,baseline,12,73,0.9391304347826087
9NH7,baseline,12,74,0.9565217391304348
9NH7,baseline,12,75,0.9652173913043478
9NH7,baseline,12,76,0.9565217391304348
9NH7,baseline,12,77,0.9565217391304348
9NH7,baseline,12,78,0.9826086956521739
9NH7,baseline,12,79,0.9565217391304348
9NH7,baseline,12,80,0.9478260869565217
9NH7,baseline,12,81,0.9652173913043478
9NH7,baseline,12,82,0.9652173913043478
9NH7,baseline,12,83,0.9565217391304348
9NH7,baseline,12,84,0.9478260869565217
9NH7,baseline,12,85,0.9217391304347826
9NH7,baseline,12,86,0.9391304347826087
9NH7,baseline,12,87,0.9739130434782609
9NH7,baseline,12,88,0.9652173913043478
9NH7,baseline,12,89,0.9565217391304348
9NH7,baseline,12,90,0.9652173913043478
9NH7,baseline,12,91,0.9565217391304348
9NH7,baseline,12,92,0.9565217391304348
9NH7,baseline,12,93,0.9739130434782609
9NH7,baseline,12,94,0.9652173913043478
9NH7,baseline,12,95,0.9478260869565217
9NH7,baseline,12,96,0.9739130434782609
9NH7,baseline,12,97,0.9739130434782609
9NH7,baseline,12,98,0.9652173913043478
9NH7,baseline,12,99,0.9826086956521739
9NH7,baseline,13,14,0.9652173913043478
9NH7,baseline,13,15,0.991304347826087
9NH7,baseline,13,16,0.9739130434782609
9NH7,baseline,13,17,0.9826086956521739
9NH7,baseline,13,18,0.9652173913043478
9NH7,baseline,13,19,0.9652173913043478
9NH7,baseline,13,20,0.9565217391304348
9NH7,baseline,13,21,0.9478260869565217
9NH7,baseline,13,22,0.9739130434782609
9NH7,baseline,13,23,0.9826086956521739
9NH7,baseline,13,24,0.9304347826086956
9NH7,baseline,13,25,0.9652173913043478
9NH7,baseline,13,26,0.9652173913043478
9NH7,baseline,13,27,0.9652173913043478
9NH7,baseline,13,28,0.9565217391304348
9NH7,baseline,13,29,0.9565217391304348
9NH7,baseline,13,30,0.9217391304347826
9NH7,baseline,13,31,0.9652173913043478
9NH7,baseline,13,32,0.9652173913043478
9NH7,baseline,13,33,0.9565217391304348
9NH7,baseline,13,34,0.9565217391304348
9NH7,baseline,13,35,0.9478260869565217
9NH7,baseline,13,36,0.9478260869565217
9NH7,baseline,13,37,0.9391304347826087
9NH7,baseline,13,38,0.9739130434782609
9NH7,baseline,13,39,0.9565217391304348
9NH7,baseline,13,40,0.9739130434782609
9NH7,baseline,13,41,0.9739130434782609
9NH7,baseline,13,42,0.9565217391304348
9NH7,baseline,13,43,0.9652173913043478
9NH7,baseline,13,44,0.9652173913043478
9NH7,baseline,13,45,0.9652173913043478
9NH7,baseline,13,46,0.9304347826086956
9NH7,baseline,13,47,0.9565217391304348
9NH7,baseline,13,48,0.9826086956521739
9NH7,baseline,13,49,0.9652173913043478
9NH7,baseline,13,50,0.9304347826086956
9NH7,baseline,13,51,0.9652173913043478
9NH7,baseline,13,52,0.9826086956521739
9NH7,baseline,13,53,0.9739130434782609
9NH7,baseline,13,54,0.9652173913043478
9NH7,baseline,13,55,0.9652173913043478
9NH7,baseline,13,56,0.991304347826087
9NH7,baseline,13,57,0.9565217391304348
9NH7,baseline,13,58,0.9304347826086956
9NH7,baseline,13,59,0.9565217391304348
9NH7,baseline,13,60,0.9391304347826087
9NH7,baseline,13,61,0.9652173913043478
9NH7,baseline,13,62,0.9652173913043478
9NH7,baseline,13,63,0.9652173913043478
9NH7,baseline,13,64,0.9565217391304348
9NH7,baseline,13,65,0.9739130434782609
9NH7,baseline,13,66,0.9652173913043478
9NH7,baseline,13,67,0.9652173913043478
9NH7,baseline,13,68,0.9652173913043478
9NH7,baseline,13,69,0.9739130434782609
9NH7,baseline,13,70,0.9391304347826087
9NH7,baseline,13,71,0.9478260869565217
9NH7,baseline,13,72,0.9130434782608695
9NH7,baseline,13,73,0.9304347826086956
9NH7,baseline,13,74,0.9565217391304348
9NH7,baseline,13,75,0.9565217391304348
9NH7,baseline,13,76,0.9478260869565217
9NH7,baseline,13,77,0.9739130434782609
9NH7,baseline,13,78,0.9652173913043478
9NH7,baseline,13,79,0.9826086956521739
9NH7,baseline,13,80,0.9652173913043478
9NH7,baseline,13,81,0.9826086956521739
9NH7,baseline,13,82,0.9826086956521739
9NH7,baseline,13,83,0.9652173913043478
9NH7,baseline,13,84,0.9478260869565217
9NH7,baseline,13,85,0.9304347826086956
9NH7,baseline,13,86,0.9565217391304348
9NH7,baseline,13,87,0.9565217391304348
9NH7,baseline,13,88,0.9652173913043478
9NH7,baseline,13,89,0.991304347826087
9NH7,baseline,13,90,0.9826086956521739
9NH7,baseline,13,91,0.9478260869565217
9NH7,baseline,13,92,0.991304347826087
9NH7,baseline,13,93,0.9565217391304348
9NH7,baseline,13,94,0.9652173913043478
9NH7,baseline,13,95,0.9652173913043478
9NH7,baseline,13,96,0.9739130434782609
9NH7,baseline,13,97,0.9565217391304348
9NH7,baseline,13,98,0.9652173913043478
9NH7,baseline,13,99,0.9478260869565217
9NH7,baseline,14,15,0.9565217391304348
9NH7,baseline,14,16,0.991304347826087
9NH7,baseline,14,17,0.9565217391304348
9NH7,baseline,14,18,0.9739130434782609
9NH7,baseline,14,19,0.9565217391304348
9NH7,baseline,14,20,0.9739130434782609
9NH7,baseline,14,21,0.9565217391304348
9NH7,baseline,14,22,0.9826086956521739
9NH7,baseline,14,23,0.9739130434782609
9NH7,baseline,14,24,0.9478260869565217
9NH7,baseline,14,25,0.9652173913043478
9NH7,baseline,14,26,0.9739130434782609
9NH7,baseline,14,27,0.9391304347826087
9NH7,baseline,14,28,0.9739130434782609
9NH7,baseline,14,29,0.9739130434782609
9NH7,baseline,14,30,0.9478260869565217
9NH7,baseline,14,31,0.9565217391304348
9NH7,baseline,14,32,0.9826086956521739
9NH7,baseline,14,33,0.9739130434782609
9NH7,baseline,14,34,0.9652173913043478
9NH7,baseline,14,35,0.9217391304347826
9NH7,baseline,14,36,0.9565217391304348
9NH7,baseline,14,37,0.9652173913043478
9NH7,baseline,14,38,0.9826086956521739
9NH7,baseline,14,39,0.9826086956521739
9NH7,baseline,14,40,0.9652173913043478
9NH7,baseline,14,41,0.9739130434782609
9NH7,baseline,14,42,0.9739130434782609
9NH7,baseline,14,43,0.9565217391304348
9NH7,baseline,14,44,0.9652173913043478
9NH7,baseline,14,45,0.9739130434782609
9NH7,baseline,14,46,0.9565217391304348
9NH7,baseline,14,47,0.9652173913043478
9NH7,baseline,14,48,0.9739130434782609
9NH7,baseline,14,49,0.9826086956521739
9NH7,baseline,14,50,0.9652173913043478
9NH7,baseline,14,51,0.9826086956521739
9NH7,baseline,14,52,0.9739130434782609
9NH7,baseline,14,53,0.991304347826087
9NH7,baseline,14,54,0.9565217391304348
9NH7,baseline,14,55,0.9652173913043478
9NH7,baseline,14,56,0.9739130434782609
9NH7,baseline,14,57,0.9565217391304348
9NH7,baseline,14,58,0.9478260869565217
9NH7,baseline,14,59,0.9739130434782609
9NH7,baseline,14,60,0.9565217391304348
9NH7,baseline,14,61,1.0
9NH7,baseline,14,62,0.9652173913043478
9NH7,baseline,14,63,0.9826086956521739
9NH7,baseline,14,64,0.9739130434782609
9NH7,baseline,14,65,0.9739130434782609
9NH7,baseline,14,66,0.9565217391304348
9NH7,baseline,14,67,0.9565217391304348
9NH7,baseline,14,68,0.9739130434782609
9NH7,baseline,14,69,0.9478260869565217
9NH7,baseline,14,70,0.9652173913043478
9NH7,baseline,14,71,0.9565217391304348
9NH7,baseline,14,72,0.9304347826086956
9NH7,baseline,14,73,0.9391304347826087
9NH7,baseline,14,74,0.9652173913043478
9NH7,baseline,14,75,0.9826086956521739
9NH7,baseline,14,76,0.9565217391304348
9NH7,baseline,14,77,0.9739130434782609
9NH7,baseline,14,78,0.9739130434782609
9NH7,baseline,14,79,0.9826086956521739
9NH7,baseline,14,80,0.9565217391304348
9NH7,baseline,14,81,0.9739130434782609
9NH7,baseline,14,82,0.9826086956521739
9NH7,baseline,14,83,0.9826086956521739
9NH7,baseline,14,84,0.9565217391304348
9NH7,baseline,14,85,0.9391304347826087
9NH7,baseline,14,86,0.9739130434782609
9NH7,baseline,14,87,0.9652173913043478
9NH7,baseline,14,88,0.9652173913043478
9NH7,baseline,14,89,0.9739130434782609
9NH7,baseline,14,90,0.9565217391304348
9NH7,baseline,14,91,0.9565217391304348
9NH7,baseline,14,92,0.9739130434782609
9NH7,baseline,14,93,0.9565217391304348
9NH7,baseline,14,94,1.0
9NH7,baseline,14,95,0.9565217391304348
9NH7,baseline,14,96,0.9826086956521739
9NH7,baseline,14,97,0.9739130434782609
9NH7,baseline,14,98,0.9652173913043478
9NH7,baseline,14,99,0.9652173913043478
9NH7,baseline,15,16,0.9652173913043478
9NH7,baseline,15,17,0.9739130434782609
9NH7,baseline,15,18,0.9565217391304348
9NH7,baseline,15,19,0.9739130434782609
9NH7,baseline,15,20,0.9478260869565217
9NH7,baseline,15,21,0.9565217391304348
9NH7,baseline,15,22,0.9652173913043478
9NH7,baseline,15,23,0.9739130434782609
9NH7,baseline,15,24,0.9217391304347826
9NH7,baseline,15,25,0.9565217391304348
9NH7,baseline,15,26,0.9565217391304348
9NH7,baseline,15,27,0.9739130434782609
9NH7,baseline,15,28,0.9478260869565217
9NH7,baseline,15,29,0.9478260869565217
9NH7,baseline,15,30,0.9304347826086956
9NH7,baseline,15,31,0.9565217391304348
9NH7,baseline,15,32,0.9565217391304348
9NH7,baseline,15,33,0.9478260869565217
9NH7,baseline,15,34,0.9478260869565217
9NH7,baseline,15,35,0.9391304347826087
9NH7,baseline,15,36,0.9565217391304348
9NH7,baseline,15,37,0.9304347826086956
9NH7,baseline,15,38,0.9652173913043478
9NH7,baseline,15,39,0.9478260869565217
9NH7,baseline,15,40,0.9652173913043478
9NH7,baseline,15,41,0.9652173913043478
9NH7,baseline,15,42,0.9478260869565217
9NH7,baseline,15,43,0.9565217391304348
9NH7,baseline,15,44,0.9739130434782609
9NH7,baseline,15,45,0.9565217391304348
9NH7,baseline,15,46,0.9217391304347826
9NH7,baseline,15,47,0.9478260869565217
9NH7,baseline,15,48,0.9739130434782609
9NH7,baseline,15,49,0.9565217391304348
9NH7,baseline,15,50,0.9391304347826087
9NH7,baseline,15,51,0.9565217391304348
9NH7,baseline,15,52,0.9739130434782609
9NH7,baseline,15,53,0.9652173913043478
9NH7,baseline,15,54,0.9565217391304348
9NH7,baseline,15,55,0.9565217391304348
9NH7,baseline,15,56,0.9826086956521739
9NH7,baseline,15,57,0.9478260869565217
9NH7,baseline,15,58,0.9391304347826087
9NH7,baseline,15,59,0.9478260869565217
9NH7,baseline,15,60,0.9478260869565217
9NH7,baseline,15,61,0.9565217391304348
9NH7,baseline,15,62,0.9565217391304348
9NH7,baseline,15,63,0.9565217391304348
9NH7,baseline,15,64,0.9478260869565217
9NH7,baseline,15,65,0.9652173913043478
9NH7,baseline,15,66,0.9565217391304348
9NH7,baseline,15,67,0.9565217391304348
9NH7,baseline,15,68,0.9565217391304348
9NH7,baseline,15,69,0.9826086956521739
9NH7,baseline,15,70,0.9478260869565217
9NH7,baseline,15,71,0.9391304347826087
9NH7,baseline,15,72,0.9217391304347826
9NH7,baseline,15,73,0.9391304347826087
9NH7,baseline,15,74,0.9478260869565217
9NH7,baseline,15,75,0.9652173913043478
9NH7,baseline,15,76,0.9391304347826087
9NH7,baseline,15,77,0.9652173913043478
9NH7,baseline,15,78,0.9565217391304348
9NH7,baseline,15,79,0.9739130434782609
9NH7,baseline,15,80,0.9565217391304348
9NH7,baseline,15,81,0.9739130434782609
9NH7,baseline,15,82,0.9739130434782609
9NH7,baseline,15,83,0.9565217391304348
9NH7,baseline,15,84,0.9391304347826087
9NH7,baseline,15,85,0.9217391304347826
9NH7,baseline,15,86,0.9478260869565217
9NH7,baseline,15,87,0.9478260869565217
9NH7,baseline,15,88,0.9565217391304348
9NH7,baseline,15,89,0.9826086956521739
9NH7,baseline,15,90,0.9739130434782609
9NH7,baseline,15,91,0.9391304347826087
9NH7,baseline,15,92,0.9826086956521739
9NH7,baseline,15,93,0.9478260869565217
9NH7,baseline,15,94,0.9565217391304348
9NH7,baseline,15,95,0.9565217391304348
9NH7,baseline,15,96,0.9652173913043478
9NH7,baseline,15,97,0.9478260869565217
9NH7,baseline,15,98,0.9565217391304348
9NH7,baseline,15,99,0.9391304347826087
9NH7,baseline,16,17,0.9652173913043478
9NH7,baseline,16,18,0.9652173913043478
9NH7,baseline,16,19,0.9565217391304348
9NH7,baseline,16,20,0.9652173913043478
9NH7,baseline,16,21,0.9652173913043478
9NH7,baseline,16,22,0.991304347826087
9NH7,baseline,16,23,0.9826086956521739
9NH7,baseline,16,24,0.9565217391304348
9NH7,baseline,16,25,0.9565217391304348
9NH7,baseline,16,26,0.9826086956521739
9NH7,baseline,16,27,0.9478260869565217
9NH7,baseline,16,28,0.9826086956521739
9NH7,baseline,16,29,0.9739130434782609
9NH7,baseline,16,30,0.9391304347826087
9NH7,baseline,16,31,0.9652173913043478
9NH7,baseline,16,32,0.9826086956521739
9NH7,baseline,16,33,0.9739130434782609
9NH7,baseline,16,34,0.9652173913043478
9NH7,baseline,16,35,0.9304347826086956
9NH7,baseline,16,36,0.9652173913043478
9NH7,baseline,16,37,0.9565217391304348
9NH7,baseline,16,38,0.991304347826087
9NH7,baseline,16,39,0.9739130434782609
9NH7,baseline,16,40,0.9739130434782609
9NH7,baseline,16,41,0.9739130434782609
9NH7,baseline,16,42,0.9739130434782609
9NH7,baseline,16,43,0.9652173913043478
9NH7,baseline,16,44,0.9739130434782609
9NH7,baseline,16,45,0.9826086956521739
9NH7,baseline,16,46,0.9478260869565217
9NH7,baseline,16,47,0.9565217391304348
9NH7,baseline,16,48,0.9826086956521739
9NH7,baseline,16,49,0.9826086956521739
9NH7,baseline,16,50,0.9565217391304348
9NH7,baseline,16,51,0.991304347826087
9NH7,baseline,16,52,0.9826086956521739
9NH7,baseline,16,53,0.9826086956521739
9NH7,baseline,16,54,0.9565217391304348
9NH7,baseline,16,55,0.9739130434782609
9NH7,baseline,16,56,0.9652173913043478
9NH7,baseline,16,57,0.9652173913043478
9NH7,baseline,16,58,0.9478260869565217
9NH7,baseline,16,59,0.9739130434782609
9NH7,baseline,16,60,0.9565217391304348
9NH7,baseline,16,61,0.991304347826087
9NH7,baseline,16,62,0.9739130434782609
9NH7,baseline,16,63,0.9739130434782609
9NH7,baseline,16,64,0.9739130434782609
9NH7,baseline,16,65,0.9826086956521739
9NH7,baseline,16,66,0.9652173913043478
9NH7,baseline,16,67,0.9652173913043478
9NH7,baseline,16,68,0.9826086956521739
9NH7,baseline,16,69,0.9565217391304348
9NH7,baseline,16,70,0.9565217391304348
9NH7,baseline,16,71,0.9652173913043478
9NH7,baseline,16,72,0.9217391304347826
9NH7,baseline,16,73,0.9304347826086956
9NH7,baseline,16,74,0.9739130434782609
9NH7,baseline,16,75,0.9739130434782609
9NH7,baseline,16,76,0.9652173913043478
9NH7,baseline,16,77,0.9826086956521739
9NH7,baseline,16,78,0.9826086956521739
9NH7,baseline,16,79,0.991304347826087
9NH7,baseline,16,80,0.9652173913043478
9NH7,baseline,16,81,0.9826086956521739
9NH7,baseline,16,82,0.991304347826087
9NH7,baseline,16,83,0.991304347826087
9NH7,baseline,16,84,0.9652173913043478
9NH7,baseline,16,85,0.9478260869565217
9NH7,baseline,16,86,0.9652173913043478
9NH7,baseline,16,87,0.9739130434782609
9NH7,baseline,16,88,0.9652173913043478
9NH7,baseline,16,89,0.9826086956521739
9NH7,baseline,16,90,0.9652173913043478
9NH7,baseline,16,91,0.9478260869565217
9NH7,baseline,16,92,0.9826086956521739
9NH7,baseline,16,93,0.9652173913043478
9NH7,baseline,16,94,0.991304347826087
9NH7,baseline,16,95,0.9652173913043478
9NH7,baseline,16,96,0.991304347826087
9NH7,baseline,16,97,0.9739130434782609
9NH7,baseline,16,98,0.9739130434782609
9NH7,baseline,16,99,0.9652173913043478
9NH7,baseline,17,18,0.9652173913043478
9NH7,baseline,17,19,0.9478260869565217
9NH7,baseline,17,20,0.9391304347826087
9NH7,baseline,17,21,0.9478260869565217
9NH7,baseline,17,22,0.9739130434782609
9NH7,baseline,17,23,0.9826086956521739
9NH7,baseline,17,24,0.9304347826086956
9NH7,baseline,17,25,0.9478260869565217
9NH7,baseline,17,26,0.9826086956521739
9NH7,baseline,17,27,0.9478260869565217
9NH7,baseline,17,28,0.9478260869565217
9NH7,baseline,17,29,0.9565217391304348
9NH7,baseline,17,30,0.9391304347826087
9NH7,baseline,17,31,0.9826086956521739
9NH7,baseline,17,32,0.9652173913043478
9NH7,baseline,17,33,0.9565217391304348
9NH7,baseline,17,34,0.9391304347826087
9NH7,baseline,17,35,0.9652173913043478
9NH7,baseline,17,36,0.9478260869565217
9NH7,baseline,17,37,0.9391304347826087
9NH7,baseline,17,38,0.9739130434782609
9NH7,baseline,17,39,0.9739130434782609
9NH7,baseline,17,40,0.9739130434782609
9NH7,baseline,17,41,0.9739130434782609
9NH7,baseline,17,42,0.9565217391304348
9NH7,baseline,17,43,0.9652173913043478
9NH7,baseline,17,44,0.9478260869565217
9NH7,baseline,17,45,0.9652173913043478
9NH7,baseline,17,46,0.9217391304347826
9NH7,baseline,17,47,0.9565217391304348
9NH7,baseline,17,48,0.9826086956521739
9NH7,baseline,17,49,0.9652173913043478
9NH7,baseline,17,50,0.9217391304347826
9NH7,baseline,17,51,0.9565217391304348
9NH7,baseline,17,52,0.9826086956521739
9NH7,baseline,17,53,0.9652173913043478
9NH7,baseline,17,54,0.9478260869565217
9NH7,baseline,17,55,0.9565217391304348
9NH7,baseline,17,56,0.9739130434782609
9NH7,baseline,17,57,0.9391304347826087
9NH7,baseline,17,58,0.9304347826086956
9NH7,baseline,17,59,0.9565217391304348
9NH7,baseline,17,60,0.9391304347826087
9NH7,baseline,17,61,0.9565217391304348
9NH7,baseline,17,62,0.9652173913043478
9NH7,baseline,17,63,0.9478260869565217
9NH7,baseline,17,64,0.9565217391304348
9NH7,baseline,17,65,0.9565217391304348
9NH7,baseline,17,66,0.9478260869565217
9NH7,baseline,17,67,0.9478260869565217
9NH7,baseline,17,68,0.9565217391304348
9NH7,baseline,17,69,0.9739130434782609
9NH7,baseline,17,70,0.9391304347826087
9NH7,baseline,17,71,0.9478260869565217
9NH7,baseline,17,72,0.9130434782608695
9NH7,baseline,17,73,0.9304347826086956
9NH7,baseline,17,74,0.9565217391304348
9NH7,baseline,17,75,0.9565217391304348
9NH7,baseline,17,76,0.9391304347826087
9NH7,baseline,17,77,0.9565217391304348
9NH7,baseline,17,78,0.9652173913043478
9NH7,baseline,17,79,0.9739130434782609
9NH7,baseline,17,80,0.9652173913043478
9NH7,baseline,17,81,0.9826086956521739
9NH7,baseline,17,82,0.9652173913043478
9NH7,baseline,17,83,0.9565217391304348
9NH7,baseline,17,84,0.9652173913043478
9NH7,baseline,17,85,0.9391304347826087
9NH7,baseline,17,86,0.9478260869565217
9NH7,baseline,17,87,0.9565217391304348
9NH7,baseline,17,88,0.9478260869565217
9NH7,baseline,17,89,0.9739130434782609
9NH7,baseline,17,90,0.9826086956521739
9NH7,baseline,17,91,0.9478260869565217
9NH7,baseline,17,92,0.9739130434782609
9NH7,baseline,17,93,0.9391304347826087
9NH7,baseline,17,94,0.9565217391304348
9NH7,baseline,17,95,0.9478260869565217
9NH7,baseline,17,96,0.9739130434782609
9NH7,baseline,17,97,0.9565217391304348
9NH7,baseline,17,98,0.9652173913043478
9NH7,baseline,17,99,0.9478260869565217
9NH7,baseline,18,19,0.9391304347826087
9NH7,baseline,18,20,0.9565217391304348
9NH7,baseline,18,21,0.9478260869565217
9NH7,baseline,18,22,0.9739130434782609
9NH7,baseline,18,23,0.9826086956521739
9NH7,baseline,18,24,0.9217391304347826
9NH7,baseline,18,25,0.9478260869565217
9NH7,baseline,18,26,0.9652173913043478
9NH7,baseline,18,27,0.9391304347826087
9NH7,baseline,18,28,0.9478260869565217
9NH7,baseline,18,29,0.9652173913043478
9NH7,baseline,18,30,0.9391304347826087
9NH7,baseline,18,31,0.9652173913043478
9NH7,baseline,18,32,0.9739130434782609
9NH7,baseline,18,33,0.9652173913043478
9NH7,baseline,18,34,0.9478260869565217
9NH7,baseline,18,35,0.9478260869565217
9NH7,baseline,18,36,0.9478260869565217
9NH7,baseline,18,37,0.9652173913043478
9NH7,baseline,18,38,0.9739130434782609
9NH7,baseline,18,39,0.9739130434782609
9NH7,baseline,18,40,0.9739130434782609
9NH7,baseline,18,41,0.9652173913043478
9NH7,baseline,18,42,0.9739130434782609
9NH7,baseline,18,43,0.9652173913043478
9NH7,baseline,18,44,0.9652173913043478
9NH7,baseline,18,45,0.9652173913043478
9NH7,baseline,18,46,0.9478260869565217
9NH7,baseline,18,47,0.9565217391304348
9NH7,baseline,18,48,0.9826086956521739
9NH7,baseline,18,49,0.9739130434782609
9NH7,baseline,18,50,0.9391304347826087
9NH7,baseline,18,51,0.9739130434782609
9NH7,baseline,18,52,0.9652173913043478
9NH7,baseline,18,53,0.9652173913043478
9NH7,baseline,18,54,0.9391304347826087
9NH7,baseline,18,55,0.9391304347826087
9NH7,baseline,18,56,0.9739130434782609
9NH7,baseline,18,57,0.9565217391304348
9NH7,baseline,18,58,0.9478260869565217
9NH7,baseline,18,59,0.9652173913043478
9NH7,baseline,18,60,0.9478260869565217
9NH7,baseline,18,61,0.9739130434782609
9NH7,baseline,18,62,0.9739130434782609
9NH7,baseline,18,63,0.9652173913043478
9NH7,baseline,18,64,0.9652173913043478
9NH7,baseline,18,65,0.9565217391304348
9NH7,baseline,18,66,0.9565217391304348
9NH7,baseline,18,67,0.9565217391304348
9NH7,baseline,18,68,0.9739130434782609
9NH7,baseline,18,69,0.9565217391304348
9NH7,baseline,18,70,0.9565217391304348
9NH7,baseline,18,71,0.9478260869565217
9NH7,baseline,18,72,0.9391304347826087
9NH7,baseline,18,73,0.9391304347826087
9NH7,baseline,18,74,0.9565217391304348
9NH7,baseline,18,75,0.9739130434782609
9NH7,baseline,18,76,0.9478260869565217
9NH7,baseline,18,77,0.9565217391304348
9NH7,baseline,18,78,0.9652173913043478
9NH7,baseline,18,79,0.9565217391304348
9NH7,baseline,18,80,0.9652173913043478
9NH7,baseline,18,81,0.9826086956521739
9NH7,baseline,18,82,0.9652173913043478
9NH7,baseline,18,83,0.9565217391304348
9NH7,baseline,18,84,0.9478260869565217
9NH7,baseline,18,85,0.9304347826086956
9NH7,baseline,18,86,0.9478260869565217
9NH7,baseline,18,87,0.9739130434782609
9NH7,baseline,18,88,0.9652173913043478
9NH7,baseline,18,89,0.9739130434782609
9NH7,baseline,18,90,0.9826086956521739
9NH7,baseline,18,91,0.9652173913043478
9NH7,baseline,18,92,0.9739130434782609
9NH7,baseline,18,93,0.9565217391304348
9NH7,baseline,18,94,0.9739130434782609
9NH7,baseline,18,95,0.9565217391304348
9NH7,baseline,18,96,0.9739130434782609
9NH7,baseline,18,97,0.9652173913043478
9NH7,baseline,18,98,0.9739130434782609
9NH7,baseline,18,99,0.9565217391304348
9NH7,baseline,19,20,0.9565217391304348
9NH7,baseline,19,21,0.9652173913043478
9NH7,baseline,19,22,0.9565217391304348
9NH7,baseline,19,23,0.9478260869565217
9NH7,baseline,19,24,0.9130434782608695
9NH7,baseline,19,25,0.9565217391304348
9NH7,baseline,19,26,0.9478260869565217
9NH7,baseline,19,27,0.9565217391304348
9NH7,baseline,19,28,0.9478260869565217
9NH7,baseline,19,29,0.9565217391304348
9NH7,baseline,19,30,0.9478260869565217
9NH7,baseline,19,31,0.9304347826086956
9NH7,baseline,19,32,0.9652173913043478
9NH7,baseline,19,33,0.9565217391304348
9NH7,baseline,19,34,0.9565217391304348
9NH7,baseline,19,35,0.9217391304347826
9NH7,baseline,19,36,0.9652173913043478
9NH7,baseline,19,37,0.9304347826086956
9NH7,baseline,19,38,0.9565217391304348
9NH7,baseline,19,39,0.9478260869565217
9NH7,baseline,19,40,0.9391304347826087
9NH7,baseline,19,41,0.9739130434782609
9NH7,baseline,19,42,0.9565217391304348
9NH7,baseline,19,43,0.9478260869565217
9NH7,baseline,19,44,0.9652173913043478
9NH7,baseline,19,45,0.9565217391304348
9NH7,baseline,19,46,0.9130434782608695
9NH7,baseline,19,47,0.9478260869565217
9NH7,baseline,19,48,0.9478260869565217
9NH7,baseline,19,49,0.9652173913043478
9NH7,baseline,19,50,0.9565217391304348
9NH7,baseline,19,51,0.9478260869565217
9NH7,baseline,19,52,0.9652173913043478
9NH7,baseline,19,53,0.9652173913043478
9NH7,baseline,19,54,0.9652173913043478
9NH7,baseline,19,55,0.9478260869565217
9NH7,baseline,19,56,0.9652173913043478
9NH7,baseline,19,57,0.9478260869565217
9NH7,baseline,19,58,0.9652173913043478
9NH7,baseline,19,59,0.9652173913043478
9NH7,baseline,19,60,0.9739130434782609
9NH7,baseline,19,61,0.9565217391304348
9NH7,baseline,19,62,0.9391304347826087
9NH7,baseline,19,63,0.9565217391304348
9NH7,baseline,19,64,0.9565217391304348
9NH7,baseline,19,65,0.9652173913043478
9NH7,baseline,19,66,0.9478260869565217
9NH7,baseline,19,67,0.9478260869565217
9NH7,baseline,19,68,0.9478260869565217
9NH7,baseline,19,69,0.9739130434782609
9NH7,baseline,19,70,0.9652173913043478
9NH7,baseline,19,71,0.9478260869565217
9NH7,baseline,19,72,0.9304347826086956
9NH7,baseline,19,73,0.9478260869565217
9NH7,baseline,19,74,0.9478260869565217
9NH7,baseline,19,75,0.9652173913043478
9NH7,baseline,19,76,0.9304347826086956
9NH7,baseline,19,77,0.9652173913043478
9NH7,baseline,19,78,0.9478260869565217
9NH7,baseline,19,79,0.9652173913043478
9NH7,baseline,19,80,0.9391304347826087
9NH7,baseline,19,81,0.9478260869565217
9NH7,baseline,19,82,0.9652173913043478
9NH7,baseline,19,83,0.9478260869565217
9NH7,baseline,19,84,0.9304347826086956
9NH7,baseline,19,85,0.9130434782608695
9NH7,baseline,19,86,0.9565217391304348
9NH7,baseline,19,87,0.9391304347826087
9NH7,baseline,19,88,0.9565217391304348
9NH7,baseline,19,89,0.9565217391304348
9NH7,baseline,19,90,0.9478260869565217
9NH7,baseline,19,91,0.9391304347826087
9NH7,baseline,19,92,0.9565217391304348
9NH7,baseline,19,93,0.9391304347826087
9NH7,baseline,19,94,0.9565217391304348
9NH7,baseline,19,95,0.9391304347826087
9NH7,baseline,19,96,0.9565217391304348
9NH7,baseline,19,97,0.9565217391304348
9NH7,baseline,19,98,0.9391304347826087
9NH7,baseline,19,99,0.9565217391304348
9NH7,baseline,20,21,0.9478260869565217
9NH7,baseline,20,22,0.9652173913043478
9NH7,baseline,20,23,0.9565217391304348
9NH7,baseline,20,24,0.9217391304347826
9NH7,baseline,20,25,0.9739130434782609
9NH7,baseline,20,26,0.9565217391304348
9NH7,baseline,20,27,0.9478260869565217
9NH7,baseline,20,28,0.9652173913043478
9NH7,baseline,20,29,0.9565217391304348
9NH7,baseline,20,30,0.9391304347826087
9NH7,baseline,20,31,0.9391304347826087
9NH7,baseline,20,32,0.9652173913043478
9NH7,baseline,20,33,0.9565217391304348
9NH7,baseline,20,34,0.9739130434782609
9NH7,baseline,20,35,0.9130434782608695
9NH7,baseline,20,36,0.9478260869565217
9NH7,baseline,20,37,0.9478260869565217
9NH7,baseline,20,38,0.9652173913043478
9NH7,baseline,20,39,0.9652173913043478
9NH7,baseline,20,40,0.9478260869565217
9NH7,baseline,20,41,0.9565217391304348
9NH7,baseline,20,42,0.9565217391304348
9NH7,baseline,20,43,0.9478260869565217
9NH7,baseline,20,44,0.9565217391304348
9NH7,baseline,20,45,0.9652173913043478
9NH7,baseline,20,46,0.9304347826086956
9NH7,baseline,20,47,0.9478260869565217
9NH7,baseline,20,48,0.9565217391304348
9NH7,baseline,20,49,0.9652173913043478
9NH7,baseline,20,50,0.9478260869565217
9NH7,baseline,20,51,0.9565217391304348
9NH7,baseline,20,52,0.9565217391304348
9NH7,baseline,20,53,0.9652173913043478
9NH7,baseline,20,54,0.9478260869565217
9NH7,baseline,20,55,0.9391304347826087
9NH7,baseline,20,56,0.9652173913043478
9NH7,baseline,20,57,0.9739130434782609
9NH7,baseline,20,58,0.9391304347826087
9NH7,baseline,20,59,0.9652173913043478
9NH7,baseline,20,60,0.9478260869565217
9NH7,baseline,20,61,0.9739130434782609
9NH7,baseline,20,62,0.9478260869565217
9NH7,baseline,20,63,0.9739130434782609
9NH7,baseline,20,64,0.9565217391304348
9NH7,baseline,20,65,0.9739130434782609
9NH7,baseline,20,66,0.9652173913043478
9NH7,baseline,20,67,0.9565217391304348
9NH7,baseline,20,68,0.9565217391304348
9NH7,baseline,20,69,0.9391304347826087
9NH7,baseline,20,70,0.9565217391304348
9NH7,baseline,20,71,0.9478260869565217
9NH7,baseline,20,72,0.9217391304347826
9NH7,baseline,20,73,0.9391304347826087
9NH7,baseline,20,74,0.9652173913043478
9NH7,baseline,20,75,0.9652173913043478
9NH7,baseline,20,76,0.9391304347826087
9NH7,baseline,20,77,0.9739130434782609
9NH7,baseline,20,78,0.9565217391304348
9NH7,baseline,20,79,0.9565217391304348
9NH7,baseline,20,80,0.9478260869565217
9NH7,baseline,20,81,0.9565217391304348
9NH7,baseline,20,82,0.9739130434782609
9NH7,baseline,20,83,0.9565217391304348
9NH7,baseline,20,84,0.9391304347826087
9NH7,baseline,20,85,0.9304347826086956
9NH7,baseline,20,86,0.9652173913043478
9NH7,baseline,20,87,0.9478260869565217
9NH7,baseline,20,88,0.9565217391304348
9NH7,baseline,20,89,0.9652173913043478
9NH7,baseline,20,90,0.9391304347826087
9NH7,baseline,20,91,0.9478260869565217
9NH7,baseline,20,92,0.9652173913043478
9NH7,baseline,20,93,0.9478260869565217
9NH7,baseline,20,94,0.9739130434782609
9NH7,baseline,20,95,0.9478260869565217
9NH7,baseline,20,96,0.9652173913043478
9NH7,baseline,20,97,0.9565217391304348
9NH7,baseline,20,98,0.9478260869565217
9NH7,baseline,20,99,0.9565217391304348
9NH7,baseline,21,22,0.9739130434782609
9NH7,baseline,21,23,0.9652173913043478
9NH7,baseline,21,24,0.9217391304347826
9NH7,baseline,21,25,0.9304347826086956
9NH7,baseline,21,26,0.9652173913043478
9NH7,baseline,21,27,0.9391304347826087
9NH7,baseline,21,28,0.9565217391304348
9NH7,baseline,21,29,0.9565217391304348
9NH7,baseline,21,30,0.9565217391304348
9NH7,baseline,21,31,0.9478260869565217
9NH7,baseline,21,32,0.9652173913043478
9NH7,baseline,21,33,0.9565217391304348
9NH7,baseline,21,34,0.9565217391304348
9NH7,baseline,21,35,0.9391304347826087
9NH7,baseline,21,36,0.9826086956521739
9NH7,baseline,21,37,0.9478260869565217
9NH7,baseline,21,38,0.9739130434782609
9NH7,baseline,21,39,0.9565217391304348
9NH7,baseline,21,40,0.9565217391304348
9NH7,baseline,21,41,0.9565217391304348
9NH7,baseline,21,42,0.9565217391304348
9NH7,baseline,21,43,0.9652173913043478
9NH7,baseline,21,44,0.9652173913043478
9NH7,baseline,21,45,0.9739130434782609
9NH7,baseline,21,46,0.9304347826086956
9NH7,baseline,21,47,0.9391304347826087
9NH7,baseline,21,48,0.9652173913043478
9NH7,baseline,21,49,0.9652173913043478
9NH7,baseline,21,50,0.9739130434782609
9NH7,baseline,21,51,0.9565217391304348
9NH7,baseline,21,52,0.9652173913043478
9NH7,baseline,21,53,0.9478260869565217
9NH7,baseline,21,54,0.9478260869565217
9NH7,baseline,21,55,0.9391304347826087
9NH7,baseline,21,56,0.9391304347826087
9NH7,baseline,21,57,0.9478260869565217
9NH7,baseline,21,58,0.9826086956521739
9NH7,baseline,21,59,0.9652173913043478
9NH7,baseline,21,60,0.9739130434782609
9NH7,baseline,21,61,0.9565217391304348
9NH7,baseline,21,62,0.9565217391304348
9NH7,baseline,21,63,0.9478260869565217
9NH7,baseline,21,64,0.9565217391304348
9NH7,baseline,21,65,0.9652173913043478
9NH7,baseline,21,66,0.9478260869565217
9NH7,baseline,21,67,0.9478260869565217
9NH7,baseline,21,68,0.9565217391304348
9NH7,baseline,21,69,0.9739130434782609
9NH7,baseline,21,70,0.991304347826087
9NH7,baseline,21,71,0.9826086956521739
9NH7,baseline,21,72,0.9565217391304348
9NH7,baseline,21,73,0.9565217391304348
9NH7,baseline,21,74,0.9652173913043478
9NH7,baseline,21,75,0.9739130434782609
9NH7,baseline,21,76,0.9565217391304348
9NH7,baseline,21,77,0.9652173913043478
9NH7,baseline,21,78,0.9826086956521739
9NH7,baseline,21,79,0.9565217391304348
9NH7,baseline,21,80,0.9565217391304348
9NH7,baseline,21,81,0.9652173913043478
9NH7,baseline,21,82,0.9652173913043478
9NH7,baseline,21,83,0.9565217391304348
9NH7,baseline,21,84,0.9478260869565217
9NH7,baseline,21,85,0.9217391304347826
9NH7,baseline,21,86,0.9391304347826087
9NH7,baseline,21,87,0.9565217391304348
9NH7,baseline,21,88,0.9391304347826087
9NH7,baseline,21,89,0.9565217391304348
9NH7,baseline,21,90,0.9478260869565217
9NH7,baseline,21,91,0.9652173913043478
9NH7,baseline,21,92,0.9565217391304348
9NH7,baseline,21,93,0.9565217391304348
9NH7,baseline,21,94,0.9565217391304348
9NH7,baseline,21,95,0.9391304347826087
9NH7,baseline,21,96,0.9739130434782609
9NH7,baseline,21,97,0.9565217391304348
9NH7,baseline,21,98,0.9565217391304348
9NH7,baseline,21,99,0.9739130434782609
9NH7,baseline,22,23,0.991304347826087
9NH7,baseline,22,24,0.9478260869565217
9NH7,baseline,22,25,0.9565217391304348
9NH7,baseline,22,26,0.991304347826087
9NH7,baseline,22,27,0.9478260869565217
9NH7,baseline,22,28,0.9739130434782609
9NH7,baseline,22,29,0.9826086956521739
9NH7,baseline,22,30,0.9478260869565217
9NH7,baseline,22,31,0.9739130434782609
9NH7,baseline,22,32,0.991304347826087
9NH7,baseline,22,33,0.9826086956521739
9NH7,baseline,22,34,0.9652173913043478
9NH7,baseline,22,35,0.9391304347826087
9NH7,baseline,22,36,0.9739130434782609
9NH7,baseline,22,37,0.9652173913043478
9NH7,baseline,22,38,1.0
9NH7,baseline,22,39,0.9826086956521739
9NH7,baseline,22,40,0.9826086956521739
9NH7,baseline,22,41,0.9826086956521739
9NH7,baseline,22,42,0.9826086956521739
9NH7,baseline,22,43,0.9739130434782609
9NH7,baseline,22,44,0.9739130434782609
9NH7,baseline,22,45,0.991304347826087
9NH7,baseline,22,46,0.9391304347826087
9NH7,baseline,22,47,0.9652173913043478
9NH7,baseline,22,48,0.991304347826087
9NH7,baseline,22,49,0.991304347826087
9NH7,baseline,22,50,0.9478260869565217
9NH7,baseline,22,51,0.9826086956521739
9NH7,baseline,22,52,0.991304347826087
9NH7,baseline,22,53,0.9739130434782609
9NH7,baseline,22,54,0.9565217391304348
9NH7,baseline,22,55,0.9652173913043478
9NH7,baseline,22,56,0.9652173913043478
9NH7,baseline,22,57,0.9652173913043478
9NH7,baseline,22,58,0.9565217391304348
9NH7,baseline,22,59,0.9826086956521739
9NH7,baseline,22,60,0.9652173913043478
9NH7,baseline,22,61,0.9826086956521739
9NH7,baseline,22,62,0.9826086956521739
9NH7,baseline,22,63,0.9739130434782609
9NH7,baseline,22,64,0.9826086956521739
9NH7,baseline,22,65,0.9826086956521739
9NH7,baseline,22,66,0.9652173913043478
9NH7,baseline,22,67,0.9652173913043478
9NH7,baseline,22,68,0.9826086956521739
9NH7,baseline,22,69,0.9652173913043478
9NH7,baseline,22,70,0.9652173913043478
9NH7,baseline,22,71,0.9739130434782609
9NH7,baseline,22,72,0.9304347826086956
9NH7,baseline,22,73,0.9304347826086956
9NH7,baseline,22,74,0.9826086956521739
9NH7,baseline,22,75,0.9826086956521739
9NH7,baseline,22,76,0.9565217391304348
9NH7,baseline,22,77,0.9826086956521739
9NH7,baseline,22,78,0.991304347826087
9NH7,baseline,22,79,0.9826086956521739
9NH7,baseline,22,80,0.9739130434782609
9NH7,baseline,22,81,0.991304347826087
9NH7,baseline,22,82,0.991304347826087
9NH7,baseline,22,83,0.9826086956521739
9NH7,baseline,22,84,0.9739130434782609
9NH7,baseline,22,85,0.9391304347826087
9NH7,baseline,22,86,0.9565217391304348
9NH7,baseline,22,87,0.9826086956521739
9NH7,baseline,22,88,0.9652173913043478
9NH7,baseline,22,89,0.9826086956521739
9NH7,baseline,22,90,0.9739130434782609
9NH7,baseline,22,91,0.9565217391304348
9NH7,baseline,22,92,0.9826086956521739
9NH7,baseline,22,93,0.9652173913043478
9NH7,baseline,22,94,0.9826086956521739
9NH7,baseline,22,95,0.9652173913043478
9NH7,baseline,22,96,1.0
9NH7,baseline,22,97,0.9826086956521739
9NH7,baseline,22,98,0.9826086956521739
9NH7,baseline,22,99,0.9739130434782609
9NH7,baseline,23,24,0.9391304347826087
9NH7,baseline,23,25,0.9478260869565217
9NH7,baseline,23,26,0.9826086956521739
9NH7,baseline,23,27,0.9478260869565217
9NH7,baseline,23,28,0.9652173913043478
9NH7,baseline,23,29,0.9739130434782609
9NH7,baseline,23,30,0.9391304347826087
9NH7,baseline,23,31,0.9826086956521739
9NH7,baseline,23,32,0.9826086956521739
9NH7,baseline,23,33,0.9739130434782609
9NH7,baseline,23,34,0.9565217391304348
9NH7,baseline,23,35,0.9478260869565217
9NH7,baseline,23,36,0.9652173913043478
9NH7,baseline,23,37,0.9565217391304348
9NH7,baseline,23,38,0.991304347826087
9NH7,baseline,23,39,0.9739130434782609
9NH7,baseline,23,40,0.991304347826087
9NH7,baseline,23,41,0.9739130434782609
9NH7,baseline,23,42,0.9739130434782609
9NH7,baseline,23,43,0.9826086956521739
9NH7,baseline,23,44,0.9652173913043478
9NH7,baseline,23,45,0.9826086956521739
9NH7,baseline,23,46,0.9391304347826087
9NH7,baseline,23,47,0.9565217391304348
9NH7,baseline,23,48,1.0
9NH7,baseline,23,49,0.9826086956521739
9NH7,baseline,23,50,0.9391304347826087
9NH7,baseline,23,51,0.9739130434782609
9NH7,baseline,23,52,0.9826086956521739
9NH7,baseline,23,53,0.9652173913043478
9NH7,baseline,23,54,0.9478260869565217
9NH7,baseline,23,55,0.9565217391304348
9NH7,baseline,23,56,0.9739130434782609
9NH7,baseline,23,57,0.9565217391304348
9NH7,baseline,23,58,0.9478260869565217
9NH7,baseline,23,59,0.9739130434782609
9NH7,baseline,23,60,0.9565217391304348
9NH7,baseline,23,61,0.9739130434782609
9NH7,baseline,23,62,0.9826086956521739
9NH7,baseline,23,63,0.9652173913043478
9NH7,baseline,23,64,0.9739130434782609
9NH7,baseline,23,65,0.9739130434782609
9NH7,baseline,23,66,0.9652173913043478
9NH7,baseline,23,67,0.9652173913043478
9NH7,baseline,23,68,0.9739130434782609
9NH7,baseline,23,69,0.9739130434782609
9NH7,baseline,23,70,0.9565217391304348
9NH7,baseline,23,71,0.9652173913043478
9NH7,baseline,23,72,0.9304347826086956
9NH7,baseline,23,73,0.9304347826086956
9NH7,baseline,23,74,0.9739130434782609
9NH7,baseline,23,75,0.9739130434782609
9NH7,baseline,23,76,0.9565217391304348
9NH7,baseline,23,77,0.9739130434782609
9NH7,baseline,23,78,0.9826086956521739
9NH7,baseline,23,79,0.9739130434782609
9NH7,baseline,23,80,0.9826086956521739
9NH7,baseline,23,81,1.0
9NH7,baseline,23,82,0.9826086956521739
9NH7,baseline,23,83,0.9739130434782609
9NH7,baseline,23,84,0.9652173913043478
9NH7,baseline,23,85,0.9391304347826087
9NH7,baseline,23,86,0.9478260869565217
9NH7,baseline,23,87,0.9739130434782609
9NH7,baseline,23,88,0.9652173913043478
9NH7,baseline,23,89,0.991304347826087
9NH7,baseline,23,90,0.9826086956521739
9NH7,baseline,23,91,0.9652173913043478
9NH7,baseline,23,92,0.991304347826087
9NH7,baseline,23,93,0.9565217391304348
9NH7,baseline,23,94,0.9739130434782609
9NH7,baseline,23,95,0.9652173913043478
9NH7,baseline,23,96,0.991304347826087
9NH7,baseline,23,97,0.9739130434782609
9NH7,baseline,23,98,0.9826086956521739
9NH7,baseline,23,99,0.9652173913043478
9NH7,baseline,24,25,0.9304347826086956
9NH7,baseline,24,26,0.9478260869565217
9NH7,baseline,24,27,0.9043478260869565
9NH7,baseline,24,28,0.9565217391304348
9NH7,baseline,24,29,0.9478260869565217
9NH7,baseline,24,30,0.9130434782608695
9NH7,baseline,24,31,0.9478260869565217
9NH7,baseline,24,32,0.9391304347826087
9NH7,baseline,24,33,0.9391304347826087
9NH7,baseline,24,34,0.9217391304347826
9NH7,baseline,24,35,0.8956521739130435
9NH7,baseline,24,36,0.9217391304347826
9NH7,baseline,24,37,0.9304347826086956
9NH7,baseline,24,38,0.9478260869565217
9NH7,baseline,24,39,0.9391304347826087
9NH7,baseline,24,40,0.9478260869565217
9NH7,baseline,24,41,0.9304347826086956
9NH7,baseline,24,42,0.9304347826086956
9NH7,baseline,24,43,0.9304347826086956
9NH7,baseline,24,44,0.9304347826086956
9NH7,baseline,24,45,0.9391304347826087
9NH7,baseline,24,46,0.9391304347826087
9NH7,baseline,24,47,0.9217391304347826
9NH7,baseline,24,48,0.9391304347826087
9NH7,baseline,24,49,0.9391304347826087
9NH7,baseline,24,50,0.9304347826086956
9NH7,baseline,24,51,0.9478260869565217
9NH7,baseline,24,52,0.9391304347826087
9NH7,baseline,24,53,0.9391304347826087
9NH7,baseline,24,54,0.9304347826086956
9NH7,baseline,24,55,0.9565217391304348
9NH7,baseline,24,56,0.9217391304347826
9NH7,baseline,24,57,0.9217391304347826
9NH7,baseline,24,58,0.9043478260869565
9NH7,baseline,24,59,0.9304347826086956
9NH7,baseline,24,60,0.9217391304347826
9NH7,baseline,24,61,0.9478260869565217
9NH7,baseline,24,62,0.9304347826086956
9NH7,baseline,24,63,0.9478260869565217
9NH7,baseline,24,64,0.9391304347826087
9NH7,baseline,24,65,0.9391304347826087
9NH7,baseline,24,66,0.9217391304347826
9NH7,baseline,24,67,0.9217391304347826
9NH7,baseline,24,68,0.9391304347826087
9NH7,baseline,24,69,0.9130434782608695
9NH7,baseline,24,70,0.9130434782608695
9NH7,baseline,24,71,0.9304347826086956
9NH7,baseline,24,72,0.9130434782608695
9NH7,baseline,24,73,0.8956521739130435
9NH7,baseline,24,74,0.9478260869565217
9NH7,baseline,24,75,0.9304347826086956
9NH7,baseline,24,76,0.9217391304347826
9NH7,baseline,24,77,0.9391304347826087
9NH7,baseline,24,78,0.9391304347826087
9NH7,baseline,24,79,0.9478260869565217
9NH7,baseline,24,80,0.9391304347826087
9NH7,baseline,24,81,0.9391304347826087
9NH7,baseline,24,82,0.9478260869565217
9NH7,baseline,24,83,0.9652173913043478
9NH7,baseline,24,84,0.9652173913043478
9NH7,baseline,24,85,0.9478260869565217
9NH7,baseline,24,86,0.9304347826086956
9NH7,baseline,24,87,0.9478260869565217
9NH7,baseline,24,88,0.9217391304347826
9NH7,baseline,24,89,0.9391304347826087
9NH7,baseline,24,90,0.9217391304347826
9NH7,baseline,24,91,0.9043478260869565
9NH7,baseline,24,92,0.9391304347826087
9NH7,baseline,24,93,0.9391304347826087
9NH7,baseline,24,94,0.9478260869565217
9NH7,baseline,24,95,0.9304347826086956
9NH7,baseline,24,96,0.9478260869565217
9NH7,baseline,24,97,0.9478260869565217
9NH7,baseline,24,98,0.9304347826086956
9NH7,baseline,24,99,0.9217391304347826
9NH7,baseline,25,26,0.9478260869565217
9NH7,baseline,25,27,0.9565217391304348
9NH7,baseline,25,28,0.9565217391304348
9NH7,baseline,25,29,0.9478260869565217
9NH7,baseline,25,30,0.9304347826086956
9NH7,baseline,25,31,0.9478260869565217
9NH7,baseline,25,32,0.9565217391304348
9NH7,baseline,25,33,0.9565217391304348
9NH7,baseline,25,34,0.9652173913043478
9NH7,baseline,25,35,0.9130434782608695
9NH7,baseline,25,36,0.9304347826086956
9NH7,baseline,25,37,0.9565217391304348
9NH7,baseline,25,38,0.9565217391304348
9NH7,baseline,25,39,0.9565217391304348
9NH7,baseline,25,40,0.9565217391304348
9NH7,baseline,25,41,0.9652173913043478
9NH7,baseline,25,42,0.9478260869565217
9NH7,baseline,25,43,0.9391304347826087
9NH7,baseline,25,44,0.9478260869565217
9NH7,baseline,25,45,0.9478260869565217
9NH7,baseline,25,46,0.9391304347826087
9NH7,baseline,25,47,0.9652173913043478
9NH7,baseline,25,48,0.9478260869565217
9NH7,baseline,25,49,0.9565217391304348
9NH7,baseline,25,50,0.9304347826086956
9NH7,baseline,25,51,0.9478260869565217
9NH7,baseline,25,52,0.9652173913043478
9NH7,baseline,25,53,0.9739130434782609
9NH7,baseline,25,54,0.9739130434782609
9NH7,baseline,25,55,0.9565217391304348
9NH7,baseline,25,56,0.9739130434782609
9NH7,baseline,25,57,0.9565217391304348
9NH7,baseline,25,58,0.9217391304347826
9NH7,baseline,25,59,0.9478260869565217
9NH7,baseline,25,60,0.9391304347826087
9NH7,baseline,25,61,0.9652173913043478
9NH7,baseline,25,62,0.9391304347826087
9NH7,baseline,25,63,0.9826086956521739
9NH7,baseline,25,64,0.9565217391304348
9NH7,baseline,25,65,0.9565217391304348
9NH7,baseline,25,66,0.9391304347826087
9NH7,baseline,25,67,0.9391304347826087
9NH7,baseline,25,68,0.9478260869565217
9NH7,baseline,25,69,0.9391304347826087
9NH7,baseline,25,70,0.9391304347826087
9NH7,baseline,25,71,0.9391304347826087
9NH7,baseline,25,72,0.9043478260869565
9NH7,baseline,25,73,0.9217391304347826
9NH7,baseline,25,74,0.9565217391304348
9NH7,baseline,25,75,0.9565217391304348
9NH7,baseline,25,76,0.9217391304347826
9NH7,baseline,25,77,0.9565217391304348
9NH7,baseline,25,78,0.9478260869565217
9NH7,baseline,25,79,0.9652173913043478
9NH7,baseline,25,80,0.9304347826086956
9NH7,baseline,25,81,0.9478260869565217
9NH7,baseline,25,82,0.9652173913043478
9NH7,baseline,25,83,0.9652173913043478
9NH7,baseline,25,84,0.9478260869565217
9NH7,baseline,25,85,0.9217391304347826
9NH7,baseline,25,86,0.9652173913043478
9NH7,baseline,25,87,0.9565217391304348
9NH7,baseline,25,88,0.9478260869565217
9NH7,baseline,25,89,0.9565217391304348
9NH7,baseline,25,90,0.9478260869565217
9NH7,baseline,25,91,0.9304347826086956
9NH7,baseline,25,92,0.9565217391304348
9NH7,baseline,25,93,0.9565217391304348
9NH7,baseline,25,94,0.9652173913043478
9NH7,baseline,25,95,0.9478260869565217
9NH7,baseline,25,96,0.9565217391304348
9NH7,baseline,25,97,0.9478260869565217
9NH7,baseline,25,98,0.9391304347826087
9NH7,baseline,25,99,0.9391304347826087
9NH7,baseline,26,27,0.9391304347826087
9NH7,baseline,26,28,0.9652173913043478
9NH7,baseline,26,29,0.9739130434782609
9NH7,baseline,26,30,0.9565217391304348
9NH7,baseline,26,31,0.9826086956521739
9NH7,baseline,26,32,0.9826086956521739
9NH7,baseline,26,33,0.9739130434782609
9NH7,baseline,26,34,0.9565217391304348
9NH7,baseline,26,35,0.9478260869565217
9NH7,baseline,26,36,0.9652173913043478
9NH7,baseline,26,37,0.9565217391304348
9NH7,baseline,26,38,0.991304347826087
9NH7,baseline,26,39,0.991304347826087
9NH7,baseline,26,40,0.9739130434782609
9NH7,baseline,26,41,0.9739130434782609
9NH7,baseline,26,42,0.9739130434782609
9NH7,baseline,26,43,0.9652173913043478
9NH7,baseline,26,44,0.9652173913043478
9NH7,baseline,26,45,0.9826086956521739
9NH7,baseline,26,46,0.9304347826086956
9NH7,baseline,26,47,0.9565217391304348
9NH7,baseline,26,48,0.9826086956521739
9NH7,baseline,26,49,0.9826086956521739
9NH7,baseline,26,50,0.9391304347826087
9NH7,baseline,26,51,0.9739130434782609
9NH7,baseline,26,52,0.9826086956521739
9NH7,baseline,26,53,0.9652173913043478
9NH7,baseline,26,54,0.9478260869565217
9NH7,baseline,26,55,0.9565217391304348
9NH7,baseline,26,56,0.9565217391304348
9NH7,baseline,26,57,0.9565217391304348
9NH7,baseline,26,58,0.9478260869565217
9NH7,baseline,26,59,0.9739130434782609
9NH7,baseline,26,60,0.9565217391304348
9NH7,baseline,26,61,0.9739130434782609
9NH7,baseline,26,62,0.9739130434782609
9NH7,baseline,26,63,0.9652173913043478
9NH7,baseline,26,64,0.9739130434782609
9NH7,baseline,26,65,0.9739130434782609
9NH7,baseline,26,66,0.9565217391304348
9NH7,baseline,26,67,0.9565217391304348
9NH7,baseline,26,68,0.9739130434782609
9NH7,baseline,26,69,0.9565217391304348
9NH7,baseline,26,70,0.9565217391304348
9NH7,baseline,26,71,0.9652173913043478
9NH7,baseline,26,72,0.9217391304347826
9NH7,baseline,26,73,0.9391304347826087
9NH7,baseline,26,74,0.9739130434782609
9NH7,baseline,26,75,0.9739130434782609
9NH7,baseline,26,76,0.9478260869565217
9NH7,baseline,26,77,0.9739130434782609
9NH7,baseline,26,78,0.9826086956521739
9NH7,baseline,26,79,0.9739130434782609
9NH7,baseline,26,80,0.9652173913043478
9NH7,baseline,26,81,0.9826086956521739
9NH7,baseline,26,82,0.9826086956521739
9NH7,baseline,26,83,0.9739130434782609
9NH7,baseline,26,84,0.9826086956521739
9NH7,baseline,26,85,0.9478260869565217
9NH7,baseline,26,86,0.9478260869565217
9NH7,baseline,26,87,0.9739130434782609
9NH7,baseline,26,88,0.9565217391304348
9NH7,baseline,26,89,0.9739130434782609
9NH7,baseline,26,90,0.9652173913043478
9NH7,baseline,26,91,0.9478260869565217
9NH7,baseline,26,92,0.9739130434782609
9NH7,baseline,26,93,0.9565217391304348
9NH7,baseline,26,94,0.9739130434782609
9NH7,baseline,26,95,0.9565217391304348
9NH7,baseline,26,96,0.991304347826087
9NH7,baseline,26,97,0.9739130434782609
9NH7,baseline,26,98,0.9739130434782609
9NH7,baseline,26,99,0.9652173913043478
9NH7,baseline,27,28,0.9304347826086956
9NH7,baseline,27,29,0.9304347826086956
9NH7,baseline,27,30,0.9130434782608695
9NH7,baseline,27,31,0.9304347826086956
9NH7,baseline,27,32,0.9391304347826087
9NH7,baseline,27,33,0.9304347826086956
9NH7,baseline,27,34,0.9478260869565217
9NH7,baseline,27,35,0.9217391304347826
9NH7,baseline,27,36,0.9391304347826087
9NH7,baseline,27,37,0.9217391304347826
9NH7,baseline,27,38,0.9478260869565217
9NH7,baseline,27,39,0.9304347826086956
9NH7,baseline,27,40,0.9391304347826087
9NH7,baseline,27,41,0.9478260869565217
9NH7,baseline,27,42,0.9478260869565217
9NH7,baseline,27,43,0.9304347826086956
9NH7,baseline,27,44,0.9652173913043478
9NH7,baseline,27,45,0.9391304347826087
9NH7,baseline,27,46,0.9217391304347826
9NH7,baseline,27,47,0.9304347826086956
9NH7,baseline,27,48,0.9478260869565217
9NH7,baseline,27,49,0.9391304347826087
9NH7,baseline,27,50,0.9217391304347826
9NH7,baseline,27,51,0.9478260869565217
9NH7,baseline,27,52,0.9565217391304348
9NH7,baseline,27,53,0.9478260869565217
9NH7,baseline,27,54,0.9391304347826087
9NH7,baseline,27,55,0.9391304347826087
9NH7,baseline,27,56,0.9565217391304348
9NH7,baseline,27,57,0.9565217391304348
9NH7,baseline,27,58,0.9391304347826087
9NH7,baseline,27,59,0.9304347826086956
9NH7,baseline,27,60,0.9304347826086956
9NH7,baseline,27,61,0.9391304347826087
9NH7,baseline,27,62,0.9652173913043478
9NH7,baseline,27,63,0.9391304347826087
9NH7,baseline,27,64,0.9304347826086956
9NH7,baseline,27,65,0.9478260869565217
9NH7,baseline,27,66,0.9565217391304348
9NH7,baseline,27,67,0.9565217391304348
9NH7,baseline,27,68,0.9478260869565217
9NH7,baseline,27,69,0.9565217391304348
9NH7,baseline,27,70,0.9304347826086956
9NH7,baseline,27,71,0.9217391304347826
9NH7,baseline,27,72,0.9304347826086956
9NH7,baseline,27,73,0.9478260869565217
9NH7,baseline,27,74,0.9304347826086956
9NH7,baseline,27,75,0.9478260869565217
9NH7,baseline,27,76,0.9391304347826087
9NH7,baseline,27,77,0.9478260869565217
9NH7,baseline,27,78,0.9391304347826087
9NH7,baseline,27,79,0.9565217391304348
9NH7,baseline,27,80,0.9304347826086956
9NH7,baseline,27,81,0.9478260869565217
9NH7,baseline,27,82,0.9565217391304348
9NH7,baseline,27,83,0.9391304347826087
9NH7,baseline,27,84,0.9217391304347826
9NH7,baseline,27,85,0.9130434782608695
9NH7,baseline,27,86,0.9304347826086956
9NH7,baseline,27,87,0.9391304347826087
9NH7,baseline,27,88,0.9565217391304348
9NH7,baseline,27,89,0.9565217391304348
9NH7,baseline,27,90,0.9565217391304348
9NH7,baseline,27,91,0.9130434782608695
9NH7,baseline,27,92,0.9565217391304348
9NH7,baseline,27,93,0.9391304347826087
9NH7,baseline,27,94,0.9391304347826087
9NH7,baseline,27,95,0.9652173913043478
9NH7,baseline,27,96,0.9478260869565217
9NH7,baseline,27,97,0.9304347826086956
9NH7,baseline,27,98,0.9565217391304348
9NH7,baseline,27,99,0.9217391304347826
9NH7,baseline,28,29,0.9565217391304348
9NH7,baseline,28,30,0.9391304347826087
9NH7,baseline,28,31,0.9652173913043478
9NH7,baseline,28,32,0.9652173913043478
9NH7,baseline,28,33,0.9652173913043478
9NH7,baseline,28,34,0.9478260869565217
9NH7,baseline,28,35,0.9217391304347826
9NH7,baseline,28,36,0.9565217391304348
9NH7,baseline,28,37,0.9565217391304348
9NH7,baseline,28,38,0.9739130434782609
9NH7,baseline,28,39,0.9565217391304348
9NH7,baseline,28,40,0.9739130434782609
9NH7,baseline,28,41,0.9565217391304348
9NH7,baseline,28,42,0.9565217391304348
9NH7,baseline,28,43,0.9652173913043478
9NH7,baseline,28,44,0.9565217391304348
9NH7,baseline,28,45,0.9739130434782609
9NH7,baseline,28,46,0.9478260869565217
9NH7,baseline,28,47,0.9478260869565217
9NH7,baseline,28,48,0.9652173913043478
9NH7,baseline,28,49,0.9652173913043478
9NH7,baseline,28,50,0.9478260869565217
9NH7,baseline,28,51,0.9739130434782609
9NH7,baseline,28,52,0.9652173913043478
9NH7,baseline,28,53,0.9652173913043478
9NH7,baseline,28,54,0.9565217391304348
9NH7,baseline,28,55,0.9652173913043478
9NH7,baseline,28,56,0.9478260869565217
9NH7,baseline,28,57,0.9565217391304348
9NH7,baseline,28,58,0.9391304347826087
9NH7,baseline,28,59,0.9652173913043478
9NH7,baseline,28,60,0.9565217391304348
9NH7,baseline,28,61,0.9739130434782609
9NH7,baseline,28,62,0.9565217391304348
9NH7,baseline,28,63,0.9739130434782609
9NH7,baseline,28,64,0.9652173913043478
9NH7,baseline,28,65,0.9739130434782609
9NH7,baseline,28,66,0.9652173913043478
9NH7,baseline,28,67,0.9565217391304348
9NH7,baseline,28,68,0.9652173913043478
9NH7,baseline,28,69,0.9478260869565217
9NH7,baseline,28,70,0.9478260869565217
9NH7,baseline,28,71,0.9652173913043478
9NH7,baseline,28,72,0.9130434782608695
9NH7,baseline,28,73,0.9217391304347826
9NH7,baseline,28,74,0.991304347826087
9NH7,baseline,28,75,0.9565217391304348
9NH7,baseline,28,76,0.9565217391304348
9NH7,baseline,28,77,0.9739130434782609
9NH7,baseline,28,78,0.9652173913043478
9NH7,baseline,28,79,0.9739130434782609
9NH7,baseline,28,80,0.9565217391304348
9NH7,baseline,28,81,0.9652173913043478
9NH7,baseline,28,82,0.9739130434782609
9NH7,baseline,28,83,0.991304347826087
9NH7,baseline,28,84,0.9652173913043478
9NH7,baseline,28,85,0.9652173913043478
9NH7,baseline,28,86,0.9739130434782609
9NH7,baseline,28,87,0.9739130434782609
9NH7,baseline,28,88,0.9478260869565217
9NH7,baseline,28,89,0.9652173913043478
9NH7,baseline,28,90,0.9478260869565217
9NH7,baseline,28,91,0.9391304347826087
9NH7,baseline,28,92,0.9652173913043478
9NH7,baseline,28,93,0.9652173913043478
9NH7,baseline,28,94,0.9739130434782609
9NH7,baseline,28,95,0.9565217391304348
9NH7,baseline,28,96,0.9739130434782609
9NH7,baseline,28,97,0.9565217391304348
9NH7,baseline,28,98,0.9565217391304348
9NH7,baseline,28,99,0.9565217391304348
9NH7,baseline,29,30,0.9391304347826087
9NH7,baseline,29,31,0.9565217391304348
9NH7,baseline,29,32,0.991304347826087
9NH7,baseline,29,33,0.9826086956521739
9NH7,baseline,29,34,0.9652173913043478
9NH7,baseline,29,35,0.9217391304347826
9NH7,baseline,29,36,0.9565217391304348
9NH7,baseline,29,37,0.9565217391304348
9NH7,baseline,29,38,0.9826086956521739
9NH7,baseline,29,39,0.9739130434782609
9NH7,baseline,29,40,0.9652173913043478
9NH7,baseline,29,41,0.9826086956521739
9NH7,baseline,29,42,0.9826086956521739
9NH7,baseline,29,43,0.9565217391304348
9NH7,baseline,29,44,0.9565217391304348
9NH7,baseline,29,45,0.9739130434782609
9NH7,baseline,29,46,0.9304347826086956
9NH7,baseline,29,47,0.9565217391304348
9NH7,baseline,29,48,0.9739130434782609
9NH7,baseline,29,49,0.991304347826087
9NH7,baseline,29,50,0.9391304347826087
9NH7,baseline,29,51,0.9652173913043478
9NH7,baseline,29,52,0.9739130434782609
9NH7,baseline,29,53,0.9652173913043478
9NH7,baseline,29,54,0.9565217391304348
9NH7,baseline,29,55,0.9478260869565217
9NH7,baseline,29,56,0.9565217391304348
9NH7,baseline,29,57,0.9478260869565217
9NH7,baseline,29,58,0.9565217391304348
9NH7,baseline,29,59,0.9826086956521739
9NH7,baseline,29,60,0.9652173913043478
9NH7,baseline,29,61,0.9739130434782609
9NH7,baseline,29,62,0.9652173913043478
9NH7,baseline,29,63,0.9652173913043478
9NH7,baseline,29,64,0.9826086956521739
9NH7,baseline,29,65,0.9652173913043478
9NH7,baseline,29,66,0.9478260869565217
9NH7,baseline,29,67,0.9478260869565217
9NH7,baseline,29,68,0.9652173913043478
9NH7,baseline,29,69,0.9478260869565217
9NH7,baseline,29,70,0.9565217391304348
9NH7,baseline,29,71,0.9565217391304348
9NH7,baseline,29,72,0.9391304347826087
9NH7,baseline,29,73,0.9217391304347826
9NH7,baseline,29,74,0.9652173913043478
9NH7,baseline,29,75,0.9739130434782609
9NH7,baseline,29,76,0.9391304347826087
9NH7,baseline,29,77,0.9652173913043478
9NH7,baseline,29,78,0.9739130434782609
9NH7,baseline,29,79,0.9652173913043478
9NH7,baseline,29,80,0.9739130434782609
9NH7,baseline,29,81,0.9739130434782609
9NH7,baseline,29,82,0.9739130434782609
9NH7,baseline,29,83,0.9652173913043478
9NH7,baseline,29,84,0.9739130434782609
9NH7,baseline,29,85,0.9217391304347826
9NH7,baseline,29,86,0.9478260869565217
9NH7,baseline,29,87,0.9652173913043478
9NH7,baseline,29,88,0.9652173913043478
9NH7,baseline,29,89,0.9652173913043478
9NH7,baseline,29,90,0.9565217391304348
9NH7,baseline,29,91,0.9478260869565217
9NH7,baseline,29,92,0.9652173913043478
9NH7,baseline,29,93,0.9478260869565217
9NH7,baseline,29,94,0.9739130434782609
9NH7,baseline,29,95,0.9478260869565217
9NH7,baseline,29,96,0.9826086956521739
9NH7,baseline,29,97,1.0
9NH7,baseline,29,98,0.9652173913043478
9NH7,baseline,29,99,0.9739130434782609
9NH7,baseline,30,31,0.9478260869565217
9NH7,baseline,30,32,0.9478260869565217
9NH7,baseline,30,33,0.9565217391304348
9NH7,baseline,30,34,0.9217391304347826
9NH7,baseline,30,35,0.9130434782608695
9NH7,baseline,30,36,0.9565217391304348
9NH7,baseline,30,37,0.9391304347826087
9NH7,baseline,30,38,0.9478260869565217
9NH7,baseline,30,39,0.9652173913043478
9NH7,baseline,30,40,0.9391304347826087
9NH7,baseline,30,41,0.9391304347826087
9NH7,baseline,30,42,0.9391304347826087
9NH7,baseline,30,43,0.9478260869565217
9NH7,baseline,30,44,0.9391304347826087
9NH7,baseline,30,45,0.9478260869565217
9NH7,baseline,30,46,0.9130434782608695
9NH7,baseline,30,47,0.9478260869565217
9NH7,baseline,30,48,0.9391304347826087
9NH7,baseline,30,49,0.9478260869565217
9NH7,baseline,30,50,0.9478260869565217
9NH7,baseline,30,51,0.9304347826086956
9NH7,baseline,30,52,0.9391304347826087
9NH7,baseline,30,53,0.9391304347826087
9NH7,baseline,30,54,0.9217391304347826
9NH7,baseline,30,55,0.9217391304347826
9NH7,baseline,30,56,0.9304347826086956
9NH7,baseline,30,57,0.9217391304347826
9NH7,baseline,30,58,0.9478260869565217
9NH7,baseline,30,59,0.9478260869565217
9NH7,baseline,30,60,0.9652173913043478
9NH7,baseline,30,61,0.9478260869565217
9NH7,baseline,30,62,0.9304347826086956
9NH7,baseline,30,63,0.9478260869565217
9NH7,baseline,30,64,0.9565217391304348
9NH7,baseline,30,65,0.9391304347826087
9NH7,baseline,30,66,0.9217391304347826
9NH7,baseline,30,67,0.9217391304347826
9NH7,baseline,30,68,0.9304347826086956
9NH7,baseline,30,69,0.9478260869565217
9NH7,baseline,30,70,0.9652173913043478
9NH7,baseline,30,71,0.9478260869565217
9NH7,baseline,30,72,0.9304347826086956
9NH7,baseline,30,73,0.9478260869565217
9NH7,baseline,30,74,0.9478260869565217
9NH7,baseline,30,75,0.9652173913043478
9NH7,baseline,30,76,0.9130434782608695
9NH7,baseline,30,77,0.9391304347826087
9NH7,baseline,30,78,0.9391304347826087
9NH7,baseline,30,79,0.9304347826086956
9NH7,baseline,30,80,0.9304347826086956
9NH7,baseline,30,81,0.9391304347826087
9NH7,baseline,30,82,0.9391304347826087
9NH7,baseline,30,83,0.9391304347826087
9NH7,baseline,30,84,0.9478260869565217
9NH7,baseline,30,85,0.9217391304347826
9NH7,baseline,30,86,0.9478260869565217
9NH7,baseline,30,87,0.9391304347826087
9NH7,baseline,30,88,0.9217391304347826
9NH7,baseline,30,89,0.9304347826086956
9NH7,baseline,30,90,0.9217391304347826
9NH7,baseline,30,91,0.9391304347826087
9NH7,baseline,30,92,0.9304347826086956
9NH7,baseline,30,93,0.9217391304347826
9NH7,baseline,30,94,0.9478260869565217
9NH7,baseline,30,95,0.9217391304347826
9NH7,baseline,30,96,0.9478260869565217
9NH7,baseline,30,97,0.9391304347826087
9NH7,baseline,30,98,0.9304347826086956
9NH7,baseline,30,99,0.9391304347826087
9NH7,baseline,31,32,0.9652173913043478
9NH7,baseline,31,33,0.9652173913043478
9NH7,baseline,31,34,0.9391304347826087
9NH7,baseline,31,35,0.9478260869565217
9NH7,baseline,31,36,0.9478260869565217
9NH7,baseline,31,37,0.9565217391304348
9NH7,baseline,31,38,0.9739130434782609
9NH7,baseline,31,39,0.9739130434782609
9NH7,baseline,31,40,0.991304347826087
9NH7,baseline,31,41,0.9565217391304348
9NH7,baseline,31,42,0.9565217391304348
9NH7,baseline,31,43,0.9739130434782609
9NH7,baseline,31,44,0.9478260869565217
9NH7,baseline,31,45,0.9652173913043478
9NH7,baseline,31,46,0.9391304347826087
9NH7,baseline,31,47,0.9478260869565217
9NH7,baseline,31,48,0.9826086956521739
9NH7,baseline,31,49,0.9652173913043478
9NH7,baseline,31,50,0.9217391304347826
9NH7,baseline,31,51,0.9565217391304348
9NH7,baseline,31,52,0.9652173913043478
9NH7,baseline,31,53,0.9478260869565217
9NH7,baseline,31,54,0.9478260869565217
9NH7,baseline,31,55,0.9478260869565217
9NH7,baseline,31,56,0.9565217391304348
9NH7,baseline,31,57,0.9391304347826087
9NH7,baseline,31,58,0.9304347826086956
9NH7,baseline,31,59,0.9565217391304348
9NH7,baseline,31,60,0.9478260869565217
9NH7,baseline,31,61,0.9565217391304348
9NH7,baseline,31,62,0.9652173913043478
9NH7,baseline,31,63,0.9652173913043478
9NH7,baseline,31,64,0.9652173913043478
9NH7,baseline,31,65,0.9565217391304348
9NH7,baseline,31,66,0.9478260869565217
9NH7,baseline,31,67,0.9478260869565217
9NH7,baseline,31,68,0.9565217391304348
9NH7,baseline,31,69,0.9565217391304348
9NH7,baseline,31,70,0.9391304347826087
9NH7,baseline,31,71,0.9565217391304348
9NH7,baseline,31,72,0.9130434782608695
9NH7,baseline,31,73,0.9304347826086956
9NH7,baseline,31,74,0.9739130434782609
9NH7,baseline,31,75,0.9565217391304348
9NH7,baseline,31,76,0.9391304347826087
9NH7,baseline,31,77,0.9565217391304348
9NH7,baseline,31,78,0.9652173913043478
9NH7,baseline,31,79,0.9565217391304348
9NH7,baseline,31,80,0.9652173913043478
9NH7,baseline,31,81,0.9826086956521739
9NH7,baseline,31,82,0.9652173913043478
9NH7,baseline,31,83,0.9739130434782609
9NH7,baseline,31,84,0.9826086956521739
9NH7,baseline,31,85,0.9565217391304348
9NH7,baseline,31,86,0.9391304347826087
9NH7,baseline,31,87,0.9739130434782609
9NH7,baseline,31,88,0.9478260869565217
9NH7,baseline,31,89,0.9739130434782609
9NH7,baseline,31,90,0.9652173913043478
9NH7,baseline,31,91,0.9478260869565217
9NH7,baseline,31,92,0.9739130434782609
9NH7,baseline,31,93,0.9565217391304348
9NH7,baseline,31,94,0.9565217391304348
9NH7,baseline,31,95,0.9565217391304348
9NH7,baseline,31,96,0.9739130434782609
9NH7,baseline,31,97,0.9565217391304348
9NH7,baseline,31,98,0.9652173913043478
9NH7,baseline,31,99,0.9478260869565217
9NH7,baseline,32,33,0.991304347826087
9NH7,baseline,32,34,0.9739130434782609
9NH7,baseline,32,35,0.9304347826086956
9NH7,baseline,32,36,0.9652173913043478
9NH7,baseline,32,37,0.9652173913043478
9NH7,baseline,32,38,0.991304347826087
9NH7,baseline,32,39,0.9826086956521739
9NH7,baseline,32,40,0.9739130434782609
9NH7,baseline,32,41,0.991304347826087
9NH7,baseline,32,42,0.991304347826087
9NH7,baseline,32,43,0.9652173913043478
9NH7,baseline,32,44,0.9652173913043478
9NH7,baseline,32,45,0.9826086956521739
9NH7,baseline,32,46,0.9391304347826087
9NH7,baseline,32,47,0.9652173913043478
9NH7,baseline,32,48,0.9826086956521739
9NH7,baseline,32,49,1.0
9NH7,baseline,32,50,0.9478260869565217
9NH7,baseline,32,51,0.9739130434782609
9NH7,baseline,32,52,0.9826086956521739
9NH7,baseline,32,53,0.9739130434782609
9NH7,baseline,32,54,0.9652173913043478
9NH7,baseline,32,55,0.9565217391304348
9NH7,baseline,32,56,0.9652173913043478
9NH7,baseline,32,57,0.9565217391304348
9NH7,baseline,32,58,0.9652173913043478
9NH7,baseline,32,59,0.991304347826087
9NH7,baseline,32,60,0.9739130434782609
9NH7,baseline,32,61,0.9826086956521739
9NH7,baseline,32,62,0.9739130434782609
9NH7,baseline,32,63,0.9739130434782609
9NH7,baseline,32,64,0.991304347826087
9NH7,baseline,32,65,0.9739130434782609
9NH7,baseline,32,66,0.9565217391304348
9NH7,baseline,32,67,0.9565217391304348
9NH7,baseline,32,68,0.9739130434782609
9NH7,baseline,32,69,0.9565217391304348
9NH7,baseline,32,70,0.9652173913043478
9NH7,baseline,32,71,0.9652173913043478
9NH7,baseline,32,72,0.9304347826086956
9NH7,baseline,32,73,0.9304347826086956
9NH7,baseline,32,74,0.9739130434782609
9NH7,baseline,32,75,0.9826086956521739
9NH7,baseline,32,76,0.9478260869565217
9NH7,baseline,32,77,0.9739130434782609
9NH7,baseline,32,78,0.9826086956521739
9NH7,baseline,32,79,0.9739130434782609
9NH7,baseline,32,80,0.9652173913043478
9NH7,baseline,32,81,0.9826086956521739
9NH7,baseline,32,82,0.9826086956521739
9NH7,baseline,32,83,0.9739130434782609
9NH7,baseline,32,84,0.9652173913043478
9NH7,baseline,32,85,0.9304347826086956
9NH7,baseline,32,86,0.9565217391304348
9NH7,baseline,32,87,0.9739130434782609
9NH7,baseline,32,88,0.9739130434782609
9NH7,baseline,32,89,0.9739130434782609
9NH7,baseline,32,90,0.9652173913043478
9NH7,baseline,32,91,0.9565217391304348
9NH7,baseline,32,92,0.9739130434782609
9NH7,baseline,32,93,0.9565217391304348
9NH7,baseline,32,94,0.9826086956521739
9NH7,baseline,32,95,0.9565217391304348
9NH7,baseline,32,96,0.991304347826087
9NH7,baseline,32,97,0.991304347826087
9NH7,baseline,32,98,0.9739130434782609
9NH7,baseline,32,99,0.9826086956521739
9NH7,baseline,33,34,0.9652173913043478
9NH7,baseline,33,35,0.9217391304347826
9NH7,baseline,33,36,0.9565217391304348
9NH7,baseline,33,37,0.9652173913043478
9NH7,baseline,33,38,0.9826086956521739
9NH7,baseline,33,39,0.9739130434782609
9NH7,baseline,33,40,0.9739130434782609
9NH7,baseline,33,41,0.9826086956521739
9NH7,baseline,33,42,0.9826086956521739
9NH7,baseline,33,43,0.9652173913043478
9NH7,baseline,33,44,0.9565217391304348
9NH7,baseline,33,45,0.9739130434782609
9NH7,baseline,33,46,0.9391304347826087
9NH7,baseline,33,47,0.9652173913043478
9NH7,baseline,33,48,0.9739130434782609
9NH7,baseline,33,49,0.991304347826087
9NH7,baseline,33,50,0.9391304347826087
9NH7,baseline,33,51,0.9652173913043478
9NH7,baseline,33,52,0.9739130434782609
9NH7,baseline,33,53,0.9652173913043478
9NH7,baseline,33,54,0.9652173913043478
9NH7,baseline,33,55,0.9565217391304348
9NH7,baseline,33,56,0.9565217391304348
9NH7,baseline,33,57,0.9478260869565217
9NH7,baseline,33,58,0.9565217391304348
9NH7,baseline,33,59,0.9826086956521739
9NH7,baseline,33,60,0.9739130434782609
9NH7,baseline,33,61,0.9739130434782609
9NH7,baseline,33,62,0.9652173913043478
9NH7,baseline,33,63,0.9739130434782609
9NH7,baseline,33,64,1.0
9NH7,baseline,33,65,0.9652173913043478
9NH7,baseline,33,66,0.9478260869565217
9NH7,baseline,33,67,0.9478260869565217
9NH7,baseline,33,68,0.9652173913043478
9NH7,baseline,33,69,0.9478260869565217
9NH7,baseline,33,70,0.9565217391304348
9NH7,baseline,33,71,0.9652173913043478
9NH7,baseline,33,72,0.9217391304347826
9NH7,baseline,33,73,0.9217391304347826
9NH7,baseline,33,74,0.9739130434782609
9NH7,baseline,33,75,0.9739130434782609
9NH7,baseline,33,76,0.9391304347826087
9NH7,baseline,33,77,0.9652173913043478
9NH7,baseline,33,78,0.9739130434782609
9NH7,baseline,33,79,0.9652173913043478
9NH7,baseline,33,80,0.9565217391304348
9NH7,baseline,33,81,0.9739130434782609
9NH7,baseline,33,82,0.9739130434782609
9NH7,baseline,33,83,0.9739130434782609
9NH7,baseline,33,84,0.9652173913043478
9NH7,baseline,33,85,0.9304347826086956
9NH7,baseline,33,86,0.9652173913043478
9NH7,baseline,33,87,0.9739130434782609
9NH7,baseline,33,88,0.9652173913043478
9NH7,baseline,33,89,0.9652173913043478
9NH7,baseline,33,90,0.9565217391304348
9NH7,baseline,33,91,0.9478260869565217
9NH7,baseline,33,92,0.9652173913043478
9NH7,baseline,33,93,0.9565217391304348
9NH7,baseline,33,94,0.9739130434782609
9NH7,baseline,33,95,0.9565217391304348
9NH7,baseline,33,96,0.9826086956521739
9NH7,baseline,33,97,0.9826086956521739
9NH7,baseline,33,98,0.9652173913043478
9NH7,baseline,33,99,0.9739130434782609
9NH7,baseline,34,35,0.9217391304347826
9NH7,baseline,34,36,0.9391304347826087
9NH7,baseline,34,37,0.9478260869565217
9NH7,baseline,34,38,0.9652173913043478
9NH7,baseline,34,39,0.9565217391304348
9NH7,baseline,34,40,0.9478260869565217
9NH7,baseline,34,41,0.9652173913043478
9NH7,baseline,34,42,0.9652173913043478
9NH7,baseline,34,43,0.9391304347826087
9NH7,baseline,34,44,0.9565217391304348
9NH7,baseline,34,45,0.9565217391304348
9NH7,baseline,34,46,0.9391304347826087
9NH7,baseline,34,47,0.9391304347826087
9NH7,baseline,34,48,0.9565217391304348
9NH7,baseline,34,49,0.9739130434782609
9NH7,baseline,34,50,0.9478260869565217
9NH7,baseline,34,51,0.9565217391304348
9NH7,baseline,34,52,0.9565217391304348
9NH7,baseline,34,53,0.9565217391304348
9NH7,baseline,34,54,0.9739130434782609
9NH7,baseline,34,55,0.9391304347826087
9NH7,baseline,34,56,0.9565217391304348
9NH7,baseline,34,57,0.9652173913043478
9NH7,baseline,34,58,0.9565217391304348
9NH7,baseline,34,59,0.9652173913043478
9NH7,baseline,34,60,0.9478260869565217
9NH7,baseline,34,61,0.9652173913043478
9NH7,baseline,34,62,0.9478260869565217
9NH7,baseline,34,63,0.9652173913043478
9NH7,baseline,34,64,0.9652173913043478
9NH7,baseline,34,65,0.9652173913043478
9NH7,baseline,34,66,0.9478260869565217
9NH7,baseline,34,67,0.9478260869565217
9NH7,baseline,34,68,0.9565217391304348
9NH7,baseline,34,69,0.9304347826086956
9NH7,baseline,34,70,0.9565217391304348
9NH7,baseline,34,71,0.9565217391304348
9NH7,baseline,34,72,0.9217391304347826
9NH7,baseline,34,73,0.9391304347826087
9NH7,baseline,34,74,0.9478260869565217
9NH7,baseline,34,75,0.9565217391304348
9NH7,baseline,34,76,0.9478260869565217
9NH7,baseline,34,77,0.9652173913043478
9NH7,baseline,34,78,0.9739130434782609
9NH7,baseline,34,79,0.9565217391304348
9NH7,baseline,34,80,0.9391304347826087
9NH7,baseline,34,81,0.9565217391304348
9NH7,baseline,34,82,0.9739130434782609
9NH7,baseline,34,83,0.9565217391304348
9NH7,baseline,34,84,0.9391304347826087
9NH7,baseline,34,85,0.9130434782608695
9NH7,baseline,34,86,0.9391304347826087
9NH7,baseline,34,87,0.9478260869565217
9NH7,baseline,34,88,0.9652173913043478
9NH7,baseline,34,89,0.9652173913043478
9NH7,baseline,34,90,0.9391304347826087
9NH7,baseline,34,91,0.9478260869565217
9NH7,baseline,34,92,0.9652173913043478
9NH7,baseline,34,93,0.9652173913043478
9NH7,baseline,34,94,0.9652173913043478
9NH7,baseline,34,95,0.9478260869565217
9NH7,baseline,34,96,0.9652173913043478
9NH7,baseline,34,97,0.9652173913043478
9NH7,baseline,34,98,0.9478260869565217
9NH7,baseline,34,99,0.9739130434782609
9NH7,baseline,35,36,0.9217391304347826
9NH7,baseline,35,37,0.9217391304347826
9NH7,baseline,35,38,0.9391304347826087
9NH7,baseline,35,39,0.9391304347826087
9NH7,baseline,35,40,0.9391304347826087
9NH7,baseline,35,41,0.9391304347826087
9NH7,baseline,35,42,0.9304347826086956
9NH7,baseline,35,43,0.9391304347826087
9NH7,baseline,35,44,0.9304347826086956
9NH7,baseline,35,45,0.9478260869565217
9NH7,baseline,35,46,0.9130434782608695
9NH7,baseline,35,47,0.9217391304347826
9NH7,baseline,35,48,0.9478260869565217
9NH7,baseline,35,49,0.9304347826086956
9NH7,baseline,35,50,0.9130434782608695
9NH7,baseline,35,51,0.9391304347826087
9NH7,baseline,35,52,0.9478260869565217
9NH7,baseline,35,53,0.9304347826086956
9NH7,baseline,35,54,0.9304347826086956
9NH7,baseline,35,55,0.9217391304347826
9NH7,baseline,35,56,0.9391304347826087
9NH7,baseline,35,57,0.9391304347826087
9NH7,baseline,35,58,0.9304347826086956
9NH7,baseline,35,59,0.9391304347826087
9NH7,baseline,35,60,0.9130434782608695
9NH7,baseline,35,61,0.9217391304347826
9NH7,baseline,35,62,0.9391304347826087
9NH7,baseline,35,63,0.9130434782608695
9NH7,baseline,35,64,0.9217391304347826
9NH7,baseline,35,65,0.9391304347826087
9NH7,baseline,35,66,0.9304347826086956
9NH7,baseline,35,67,0.9391304347826087
9NH7,baseline,35,68,0.9391304347826087
9NH7,baseline,35,69,0.9478260869565217
9NH7,baseline,35,70,0.9304347826086956
9NH7,baseline,35,71,0.9391304347826087
9NH7,baseline,35,72,0.9130434782608695
9NH7,baseline,35,73,0.9304347826086956
9NH7,baseline,35,74,0.9304347826086956
9NH7,baseline,35,75,0.9217391304347826
9NH7,baseline,35,76,0.9478260869565217
9NH7,baseline,35,77,0.9391304347826087
9NH7,baseline,35,78,0.9478260869565217
9NH7,baseline,35,79,0.9391304347826087
9NH7,baseline,35,80,0.9478260869565217
9NH7,baseline,35,81,0.9478260869565217
9NH7,baseline,35,82,0.9304347826086956
9NH7,baseline,35,83,0.9217391304347826
9NH7,baseline,35,84,0.9304347826086956
9NH7,baseline,35,85,0.9217391304347826
9NH7,baseline,35,86,0.9217391304347826
9NH7,baseline,35,87,0.9391304347826087
9NH7,baseline,35,88,0.9217391304347826
9NH7,baseline,35,89,0.9391304347826087
9NH7,baseline,35,90,0.9652173913043478
9NH7,baseline,35,91,0.9391304347826087
9NH7,baseline,35,92,0.9391304347826087
9NH7,baseline,35,93,0.9391304347826087
9NH7,baseline,35,94,0.9217391304347826
9NH7,baseline,35,95,0.9217391304347826
9NH7,baseline,35,96,0.9391304347826087
9NH7,baseline,35,97,0.9217391304347826
9NH7,baseline,35,98,0.9391304347826087
9NH7,baseline,35,99,0.9478260869565217
9NH7,baseline,36,37,0.9391304347826087
9NH7,baseline,36,38,0.9739130434782609
9NH7,baseline,36,39,0.9565217391304348
9NH7,baseline,36,40,0.9565217391304348
9NH7,baseline,36,41,0.9565217391304348
9NH7,baseline,36,42,0.9565217391304348
9NH7,baseline,36,43,0.9652173913043478
9NH7,baseline,36,44,0.9652173913043478
9NH7,baseline,36,45,0.9739130434782609
9NH7,baseline,36,46,0.9130434782608695
9NH7,baseline,36,47,0.9391304347826087
9NH7,baseline,36,48,0.9652173913043478
9NH7,baseline,36,49,0.9652173913043478
9NH7,baseline,36,50,0.9565217391304348
9NH7,baseline,36,51,0.9565217391304348
9NH7,baseline,36,52,0.9652173913043478
9NH7,baseline,36,53,0.9478260869565217
9NH7,baseline,36,54,0.9304347826086956
9NH7,baseline,36,55,0.9391304347826087
9NH7,baseline,36,56,0.9391304347826087
9NH7,baseline,36,57,0.9478260869565217
9NH7,baseline,36,58,0.9652173913043478
9NH7,baseline,36,59,0.9652173913043478
9NH7,baseline,36,60,0.9739130434782609
9NH7,baseline,36,61,0.9565217391304348
9NH7,baseline,36,62,0.9565217391304348
9NH7,baseline,36,63,0.9478260869565217
9NH7,baseline,36,64,0.9565217391304348
9NH7,baseline,36,65,0.9652173913043478
9NH7,baseline,36,66,0.9478260869565217
9NH7,baseline,36,67,0.9478260869565217
9NH7,baseline,36,68,0.9565217391304348
9NH7,baseline,36,69,0.9739130434782609
9NH7,baseline,36,70,0.9739130434782609
9NH7,baseline,36,71,0.9652173913043478
9NH7,baseline,36,72,0.9391304347826087
9NH7,baseline,36,73,0.9391304347826087
9NH7,baseline,36,74,0.9652173913043478
9NH7,baseline,36,75,0.9739130434782609
9NH7,baseline,36,76,0.9391304347826087
9NH7,baseline,36,77,0.9652173913043478
9NH7,baseline,36,78,0.9652173913043478
9NH7,baseline,36,79,0.9565217391304348
9NH7,baseline,36,80,0.9565217391304348
9NH7,baseline,36,81,0.9652173913043478
9NH7,baseline,36,82,0.9652173913043478
9NH7,baseline,36,83,0.9565217391304348
9NH7,baseline,36,84,0.9478260869565217
9NH7,baseline,36,85,0.9217391304347826
9NH7,baseline,36,86,0.9391304347826087
9NH7,baseline,36,87,0.9565217391304348
9NH7,baseline,36,88,0.9391304347826087
9NH7,baseline,36,89,0.9565217391304348
9NH7,baseline,36,90,0.9478260869565217
9NH7,baseline,36,91,0.9478260869565217
9NH7,baseline,36,92,0.9565217391304348
9NH7,baseline,36,93,0.9391304347826087
9NH7,baseline,36,94,0.9565217391304348
9NH7,baseline,36,95,0.9391304347826087
9NH7,baseline,36,96,0.9739130434782609
9NH7,baseline,36,97,0.9565217391304348
9NH7,baseline,36,98,0.9565217391304348
9NH7,baseline,36,99,0.9565217391304348
9NH7,baseline,37,38,0.9652173913043478
9NH7,baseline,37,39,0.9652173913043478
9NH7,baseline,37,40,0.9652173913043478
9NH7,baseline,37,41,0.9565217391304348
9NH7,baseline,37,42,0.9652173913043478
9NH7,baseline,37,43,0.9478260869565217
9NH7,baseline,37,44,0.9478260869565217
9NH7,baseline,37,45,0.9565217391304348
9NH7,baseline,37,46,0.9565217391304348
9NH7,baseline,37,47,0.9565217391304348
9NH7,baseline,37,48,0.9565217391304348
9NH7,baseline,37,49,0.9652173913043478
9NH7,baseline,37,50,0.9391304347826087
9NH7,baseline,37,51,0.9565217391304348
9NH7,baseline,37,52,0.9565217391304348
9NH7,baseline,37,53,0.9565217391304348
9NH7,baseline,37,54,0.9565217391304348
9NH7,baseline,37,55,0.9391304347826087
9NH7,baseline,37,56,0.9478260869565217
9NH7,baseline,37,57,0.9391304347826087
9NH7,baseline,37,58,0.9478260869565217
9NH7,baseline,37,59,0.9565217391304348
9NH7,baseline,37,60,0.9478260869565217
9NH7,baseline,37,61,0.9652173913043478
9NH7,baseline,37,62,0.9565217391304348
9NH7,baseline,37,63,0.9739130434782609
9NH7,baseline,37,64,0.9652173913043478
9NH7,baseline,37,65,0.9478260869565217
9NH7,baseline,37,66,0.9391304347826087
9NH7,baseline,37,67,0.9391304347826087
9NH7,baseline,37,68,0.9565217391304348
9NH7,baseline,37,69,0.9304347826086956
9NH7,baseline,37,70,0.9565217391304348
9NH7,baseline,37,71,0.9565217391304348
9NH7,baseline,37,72,0.9304347826086956
9NH7,baseline,37,73,0.9304347826086956
9NH7,baseline,37,74,0.9652173913043478
9NH7,baseline,37,75,0.9652173913043478
9NH7,baseline,37,76,0.9391304347826087
9NH7,baseline,37,77,0.9478260869565217
9NH7,baseline,37,78,0.9652173913043478
9NH7,baseline,37,79,0.9478260869565217
9NH7,baseline,37,80,0.9391304347826087
9NH7,baseline,37,81,0.9565217391304348
9NH7,baseline,37,82,0.9565217391304348
9NH7,baseline,37,83,0.9652173913043478
9NH7,baseline,37,84,0.9565217391304348
9NH7,baseline,37,85,0.9304347826086956
9NH7,baseline,37,86,0.9478260869565217
9NH7,baseline,37,87,0.9739130434782609
9NH7,baseline,37,88,0.9478260869565217
9NH7,baseline,37,89,0.9478260869565217
9NH7,baseline,37,90,0.9478260869565217
9NH7,baseline,37,91,0.9478260869565217
9NH7,baseline,37,92,0.9478260869565217
9NH7,baseline,37,93,0.9652173913043478
9NH7,baseline,37,94,0.9652173913043478
9NH7,baseline,37,95,0.9478260869565217
9NH7,baseline,37,96,0.9652173913043478
9NH7,baseline,37,97,0.9565217391304348
9NH7,baseline,37,98,0.9565217391304348
9NH7,baseline,37,99,0.9565217391304348
9NH7,baseline,38,39,0.9826086956521739
9NH7,baseline,38,40,0.9826086956521739
9NH7,baseline,38,41,0.9826086956521739
9NH7,baseline,38,42,0.9826086956521739
9NH7,baseline,38,43,0.9739130434782609
9NH7,baseline,38,44,0.9739130434782609
9NH7,baseline,38,45,0.991304347826087
9NH7,baseline,38,46,0.9391304347826087
9NH7,baseline,38,47,0.9652173913043478
9NH7,baseline,38,48,0.991304347826087
9NH7,baseline,38,49,0.991304347826087
9NH7,baseline,38,50,0.9478260869565217
9NH7,baseline,38,51,0.9826086956521739
9NH7,baseline,38,52,0.991304347826087
9NH7,baseline,38,53,0.9739130434782609
9NH7,baseline,38,54,0.9565217391304348
9NH7,baseline,38,55,0.9652173913043478
9NH7,baseline,38,56,0.9652173913043478
9NH7,baseline,38,57,0.9652173913043478
9NH7,baseline,38,58,0.9565217391304348
9NH7,baseline,38,59,0.9826086956521739
9NH7,baseline,38,60,0.9652173913043478
9NH7,baseline,38,61,0.9826086956521739
9NH7,baseline,38,62,0.9826086956521739
9NH7,baseline,38,63,0.9739130434782609
9NH7,baseline,38,64,0.9826086956521739
9NH7,baseline,38,65,0.9826086956521739
9NH7,baseline,38,66,0.9652173913043478
9NH7,baseline,38,67,0.9652173913043478
9NH7,baseline,38,68,0.9826086956521739
9NH7,baseline,38,69,0.9652173913043478
9NH7,baseline,38,70,0.9652173913043478
9NH7,baseline,38,71,0.9739130434782609
9NH7,baseline,38,72,0.9304347826086956
9NH7,baseline,38,73,0.9304347826086956
9NH7,baseline,38,74,0.9826086956521739
9NH7,baseline,38,75,0.9826086956521739
9NH7,baseline,38,76,0.9565217391304348
9NH7,baseline,38,77,0.9826086956521739
9NH7,baseline,38,78,0.991304347826087
9NH7,baseline,38,79,0.9826086956521739
9NH7,baseline,38,80,0.9739130434782609
9NH7,baseline,38,81,0.991304347826087
9NH7,baseline,38,82,0.991304347826087
9NH7,baseline,38,83,0.9826086956521739
9NH7,baseline,38,84,0.9739130434782609
9NH7,baseline,38,85,0.9391304347826087
9NH7,baseline,38,86,0.9565217391304348
9NH7,baseline,38,87,0.9826086956521739
9NH7,baseline,38,88,0.9652173913043478
9NH7,baseline,38,89,0.9826086956521739
9NH7,baseline,38,90,0.9739130434782609
9NH7,baseline,38,91,0.9565217391304348
9NH7,baseline,38,92,0.9826086956521739
9NH7,baseline,38,93,0.9652173913043478
9NH7,baseline,38,94,0.9826086956521739
9NH7,baseline,38,95,0.9652173913043478
9NH7,baseline,38,96,1.0
9NH7,baseline,38,97,0.9826086956521739
9NH7,baseline,38,98,0.9826086956521739
9NH7,baseline,38,99,0.9739130434782609
9NH7,baseline,39,40,0.9652173913043478
9NH7,baseline,39,41,0.9739130434782609
9NH7,baseline,39,42,0.9739130434782609
9NH7,baseline,39,43,0.9565217391304348
9NH7,baseline,39,44,0.9565217391304348
9NH7,baseline,39,45,0.9739130434782609
9NH7,baseline,39,46,0.9391304347826087
9NH7,baseline,39,47,0.9652173913043478
9NH7,baseline,39,48,0.9739130434782609
9NH7,baseline,39,49,0.9826086956521739
9NH7,baseline,39,50,0.9478260869565217
9NH7,baseline,39,51,0.9652173913043478
9NH7,baseline,39,52,0.9739130434782609
9NH7,baseline,39,53,0.9739130434782609
9NH7,baseline,39,54,0.9478260869565217
9NH7,baseline,39,55,0.9478260869565217
9NH7,baseline,39,56,0.9652173913043478
9NH7,baseline,39,57,0.9478260869565217
9NH7,baseline,39,58,0.9478260869565217
9NH7,baseline,39,59,0.9739130434782609
9NH7,baseline,39,60,0.9565217391304348
9NH7,baseline,39,61,0.9826086956521739
9NH7,baseline,39,62,0.9652173913043478
9NH7,baseline,39,63,0.9739130434782609
9NH7,baseline,39,64,0.9739130434782609
9NH7,baseline,39,65,0.9652173913043478
9NH7,baseline,39,66,0.9478260869565217
9NH7,baseline,39,67,0.9478260869565217
9NH7,baseline,39,68,0.9652173913043478
9NH7,baseline,39,69,0.9478260869565217
9NH7,baseline,39,70,0.9652173913043478
9NH7,baseline,39,71,0.9565217391304348
9NH7,baseline,39,72,0.9304347826086956
9NH7,baseline,39,73,0.9478260869565217
9NH7,baseline,39,74,0.9652173913043478
9NH7,baseline,39,75,0.9826086956521739
9NH7,baseline,39,76,0.9391304347826087
9NH7,baseline,39,77,0.9652173913043478
9NH7,baseline,39,78,0.9739130434782609
9NH7,baseline,39,79,0.9652173913043478
9NH7,baseline,39,80,0.9565217391304348
9NH7,baseline,39,81,0.9739130434782609
9NH7,baseline,39,82,0.9739130434782609
9NH7,baseline,39,83,0.9652173913043478
9NH7,baseline,39,84,0.9739130434782609
9NH7,baseline,39,85,0.9391304347826087
9NH7,baseline,39,86,0.9565217391304348
9NH7,baseline,39,87,0.9652173913043478
9NH7,baseline,39,88,0.9565217391304348
9NH7,baseline,39,89,0.9652173913043478
9NH7,baseline,39,90,0.9565217391304348
9NH7,baseline,39,91,0.9565217391304348
9NH7,baseline,39,92,0.9652173913043478
9NH7,baseline,39,93,0.9478260869565217
9NH7,baseline,39,94,0.9826086956521739
9NH7,baseline,39,95,0.9478260869565217
9NH7,baseline,39,96,0.9826086956521739
9NH7,baseline,39,97,0.9739130434782609
9NH7,baseline,39,98,0.9652173913043478
9NH7,baseline,39,99,0.9652173913043478
9NH7,baseline,40,41,0.9652173913043478
9NH7,baseline,40,42,0.9652173913043478
9NH7,baseline,40,43,0.9826086956521739
9NH7,baseline,40,44,0.9565217391304348
9NH7,baseline,40,45,0.9739130434782609
9NH7,baseline,40,46,0.9478260869565217
9NH7,baseline,40,47,0.9565217391304348
9NH7,baseline,40,48,0.991304347826087
9NH7,baseline,40,49,0.9739130434782609
9NH7,baseline,40,50,0.9304347826086956
9NH7,baseline,40,51,0.9652173913043478
9NH7,baseline,40,52,0.9739130434782609
9NH7,baseline,40,53,0.9565217391304348
9NH7,baseline,40,54,0.9565217391304348
9NH7,baseline,40,55,0.9565217391304348
9NH7,baseline,40,56,0.9652173913043478
9NH7,baseline,40,57,0.9478260869565217
9NH7,baseline,40,58,0.9391304347826087
9NH7,baseline,40,59,0.9652173913043478
9NH7,baseline,40,60,0.9565217391304348
9NH7,baseline,40,61,0.9652173913043478
9NH7,baseline,40,62,0.9739130434782609
9NH7,baseline,40,63,0.9739130434782609
9NH7,baseline,40,64,0.9739130434782609
9NH7,baseline,40,65,0.9652173913043478
9NH7,baseline,40,66,0.9565217391304348
9NH7,baseline,40,67,0.9565217391304348
9NH7,baseline,40,68,0.9652173913043478
9NH7,baseline,40,69,0.9652173913043478
9NH7,baseline,40,70,0.9478260869565217
9NH7,baseline,40,71,0.9652173913043478
9NH7,baseline,40,72,0.9217391304347826
9NH7,baseline,40,73,0.9217391304347826
9NH7,baseline,40,74,0.9826086956521739
9NH7,baseline,40,75,0.9652173913043478
9NH7,baseline,40,76,0.9478260869565217
9NH7,baseline,40,77,0.9652173913043478
9NH7,baseline,40,78,0.9739130434782609
9NH7,baseline,40,79,0.9652173913043478
9NH7,baseline,40,80,0.9739130434782609
9NH7,baseline,40,81,0.991304347826087
9NH7,baseline,40,82,0.9739130434782609
9NH7,baseline,40,83,0.9826086956521739
9NH7,baseline,40,84,0.9739130434782609
9NH7,baseline,40,85,0.9478260869565217
9NH7,baseline,40,86,0.9478260869565217
9NH7,baseline,40,87,0.9826086956521739
9NH7,baseline,40,88,0.9565217391304348
9NH7,baseline,40,89,0.9826086956521739
9NH7,baseline,40,90,0.9739130434782609
9NH7,baseline,40,91,0.9565217391304348
9NH7,baseline,40,92,0.9826086956521739
9NH7,baseline,40,93,0.9652173913043478
9NH7,baseline,40,94,0.9652173913043478
9NH7,baseline,40,95,0.9652173913043478
9NH7,baseline,40,96,0.9826086956521739
9NH7,baseline,40,97,0.9652173913043478
9NH7,baseline,40,98,0.9739130434782609
9NH7,baseline,40,99,0.9565217391304348
9NH7,baseline,41,42,0.9826086956521739
9NH7,baseline,41,43,0.9565217391304348
9NH7,baseline,41,44,0.9565217391304348
9NH7,baseline,41,45,0.9739130434782609
9NH7,baseline,41,46,0.9304347826086956
9NH7,baseline,41,47,0.9739130434782609
9NH7,baseline,41,48,0.9739130434782609
9NH7,baseline,41,49,0.991304347826087
9NH7,baseline,41,50,0.9391304347826087
9NH7,baseline,41,51,0.9652173913043478
9NH7,baseline,41,52,0.991304347826087
9NH7,baseline,41,53,0.9826086956521739
9NH7,baseline,41,54,0.9739130434782609
9NH7,baseline,41,55,0.9652173913043478
9NH7,baseline,41,56,0.9739130434782609
9NH7,baseline,41,57,0.9478260869565217
9NH7,baseline,41,58,0.9565217391304348
9NH7,baseline,41,59,0.9826086956521739
9NH7,baseline,41,60,0.9652173913043478
9NH7,baseline,41,61,0.9739130434782609
9NH7,baseline,41,62,0.9652173913043478
9NH7,baseline,41,63,0.9652173913043478
9NH7,baseline,41,64,0.9826086956521739
9NH7,baseline,41,65,0.9652173913043478
9NH7,baseline,41,66,0.9478260869565217
9NH7,baseline,41,67,0.9478260869565217
9NH7,baseline,41,68,0.9652173913043478
9NH7,baseline,41,69,0.9652173913043478
9NH7,baseline,41,70,0.9565217391304348
9NH7,baseline,41,71,0.9565217391304348
9NH7,baseline,41,72,0.9217391304347826
9NH7,baseline,41,73,0.9217391304347826
9NH7,baseline,41,74,0.9652173913043478
9NH7,baseline,41,75,0.9739130434782609
9NH7,baseline,41,76,0.9391304347826087
9NH7,baseline,41,77,0.9652173913043478
9NH7,baseline,41,78,0.9739130434782609
9NH7,baseline,41,79,0.9826086956521739
9NH7,baseline,41,80,0.9565217391304348
9NH7,baseline,41,81,0.9739130434782609
9NH7,baseline,41,82,0.9739130434782609
9NH7,baseline,41,83,0.9652173913043478
9NH7,baseline,41,84,0.9565217391304348
9NH7,baseline,41,85,0.9217391304347826
9NH7,baseline,41,86,0.9652173913043478
9NH7,baseline,41,87,0.9652173913043478
9NH7,baseline,41,88,0.9652173913043478
9NH7,baseline,41,89,0.9652173913043478
9NH7,baseline,41,90,0.9739130434782609
9NH7,baseline,41,91,0.9478260869565217
9NH7,baseline,41,92,0.9652173913043478
9NH7,baseline,41,93,0.9478260869565217
9NH7,baseline,41,94,0.9739130434782609
9NH7,baseline,41,95,0.9478260869565217
9NH7,baseline,41,96,0.9826086956521739
9NH7,baseline,41,97,0.9826086956521739
9NH7,baseline,41,98,0.9652173913043478
9NH7,baseline,41,99,0.9739130434782609
9NH7,baseline,42,43,0.9565217391304348
9NH7,baseline,42,44,0.9652173913043478
9NH7,baseline,42,45,0.9739130434782609
9NH7,baseline,42,46,0.9478260869565217
9NH7,baseline,42,47,0.9565217391304348
9NH7,baseline,42,48,0.9739130434782609
9NH7,baseline,42,49,0.991304347826087
9NH7,baseline,42,50,0.9391304347826087
9NH7,baseline,42,51,0.9739130434782609
9NH7,baseline,42,52,0.9739130434782609
9NH7,baseline,42,53,0.9652173913043478
9NH7,baseline,42,54,0.9565217391304348
9NH7,baseline,42,55,0.9478260869565217
9NH7,baseline,42,56,0.9565217391304348
9NH7,baseline,42,57,0.9565217391304348
9NH7,baseline,42,58,0.9739130434782609
9NH7,baseline,42,59,0.9826086956521739
9NH7,baseline,42,60,0.9652173913043478
9NH7,baseline,42,61,0.9739130434782609
9NH7,baseline,42,62,0.9826086956521739
9NH7,baseline,42,63,0.9652173913043478
9NH7,baseline,42,64,0.9826086956521739
9NH7,baseline,42,65,0.9652173913043478
9NH7,baseline,42,66,0.9652173913043478
9NH7,baseline,42,67,0.9652173913043478
9NH7,baseline,42,68,0.9739130434782609
9NH7,baseline,42,69,0.9478260869565217
9NH7,baseline,42,70,0.9565217391304348
9NH7,baseline,42,71,0.9565217391304348
9NH7,baseline,42,72,0.9391304347826087
9NH7,baseline,42,73,0.9391304347826087
9NH7,baseline,42,74,0.9652173913043478
9NH7,baseline,42,75,0.9739130434782609
9NH7,baseline,42,76,0.9565217391304348
9NH7,baseline,42,77,0.9652173913043478
9NH7,baseline,42,78,0.9739130434782609
9NH7,baseline,42,79,0.9652173913043478
9NH7,baseline,42,80,0.9565217391304348
9NH7,baseline,42,81,0.9739130434782609
9NH7,baseline,42,82,0.9739130434782609
9NH7,baseline,42,83,0.9652173913043478
9NH7,baseline,42,84,0.9565217391304348
9NH7,baseline,42,85,0.9304347826086956
9NH7,baseline,42,86,0.9478260869565217
9NH7,baseline,42,87,0.9739130434782609
9NH7,baseline,42,88,0.9826086956521739
9NH7,baseline,42,89,0.9652173913043478
9NH7,baseline,42,90,0.9652173913043478
9NH7,baseline,42,91,0.9478260869565217
9NH7,baseline,42,92,0.9652173913043478
9NH7,baseline,42,93,0.9565217391304348
9NH7,baseline,42,94,0.9739130434782609
9NH7,baseline,42,95,0.9652173913043478
9NH7,baseline,42,96,0.9826086956521739
9NH7,baseline,42,97,0.9826086956521739
9NH7,baseline,42,98,0.9826086956521739
9NH7,baseline,42,99,0.9739130434782609
9NH7,baseline,43,44,0.9478260869565217
9NH7,baseline,43,45,0.9739130434782609
9NH7,baseline,43,46,0.9304347826086956
9NH7,baseline,43,47,0.9478260869565217
9NH7,baseline,43,48,0.9826086956521739
9NH7,baseline,43,49,0.9652173913043478
9NH7,baseline,43,50,0.9391304347826087
9NH7,baseline,43,51,0.9565217391304348
9NH7,baseline,43,52,0.9652173913043478
9NH7,baseline,43,53,0.9478260869565217
9NH7,baseline,43,54,0.9391304347826087
9NH7,baseline,43,55,0.9478260869565217
9NH7,baseline,43,56,0.9565217391304348
9NH7,baseline,43,57,0.9478260869565217
9NH7,baseline,43,58,0.9478260869565217
9NH7,baseline,43,59,0.9652173913043478
9NH7,baseline,43,60,0.9652173913043478
9NH7,baseline,43,61,0.9565217391304348
9NH7,baseline,43,62,0.9652173913043478
9NH7,baseline,43,63,0.9565217391304348
9NH7,baseline,43,64,0.9652173913043478
9NH7,baseline,43,65,0.9652173913043478
9NH7,baseline,43,66,0.9565217391304348
9NH7,baseline,43,67,0.9565217391304348
9NH7,baseline,43,68,0.9565217391304348
9NH7,baseline,43,69,0.9739130434782609
9NH7,baseline,43,70,0.9565217391304348
9NH7,baseline,43,71,0.9739130434782609
9NH7,baseline,43,72,0.9304347826086956
9NH7,baseline,43,73,0.9304347826086956
9NH7,baseline,43,74,0.9739130434782609
9NH7,baseline,43,75,0.9565217391304348
9NH7,baseline,43,76,0.9478260869565217
9NH7,baseline,43,77,0.9652173913043478
9NH7,baseline,43,78,0.9652173913043478
9NH7,baseline,43,79,0.9565217391304348
9NH7,baseline,43,80,0.9739130434782609
9NH7,baseline,43,81,0.9826086956521739
9NH7,baseline,43,82,0.9652173913043478
9NH7,baseline,43,83,0.9652173913043478
9NH7,baseline,43,84,0.9565217391304348
9NH7,baseline,43,85,0.9391304347826087
9NH7,baseline,43,86,0.9478260869565217
9NH7,baseline,43,87,0.9652173913043478
9NH7,baseline,43,88,0.9478260869565217
9NH7,baseline,43,89,0.9739130434782609
9NH7,baseline,43,90,0.9652173913043478
9NH7,baseline,43,91,0.9652173913043478
9NH7,baseline,43,92,0.9739130434782609
9NH7,baseline,43,93,0.9478260869565217
9NH7,baseline,43,94,0.9565217391304348
9NH7,baseline,43,95,0.9565217391304348
9NH7,baseline,43,96,0.9739130434782609
9NH7,baseline,43,97,0.9565217391304348
9NH7,baseline,43,98,0.9652173913043478
9NH7,baseline,43,99,0.9565217391304348
9NH7,baseline,44,45,0.9652173913043478
9NH7,baseline,44,46,0.9304347826086956
9NH7,baseline,44,47,0.9391304347826087
9NH7,baseline,44,48,0.9652173913043478
9NH7,baseline,44,49,0.9652173913043478
9NH7,baseline,44,50,0.9478260869565217
9NH7,baseline,44,51,0.9826086956521739
9NH7,baseline,44,52,0.9652173913043478
9NH7,baseline,44,53,0.9565217391304348
9NH7,baseline,44,54,0.9478260869565217
9NH7,baseline,44,55,0.9478260869565217
9NH7,baseline,44,56,0.9565217391304348
9NH7,baseline,44,57,0.9739130434782609
9NH7,baseline,44,58,0.9565217391304348
9NH7,baseline,44,59,0.9565217391304348
9NH7,baseline,44,60,0.9565217391304348
9NH7,baseline,44,61,0.9652173913043478
9NH7,baseline,44,62,0.9652173913043478
9NH7,baseline,44,63,0.9652173913043478
9NH7,baseline,44,64,0.9565217391304348
9NH7,baseline,44,65,0.9739130434782609
9NH7,baseline,44,66,0.9652173913043478
9NH7,baseline,44,67,0.9652173913043478
9NH7,baseline,44,68,0.9826086956521739
9NH7,baseline,44,69,0.9565217391304348
9NH7,baseline,44,70,0.9565217391304348
9NH7,baseline,44,71,0.9478260869565217
9NH7,baseline,44,72,0.9304347826086956
9NH7,baseline,44,73,0.9478260869565217
9NH7,baseline,44,74,0.9565217391304348
9NH7,baseline,44,75,0.9739130434782609
9NH7,baseline,44,76,0.9478260869565217
9NH7,baseline,44,77,0.9739130434782609
9NH7,baseline,44,78,0.9652173913043478
9NH7,baseline,44,79,0.9652173913043478
9NH7,baseline,44,80,0.9478260869565217
9NH7,baseline,44,81,0.9652173913043478
9NH7,baseline,44,82,0.9826086956521739
9NH7,baseline,44,83,0.9652173913043478
9NH7,baseline,44,84,0.9478260869565217
9NH7,baseline,44,85,0.9304347826086956
9NH7,baseline,44,86,0.9391304347826087
9NH7,baseline,44,87,0.9739130434782609
9NH7,baseline,44,88,0.9652173913043478
9NH7,baseline,44,89,0.9739130434782609
9NH7,baseline,44,90,0.9652173913043478
9NH7,baseline,44,91,0.9304347826086956
9NH7,baseline,44,92,0.9739130434782609
9NH7,baseline,44,93,0.9739130434782609
9NH7,baseline,44,94,0.9652173913043478
9NH7,baseline,44,95,0.9652173913043478
9NH7,baseline,44,96,0.9739130434782609
9NH7,baseline,44,97,0.9565217391304348
9NH7,baseline,44,98,0.9652173913043478
9NH7,baseline,44,99,0.9478260869565217
9NH7,baseline,45,46,0.9304347826086956
9NH7,baseline,45,47,0.9565217391304348
9NH7,baseline,45,48,0.9826086956521739
9NH7,baseline,45,49,0.9826086956521739
9NH7,baseline,45,50,0.9478260869565217
9NH7,baseline,45,51,0.9739130434782609
9NH7,baseline,45,52,0.9826086956521739
9NH7,baseline,45,53,0.9652173913043478
9NH7,baseline,45,54,0.9478260869565217
9NH7,baseline,45,55,0.9565217391304348
9NH7,baseline,45,56,0.9565217391304348
9NH7,baseline,45,57,0.9739130434782609
9NH7,baseline,45,58,0.9565217391304348
9NH7,baseline,45,59,0.991304347826087
9NH7,baseline,45,60,0.9652173913043478
9NH7,baseline,45,61,0.9739130434782609
9NH7,baseline,45,62,0.9739130434782609
9NH7,baseline,45,63,0.9652173913043478
9NH7,baseline,45,64,0.9739130434782609
9NH7,baseline,45,65,0.991304347826087
9NH7,baseline,45,66,0.9652173913043478
9NH7,baseline,45,67,0.9739130434782609
9NH7,baseline,45,68,0.9739130434782609
9NH7,baseline,45,69,0.9652173913043478
9NH7,baseline,45,70,0.9652173913043478
9NH7,baseline,45,71,0.9739130434782609
9NH7,baseline,45,72,0.9304347826086956
9NH7,baseline,45,73,0.9304347826086956
9NH7,baseline,45,74,0.9826086956521739
9NH7,baseline,45,75,0.9739130434782609
9NH7,baseline,45,76,0.9652173913043478
9NH7,baseline,45,77,0.991304347826087
9NH7,baseline,45,78,0.9826086956521739
9NH7,baseline,45,79,0.9739130434782609
9NH7,baseline,45,80,0.9826086956521739
9NH7,baseline,45,81,0.9826086956521739
9NH7,baseline,45,82,0.9826086956521739
9NH7,baseline,45,83,0.9739130434782609
9NH7,baseline,45,84,0.9652173913043478
9NH7,baseline,45,85,0.9391304347826087
9NH7,baseline,45,86,0.9565217391304348
9NH7,baseline,45,87,0.9739130434782609
9NH7,baseline,45,88,0.9565217391304348
9NH7,baseline,45,89,0.9739130434782609
9NH7,baseline,45,90,0.9652173913043478
9NH7,baseline,45,91,0.9565217391304348
9NH7,baseline,45,92,0.9739130434782609
9NH7,baseline,45,93,0.9565217391304348
9NH7,baseline,45,94,0.9739130434782609
9NH7,baseline,45,95,0.9565217391304348
9NH7,baseline,45,96,0.991304347826087
9NH7,baseline,45,97,0.9739130434782609
9NH7,baseline,45,98,0.9739130434782609
9NH7,baseline,45,99,0.9826086956521739
9NH7,baseline,46,47,0.9304347826086956
9NH7,baseline,46,48,0.9391304347826087
9NH7,baseline,46,49,0.9391304347826087
9NH7,baseline,46,50,0.9565217391304348
9NH7,baseline,46,51,0.9478260869565217
9NH7,baseline,46,52,0.9304347826086956
9NH7,baseline,46,53,0.9478260869565217
9NH7,baseline,46,54,0.9478260869565217
9NH7,baseline,46,55,0.9304347826086956
9NH7,baseline,46,56,0.9391304347826087
9NH7,baseline,46,57,0.9217391304347826
9NH7,baseline,46,58,0.9391304347826087
9NH7,baseline,46,59,0.9304347826086956
9NH7,baseline,46,60,0.9217391304347826
9NH7,baseline,46,61,0.9565217391304348
9NH7,baseline,46,62,0.9478260869565217
9NH7,baseline,46,63,0.9565217391304348
9NH7,baseline,46,64,0.9391304347826087
9NH7,baseline,46,65,0.9304347826086956
9NH7,baseline,46,66,0.9478260869565217
9NH7,baseline,46,67,0.9478260869565217
9NH7,baseline,46,68,0.9391304347826087
9NH7,baseline,46,69,0.9130434782608695
9NH7,baseline,46,70,0.9391304347826087
9NH7,baseline,46,71,0.9391304347826087
9NH7,baseline,46,72,0.9304347826086956
9NH7,baseline,46,73,0.9391304347826087
9NH7,baseline,46,74,0.9391304347826087
9NH7,baseline,46,75,0.9391304347826087
9NH7,baseline,46,76,0.9652173913043478
9NH7,baseline,46,77,0.9304347826086956
9NH7,baseline,46,78,0.9478260869565217
9NH7,baseline,46,79,0.9391304347826087
9NH7,baseline,46,80,0.9217391304347826
9NH7,baseline,46,81,0.9391304347826087
9NH7,baseline,46,82,0.9391304347826087
9NH7,baseline,46,83,0.9565217391304348
9NH7,baseline,46,84,0.9304347826086956
9NH7,baseline,46,85,0.9565217391304348
9NH7,baseline,46,86,0.9391304347826087
9NH7,baseline,46,87,0.9478260869565217
9NH7,baseline,46,88,0.9565217391304348
9NH7,baseline,46,89,0.9391304347826087
9NH7,baseline,46,90,0.9304347826086956
9NH7,baseline,46,91,0.9391304347826087
9NH7,baseline,46,92,0.9391304347826087
9NH7,baseline,46,93,0.9565217391304348
9NH7,baseline,46,94,0.9565217391304348
9NH7,baseline,46,95,0.9478260869565217
9NH7,baseline,46,96,0.9391304347826087
9NH7,baseline,46,97,0.9304347826086956
9NH7,baseline,46,98,0.9565217391304348
9NH7,baseline,46,99,0.9391304347826087
9NH7,baseline,47,48,0.9565217391304348
9NH7,baseline,47,49,0.9652173913043478
9NH7,baseline,47,50,0.9304347826086956
9NH7,baseline,47,51,0.9478260869565217
9NH7,baseline,47,52,0.9739130434782609
9NH7,baseline,47,53,0.9739130434782609
9NH7,baseline,47,54,0.9565217391304348
9NH7,baseline,47,55,0.9565217391304348
9NH7,baseline,47,56,0.9652173913043478
9NH7,baseline,47,57,0.9304347826086956
9NH7,baseline,47,58,0.9304347826086956
9NH7,baseline,47,59,0.9565217391304348
9NH7,baseline,47,60,0.9565217391304348
9NH7,baseline,47,61,0.9652173913043478
9NH7,baseline,47,62,0.9478260869565217
9NH7,baseline,47,63,0.9652173913043478
9NH7,baseline,47,64,0.9652173913043478
9NH7,baseline,47,65,0.9478260869565217
9NH7,baseline,47,66,0.9304347826086956
9NH7,baseline,47,67,0.9304347826086956
9NH7,baseline,47,68,0.9478260869565217
9NH7,baseline,47,69,0.9478260869565217
9NH7,baseline,47,70,0.9478260869565217
9NH7,baseline,47,71,0.9565217391304348
9NH7,baseline,47,72,0.9130434782608695
9NH7,baseline,47,73,0.9130434782608695
9NH7,baseline,47,74,0.9565217391304348
9NH7,baseline,47,75,0.9652173913043478
9NH7,baseline,47,76,0.9217391304347826
9NH7,baseline,47,77,0.9478260869565217
9NH7,baseline,47,78,0.9565217391304348
9NH7,baseline,47,79,0.9652173913043478
9NH7,baseline,47,80,0.9391304347826087
9NH7,baseline,47,81,0.9565217391304348
9NH7,baseline,47,82,0.9565217391304348
9NH7,baseline,47,83,0.9565217391304348
9NH7,baseline,47,84,0.9478260869565217
9NH7,baseline,47,85,0.9130434782608695
9NH7,baseline,47,86,0.9652173913043478
9NH7,baseline,47,87,0.9565217391304348
9NH7,baseline,47,88,0.9391304347826087
9NH7,baseline,47,89,0.9478260869565217
9NH7,baseline,47,90,0.9565217391304348
9NH7,baseline,47,91,0.9391304347826087
9NH7,baseline,47,92,0.9478260869565217
9NH7,baseline,47,93,0.9391304347826087
9NH7,baseline,47,94,0.9652173913043478
9NH7,baseline,47,95,0.9478260869565217
9NH7,baseline,47,96,0.9652173913043478
9NH7,baseline,47,97,0.9565217391304348
9NH7,baseline,47,98,0.9478260869565217
9NH7,baseline,47,99,0.9478260869565217
9NH7,baseline,48,49,0.9826086956521739
9NH7,baseline,48,50,0.9391304347826087
9NH7,baseline,48,51,0.9739130434782609
9NH7,baseline,48,52,0.9826086956521739
9NH7,baseline,48,53,0.9652173913043478
9NH7,baseline,48,54,0.9478260869565217
9NH7,baseline,48,55,0.9565217391304348
9NH7,baseline,48,56,0.9739130434782609
9NH7,baseline,48,57,0.9565217391304348
9NH7,baseline,48,58,0.9478260869565217
9NH7,baseline,48,59,0.9739130434782609
9NH7,baseline,48,60,0.9565217391304348
9NH7,baseline,48,61,0.9739130434782609
9NH7,baseline,48,62,0.9826086956521739
9NH7,baseline,48,63,0.9652173913043478
9NH7,baseline,48,64,0.9739130434782609
9NH7,baseline,48,65,0.9739130434782609
9NH7,baseline,48,66,0.9652173913043478
9NH7,baseline,48,67,0.9652173913043478
9NH7,baseline,48,68,0.9739130434782609
9NH7,baseline,48,69,0.9739130434782609
9NH7,baseline,48,70,0.9565217391304348
9NH7,baseline,48,71,0.9652173913043478
9NH7,baseline,48,72,0.9304347826086956
9NH7,baseline,48,73,0.9304347826086956
9NH7,baseline,48,74,0.9739130434782609
9NH7,baseline,48,75,0.9739130434782609
9NH7,baseline,48,76,0.9565217391304348
9NH7,baseline,48,77,0.9739130434782609
9NH7,baseline,48,78,0.9826086956521739
9NH7,baseline,48,79,0.9739130434782609
9NH7,baseline,48,80,0.9826086956521739
9NH7,baseline,48,81,1.0
9NH7,baseline,48,82,0.9826086956521739
9NH7,baseline,48,83,0.9739130434782609
9NH7,baseline,48,84,0.9652173913043478
9NH7,baseline,48,85,0.9391304347826087
9NH7,baseline,48,86,0.9478260869565217
9NH7,baseline,48,87,0.9739130434782609
9NH7,baseline,48,88,0.9652173913043478
9NH7,baseline,48,89,0.991304347826087
9NH7,baseline,48,90,0.9826086956521739
9NH7,baseline,48,91,0.9652173913043478
9NH7,baseline,48,92,0.991304347826087
9NH7,baseline,48,93,0.9565217391304348
9NH7,baseline,48,94,0.9739130434782609
9NH7,baseline,48,95,0.9652173913043478
9NH7,baseline,48,96,0.991304347826087
9NH7,baseline,48,97,0.9739130434782609
9NH7,baseline,48,98,0.9826086956521739
9NH7,baseline,48,99,0.9652173913043478
9NH7,baseline,49,50,0.9478260869565217
9NH7,baseline,49,51,0.9739130434782609
9NH7,baseline,49,52,0.9826086956521739
9NH7,baseline,49,53,0.9739130434782609
9NH7,baseline,49,54,0.9652173913043478
9NH7,baseline,49,55,0.9565217391304348
9NH7,baseline,49,56,0.9652173913043478
9NH7,baseline,49,57,0.9565217391304348
9NH7,baseline,49,58,0.9652173913043478
9NH7,baseline,49,59,0.991304347826087
9NH7,baseline,49,60,0.9739130434782609
9NH7,baseline,49,61,0.9826086956521739
9NH7,baseline,49,62,0.9739130434782609
9NH7,baseline,49,63,0.9739130434782609
9NH7,baseline,49,64,0.991304347826087
9NH7,baseline,49,65,0.9739130434782609
9NH7,baseline,49,66,0.9565217391304348
9NH7,baseline,49,67,0.9565217391304348
9NH7,baseline,49,68,0.9739130434782609
9NH7,baseline,49,69,0.9565217391304348
9NH7,baseline,49,70,0.9652173913043478
9NH7,baseline,49,71,0.9652173913043478
9NH7,baseline,49,72,0.9304347826086956
9NH7,baseline,49,73,0.9304347826086956
9NH7,baseline,49,74,0.9739130434782609
9NH7,baseline,49,75,0.9826086956521739
9NH7,baseline,49,76,0.9478260869565217
9NH7,baseline,49,77,0.9739130434782609
9NH7,baseline,49,78,0.9826086956521739
9NH7,baseline,49,79,0.9739130434782609
9NH7,baseline,49,80,0.9652173913043478
9NH7,baseline,49,81,0.9826086956521739
9NH7,baseline,49,82,0.9826086956521739
9NH7,baseline,49,83,0.9739130434782609
9NH7,baseline,49,84,0.9652173913043478
9NH7,baseline,49,85,0.9304347826086956
9NH7,baseline,49,86,0.9565217391304348
9NH7,baseline,49,87,0.9739130434782609
9NH7,baseline,49,88,0.9739130434782609
9NH7,baseline,49,89,0.9739130434782609
9NH7,baseline,49,90,0.9652173913043478
9NH7,baseline,49,91,0.9565217391304348
9NH7,baseline,49,92,0.9739130434782609
9NH7,baseline,49,93,0.9565217391304348
9NH7,baseline,49,94,0.9826086956521739
9NH7,baseline,49,95,0.9565217391304348
9NH7,baseline,49,96,0.991304347826087
9NH7,baseline,49,97,0.991304347826087
9NH7,baseline,49,98,0.9739130434782609
9NH7,baseline,49,99,0.9826086956521739
9NH7,baseline,50,51,0.9478260869565217
9NH7,baseline,50,52,0.9391304347826087
9NH7,baseline,50,53,0.9565217391304348
9NH7,baseline,50,54,0.9391304347826087
9NH7,baseline,50,55,0.9304347826086956
9NH7,baseline,50,56,0.9391304347826087
9NH7,baseline,50,57,0.9304347826086956
9NH7,baseline,50,58,0.9652173913043478
9NH7,baseline,50,59,0.9478260869565217
9NH7,baseline,50,60,0.9565217391304348
9NH7,baseline,50,61,0.9652173913043478
9NH7,baseline,50,62,0.9304347826086956
9NH7,baseline,50,63,0.9478260869565217
9NH7,baseline,50,64,0.9391304347826087
9NH7,baseline,50,65,0.9478260869565217
9NH7,baseline,50,66,0.9304347826086956
9NH7,baseline,50,67,0.9304347826086956
9NH7,baseline,50,68,0.9391304347826087
9NH7,baseline,50,69,0.9478260869565217
9NH7,baseline,50,70,0.9826086956521739
9NH7,baseline,50,71,0.9565217391304348
9NH7,baseline,50,72,0.9478260869565217
9NH7,baseline,50,73,0.9565217391304348
9NH7,baseline,50,74,0.9391304347826087
9NH7,baseline,50,75,0.9652173913043478
9NH7,baseline,50,76,0.9478260869565217
9NH7,baseline,50,77,0.9478260869565217
9NH7,baseline,50,78,0.9565217391304348
9NH7,baseline,50,79,0.9478260869565217
9NH7,baseline,50,80,0.9304347826086956
9NH7,baseline,50,81,0.9391304347826087
9NH7,baseline,50,82,0.9478260869565217
9NH7,baseline,50,83,0.9478260869565217
9NH7,baseline,50,84,0.9217391304347826
9NH7,baseline,50,85,0.9304347826086956
9NH7,baseline,50,86,0.9478260869565217
9NH7,baseline,50,87,0.9304347826086956
9NH7,baseline,50,88,0.9304347826086956
9NH7,baseline,50,89,0.9391304347826087
9NH7,baseline,50,90,0.9217391304347826
9NH7,baseline,50,91,0.9565217391304348
9NH7,baseline,50,92,0.9391304347826087
9NH7,baseline,50,93,0.9391304347826087
9NH7,baseline,50,94,0.9652173913043478
9NH7,baseline,50,95,0.9217391304347826
9NH7,baseline,50,96,0.9478260869565217
9NH7,baseline,50,97,0.9391304347826087
9NH7,baseline,50,98,0.9304347826086956
9NH7,baseline,50,99,0.9565217391304348
9NH7,baseline,51,52,0.9739130434782609
9NH7,baseline,51,53,0.9739130434782609
9NH7,baseline,51,54,0.9478260869565217
9NH7,baseline,51,55,0.9652173913043478
9NH7,baseline,51,56,0.9565217391304348
9NH7,baseline,51,57,0.9739130434782609
9NH7,baseline,51,58,0.9478260869565217
9NH7,baseline,51,59,0.9652173913043478
9NH7,baseline,51,60,0.9478260869565217
9NH7,baseline,51,61,0.9826086956521739
9NH7,baseline,51,62,0.9739130434782609
9NH7,baseline,51,63,0.9652173913043478
9NH7,baseline,51,64,0.9652173913043478
9NH7,baseline,51,65,0.9739130434782609
9NH7,baseline,51,66,0.9652173913043478
9NH7,baseline,51,67,0.9652173913043478
9NH7,baseline,51,68,0.991304347826087
9NH7,baseline,51,69,0.9478260869565217
9NH7,baseline,51,70,0.9478260869565217
9NH7,baseline,51,71,0.9565217391304348
9NH7,baseline,51,72,0.9217391304347826
9NH7,baseline,51,73,0.9304347826086956
9NH7,baseline,51,74,0.9652173913043478
9NH7,baseline,51,75,0.9652173913043478
9NH7,baseline,51,76,0.9652173913043478
9NH7,baseline,51,77,0.9739130434782609
9NH7,baseline,51,78,0.9739130434782609
9NH7,baseline,51,79,0.9826086956521739
9NH7,baseline,51,80,0.9565217391304348
9NH7,baseline,51,81,0.9739130434782609
9NH7,baseline,51,82,0.9826086956521739
9NH7,baseline,51,83,0.9826086956521739
9NH7,baseline,51,84,0.9565217391304348
9NH7,baseline,51,85,0.9478260869565217
9NH7,baseline,51,86,0.9565217391304348
9NH7,baseline,51,87,0.9826086956521739
9NH7,baseline,51,88,0.9652173913043478
9NH7,baseline,51,89,0.9739130434782609
9NH7,baseline,51,90,0.9739130434782609
9NH7,baseline,51,91,0.9391304347826087
9NH7,baseline,51,92,0.9739130434782609
9NH7,baseline,51,93,0.9739130434782609
9NH7,baseline,51,94,0.9826086956521739
9NH7,baseline,51,95,0.9652173913043478
9NH7,baseline,51,96,0.9826086956521739
9NH7,baseline,51,97,0.9652173913043478
9NH7,baseline,51,98,0.9739130434782609
9NH7,baseline,51,99,0.9565217391304348
9NH7,baseline,52,53,0.9826086956521739
9NH7,baseline,52,54,0.9652173913043478
9NH7,baseline,52,55,0.9739130434782609
9NH7,baseline,52,56,0.9739130434782609
9NH7,baseline,52,57,0.9565217391304348
9NH7,baseline,52,58,0.9478260869565217
9NH7,baseline,52,59,0.9739130434782609
9NH7,baseline,52,60,0.9565217391304348
9NH7,baseline,52,61,0.9739130434782609
9NH7,baseline,52,62,0.9739130434782609
9NH7,baseline,52,63,0.9652173913043478
9NH7,baseline,52,64,0.9739130434782609
9NH7,baseline,52,65,0.9739130434782609
9NH7,baseline,52,66,0.9565217391304348
9NH7,baseline,52,67,0.9565217391304348
9NH7,baseline,52,68,0.9739130434782609
9NH7,baseline,52,69,0.9739130434782609
9NH7,baseline,52,70,0.9565217391304348
9NH7,baseline,52,71,0.9652173913043478
9NH7,baseline,52,72,0.9217391304347826
9NH7,baseline,52,73,0.9217391304347826
9NH7,baseline,52,74,0.9739130434782609
9NH7,baseline,52,75,0.9739130434782609
9NH7,baseline,52,76,0.9478260869565217
9NH7,baseline,52,77,0.9739130434782609
9NH7,baseline,52,78,0.9826086956521739
9NH7,baseline,52,79,0.991304347826087
9NH7,baseline,52,80,0.9652173913043478
9NH7,baseline,52,81,0.9826086956521739
9NH7,baseline,52,82,0.9826086956521739
9NH7,baseline,52,83,0.9739130434782609
9NH7,baseline,52,84,0.9652173913043478
9NH7,baseline,52,85,0.9304347826086956
9NH7,baseline,52,86,0.9652173913043478
9NH7,baseline,52,87,0.9739130434782609
9NH7,baseline,52,88,0.9565217391304348
9NH7,baseline,52,89,0.9739130434782609
9NH7,baseline,52,90,0.9826086956521739
9NH7,baseline,52,91,0.9478260869565217
9NH7,baseline,52,92,0.9739130434782609
9NH7,baseline,52,93,0.9565217391304348
9NH7,baseline,52,94,0.9739130434782609
9NH7,baseline,52,95,0.9565217391304348
9NH7,baseline,52,96,0.991304347826087
9NH7,baseline,52,97,0.9739130434782609
9NH7,baseline,52,98,0.9739130434782609
9NH7,baseline,52,99,0.9652173913043478
9NH7,baseline,53,54,0.9652173913043478
9NH7,baseline,53,55,0.9739130434782609
9NH7,baseline,53,56,0.9826086956521739
9NH7,baseline,53,57,0.9478260869565217
9NH7,baseline,53,58,0.9391304347826087
9NH7,baseline,53,59,0.9652173913043478
9NH7,baseline,53,60,0.9478260869565217
9NH7,baseline,53,61,0.991304347826087
9NH7,baseline,53,62,0.9565217391304348
9NH7,baseline,53,63,0.9739130434782609
9NH7,baseline,53,64,0.9652173913043478
9NH7,baseline,53,65,0.9652173913043478
9NH7,baseline,53,66,0.9478260869565217
9NH7,baseline,53,67,0.9478260869565217
9NH7,baseline,53,68,0.9652173913043478
9NH7,baseline,53,69,0.9565217391304348
9NH7,baseline,53,70,0.9565217391304348
9NH7,baseline,53,71,0.9478260869565217
9NH7,baseline,53,72,0.9217391304347826
9NH7,baseline,53,73,0.9304347826086956
9NH7,baseline,53,74,0.9565217391304348
9NH7,baseline,53,75,0.9739130434782609
9NH7,baseline,53,76,0.9478260869565217
9NH7,baseline,53,77,0.9652173913043478
9NH7,baseline,53,78,0.9652173913043478
9NH7,baseline,53,79,0.991304347826087
9NH7,baseline,53,80,0.9478260869565217
9NH7,baseline,53,81,0.9652173913043478
9NH7,baseline,53,82,0.9739130434782609
9NH7,baseline,53,83,0.9739130434782609
9NH7,baseline,53,84,0.9478260869565217
9NH7,baseline,53,85,0.9304347826086956
9NH7,baseline,53,86,0.9826086956521739
9NH7,baseline,53,87,0.9565217391304348
9NH7,baseline,53,88,0.9565217391304348
9NH7,baseline,53,89,0.9652173913043478
9NH7,baseline,53,90,0.9652173913043478
9NH7,baseline,53,91,0.9478260869565217
9NH7,baseline,53,92,0.9652173913043478
9NH7,baseline,53,93,0.9478260869565217
9NH7,baseline,53,94,0.991304347826087
9NH7,baseline,53,95,0.9478260869565217
9NH7,baseline,53,96,0.9739130434782609
9NH7,baseline,53,97,0.9652173913043478
9NH7,baseline,53,98,0.9565217391304348
9NH7,baseline,53,99,0.9565217391304348
9NH7,baseline,54,55,0.9565217391304348
9NH7,baseline,54,56,0.9652173913043478
9NH7,baseline,54,57,0.9391304347826087
9NH7,baseline,54,58,0.9478260869565217
9NH7,baseline,54,59,0.9565217391304348
9NH7,baseline,54,60,0.9478260869565217
9NH7,baseline,54,61,0.9565217391304348
9NH7,baseline,54,62,0.9391304347826087
9NH7,baseline,54,63,0.9739130434782609
9NH7,baseline,54,64,0.9652173913043478
9NH7,baseline,54,65,0.9565217391304348
9NH7,baseline,54,66,0.9391304347826087
9NH7,baseline,54,67,0.9391304347826087
9NH7,baseline,54,68,0.9478260869565217
9NH7,baseline,54,69,0.9391304347826087
9NH7,baseline,54,70,0.9478260869565217
9NH7,baseline,54,71,0.9565217391304348
9NH7,baseline,54,72,0.9130434782608695
9NH7,baseline,54,73,0.9304347826086956
9NH7,baseline,54,74,0.9565217391304348
9NH7,baseline,54,75,0.9478260869565217
9NH7,baseline,54,76,0.9391304347826087
9NH7,baseline,54,77,0.9565217391304348
9NH7,baseline,54,78,0.9652173913043478
9NH7,baseline,54,79,0.9652173913043478
9NH7,baseline,54,80,0.9304347826086956
9NH7,baseline,54,81,0.9478260869565217
9NH7,baseline,54,82,0.9652173913043478
9NH7,baseline,54,83,0.9652173913043478
9NH7,baseline,54,84,0.9478260869565217
9NH7,baseline,54,85,0.9217391304347826
9NH7,baseline,54,86,0.9565217391304348
9NH7,baseline,54,87,0.9565217391304348
9NH7,baseline,54,88,0.9565217391304348
9NH7,baseline,54,89,0.9565217391304348
9NH7,baseline,54,90,0.9478260869565217
9NH7,baseline,54,91,0.9391304347826087
9NH7,baseline,54,92,0.9565217391304348
9NH7,baseline,54,93,0.9739130434782609
9NH7,baseline,54,94,0.9565217391304348
9NH7,baseline,54,95,0.9478260869565217
9NH7,baseline,54,96,0.9565217391304348
9NH7,baseline,54,97,0.9565217391304348
9NH7,baseline,54,98,0.9391304347826087
9NH7,baseline,54,99,0.9652173913043478
9NH7,baseline,55,56,0.9565217391304348
9NH7,baseline,55,57,0.9391304347826087
9NH7,baseline,55,58,0.9217391304347826
9NH7,baseline,55,59,0.9478260869565217
9NH7,baseline,55,60,0.9391304347826087
9NH7,baseline,55,61,0.9652173913043478
9NH7,baseline,55,62,0.9478260869565217
9NH7,baseline,55,63,0.9565217391304348
9NH7,baseline,55,64,0.9565217391304348
9NH7,baseline,55,65,0.9565217391304348
9NH7,baseline,55,66,0.9391304347826087
9NH7,baseline,55,67,0.9391304347826087
9NH7,baseline,55,68,0.9565217391304348
9NH7,baseline,55,69,0.9478260869565217
9NH7,baseline,55,70,0.9304347826086956
9NH7,baseline,55,71,0.9478260869565217
9NH7,baseline,55,72,0.9130434782608695
9NH7,baseline,55,73,0.9043478260869565
9NH7,baseline,55,74,0.9565217391304348
9NH7,baseline,55,75,0.9478260869565217
9NH7,baseline,55,76,0.9391304347826087
9NH7,baseline,55,77,0.9565217391304348
9NH7,baseline,55,78,0.9565217391304348
9NH7,baseline,55,79,0.9826086956521739
9NH7,baseline,55,80,0.9391304347826087
9NH7,baseline,55,81,0.9565217391304348
9NH7,baseline,55,82,0.9652173913043478
9NH7,baseline,55,83,0.9739130434782609
9NH7,baseline,55,84,0.9478260869565217
9NH7,baseline,55,85,0.9304347826086956
9NH7,baseline,55,86,0.9652173913043478
9NH7,baseline,55,87,0.9565217391304348
9NH7,baseline,55,88,0.9391304347826087
9NH7,baseline,55,89,0.9565217391304348
9NH7,baseline,55,90,0.9565217391304348
9NH7,baseline,55,91,0.9217391304347826
9NH7,baseline,55,92,0.9565217391304348
9NH7,baseline,55,93,0.9478260869565217
9NH7,baseline,55,94,0.9652173913043478
9NH7,baseline,55,95,0.9478260869565217
9NH7,baseline,55,96,0.9652173913043478
9NH7,baseline,55,97,0.9478260869565217
9NH7,baseline,55,98,0.9478260869565217
9NH7,baseline,55,99,0.9391304347826087
9NH7,baseline,56,57,0.9478260869565217
9NH7,baseline,56,58,0.9304347826086956
9NH7,baseline,56,59,0.9565217391304348
9NH7,baseline,56,60,0.9391304347826087
9NH7,baseline,56,61,0.9739130434782609
9NH7,baseline,56,62,0.9565217391304348
9NH7,baseline,56,63,0.9739130434782609
9NH7,baseline,56,64,0.9565217391304348
9NH7,baseline,56,65,0.9652173913043478
9NH7,baseline,56,66,0.9565217391304348
9NH7,baseline,56,67,0.9565217391304348
9NH7,baseline,56,68,0.9565217391304348
9NH7,baseline,56,69,0.9652173913043478
9NH7,baseline,56,70,0.9478260869565217
9NH7,baseline,56,71,0.9391304347826087
9NH7,baseline,56,72,0.9217391304347826
9NH7,baseline,56,73,0.9391304347826087
9NH7,baseline,56,74,0.9478260869565217
9NH7,baseline,56,75,0.9652173913043478
9NH7,baseline,56,76,0.9391304347826087
9NH7,baseline,56,77,0.9652173913043478
9NH7,baseline,56,78,0.9565217391304348
9NH7,baseline,56,79,0.9739130434782609
9NH7,baseline,56,80,0.9565217391304348
9NH7,baseline,56,81,0.9739130434782609
9NH7,baseline,56,82,0.9739130434782609
9NH7,baseline,56,83,0.9565217391304348
9NH7,baseline,56,84,0.9391304347826087
9NH7,baseline,56,85,0.9217391304347826
9NH7,baseline,56,86,0.9652173913043478
9NH7,baseline,56,87,0.9478260869565217
9NH7,baseline,56,88,0.9652173913043478
9NH7,baseline,56,89,0.9826086956521739
9NH7,baseline,56,90,0.9739130434782609
9NH7,baseline,56,91,0.9565217391304348
9NH7,baseline,56,92,0.9826086956521739
9NH7,baseline,56,93,0.9478260869565217
9NH7,baseline,56,94,0.9739130434782609
9NH7,baseline,56,95,0.9565217391304348
9NH7,baseline,56,96,0.9652173913043478
9NH7,baseline,56,97,0.9565217391304348
9NH7,baseline,56,98,0.9565217391304348
9NH7,baseline,56,99,0.9478260869565217
9NH7,baseline,57,58,0.9391304347826087
9NH7,baseline,57,59,0.9652173913043478
9NH7,baseline,57,60,0.9391304347826087
9NH7,baseline,57,61,0.9565217391304348
9NH7,baseline,57,62,0.9565217391304348
9NH7,baseline,57,63,0.9565217391304348
9NH7,baseline,57,64,0.9478260869565217
9NH7,baseline,57,65,0.9826086956521739
9NH7,baseline,57,66,0.9652173913043478
9NH7,baseline,57,67,0.9739130434782609
9NH7,baseline,57,68,0.9739130434782609
9NH7,baseline,57,69,0.9391304347826087
9NH7,baseline,57,70,0.9391304347826087
9NH7,baseline,57,71,0.9478260869565217
9NH7,baseline,57,72,0.9130434782608695
9NH7,baseline,57,73,0.9304347826086956
9NH7,baseline,57,74,0.9565217391304348
9NH7,baseline,57,75,0.9478260869565217
9NH7,baseline,57,76,0.9565217391304348
9NH7,baseline,57,77,0.9826086956521739
9NH7,baseline,57,78,0.9565217391304348
9NH7,baseline,57,79,0.9565217391304348
9NH7,baseline,57,80,0.9565217391304348
9NH7,baseline,57,81,0.9565217391304348
9NH7,baseline,57,82,0.9739130434782609
9NH7,baseline,57,83,0.9565217391304348
9NH7,baseline,57,84,0.9391304347826087
9NH7,baseline,57,85,0.9304347826086956
9NH7,baseline,57,86,0.9391304347826087
9NH7,baseline,57,87,0.9652173913043478
9NH7,baseline,57,88,0.9565217391304348
9NH7,baseline,57,89,0.9652173913043478
9NH7,baseline,57,90,0.9565217391304348
9NH7,baseline,57,91,0.9304347826086956
9NH7,baseline,57,92,0.9652173913043478
9NH7,baseline,57,93,0.9652173913043478
9NH7,baseline,57,94,0.9565217391304348
9NH7,baseline,57,95,0.9565217391304348
9NH7,baseline,57,96,0.9652173913043478
9NH7,baseline,57,97,0.9478260869565217
9NH7,baseline,57,98,0.9565217391304348
9NH7,baseline,57,99,0.9565217391304348
9NH7,baseline,58,59,0.9652173913043478
9NH7,baseline,58,60,0.9739130434782609
9NH7,baseline,58,61,0.9478260869565217
9NH7,baseline,58,62,0.9565217391304348
9NH7,baseline,58,63,0.9391304347826087
9NH7,baseline,58,64,0.9565217391304348
9NH7,baseline,58,65,0.9478260869565217
9NH7,baseline,58,66,0.9478260869565217
9NH7,baseline,58,67,0.9478260869565217
9NH7,baseline,58,68,0.9478260869565217
9NH7,baseline,58,69,0.9565217391304348
9NH7,baseline,58,70,0.9826086956521739
9NH7,baseline,58,71,0.9652173913043478
9NH7,baseline,58,72,0.9652173913043478
9NH7,baseline,58,73,0.9652173913043478
9NH7,baseline,58,74,0.9478260869565217
9NH7,baseline,58,75,0.9652173913043478
9NH7,baseline,58,76,0.9565217391304348
9NH7,baseline,58,77,0.9478260869565217
9NH7,baseline,58,78,0.9652173913043478
9NH7,baseline,58,79,0.9391304347826087
9NH7,baseline,58,80,0.9391304347826087
9NH7,baseline,58,81,0.9478260869565217
9NH7,baseline,58,82,0.9478260869565217
9NH7,baseline,58,83,0.9391304347826087
9NH7,baseline,58,84,0.9304347826086956
9NH7,baseline,58,85,0.9130434782608695
9NH7,baseline,58,86,0.9304347826086956
9NH7,baseline,58,87,0.9478260869565217
9NH7,baseline,58,88,0.9565217391304348
9NH7,baseline,58,89,0.9391304347826087
9NH7,baseline,58,90,0.9391304347826087
9NH7,baseline,58,91,0.9565217391304348
9NH7,baseline,58,92,0.9391304347826087
9NH7,baseline,58,93,0.9478260869565217
9NH7,baseline,58,94,0.9478260869565217
9NH7,baseline,58,95,0.9391304347826087
9NH7,baseline,58,96,0.9565217391304348
9NH7,baseline,58,97,0.9565217391304348
9NH7,baseline,58,98,0.9565217391304348
9NH7,baseline,58,99,0.9739130434782609
9NH7,baseline,59,60,0.9739130434782609
9NH7,baseline,59,61,0.9739130434782609
9NH7,baseline,59,62,0.9652173913043478
9NH7,baseline,59,63,0.9652173913043478
9NH7,baseline,59,64,0.9826086956521739
9NH7,baseline,59,65,0.9826086956521739
9NH7,baseline,59,66,0.9565217391304348
9NH7,baseline,59,67,0.9652173913043478
9NH7,baseline,59,68,0.9652173913043478
9NH7,baseline,59,69,0.9565217391304348
9NH7,baseline,59,70,0.9652173913043478
9NH7,baseline,59,71,0.9652173913043478
9NH7,baseline,59,72,0.9304347826086956
9NH7,baseline,59,73,0.9304347826086956
9NH7,baseline,59,74,0.9739130434782609
9NH7,baseline,59,75,0.9739130434782609
9NH7,baseline,59,76,0.9565217391304348
9NH7,baseline,59,77,0.9826086956521739
9NH7,baseline,59,78,0.9739130434782609
9NH7,baseline,59,79,0.9652173913043478
9NH7,baseline,59,80,0.9739130434782609
9NH7,baseline,59,81,0.9739130434782609
9NH7,baseline,59,82,0.9739130434782609
9NH7,baseline,59,83,0.9652173913043478
9NH7,baseline,59,84,0.9565217391304348
9NH7,baseline,59,85,0.9304347826086956
9NH7,baseline,59,86,0.9565217391304348
9NH7,baseline,59,87,0.9652173913043478
9NH7,baseline,59,88,0.9652173913043478
9NH7,baseline,59,89,0.9652173913043478
9NH7,baseline,59,90,0.9565217391304348
9NH7,baseline,59,91,0.9565217391304348
9NH7,baseline,59,92,0.9652173913043478
9NH7,baseline,59,93,0.9478260869565217
9NH7,baseline,59,94,0.9739130434782609
9NH7,baseline,59,95,0.9478260869565217
9NH7,baseline,59,96,0.9826086956521739
9NH7,baseline,59,97,0.9826086956521739
9NH7,baseline,59,98,0.9652173913043478
9NH7,baseline,59,99,0.991304347826087
9NH7,baseline,60,61,0.9565217391304348
9NH7,baseline,60,62,0.9478260869565217
9NH7,baseline,60,63,0.9565217391304348
9NH7,baseline,60,64,0.9739130434782609
9NH7,baseline,60,65,0.9565217391304348
9NH7,baseline,60,66,0.9391304347826087
9NH7,baseline,60,67,0.9391304347826087
9NH7,baseline,60,68,0.9478260869565217
9NH7,baseline,60,69,0.9652173913043478
9NH7,baseline,60,70,0.9739130434782609
9NH7,baseline,60,71,0.9739130434782609
9NH7,baseline,60,72,0.9391304347826087
9NH7,baseline,60,73,0.9391304347826087
9NH7,baseline,60,74,0.9652173913043478
9NH7,baseline,60,75,0.9739130434782609
9NH7,baseline,60,76,0.9304347826086956
9NH7,baseline,60,77,0.9565217391304348
9NH7,baseline,60,78,0.9565217391304348
9NH7,baseline,60,79,0.9478260869565217
9NH7,baseline,60,80,0.9478260869565217
9NH7,baseline,60,81,0.9565217391304348
9NH7,baseline,60,82,0.9565217391304348
9NH7,baseline,60,83,0.9565217391304348
9NH7,baseline,60,84,0.9478260869565217
9NH7,baseline,60,85,0.9217391304347826
9NH7,baseline,60,86,0.9478260869565217
9NH7,baseline,60,87,0.9565217391304348
9NH7,baseline,60,88,0.9478260869565217
9NH7,baseline,60,89,0.9478260869565217
9NH7,baseline,60,90,0.9391304347826087
9NH7,baseline,60,91,0.9478260869565217
9NH7,baseline,60,92,0.9478260869565217
9NH7,baseline,60,93,0.9391304347826087
9NH7,baseline,60,94,0.9565217391304348
9NH7,baseline,60,95,0.9478260869565217
9NH7,baseline,60,96,0.9652173913043478
9NH7,baseline,60,97,0.9652173913043478
9NH7,baseline,60,98,0.9478260869565217
9NH7,baseline,60,99,0.9652173913043478
9NH7,baseline,61,62,0.9652173913043478
9NH7,baseline,61,63,0.9826086956521739
9NH7,baseline,61,64,0.9739130434782609
9NH7,baseline,61,65,0.9739130434782609
9NH7,baseline,61,66,0.9565217391304348
9NH7,baseline,61,67,0.9565217391304348
9NH7,baseline,61,68,0.9739130434782609
9NH7,baseline,61,69,0.9478260869565217
9NH7,baseline,61,70,0.9652173913043478
9NH7,baseline,61,71,0.9565217391304348
9NH7,baseline,61,72,0.9304347826086956
9NH7,baseline,61,73,0.9391304347826087
9NH7,baseline,61,74,0.9652173913043478
9NH7,baseline,61,75,0.9826086956521739
9NH7,baseline,61,76,0.9565217391304348
9NH7,baseline,61,77,0.9739130434782609
9NH7,baseline,61,78,0.9739130434782609
9NH7,baseline,61,79,0.9826086956521739
9NH7,baseline,61,80,0.9565217391304348
9NH7,baseline,61,81,0.9739130434782609
9NH7,baseline,61,82,0.9826086956521739
9NH7,baseline,61,83,0.9826086956521739
9NH7,baseline,61,84,0.9565217391304348
9NH7,baseline,61,85,0.9391304347826087
9NH7,baseline,61,86,0.9739130434782609
9NH7,baseline,61,87,0.9652173913043478
9NH7,baseline,61,88,0.9652173913043478
9NH7,baseline,61,89,0.9739130434782609
9NH7,baseline,61,90,0.9565217391304348
9NH7,baseline,61,91,0.9565217391304348
9NH7,baseline,61,92,0.9739130434782609
9NH7,baseline,61,93,0.9565217391304348
9NH7,baseline,61,94,1.0
9NH7,baseline,61,95,0.9565217391304348
9NH7,baseline,61,96,0.9826086956521739
9NH7,baseline,61,97,0.9739130434782609
9NH7,baseline,61,98,0.9652173913043478
9NH7,baseline,61,99,0.9652173913043478
9NH7,baseline,62,63,0.9565217391304348
9NH7,baseline,62,64,0.9652173913043478
9NH7,baseline,62,65,0.9652173913043478
9NH7,baseline,62,66,0.9739130434782609
9NH7,baseline,62,67,0.9739130434782609
9NH7,baseline,62,68,0.9739130434782609
9NH7,baseline,62,69,0.9565217391304348
9NH7,baseline,62,70,0.9478260869565217
9NH7,baseline,62,71,0.9565217391304348
9NH7,baseline,62,72,0.9478260869565217
9NH7,baseline,62,73,0.9478260869565217
9NH7,baseline,62,74,0.9652173913043478
9NH7,baseline,62,75,0.9652173913043478
9NH7,baseline,62,76,0.9652173913043478
9NH7,baseline,62,77,0.9652173913043478
9NH7,baseline,62,78,0.9739130434782609
9NH7,baseline,62,79,0.9652173913043478
9NH7,baseline,62,80,0.9652173913043478
9NH7,baseline,62,81,0.9826086956521739
9NH7,baseline,62,82,0.9739130434782609
9NH7,baseline,62,83,0.9652173913043478
9NH7,baseline,62,84,0.9565217391304348
9NH7,baseline,62,85,0.9391304347826087
9NH7,baseline,62,86,0.9391304347826087
9NH7,baseline,62,87,0.9739130434782609
9NH7,baseline,62,88,0.9739130434782609
9NH7,baseline,62,89,0.9739130434782609
9NH7,baseline,62,90,0.9739130434782609
9NH7,baseline,62,91,0.9478260869565217
9NH7,baseline,62,92,0.9739130434782609
9NH7,baseline,62,93,0.9565217391304348
9NH7,baseline,62,94,0.9652173913043478
9NH7,baseline,62,95,0.9826086956521739
9NH7,baseline,62,96,0.9826086956521739
9NH7,baseline,62,97,0.9652173913043478
9NH7,baseline,62,98,0.991304347826087
9NH7,baseline,62,99,0.9565217391304348
9NH7,baseline,63,64,0.9739130434782609
9NH7,baseline,63,65,0.9739130434782609
9NH7,baseline,63,66,0.9565217391304348
9NH7,baseline,63,67,0.9565217391304348
9NH7,baseline,63,68,0.9652173913043478
9NH7,baseline,63,69,0.9391304347826087
9NH7,baseline,63,70,0.9565217391304348
9NH7,baseline,63,71,0.9565217391304348
9NH7,baseline,63,72,0.9217391304347826
9NH7,baseline,63,73,0.9391304347826087
9NH7,baseline,63,74,0.9739130434782609
9NH7,baseline,63,75,0.9739130434782609
9NH7,baseline,63,76,0.9391304347826087
9NH7,baseline,63,77,0.9739130434782609
9NH7,baseline,63,78,0.9652173913043478
9NH7,baseline,63,79,0.9652173913043478
9NH7,baseline,63,80,0.9478260869565217
9NH7,baseline,63,81,0.9652173913043478
9NH7,baseline,63,82,0.9826086956521739
9NH7,baseline,63,83,0.9826086956521739
9NH7,baseline,63,84,0.9652173913043478
9NH7,baseline,63,85,0.9391304347826087
9NH7,baseline,63,86,0.9652173913043478
9NH7,baseline,63,87,0.9739130434782609
9NH7,baseline,63,88,0.9652173913043478
9NH7,baseline,63,89,0.9739130434782609
9NH7,baseline,63,90,0.9478260869565217
9NH7,baseline,63,91,0.9478260869565217
9NH7,baseline,63,92,0.9739130434782609
9NH7,baseline,63,93,0.9739130434782609
9NH7,baseline,63,94,0.9826086956521739
9NH7,baseline,63,95,0.9652173913043478
9NH7,baseline,63,96,0.9739130434782609
9NH7,baseline,63,97,0.9652173913043478
9NH7,baseline,63,98,0.9565217391304348
9NH7,baseline,63,99,0.9565217391304348
9NH7,baseline,64,65,0.9652173913043478
9NH7,baseline,64,66,0.9478260869565217
9NH7,baseline,64,67,0.9478260869565217
9NH7,baseline,64,68,0.9652173913043478
9NH7,baseline,64,69,0.9478260869565217
9NH7,baseline,64,70,0.9565217391304348
9NH7,baseline,64,71,0.9652173913043478
9NH7,baseline,64,72,0.9217391304347826
9NH7,baseline,64,73,0.9217391304347826
9NH7,baseline,64,74,0.9739130434782609
9NH7,baseline,64,75,0.9739130434782609
9NH7,baseline,64,76,0.9391304347826087
9NH7,baseline,64,77,0.9652173913043478
9NH7,baseline,64,78,0.9739130434782609
9NH7,baseline,64,79,0.9652173913043478
9NH7,baseline,64,80,0.9565217391304348
9NH7,baseline,64,81,0.9739130434782609
9NH7,baseline,64,82,0.9739130434782609
9NH7,baseline,64,83,0.9739130434782609
9NH7,baseline,64,84,0.9652173913043478
9NH7,baseline,64,85,0.9304347826086956
9NH7,baseline,64,86,0.9652173913043478
9NH7,baseline,64,87,0.9739130434782609
9NH7,baseline,64,88,0.9652173913043478
9NH7,baseline,64,89,0.9652173913043478
9NH7,baseline,64,90,0.9565217391304348
9NH7,baseline,64,91,0.9478260869565217
9NH7,baseline,64,92,0.9652173913043478
9NH7,baseline,64,93,0.9565217391304348
9NH7,baseline,64,94,0.9739130434782609
9NH7,baseline,64,95,0.9565217391304348
9NH7,baseline,64,96,0.9826086956521739
9NH7,baseline,64,97,0.9826086956521739
9NH7,baseline,64,98,0.9652173913043478
9NH7,baseline,64,99,0.9739130434782609
9NH7,baseline,65,66,0.9739130434782609
9NH7,baseline,65,67,0.9826086956521739
9NH7,baseline,65,68,0.9739130434782609
9NH7,baseline,65,69,0.9565217391304348
9NH7,baseline,65,70,0.9565217391304348
9NH7,baseline,65,71,0.9652173913043478
9NH7,baseline,65,72,0.9217391304347826
9NH7,baseline,65,73,0.9391304347826087
9NH7,baseline,65,74,0.9739130434782609
9NH7,baseline,65,75,0.9652173913043478
9NH7,baseline,65,76,0.9652173913043478
9NH7,baseline,65,77,1.0
9NH7,baseline,65,78,0.9739130434782609
9NH7,baseline,65,79,0.9739130434782609
9NH7,baseline,65,80,0.9739130434782609
9NH7,baseline,65,81,0.9739130434782609
9NH7,baseline,65,82,0.991304347826087
9NH7,baseline,65,83,0.9739130434782609
9NH7,baseline,65,84,0.9565217391304348
9NH7,baseline,65,85,0.9391304347826087
9NH7,baseline,65,86,0.9565217391304348
9NH7,baseline,65,87,0.9652173913043478
9NH7,baseline,65,88,0.9652173913043478
9NH7,baseline,65,89,0.9826086956521739
9NH7,baseline,65,90,0.9565217391304348
9NH7,baseline,65,91,0.9478260869565217
9NH7,baseline,65,92,0.9826086956521739
9NH7,baseline,65,93,0.9652173913043478
9NH7,baseline,65,94,0.9739130434782609
9NH7,baseline,65,95,0.9652173913043478
9NH7,baseline,65,96,0.9826086956521739
9NH7,baseline,65,97,0.9652173913043478
9NH7,baseline,65,98,0.9652173913043478
9NH7,baseline,65,99,0.9739130434782609
9NH7,baseline,66,67,0.991304347826087
9NH7,baseline,66,68,0.9652173913043478
9NH7,baseline,66,69,0.9478260869565217
9NH7,baseline,66,70,0.9391304347826087
9NH7,baseline,66,71,0.9478260869565217
9NH7,baseline,66,72,0.9304347826086956
9NH7,baseline,66,73,0.9478260869565217
9NH7,baseline,66,74,0.9652173913043478
9NH7,baseline,66,75,0.9478260869565217
9NH7,baseline,66,76,0.9739130434782609
9NH7,baseline,66,77,0.9739130434782609
9NH7,baseline,66,78,0.9565217391304348
9NH7,baseline,66,79,0.9565217391304348
9NH7,baseline,66,80,0.9565217391304348
9NH7,baseline,66,81,0.9652173913043478
9NH7,baseline,66,82,0.9739130434782609
9NH7,baseline,66,83,0.9565217391304348
9NH7,baseline,66,84,0.9391304347826087
9NH7,baseline,66,85,0.9565217391304348
9NH7,baseline,66,86,0.9478260869565217
9NH7,baseline,66,87,0.9565217391304348
9NH7,baseline,66,88,0.9826086956521739
9NH7,baseline,66,89,0.9739130434782609
9NH7,baseline,66,90,0.9565217391304348
9NH7,baseline,66,91,0.9391304347826087
9NH7,baseline,66,92,0.9739130434782609
9NH7,baseline,66,93,0.9565217391304348
9NH7,baseline,66,94,0.9565217391304348
9NH7,baseline,66,95,0.9739130434782609
9NH7,baseline,66,96,0.9652173913043478
9NH7,baseline,66,97,0.9478260869565217
9NH7,baseline,66,98,0.9826086956521739
9NH7,baseline,66,99,0.9478260869565217
9NH7,baseline,67,68,0.9652173913043478
9NH7,baseline,67,69,0.9478260869565217
9NH7,baseline,67,70,0.9391304347826087
9NH7,baseline,67,71,0.9478260869565217
9NH7,baseline,67,72,0.9304347826086956
9NH7,baseline,67,73,0.9478260869565217
9NH7,baseline,67,74,0.9565217391304348
9NH7,baseline,67,75,0.9478260869565217
9NH7,baseline,67,76,0.9826086956521739
9NH7,baseline,67,77,0.9826086956521739
9NH7,baseline,67,78,0.9565217391304348
9NH7,baseline,67,79,0.9565217391304348
9NH7,baseline,67,80,0.9652173913043478
9NH7,baseline,67,81,0.9652173913043478
9NH7,baseline,67,82,0.9739130434782609
9NH7,baseline,67,83,0.9565217391304348
9NH7,baseline,67,84,0.9391304347826087
9NH7,baseline,67,85,0.9478260869565217
9NH7,baseline,67,86,0.9391304347826087
9NH7,baseline,67,87,0.9565217391304348
9NH7,baseline,67,88,0.9826086956521739
9NH7,baseline,67,89,0.9739130434782609
9NH7,baseline,67,90,0.9565217391304348
9NH7,baseline,67,91,0.9391304347826087
9NH7,baseline,67,92,0.9739130434782609
9NH7,baseline,67,93,0.9565217391304348
9NH7,baseline,67,94,0.9565217391304348
9NH7,baseline,67,95,0.9739130434782609
9NH7,baseline,67,96,0.9652173913043478
9NH7,baseline,67,97,0.9478260869565217
9NH7,baseline,67,98,0.9826086956521739
9NH7,baseline,67,99,0.9565217391304348
9NH7,baseline,68,69,0.9478260869565217
9NH7,baseline,68,70,0.9478260869565217
9NH7,baseline,68,71,0.9565217391304348
9NH7,baseline,68,72,0.9217391304347826
9NH7,baseline,68,73,0.9304347826086956
9NH7,baseline,68,74,0.9652173913043478
9NH7,baseline,68,75,0.9652173913043478
9NH7,baseline,68,76,0.9565217391304348
9NH7,baseline,68,77,0.9739130434782609
9NH7,baseline,68,78,0.9739130434782609
9NH7,baseline,68,79,0.9739130434782609
9NH7,baseline,68,80,0.9565217391304348
9NH7,baseline,68,81,0.9739130434782609
9NH7,baseline,68,82,0.9826086956521739
9NH7,baseline,68,83,0.9739130434782609
9NH7,baseline,68,84,0.9565217391304348
9NH7,baseline,68,85,0.9391304347826087
9NH7,baseline,68,86,0.9478260869565217
9NH7,baseline,68,87,0.9826086956521739
9NH7,baseline,68,88,0.9652173913043478
9NH7,baseline,68,89,0.9739130434782609
9NH7,baseline,68,90,0.9739130434782609
9NH7,baseline,68,91,0.9391304347826087
9NH7,baseline,68,92,0.9739130434782609
9NH7,baseline,68,93,0.9739130434782609
9NH7,baseline,68,94,0.9739130434782609
9NH7,baseline,68,95,0.9652173913043478
9NH7,baseline,68,96,0.9826086956521739
9NH7,baseline,68,97,0.9652173913043478
9NH7,baseline,68,98,0.9739130434782609
9NH7,baseline,68,99,0.9565217391304348
9NH7,baseline,69,70,0.9652173913043478
9NH7,baseline,69,71,0.9565217391304348
9NH7,baseline,69,72,0.9391304347826087
9NH7,baseline,69,73,0.9391304347826087
9NH7,baseline,69,74,0.9565217391304348
9NH7,baseline,69,75,0.9652173913043478
9NH7,baseline,69,76,0.9391304347826087
9NH7,baseline,69,77,0.9565217391304348
9NH7,baseline,69,78,0.9565217391304348
9NH7,baseline,69,79,0.9652173913043478
9NH7,baseline,69,80,0.9652173913043478
9NH7,baseline,69,81,0.9739130434782609
9NH7,baseline,69,82,0.9565217391304348
9NH7,baseline,69,83,0.9478260869565217
9NH7,baseline,69,84,0.9391304347826087
9NH7,baseline,69,85,0.9217391304347826
9NH7,baseline,69,86,0.9478260869565217
9NH7,baseline,69,87,0.9478260869565217
9NH7,baseline,69,88,0.9391304347826087
9NH7,baseline,69,89,0.9652173913043478
9NH7,baseline,69,90,0.9739130434782609
9NH7,baseline,69,91,0.9565217391304348
9NH7,baseline,69,92,0.9652173913043478
9NH7,baseline,69,93,0.9304347826086956
9NH7,baseline,69,94,0.9478260869565217
9NH7,baseline,69,95,0.9391304347826087
9NH7,baseline,69,96,0.9652173913043478
9NH7,baseline,69,97,0.9478260869565217
9NH7,baseline,69,98,0.9565217391304348
9NH7,baseline,69,99,0.9478260869565217
9NH7,baseline,70,71,0.9739130434782609
9NH7,baseline,70,72,0.9652173913043478
9NH7,baseline,70,73,0.9652173913043478
9NH7,baseline,70,74,0.9565217391304348
9NH7,baseline,70,75,0.9826086956521739
9NH7,baseline,70,76,0.9478260869565217
9NH7,baseline,70,77,0.9565217391304348
9NH7,baseline,70,78,0.9739130434782609
9NH7,baseline,70,79,0.9478260869565217
9NH7,baseline,70,80,0.9478260869565217
9NH7,baseline,70,81,0.9565217391304348
9NH7,baseline,70,82,0.9565217391304348
9NH7,baseline,70,83,0.9478260869565217
9NH7,baseline,70,84,0.9391304347826087
9NH7,baseline,70,85,0.9130434782608695
9NH7,baseline,70,86,0.9478260869565217
9NH7,baseline,70,87,0.9478260869565217
9NH7,baseline,70,88,0.9391304347826087
9NH7,baseline,70,89,0.9478260869565217
9NH7,baseline,70,90,0.9391304347826087
9NH7,baseline,70,91,0.9739130434782609
9NH7,baseline,70,92,0.9478260869565217
9NH7,baseline,70,93,0.9478260869565217
9NH7,baseline,70,94,0.9652173913043478
9NH7,baseline,70,95,0.9304347826086956
9NH7,baseline,70,96,0.9652173913043478
9NH7,baseline,70,97,0.9565217391304348
9NH7,baseline,70,98,0.9478260869565217
9NH7,baseline,70,99,0.9739130434782609
9NH7,baseline,71,72,0.9391304347826087
9NH7,baseline,71,73,0.9391304347826087
9NH7,baseline,71,74,0.9739130434782609
9NH7,baseline,71,75,0.9565217391304348
9NH7,baseline,71,76,0.9565217391304348
9NH7,baseline,71,77,0.9652173913043478
9NH7,baseline,71,78,0.9826086956521739
9NH7,baseline,71,79,0.9565217391304348
9NH7,baseline,71,80,0.9565217391304348
9NH7,baseline,71,81,0.9652173913043478
9NH7,baseline,71,82,0.9652173913043478
9NH7,baseline,71,83,0.9652173913043478
9NH7,baseline,71,84,0.9565217391304348
9NH7,baseline,71,85,0.9304347826086956
9NH7,baseline,71,86,0.9478260869565217
9NH7,baseline,71,87,0.9652173913043478
9NH7,baseline,71,88,0.9391304347826087
9NH7,baseline,71,89,0.9565217391304348
9NH7,baseline,71,90,0.9478260869565217
9NH7,baseline,71,91,0.9652173913043478
9NH7,baseline,71,92,0.9565217391304348
9NH7,baseline,71,93,0.9652173913043478
9NH7,baseline,71,94,0.9565217391304348
9NH7,baseline,71,95,0.9565217391304348
9NH7,baseline,71,96,0.9739130434782609
9NH7,baseline,71,97,0.9565217391304348
9NH7,baseline,71,98,0.9565217391304348
9NH7,baseline,71,99,0.9739130434782609
9NH7,baseline,72,73,0.9652173913043478
9NH7,baseline,72,74,0.9217391304347826
9NH7,baseline,72,75,0.9478260869565217
9NH7,baseline,72,76,0.9391304347826087
9NH7,baseline,72,77,0.9217391304347826
9NH7,baseline,72,78,0.9391304347826087
9NH7,baseline,72,79,0.9130434782608695
9NH7,baseline,72,80,0.9391304347826087
9NH7,baseline,72,81,0.9304347826086956
9NH7,baseline,72,82,0.9217391304347826
9NH7,baseline,72,83,0.9130434782608695
9NH7,baseline,72,84,0.9217391304347826
9NH7,baseline,72,85,0.8956521739130435
9NH7,baseline,72,86,0.9130434782608695
9NH7,baseline,72,87,0.9217391304347826
9NH7,baseline,72,88,0.9304347826086956
9NH7,baseline,72,89,0.9217391304347826
9NH7,baseline,72,90,0.9217391304347826
9NH7,baseline,72,91,0.9478260869565217
9NH7,baseline,72,92,0.9217391304347826
9NH7,baseline,72,93,0.9217391304347826
9NH7,baseline,72,94,0.9304347826086956
9NH7,baseline,72,95,0.9304347826086956
9NH7,baseline,72,96,0.9304347826086956
9NH7,baseline,72,97,0.9391304347826087
9NH7,baseline,72,98,0.9391304347826087
9NH7,baseline,72,99,0.9391304347826087
9NH7,baseline,73,74,0.9217391304347826
9NH7,baseline,73,75,0.9478260869565217
9NH7,baseline,73,76,0.9478260869565217
9NH7,baseline,73,77,0.9391304347826087
9NH7,baseline,73,78,0.9391304347826087
9NH7,baseline,73,79,0.9217391304347826
9NH7,baseline,73,80,0.9217391304347826
9NH7,baseline,73,81,0.9304347826086956
9NH7,baseline,73,82,0.9391304347826087
9NH7,baseline,73,83,0.9217391304347826
9NH7,baseline,73,84,0.9217391304347826
9NH7,baseline,73,85,0.9217391304347826
9NH7,baseline,73,86,0.9217391304347826
9NH7,baseline,73,87,0.9217391304347826
9NH7,baseline,73,88,0.9478260869565217
9NH7,baseline,73,89,0.9391304347826087
9NH7,baseline,73,90,0.9217391304347826
9NH7,baseline,73,91,0.9478260869565217
9NH7,baseline,73,92,0.9391304347826087
9NH7,baseline,73,93,0.9391304347826087
9NH7,baseline,73,94,0.9391304347826087
9NH7,baseline,73,95,0.9478260869565217
9NH7,baseline,73,96,0.9304347826086956
9NH7,baseline,73,97,0.9217391304347826
9NH7,baseline,73,98,0.9391304347826087
9NH7,baseline,73,99,0.9391304347826087
9NH7,baseline,74,75,0.9652173913043478
9NH7,baseline,74,76,0.9478260869565217
9NH7,baseline,74,77,0.9739130434782609
9NH7,baseline,74,78,0.9739130434782609
9NH7,baseline,74,79,0.9652173913043478
9NH7,baseline,74,80,0.9652173913043478
9NH7,baseline,74,81,0.9739130434782609
9NH7,baseline,74,82,0.9739130434782609
9NH7,baseline,74,83,0.9826086956521739
9NH7,baseline,74,84,0.9739130434782609
9NH7,baseline,74,85,0.9565217391304348
9NH7,baseline,74,86,0.9652173913043478
9NH7,baseline,74,87,0.9826086956521739
9NH7,baseline,74,88,0.9478260869565217
9NH7,baseline,74,89,0.9652173913043478
9NH7,baseline,74,90,0.9565217391304348
9NH7,baseline,74,91,0.9478260869565217
9NH7,baseline,74,92,0.9652173913043478
9NH7,baseline,74,93,0.9652173913043478
9NH7,baseline,74,94,0.9652173913043478
9NH7,baseline,74,95,0.9565217391304348
9NH7,baseline,74,96,0.9826086956521739
9NH7,baseline,74,97,0.9652173913043478
9NH7,baseline,74,98,0.9652173913043478
9NH7,baseline,74,99,0.9652173913043478
9NH7,baseline,75,76,0.9391304347826087
9NH7,baseline,75,77,0.9652173913043478
9NH7,baseline,75,78,0.9739130434782609
9NH7,baseline,75,79,0.9652173913043478
9NH7,baseline,75,80,0.9565217391304348
9NH7,baseline,75,81,0.9739130434782609
9NH7,baseline,75,82,0.9739130434782609
9NH7,baseline,75,83,0.9652173913043478
9NH7,baseline,75,84,0.9565217391304348
9NH7,baseline,75,85,0.9217391304347826
9NH7,baseline,75,86,0.9565217391304348
9NH7,baseline,75,87,0.9652173913043478
9NH7,baseline,75,88,0.9565217391304348
9NH7,baseline,75,89,0.9652173913043478
9NH7,baseline,75,90,0.9565217391304348
9NH7,baseline,75,91,0.9565217391304348
9NH7,baseline,75,92,0.9652173913043478
9NH7,baseline,75,93,0.9478260869565217
9NH7,baseline,75,94,0.9826086956521739
9NH7,baseline,75,95,0.9478260869565217
9NH7,baseline,75,96,0.9826086956521739
9NH7,baseline,75,97,0.9739130434782609
9NH7,baseline,75,98,0.9652173913043478
9NH7,baseline,75,99,0.9652173913043478
9NH7,baseline,76,77,0.9652173913043478
9NH7,baseline,76,78,0.9652173913043478
9NH7,baseline,76,79,0.9565217391304348
9NH7,baseline,76,80,0.9565217391304348
9NH7,baseline,76,81,0.9565217391304348
9NH7,baseline,76,82,0.9565217391304348
9NH7,baseline,76,83,0.9565217391304348
9NH7,baseline,76,84,0.9304347826086956
9NH7,baseline,76,85,0.9478260869565217
9NH7,baseline,76,86,0.9391304347826087
9NH7,baseline,76,87,0.9478260869565217
9NH7,baseline,76,88,0.9652173913043478
9NH7,baseline,76,89,0.9565217391304348
9NH7,baseline,76,90,0.9478260869565217
9NH7,baseline,76,91,0.9478260869565217
9NH7,baseline,76,92,0.9565217391304348
9NH7,baseline,76,93,0.9565217391304348
9NH7,baseline,76,94,0.9565217391304348
9NH7,baseline,76,95,0.9565217391304348
9NH7,baseline,76,96,0.9565217391304348
9NH7,baseline,76,97,0.9391304347826087
9NH7,baseline,76,98,0.9739130434782609
9NH7,baseline,76,99,0.9652173913043478
9NH7,baseline,77,78,0.9739130434782609
9NH7,baseline,77,79,0.9739130434782609
9NH7,baseline,77,80,0.9739130434782609
9NH7,baseline,77,81,0.9739130434782609
9NH7,baseline,77,82,0.991304347826087
9NH7,baseline,77,83,0.9739130434782609
9NH7,baseline,77,84,0.9565217391304348
9NH7,baseline,77,85,0.9391304347826087
9NH7,baseline,77,86,0.9565217391304348
9NH7,baseline,77,87,0.9652173913043478
9NH7,baseline,77,88,0.9652173913043478
9NH7,baseline,77,89,0.9826086956521739
9NH7,baseline,77,90,0.9565217391304348
9NH7,baseline,77,91,0.9478260869565217
9NH7,baseline,77,92,0.9826086956521739
9NH7,baseline,77,93,0.9652173913043478
9NH7,baseline,77,94,0.9739130434782609
9NH7,baseline,77,95,0.9652173913043478
9NH7,baseline,77,96,0.9826086956521739
9NH7,baseline,77,97,0.9652173913043478
9NH7,baseline,77,98,0.9652173913043478
9NH7,baseline,77,99,0.9739130434782609
9NH7,baseline,78,79,0.9739130434782609
9NH7,baseline,78,80,0.9652173913043478
9NH7,baseline,78,81,0.9826086956521739
9NH7,baseline,78,82,0.9826086956521739
9NH7,baseline,78,83,0.9739130434782609
9NH7,baseline,78,84,0.9652173913043478
9NH7,baseline,78,85,0.9304347826086956
9NH7,baseline,78,86,0.9478260869565217
9NH7,baseline,78,87,0.9739130434782609
9NH7,baseline,78,88,0.9565217391304348
9NH7,baseline,78,89,0.9739130434782609
9NH7,baseline,78,90,0.9652173913043478
9NH7,baseline,78,91,0.9652173913043478
9NH7,baseline,78,92,0.9739130434782609
9NH7,baseline,78,93,0.9739130434782609
9NH7,baseline,78,94,0.9739130434782609
9NH7,baseline,78,95,0.9565217391304348
9NH7,baseline,78,96,0.991304347826087
9NH7,baseline,78,97,0.9739130434782609
9NH7,baseline,78,98,0.9739130434782609
9NH7,baseline,78,99,0.9826086956521739
9NH7,baseline,79,80,0.9565217391304348
9NH7,baseline,79,81,0.9739130434782609
9NH7,baseline,79,82,0.9826086956521739
9NH7,baseline,79,83,0.9826086956521739
9NH7,baseline,79,84,0.9565217391304348
9NH7,baseline,79,85,0.9391304347826087
9NH7,baseline,79,86,0.9739130434782609
9NH7,baseline,79,87,0.9652173913043478
9NH7,baseline,79,88,0.9565217391304348
9NH7,baseline,79,89,0.9739130434782609
9NH7,baseline,79,90,0.9739130434782609
9NH7,baseline,79,91,0.9391304347826087
9NH7,baseline,79,92,0.9739130434782609
9NH7,baseline,79,93,0.9565217391304348
9NH7,baseline,79,94,0.9826086956521739
9NH7,baseline,79,95,0.9565217391304348
9NH7,baseline,79,96,0.9826086956521739
9NH7,baseline,79,97,0.9652173913043478
9NH7,baseline,79,98,0.9652173913043478
9NH7,baseline,79,99,0.9565217391304348
9NH7,baseline,80,81,0.9826086956521739
9NH7,baseline,80,82,0.9652173913043478
9NH7,baseline,80,83,0.9565217391304348
9NH7,baseline,80,84,0.9652173913043478
9NH7,baseline,80,85,0.9304347826086956
9NH7,baseline,80,86,0.9391304347826087
9NH7,baseline,80,87,0.9565217391304348
9NH7,baseline,80,88,0.9478260869565217
9NH7,baseline,80,89,0.9739130434782609
9NH7,baseline,80,90,0.9652173913043478
9NH7,baseline,80,91,0.9565217391304348
9NH7,baseline,80,92,0.9739130434782609
9NH7,baseline,80,93,0.9391304347826087
9NH7,baseline,80,94,0.9565217391304348
9NH7,baseline,80,95,0.9478260869565217
9NH7,baseline,80,96,0.9739130434782609
9NH7,baseline,80,97,0.9739130434782609
9NH7,baseline,80,98,0.9652173913043478
9NH7,baseline,80,99,0.9652173913043478
9NH7,baseline,81,82,0.9826086956521739
9NH7,baseline,81,83,0.9739130434782609
9NH7,baseline,81,84,0.9652173913043478
9NH7,baseline,81,85,0.9391304347826087
9NH7,baseline,81,86,0.9478260869565217
9NH7,baseline,81,87,0.9739130434782609
9NH7,baseline,81,88,0.9652173913043478
9NH7,baseline,81,89,0.991304347826087
9NH7,baseline,81,90,0.9826086956521739
9NH7,baseline,81,91,0.9652173913043478
9NH7,baseline,81,92,0.991304347826087
9NH7,baseline,81,93,0.9565217391304348
9NH7,baseline,81,94,0.9739130434782609
9NH7,baseline,81,95,0.9652173913043478
9NH7,baseline,81,96,0.991304347826087
9NH7,baseline,81,97,0.9739130434782609
9NH7,baseline,81,98,0.9826086956521739
9NH7,baseline,81,99,0.9652173913043478
9NH7,baseline,82,83,0.9826086956521739
9NH7,baseline,82,84,0.9652173913043478
9NH7,baseline,82,85,0.9391304347826087
9NH7,baseline,82,86,0.9565217391304348
9NH7,baseline,82,87,0.9739130434782609
9NH7,baseline,82,88,0.9739130434782609
9NH7,baseline,82,89,0.991304347826087
9NH7,baseline,82,90,0.9652173913043478
9NH7,baseline,82,91,0.9478260869565217
9NH7,baseline,82,92,0.991304347826087
9NH7,baseline,82,93,0.9739130434782609
9NH7,baseline,82,94,0.9826086956521739
9NH7,baseline,82,95,0.9739130434782609
9NH7,baseline,82,96,0.991304347826087
9NH7,baseline,82,97,0.9739130434782609
9NH7,baseline,82,98,0.9739130434782609
9NH7,baseline,82,99,0.9652173913043478
9NH7,baseline,83,84,0.9739130434782609
9NH7,baseline,83,85,0.9565217391304348
9NH7,baseline,83,86,0.9652173913043478
9NH7,baseline,83,87,0.9826086956521739
9NH7,baseline,83,88,0.9565217391304348
9NH7,baseline,83,89,0.9739130434782609
9NH7,baseline,83,90,0.9565217391304348
9NH7,baseline,83,91,0.9391304347826087
9NH7,baseline,83,92,0.9739130434782609
9NH7,baseline,83,93,0.9739130434782609
9NH7,baseline,83,94,0.9826086956521739
9NH7,baseline,83,95,0.9652173913043478
9NH7,baseline,83,96,0.9826086956521739
9NH7,baseline,83,97,0.9652173913043478
9NH7,baseline,83,98,0.9652173913043478
9NH7,baseline,83,99,0.9565217391304348
9NH7,baseline,84,85,0.9478260869565217
9NH7,baseline,84,86,0.9391304347826087
9NH7,baseline,84,87,0.9739130434782609
9NH7,baseline,84,88,0.9391304347826087
9NH7,baseline,84,89,0.9565217391304348
9NH7,baseline,84,90,0.9478260869565217
9NH7,baseline,84,91,0.9304347826086956
9NH7,baseline,84,92,0.9565217391304348
9NH7,baseline,84,93,0.9565217391304348
9NH7,baseline,84,94,0.9565217391304348
9NH7,baseline,84,95,0.9478260869565217
9NH7,baseline,84,96,0.9739130434782609
9NH7,baseline,84,97,0.9739130434782609
9NH7,baseline,84,98,0.9565217391304348
9NH7,baseline,84,99,0.9478260869565217
9NH7,baseline,85,86,0.9391304347826087
9NH7,baseline,85,87,0.9478260869565217
9NH7,baseline,85,88,0.9391304347826087
9NH7,baseline,85,89,0.9391304347826087
9NH7,baseline,85,90,0.9304347826086956
9NH7,baseline,85,91,0.9130434782608695
9NH7,baseline,85,92,0.9391304347826087
9NH7,baseline,85,93,0.9391304347826087
9NH7,baseline,85,94,0.9391304347826087
9NH7,baseline,85,95,0.9391304347826087
9NH7,baseline,85,96,0.9391304347826087
9NH7,baseline,85,97,0.9217391304347826
9NH7,baseline,85,98,0.9478260869565217
9NH7,baseline,85,99,0.9217391304347826
9NH7,baseline,86,87,0.9478260869565217
9NH7,baseline,86,88,0.9391304347826087
9NH7,baseline,86,89,0.9478260869565217
9NH7,baseline,86,90,0.9478260869565217
9NH7,baseline,86,91,0.9391304347826087
9NH7,baseline,86,92,0.9478260869565217
9NH7,baseline,86,93,0.9391304347826087
9NH7,baseline,86,94,0.9739130434782609
9NH7,baseline,86,95,0.9391304347826087
9NH7,baseline,86,96,0.9565217391304348
9NH7,baseline,86,97,0.9478260869565217
9NH7,baseline,86,98,0.9391304347826087
9NH7,baseline,86,99,0.9478260869565217
9NH7,baseline,87,88,0.9565217391304348
9NH7,baseline,87,89,0.9652173913043478
9NH7,baseline,87,90,0.9739130434782609
9NH7,baseline,87,91,0.9391304347826087
9NH7,baseline,87,92,0.9652173913043478
9NH7,baseline,87,93,0.9826086956521739
9NH7,baseline,87,94,0.9652173913043478
9NH7,baseline,87,95,0.9652173913043478
9NH7,baseline,87,96,0.9826086956521739
9NH7,baseline,87,97,0.9652173913043478
9NH7,baseline,87,98,0.9739130434782609
9NH7,baseline,87,99,0.9565217391304348
9NH7,baseline,88,89,0.9739130434782609
9NH7,baseline,88,90,0.9565217391304348
9NH7,baseline,88,91,0.9391304347826087
9NH7,baseline,88,92,0.9739130434782609
9NH7,baseline,88,93,0.9565217391304348
9NH7,baseline,88,94,0.9652173913043478
9NH7,baseline,88,95,0.9739130434782609
9NH7,baseline,88,96,0.9652173913043478
9NH7,baseline,88,97,0.9652173913043478
9NH7,baseline,88,98,0.9826086956521739
9NH7,baseline,88,99,0.9565217391304348
9NH7,baseline,89,90,0.9739130434782609
9NH7,baseline,89,91,0.9565217391304348
9NH7,baseline,89,92,1.0
9NH7,baseline,89,93,0.9652173913043478
9NH7,baseline,89,94,0.9739130434782609
9NH7,baseline,89,95,0.9739130434782609
9NH7,baseline,89,96,0.9826086956521739
9NH7,baseline,89,97,0.9652173913043478
9NH7,baseline,89,98,0.9739130434782609
9NH7,baseline,89,99,0.9565217391304348
9NH7,baseline,90,91,0.9478260869565217
9NH7,baseline,90,92,0.9739130434782609
9NH7,baseline,90,93,0.9565217391304348
9NH7,baseline,90,94,0.9565217391304348
9NH7,baseline,90,95,0.9565217391304348
9NH7,baseline,90,96,0.9739130434782609
9NH7,baseline,90,97,0.9565217391304348
9NH7,baseline,90,98,0.9739130434782609
9NH7,baseline,90,99,0.9478260869565217
9NH7,baseline,91,92,0.9565217391304348
9NH7,baseline,91,93,0.9391304347826087
9NH7,baseline,91,94,0.9565217391304348
9NH7,baseline,91,95,0.9304347826086956
9NH7,baseline,91,96,0.9565217391304348
9NH7,baseline,91,97,0.9478260869565217
9NH7,baseline,91,98,0.9478260869565217
9NH7,baseline,91,99,0.9652173913043478
9NH7,baseline,92,93,0.9652173913043478
9NH7,baseline,92,94,0.9739130434782609
9NH7,baseline,92,95,0.9739130434782609
9NH7,baseline,92,96,0.9826086956521739
9NH7,baseline,92,97,0.9652173913043478
9NH7,baseline,92,98,0.9739130434782609
9NH7,baseline,92,99,0.9565217391304348
9NH7,baseline,93,94,0.9565217391304348
9NH7,baseline,93,95,0.9652173913043478
9NH7,baseline,93,96,0.9652173913043478
9NH7,baseline,93,97,0.9478260869565217
9NH7,baseline,93,98,0.9565217391304348
9NH7,baseline,93,99,0.9565217391304348
9NH7,baseline,94,95,0.9565217391304348
9NH7,baseline,94,96,0.9826086956521739
9NH7,baseline,94,97,0.9739130434782609
9NH7,baseline,94,98,0.9652173913043478
9NH7,baseline,94,99,0.9652173913043478
9NH7,baseline,95,96,0.9652173913043478
9NH7,baseline,95,97,0.9478260869565217
9NH7,baseline,95,98,0.9739130434782609
9NH7,baseline,95,99,0.9391304347826087
9NH7,baseline,96,97,0.9826086956521739
9NH7,baseline,96,98,0.9826086956521739
9NH7,baseline,96,99,0.9739130434782609
9NH7,baseline,97,98,0.9652173913043478
9NH7,baseline,97,99,0.9739130434782609
9NH7,baseline,98,99,0.9565217391304348
9NH7,ensemble,0,1,0.9739130434782609
9NH7,ensemble,0,2,0.9478260869565217
9NH7,ensemble,0,3,0.9826086956521739
9NH7,ensemble,0,4,0.9652173913043478
9NH7,ensemble,0,5,0.9565217391304348
9NH7,ensemble,0,6,0.9826086956521739
9NH7,ensemble,0,7,0.991304347826087
9NH7,ensemble,0,8,0.9391304347826087
9NH7,ensemble,0,9,0.9739130434782609
9NH7,ensemble,0,10,0.9478260869565217
9NH7,ensemble,0,11,0.9565217391304348
9NH7,ensemble,0,12,0.9565217391304348
9NH7,ensemble,0,13,0.9391304347826087
9NH7,ensemble,0,14,0.9565217391304348
9NH7,ensemble,0,15,0.9565217391304348
9NH7,ensemble,0,16,0.9739130434782609
9NH7,ensemble,0,17,0.9478260869565217
9NH7,ensemble,0,18,0.9826086956521739
9NH7,ensemble,0,19,0.9565217391304348
9NH7,ensemble,0,20,0.9565217391304348
9NH7,ensemble,0,21,0.9826086956521739
9NH7,ensemble,0,22,0.9739130434782609
9NH7,ensemble,0,23,0.9739130434782609
9NH7,ensemble,0,24,0.9304347826086956
9NH7,ensemble,0,25,0.9826086956521739
9NH7,ensemble,0,26,0.9652173913043478
9NH7,ensemble,0,27,0.9565217391304348
9NH7,ensemble,0,28,0.9478260869565217
9NH7,ensemble,0,29,0.9652173913043478
9NH7,ensemble,0,30,0.9391304347826087
9NH7,ensemble,0,31,0.9478260869565217
9NH7,ensemble,0,32,0.9739130434782609
9NH7,ensemble,0,33,0.9478260869565217
9NH7,ensemble,0,34,0.9478260869565217
9NH7,ensemble,0,35,0.9565217391304348
9NH7,ensemble,0,36,0.9652173913043478
9NH7,ensemble,0,37,0.9478260869565217
9NH7,ensemble,0,38,0.9565217391304348
9NH7,ensemble,0,39,0.9565217391304348
9NH7,ensemble,0,40,0.9304347826086956
9NH7,ensemble,0,41,0.991304347826087
9NH7,ensemble,0,42,0.9739130434782609
9NH7,ensemble,0,43,0.9391304347826087
9NH7,ensemble,0,44,0.9217391304347826
9NH7,ensemble,0,45,0.991304347826087
9NH7,ensemble,0,46,0.9826086956521739
9NH7,ensemble,0,47,0.9826086956521739
9NH7,ensemble,0,48,0.9478260869565217
9NH7,ensemble,0,49,0.9652173913043478
9NH7,ensemble,0,50,0.9391304347826087
9NH7,ensemble,0,51,1.0
9NH7,ensemble,0,52,0.991304347826087
9NH7,ensemble,0,53,0.9826086956521739
9NH7,ensemble,0,54,0.9304347826086956
9NH7,ensemble,0,55,0.9739130434782609
9NH7,ensemble,0,56,0.9652173913043478
9NH7,ensemble,0,57,0.9565217391304348
9NH7,ensemble,0,58,0.9478260869565217
9NH7,ensemble,0,59,0.9739130434782609
9NH7,ensemble,0,60,0.9739130434782609
9NH7,ensemble,0,61,0.9826086956521739
9NH7,ensemble,0,62,0.9652173913043478
9NH7,ensemble,0,63,0.9739130434782609
9NH7,ensemble,0,64,0.9391304347826087
9NH7,ensemble,0,65,0.9478260869565217
9NH7,ensemble,0,66,0.9565217391304348
9NH7,ensemble,0,67,0.9739130434782609
9NH7,ensemble,0,68,0.9826086956521739
9NH7,ensemble,0,69,0.9391304347826087
9NH7,ensemble,0,70,0.9739130434782609
9NH7,ensemble,0,71,0.9652173913043478
9NH7,ensemble,0,72,0.9565217391304348
9NH7,ensemble,0,73,0.9565217391304348
9NH7,ensemble,0,74,0.9652173913043478
9NH7,ensemble,0,75,0.9652173913043478
9NH7,ensemble,0,76,0.9391304347826087
9NH7,ensemble,0,77,0.991304347826087
9NH7,ensemble,0,78,0.9739130434782609
9NH7,ensemble,0,79,0.9304347826086956
9NH7,ensemble,0,80,0.9478260869565217
9NH7,ensemble,0,81,0.9478260869565217
9NH7,ensemble,0,82,0.9565217391304348
9NH7,ensemble,0,83,0.9826086956521739
9NH7,ensemble,0,84,0.9739130434782609
9NH7,ensemble,0,85,0.9826086956521739
9NH7,ensemble,0,86,0.9565217391304348
9NH7,ensemble,0,87,0.9565217391304348
9NH7,ensemble,0,88,0.9565217391304348
9NH7,ensemble,0,89,0.9565217391304348
9NH7,ensemble,0,90,0.9826086956521739
9NH7,ensemble,0,91,0.9391304347826087
9NH7,ensemble,0,92,0.9304347826086956
9NH7,ensemble,0,93,0.9304347826086956
9NH7,ensemble,0,94,1.0
9NH7,ensemble,0,95,0.9391304347826087
9NH7,ensemble,0,96,0.9739130434782609
9NH7,ensemble,0,97,0.9826086956521739
9NH7,ensemble,0,98,0.9652173913043478
9NH7,ensemble,0,99,0.9739130434782609
9NH7,ensemble,1,2,0.9478260869565217
9NH7,ensemble,1,3,0.9739130434782609
9NH7,ensemble,1,4,0.9652173913043478
9NH7,ensemble,1,5,0.9478260869565217
9NH7,ensemble,1,6,0.9739130434782609
9NH7,ensemble,1,7,0.9739130434782609
9NH7,ensemble,1,8,0.9478260869565217
9NH7,ensemble,1,9,0.9739130434782609
9NH7,ensemble,1,10,0.9565217391304348
9NH7,ensemble,1,11,0.9478260869565217
9NH7,ensemble,1,12,0.9739130434782609
9NH7,ensemble,1,13,0.9565217391304348
9NH7,ensemble,1,14,0.9565217391304348
9NH7,ensemble,1,15,0.9478260869565217
9NH7,ensemble,1,16,0.9739130434782609
9NH7,ensemble,1,17,0.9565217391304348
9NH7,ensemble,1,18,0.9826086956521739
9NH7,ensemble,1,19,0.9478260869565217
9NH7,ensemble,1,20,0.9565217391304348
9NH7,ensemble,1,21,0.9652173913043478
9NH7,ensemble,1,22,0.9826086956521739
9NH7,ensemble,1,23,0.9565217391304348
9NH7,ensemble,1,24,0.9478260869565217
9NH7,ensemble,1,25,0.9739130434782609
9NH7,ensemble,1,26,0.9652173913043478
9NH7,ensemble,1,27,0.9565217391304348
9NH7,ensemble,1,28,0.9478260869565217
9NH7,ensemble,1,29,0.9565217391304348
9NH7,ensemble,1,30,0.9478260869565217
9NH7,ensemble,1,31,0.9565217391304348
9NH7,ensemble,1,32,0.9739130434782609
9NH7,ensemble,1,33,0.9652173913043478
9NH7,ensemble,1,34,0.9565217391304348
9NH7,ensemble,1,35,0.9826086956521739
9NH7,ensemble,1,36,0.9826086956521739
9NH7,ensemble,1,37,0.9565217391304348
9NH7,ensemble,1,38,0.9478260869565217
9NH7,ensemble,1,39,0.9478260869565217
9NH7,ensemble,1,40,0.9304347826086956
9NH7,ensemble,1,41,0.9652173913043478
9NH7,ensemble,1,42,0.9739130434782609
9NH7,ensemble,1,43,0.9478260869565217
9NH7,ensemble,1,44,0.9391304347826087
9NH7,ensemble,1,45,0.9739130434782609
9NH7,ensemble,1,46,0.9739130434782609
9NH7,ensemble,1,47,0.9652173913043478
9NH7,ensemble,1,48,0.9652173913043478
9NH7,ensemble,1,49,0.9478260869565217
9NH7,ensemble,1,50,0.9391304347826087
9NH7,ensemble,1,51,0.9739130434782609
9NH7,ensemble,1,52,0.9826086956521739
9NH7,ensemble,1,53,0.9826086956521739
9NH7,ensemble,1,54,0.9478260869565217
9NH7,ensemble,1,55,0.9739130434782609
9NH7,ensemble,1,56,0.9652173913043478
9NH7,ensemble,1,57,0.9739130434782609
9NH7,ensemble,1,58,0.9391304347826087
9NH7,ensemble,1,59,0.9739130434782609
9NH7,ensemble,1,60,0.9739130434782609
9NH7,ensemble,1,61,0.9739130434782609
9NH7,ensemble,1,62,0.9478260869565217
9NH7,ensemble,1,63,0.9652173913043478
9NH7,ensemble,1,64,0.9478260869565217
9NH7,ensemble,1,65,0.9478260869565217
9NH7,ensemble,1,66,0.9565217391304348
9NH7,ensemble,1,67,0.9739130434782609
9NH7,ensemble,1,68,0.9826086956521739
9NH7,ensemble,1,69,0.9478260869565217
9NH7,ensemble,1,70,0.991304347826087
9NH7,ensemble,1,71,0.9652173913043478
9NH7,ensemble,1,72,0.9565217391304348
9NH7,ensemble,1,73,0.9565217391304348
9NH7,ensemble,1,74,0.9652173913043478
9NH7,ensemble,1,75,0.9652173913043478
9NH7,ensemble,1,76,0.9391304347826087
9NH7,ensemble,1,77,0.9739130434782609
9NH7,ensemble,1,78,0.9739130434782609
9NH7,ensemble,1,79,0.9304347826086956
9NH7,ensemble,1,80,0.9565217391304348
9NH7,ensemble,1,81,0.9391304347826087
9NH7,ensemble,1,82,0.9565217391304348
9NH7,ensemble,1,83,0.9826086956521739
9NH7,ensemble,1,84,0.9739130434782609
9NH7,ensemble,1,85,0.9826086956521739
9NH7,ensemble,1,86,0.9652173913043478
9NH7,ensemble,1,87,0.9565217391304348
9NH7,ensemble,1,88,0.9739130434782609
9NH7,ensemble,1,89,0.9652173913043478
9NH7,ensemble,1,90,0.9652173913043478
9NH7,ensemble,1,91,0.9478260869565217
9NH7,ensemble,1,92,0.9478260869565217
9NH7,ensemble,1,93,0.9391304347826087
9NH7,ensemble,1,94,0.9739130434782609
9NH7,ensemble,1,95,0.9478260869565217
9NH7,ensemble,1,96,0.9739130434782609
9NH7,ensemble,1,97,0.9652173913043478
9NH7,ensemble,1,98,0.9739130434782609
9NH7,ensemble,1,99,0.9739130434782609
9NH7,ensemble,2,3,0.9478260869565217
9NH7,ensemble,2,4,0.9565217391304348
9NH7,ensemble,2,5,0.9391304347826087
9NH7,ensemble,2,6,0.9391304347826087
9NH7,ensemble,2,7,0.9565217391304348
9NH7,ensemble,2,8,0.9739130434782609
9NH7,ensemble,2,9,0.9565217391304348
9NH7,ensemble,2,10,0.9391304347826087
9NH7,ensemble,2,11,0.9217391304347826
9NH7,ensemble,2,12,0.9565217391304348
9NH7,ensemble,2,13,0.9565217391304348
9NH7,ensemble,2,14,0.9391304347826087
9NH7,ensemble,2,15,0.9739130434782609
9NH7,ensemble,2,16,0.9565217391304348
9NH7,ensemble,2,17,0.9565217391304348
9NH7,ensemble,2,18,0.9391304347826087
9NH7,ensemble,2,19,0.9130434782608695
9NH7,ensemble,2,20,0.9391304347826087
9NH7,ensemble,2,21,0.9304347826086956
9NH7,ensemble,2,22,0.9391304347826087
9NH7,ensemble,2,23,0.9478260869565217
9NH7,ensemble,2,24,0.9826086956521739
9NH7,ensemble,2,25,0.9478260869565217
9NH7,ensemble,2,26,0.9652173913043478
9NH7,ensemble,2,27,0.9565217391304348
9NH7,ensemble,2,28,1.0
9NH7,ensemble,2,29,0.9478260869565217
9NH7,ensemble,2,30,0.9391304347826087
9NH7,ensemble,2,31,0.9478260869565217
9NH7,ensemble,2,32,0.9391304347826087
9NH7,ensemble,2,33,0.9826086956521739
9NH7,ensemble,2,34,0.9478260869565217
9NH7,ensemble,2,35,0.9478260869565217
9NH7,ensemble,2,36,0.9652173913043478
9NH7,ensemble,2,37,0.9391304347826087
9NH7,ensemble,2,38,0.9391304347826087
9NH7,ensemble,2,39,0.9391304347826087
9NH7,ensemble,2,40,0.9739130434782609
9NH7,ensemble,2,41,0.9391304347826087
9NH7,ensemble,2,42,0.9391304347826087
9NH7,ensemble,2,43,0.9478260869565217
9NH7,ensemble,2,44,0.9652173913043478
9NH7,ensemble,2,45,0.9565217391304348
9NH7,ensemble,2,46,0.9478260869565217
9NH7,ensemble,2,47,0.9391304347826087
9NH7,ensemble,2,48,0.9565217391304348
9NH7,ensemble,2,49,0.9739130434782609
9NH7,ensemble,2,50,0.9739130434782609
9NH7,ensemble,2,51,0.9478260869565217
9NH7,ensemble,2,52,0.9565217391304348
9NH7,ensemble,2,53,0.9652173913043478
9NH7,ensemble,2,54,0.9826086956521739
9NH7,ensemble,2,55,0.9565217391304348
9NH7,ensemble,2,56,0.9304347826086956
9NH7,ensemble,2,57,0.9565217391304348
9NH7,ensemble,2,58,0.9217391304347826
9NH7,ensemble,2,59,0.9565217391304348
9NH7,ensemble,2,60,0.9391304347826087
9NH7,ensemble,2,61,0.9652173913043478
9NH7,ensemble,2,62,0.9391304347826087
9NH7,ensemble,2,63,0.9391304347826087
9NH7,ensemble,2,64,0.9391304347826087
9NH7,ensemble,2,65,0.9826086956521739
9NH7,ensemble,2,66,0.9478260869565217
9NH7,ensemble,2,67,0.9391304347826087
9NH7,ensemble,2,68,0.9652173913043478
9NH7,ensemble,2,69,0.9391304347826087
9NH7,ensemble,2,70,0.9478260869565217
9NH7,ensemble,2,71,0.9652173913043478
9NH7,ensemble,2,72,0.9826086956521739
9NH7,ensemble,2,73,0.991304347826087
9NH7,ensemble,2,74,0.9652173913043478
9NH7,ensemble,2,75,0.9304347826086956
9NH7,ensemble,2,76,0.9739130434782609
9NH7,ensemble,2,77,0.9478260869565217
9NH7,ensemble,2,78,0.9565217391304348
9NH7,ensemble,2,79,0.9565217391304348
9NH7,ensemble,2,80,0.9478260869565217
9NH7,ensemble,2,81,0.9130434782608695
9NH7,ensemble,2,82,0.991304347826087
9NH7,ensemble,2,83,0.9565217391304348
9NH7,ensemble,2,84,0.9565217391304348
9NH7,ensemble,2,85,0.9652173913043478
9NH7,ensemble,2,86,0.9565217391304348
9NH7,ensemble,2,87,0.9478260869565217
9NH7,ensemble,2,88,0.9565217391304348
9NH7,ensemble,2,89,0.9565217391304348
9NH7,ensemble,2,90,0.9478260869565217
9NH7,ensemble,2,91,0.9391304347826087
9NH7,ensemble,2,92,0.9652173913043478
9NH7,ensemble,2,93,0.9304347826086956
9NH7,ensemble,2,94,0.9478260869565217
9NH7,ensemble,2,95,0.9391304347826087
9NH7,ensemble,2,96,0.9478260869565217
9NH7,ensemble,2,97,0.9391304347826087
9NH7,ensemble,2,98,0.9478260869565217
9NH7,ensemble,2,99,0.9391304347826087
9NH7,ensemble,3,4,0.9652173913043478
9NH7,ensemble,3,5,0.9391304347826087
9NH7,ensemble,3,6,0.9652173913043478
9NH7,ensemble,3,7,0.9739130434782609
9NH7,ensemble,3,8,0.9391304347826087
9NH7,ensemble,3,9,0.9739130434782609
9NH7,ensemble,3,10,0.9652173913043478
9NH7,ensemble,3,11,0.9391304347826087
9NH7,ensemble,3,12,0.9565217391304348
9NH7,ensemble,3,13,0.9565217391304348
9NH7,ensemble,3,14,0.9391304347826087
9NH7,ensemble,3,15,0.9565217391304348
9NH7,ensemble,3,16,0.991304347826087
9NH7,ensemble,3,17,0.9478260869565217
9NH7,ensemble,3,18,0.9652173913043478
9NH7,ensemble,3,19,0.9391304347826087
9NH7,ensemble,3,20,0.9391304347826087
9NH7,ensemble,3,21,0.9652173913043478
9NH7,ensemble,3,22,0.9739130434782609
9NH7,ensemble,3,23,0.9565217391304348
9NH7,ensemble,3,24,0.9304347826086956
9NH7,ensemble,3,25,0.9826086956521739
9NH7,ensemble,3,26,0.9652173913043478
9NH7,ensemble,3,27,0.9739130434782609
9NH7,ensemble,3,28,0.9478260869565217
9NH7,ensemble,3,29,0.9478260869565217
9NH7,ensemble,3,30,0.9391304347826087
9NH7,ensemble,3,31,0.9478260869565217
9NH7,ensemble,3,32,0.9739130434782609
9NH7,ensemble,3,33,0.9478260869565217
9NH7,ensemble,3,34,0.9478260869565217
9NH7,ensemble,3,35,0.9565217391304348
9NH7,ensemble,3,36,0.9652173913043478
9NH7,ensemble,3,37,0.9478260869565217
9NH7,ensemble,3,38,0.9391304347826087
9NH7,ensemble,3,39,0.9391304347826087
9NH7,ensemble,3,40,0.9478260869565217
9NH7,ensemble,3,41,0.9739130434782609
9NH7,ensemble,3,42,0.9739130434782609
9NH7,ensemble,3,43,0.9391304347826087
9NH7,ensemble,3,44,0.9391304347826087
9NH7,ensemble,3,45,0.9739130434782609
9NH7,ensemble,3,46,0.9826086956521739
9NH7,ensemble,3,47,0.9652173913043478
9NH7,ensemble,3,48,0.9478260869565217
9NH7,ensemble,3,49,0.9478260869565217
9NH7,ensemble,3,50,0.9565217391304348
9NH7,ensemble,3,51,0.9826086956521739
9NH7,ensemble,3,52,0.991304347826087
9NH7,ensemble,3,53,0.9826086956521739
9NH7,ensemble,3,54,0.9304347826086956
9NH7,ensemble,3,55,0.9739130434782609
9NH7,ensemble,3,56,0.9826086956521739
9NH7,ensemble,3,57,0.9565217391304348
9NH7,ensemble,3,58,0.9304347826086956
9NH7,ensemble,3,59,0.9739130434782609
9NH7,ensemble,3,60,0.9739130434782609
9NH7,ensemble,3,61,0.9826086956521739
9NH7,ensemble,3,62,0.9478260869565217
9NH7,ensemble,3,63,0.991304347826087
9NH7,ensemble,3,64,0.9391304347826087
9NH7,ensemble,3,65,0.9478260869565217
9NH7,ensemble,3,66,0.9565217391304348
9NH7,ensemble,3,67,0.9739130434782609
9NH7,ensemble,3,68,0.9826086956521739
9NH7,ensemble,3,69,0.9565217391304348
9NH7,ensemble,3,70,0.9739130434782609
9NH7,ensemble,3,71,0.9652173913043478
9NH7,ensemble,3,72,0.9565217391304348
9NH7,ensemble,3,73,0.9565217391304348
9NH7,ensemble,3,74,0.9652173913043478
9NH7,ensemble,3,75,0.9826086956521739
9NH7,ensemble,3,76,0.9565217391304348
9NH7,ensemble,3,77,0.9739130434782609
9NH7,ensemble,3,78,0.9739130434782609
9NH7,ensemble,3,79,0.9478260869565217
9NH7,ensemble,3,80,0.9478260869565217
9NH7,ensemble,3,81,0.9304347826086956
9NH7,ensemble,3,82,0.9565217391304348
9NH7,ensemble,3,83,0.9826086956521739
9NH7,ensemble,3,84,0.991304347826087
9NH7,ensemble,3,85,0.9826086956521739
9NH7,ensemble,3,86,0.9565217391304348
9NH7,ensemble,3,87,0.9739130434782609
9NH7,ensemble,3,88,0.9565217391304348
9NH7,ensemble,3,89,0.9565217391304348
9NH7,ensemble,3,90,0.9652173913043478
9NH7,ensemble,3,91,0.9565217391304348
9NH7,ensemble,3,92,0.9391304347826087
9NH7,ensemble,3,93,0.9478260869565217
9NH7,ensemble,3,94,0.9826086956521739
9NH7,ensemble,3,95,0.9391304347826087
9NH7,ensemble,3,96,0.9739130434782609
9NH7,ensemble,3,97,0.9652173913043478
9NH7,ensemble,3,98,0.9652173913043478
9NH7,ensemble,3,99,0.9739130434782609
9NH7,ensemble,4,5,0.9391304347826087
9NH7,ensemble,4,6,0.9565217391304348
9NH7,ensemble,4,7,0.9739130434782609
9NH7,ensemble,4,8,0.9652173913043478
9NH7,ensemble,4,9,0.991304347826087
9NH7,ensemble,4,10,0.9826086956521739
9NH7,ensemble,4,11,0.9391304347826087
9NH7,ensemble,4,12,0.9739130434782609
9NH7,ensemble,4,13,0.9652173913043478
9NH7,ensemble,4,14,0.9391304347826087
9NH7,ensemble,4,15,0.9652173913043478
9NH7,ensemble,4,16,0.9739130434782609
9NH7,ensemble,4,17,0.9565217391304348
9NH7,ensemble,4,18,0.9565217391304348
9NH7,ensemble,4,19,0.9478260869565217
9NH7,ensemble,4,20,0.9565217391304348
9NH7,ensemble,4,21,0.9652173913043478
9NH7,ensemble,4,22,0.9652173913043478
9NH7,ensemble,4,23,0.9652173913043478
9NH7,ensemble,4,24,0.9565217391304348
9NH7,ensemble,4,25,0.9826086956521739
9NH7,ensemble,4,26,0.991304347826087
9NH7,ensemble,4,27,0.9826086956521739
9NH7,ensemble,4,28,0.9565217391304348
9NH7,ensemble,4,29,0.9478260869565217
9NH7,ensemble,4,30,0.9565217391304348
9NH7,ensemble,4,31,0.9652173913043478
9NH7,ensemble,4,32,0.9652173913043478
9NH7,ensemble,4,33,0.9565217391304348
9NH7,ensemble,4,34,0.9652173913043478
9NH7,ensemble,4,35,0.9478260869565217
9NH7,ensemble,4,36,0.9652173913043478
9NH7,ensemble,4,37,0.9565217391304348
9NH7,ensemble,4,38,0.9391304347826087
9NH7,ensemble,4,39,0.9391304347826087
9NH7,ensemble,4,40,0.9652173913043478
9NH7,ensemble,4,41,0.9739130434782609
9NH7,ensemble,4,42,0.9739130434782609
9NH7,ensemble,4,43,0.9652173913043478
9NH7,ensemble,4,44,0.9391304347826087
9NH7,ensemble,4,45,0.9739130434782609
9NH7,ensemble,4,46,0.9826086956521739
9NH7,ensemble,4,47,0.9478260869565217
9NH7,ensemble,4,48,0.9826086956521739
9NH7,ensemble,4,49,0.9478260869565217
9NH7,ensemble,4,50,0.9652173913043478
9NH7,ensemble,4,51,0.9652173913043478
9NH7,ensemble,4,52,0.9739130434782609
9NH7,ensemble,4,53,0.9826086956521739
9NH7,ensemble,4,54,0.9565217391304348
9NH7,ensemble,4,55,0.991304347826087
9NH7,ensemble,4,56,0.9652173913043478
9NH7,ensemble,4,57,0.9565217391304348
9NH7,ensemble,4,58,0.9478260869565217
9NH7,ensemble,4,59,0.991304347826087
9NH7,ensemble,4,60,0.9739130434782609
9NH7,ensemble,4,61,0.9652173913043478
9NH7,ensemble,4,62,0.9826086956521739
9NH7,ensemble,4,63,0.9652173913043478
9NH7,ensemble,4,64,0.9565217391304348
9NH7,ensemble,4,65,0.9739130434782609
9NH7,ensemble,4,66,0.9826086956521739
9NH7,ensemble,4,67,0.9739130434782609
9NH7,ensemble,4,68,0.9826086956521739
9NH7,ensemble,4,69,0.9565217391304348
9NH7,ensemble,4,70,0.9652173913043478
9NH7,ensemble,4,71,0.991304347826087
9NH7,ensemble,4,72,0.9565217391304348
9NH7,ensemble,4,73,0.9652173913043478
9NH7,ensemble,4,74,0.991304347826087
9NH7,ensemble,4,75,0.9652173913043478
9NH7,ensemble,4,76,0.9652173913043478
9NH7,ensemble,4,77,0.9652173913043478
9NH7,ensemble,4,78,0.991304347826087
9NH7,ensemble,4,79,0.9565217391304348
9NH7,ensemble,4,80,0.9652173913043478
9NH7,ensemble,4,81,0.9478260869565217
9NH7,ensemble,4,82,0.9652173913043478
9NH7,ensemble,4,83,0.9739130434782609
9NH7,ensemble,4,84,0.9739130434782609
9NH7,ensemble,4,85,0.9826086956521739
9NH7,ensemble,4,86,0.9565217391304348
9NH7,ensemble,4,87,0.991304347826087
9NH7,ensemble,4,88,0.9739130434782609
9NH7,ensemble,4,89,0.9565217391304348
9NH7,ensemble,4,90,0.9739130434782609
9NH7,ensemble,4,91,0.9565217391304348
9NH7,ensemble,4,92,0.9565217391304348
9NH7,ensemble,4,93,0.9478260869565217
9NH7,ensemble,4,94,0.9652173913043478
9NH7,ensemble,4,95,0.9565217391304348
9NH7,ensemble,4,96,0.9826086956521739
9NH7,ensemble,4,97,0.9739130434782609
9NH7,ensemble,4,98,0.9652173913043478
9NH7,ensemble,4,99,0.9739130434782609
9NH7,ensemble,5,6,0.9478260869565217
9NH7,ensemble,5,7,0.9652173913043478
9NH7,ensemble,5,8,0.9217391304347826
9NH7,ensemble,5,9,0.9478260869565217
9NH7,ensemble,5,10,0.9304347826086956
9NH7,ensemble,5,11,0.9478260869565217
9NH7,ensemble,5,12,0.9565217391304348
9NH7,ensemble,5,13,0.9391304347826087
9NH7,ensemble,5,14,0.991304347826087
9NH7,ensemble,5,15,0.9130434782608695
9NH7,ensemble,5,16,0.9478260869565217
9NH7,ensemble,5,17,0.9652173913043478
9NH7,ensemble,5,18,0.9565217391304348
9NH7,ensemble,5,19,0.9478260869565217
9NH7,ensemble,5,20,0.9739130434782609
9NH7,ensemble,5,21,0.9478260869565217
9NH7,ensemble,5,22,0.9391304347826087
9NH7,ensemble,5,23,0.9478260869565217
9NH7,ensemble,5,24,0.9304347826086956
9NH7,ensemble,5,25,0.9391304347826087
9NH7,ensemble,5,26,0.9391304347826087
9NH7,ensemble,5,27,0.9304347826086956
9NH7,ensemble,5,28,0.9391304347826087
9NH7,ensemble,5,29,0.991304347826087
9NH7,ensemble,5,30,0.9739130434782609
9NH7,ensemble,5,31,0.9739130434782609
9NH7,ensemble,5,32,0.9391304347826087
9NH7,ensemble,5,33,0.9304347826086956
9NH7,ensemble,5,34,0.9652173913043478
9NH7,ensemble,5,35,0.9652173913043478
9NH7,ensemble,5,36,0.9652173913043478
9NH7,ensemble,5,37,0.9391304347826087
9NH7,ensemble,5,38,1.0
9NH7,ensemble,5,39,1.0
9NH7,ensemble,5,40,0.9217391304347826
9NH7,ensemble,5,41,0.9478260869565217
9NH7,ensemble,5,42,0.9391304347826087
9NH7,ensemble,5,43,0.9652173913043478
9NH7,ensemble,5,44,0.9130434782608695
9NH7,ensemble,5,45,0.9652173913043478
9NH7,ensemble,5,46,0.9391304347826087
9NH7,ensemble,5,47,0.9565217391304348
9NH7,ensemble,5,48,0.9478260869565217
9NH7,ensemble,5,49,0.9304347826086956
9NH7,ensemble,5,50,0.9130434782608695
9NH7,ensemble,5,51,0.9565217391304348
9NH7,ensemble,5,52,0.9478260869565217
9NH7,ensemble,5,53,0.9565217391304348
9NH7,ensemble,5,54,0.9304347826086956
9NH7,ensemble,5,55,0.9478260869565217
9NH7,ensemble,5,56,0.9304347826086956
9NH7,ensemble,5,57,0.9739130434782609
9NH7,ensemble,5,58,0.9391304347826087
9NH7,ensemble,5,59,0.9478260869565217
9NH7,ensemble,5,60,0.9391304347826087
9NH7,ensemble,5,61,0.9565217391304348
9NH7,ensemble,5,62,0.9565217391304348
9NH7,ensemble,5,63,0.9304347826086956
9NH7,ensemble,5,64,0.9826086956521739
9NH7,ensemble,5,65,0.9217391304347826
9NH7,ensemble,5,66,0.9304347826086956
9NH7,ensemble,5,67,0.9391304347826087
9NH7,ensemble,5,68,0.9565217391304348
9NH7,ensemble,5,69,0.9652173913043478
9NH7,ensemble,5,70,0.9478260869565217
9NH7,ensemble,5,71,0.9391304347826087
9NH7,ensemble,5,72,0.9217391304347826
9NH7,ensemble,5,73,0.9304347826086956
9NH7,ensemble,5,74,0.9391304347826087
9NH7,ensemble,5,75,0.9304347826086956
9NH7,ensemble,5,76,0.9130434782608695
9NH7,ensemble,5,77,0.9565217391304348
9NH7,ensemble,5,78,0.9478260869565217
9NH7,ensemble,5,79,0.9043478260869565
9NH7,ensemble,5,80,0.9739130434782609
9NH7,ensemble,5,81,0.9391304347826087
9NH7,ensemble,5,82,0.9304347826086956
9NH7,ensemble,5,83,0.9478260869565217
9NH7,ensemble,5,84,0.9478260869565217
9NH7,ensemble,5,85,0.9565217391304348
9NH7,ensemble,5,86,0.9739130434782609
9NH7,ensemble,5,87,0.9304347826086956
9NH7,ensemble,5,88,0.9565217391304348
9NH7,ensemble,5,89,0.9826086956521739
9NH7,ensemble,5,90,0.9565217391304348
9NH7,ensemble,5,91,0.9565217391304348
9NH7,ensemble,5,92,0.9130434782608695
9NH7,ensemble,5,93,0.9739130434782609
9NH7,ensemble,5,94,0.9565217391304348
9NH7,ensemble,5,95,0.9826086956521739
9NH7,ensemble,5,96,0.9391304347826087
9NH7,ensemble,5,97,0.9478260869565217
9NH7,ensemble,5,98,0.9739130434782609
9NH7,ensemble,5,99,0.9391304347826087
9NH7,ensemble,6,7,0.9739130434782609
9NH7,ensemble,6,8,0.9391304347826087
9NH7,ensemble,6,9,0.9565217391304348
9NH7,ensemble,6,10,0.9478260869565217
9NH7,ensemble,6,11,0.9565217391304348
9NH7,ensemble,6,12,0.9565217391304348
9NH7,ensemble,6,13,0.9478260869565217
9NH7,ensemble,6,14,0.9565217391304348
9NH7,ensemble,6,15,0.9478260869565217
9NH7,ensemble,6,16,0.9565217391304348
9NH7,ensemble,6,17,0.9478260869565217
9NH7,ensemble,6,18,0.9826086956521739
9NH7,ensemble,6,19,0.9478260869565217
9NH7,ensemble,6,20,0.9565217391304348
9NH7,ensemble,6,21,0.9739130434782609
9NH7,ensemble,6,22,0.9739130434782609
9NH7,ensemble,6,23,0.9652173913043478
9NH7,ensemble,6,24,0.9391304347826087
9NH7,ensemble,6,25,0.9652173913043478
9NH7,ensemble,6,26,0.9565217391304348
9NH7,ensemble,6,27,0.9478260869565217
9NH7,ensemble,6,28,0.9391304347826087
9NH7,ensemble,6,29,0.9565217391304348
9NH7,ensemble,6,30,0.9304347826086956
9NH7,ensemble,6,31,0.9391304347826087
9NH7,ensemble,6,32,0.9652173913043478
9NH7,ensemble,6,33,0.9565217391304348
9NH7,ensemble,6,34,0.9391304347826087
9NH7,ensemble,6,35,0.9565217391304348
9NH7,ensemble,6,36,0.9652173913043478
9NH7,ensemble,6,37,0.9478260869565217
9NH7,ensemble,6,38,0.9478260869565217
9NH7,ensemble,6,39,0.9478260869565217
9NH7,ensemble,6,40,0.9217391304347826
9NH7,ensemble,6,41,0.9739130434782609
9NH7,ensemble,6,42,0.9652173913043478
9NH7,ensemble,6,43,0.9391304347826087
9NH7,ensemble,6,44,0.9304347826086956
9NH7,ensemble,6,45,0.9739130434782609
9NH7,ensemble,6,46,0.9652173913043478
9NH7,ensemble,6,47,0.9739130434782609
9NH7,ensemble,6,48,0.9565217391304348
9NH7,ensemble,6,49,0.9565217391304348
9NH7,ensemble,6,50,0.9304347826086956
9NH7,ensemble,6,51,0.9826086956521739
9NH7,ensemble,6,52,0.9739130434782609
9NH7,ensemble,6,53,0.9652173913043478
9NH7,ensemble,6,54,0.9391304347826087
9NH7,ensemble,6,55,0.9565217391304348
9NH7,ensemble,6,56,0.9565217391304348
9NH7,ensemble,6,57,0.9565217391304348
9NH7,ensemble,6,58,0.9478260869565217
9NH7,ensemble,6,59,0.9565217391304348
9NH7,ensemble,6,60,0.9652173913043478
9NH7,ensemble,6,61,0.9652173913043478
9NH7,ensemble,6,62,0.9565217391304348
9NH7,ensemble,6,63,0.9565217391304348
9NH7,ensemble,6,64,0.9304347826086956
9NH7,ensemble,6,65,0.9391304347826087
9NH7,ensemble,6,66,0.9478260869565217
9NH7,ensemble,6,67,0.9652173913043478
9NH7,ensemble,6,68,0.9652173913043478
9NH7,ensemble,6,69,0.9304347826086956
9NH7,ensemble,6,70,0.9652173913043478
9NH7,ensemble,6,71,0.9565217391304348
9NH7,ensemble,6,72,0.9478260869565217
9NH7,ensemble,6,73,0.9478260869565217
9NH7,ensemble,6,74,0.9565217391304348
9NH7,ensemble,6,75,0.9565217391304348
9NH7,ensemble,6,76,0.9304347826086956
9NH7,ensemble,6,77,0.9739130434782609
9NH7,ensemble,6,78,0.9565217391304348
9NH7,ensemble,6,79,0.9217391304347826
9NH7,ensemble,6,80,0.9391304347826087
9NH7,ensemble,6,81,0.9478260869565217
9NH7,ensemble,6,82,0.9478260869565217
9NH7,ensemble,6,83,0.9652173913043478
9NH7,ensemble,6,84,0.9565217391304348
9NH7,ensemble,6,85,0.9652173913043478
9NH7,ensemble,6,86,0.9478260869565217
9NH7,ensemble,6,87,0.9478260869565217
9NH7,ensemble,6,88,0.9565217391304348
9NH7,ensemble,6,89,0.9478260869565217
9NH7,ensemble,6,90,0.9652173913043478
9NH7,ensemble,6,91,0.9304347826086956
9NH7,ensemble,6,92,0.9391304347826087
9NH7,ensemble,6,93,0.9217391304347826
9NH7,ensemble,6,94,0.9826086956521739
9NH7,ensemble,6,95,0.9304347826086956
9NH7,ensemble,6,96,0.9565217391304348
9NH7,ensemble,6,97,0.9652173913043478
9NH7,ensemble,6,98,0.9565217391304348
9NH7,ensemble,6,99,0.9652173913043478
9NH7,ensemble,7,8,0.9478260869565217
9NH7,ensemble,7,9,0.9826086956521739
9NH7,ensemble,7,10,0.9565217391304348
9NH7,ensemble,7,11,0.9565217391304348
9NH7,ensemble,7,12,0.9652173913043478
9NH7,ensemble,7,13,0.9478260869565217
9NH7,ensemble,7,14,0.9652173913043478
9NH7,ensemble,7,15,0.9478260869565217
9NH7,ensemble,7,16,0.9826086956521739
9NH7,ensemble,7,17,0.9565217391304348
9NH7,ensemble,7,18,0.9826086956521739
9NH7,ensemble,7,19,0.9565217391304348
9NH7,ensemble,7,20,0.9652173913043478
9NH7,ensemble,7,21,0.9739130434782609
9NH7,ensemble,7,22,0.9652173913043478
9NH7,ensemble,7,23,0.9826086956521739
9NH7,ensemble,7,24,0.9391304347826087
9NH7,ensemble,7,25,0.9739130434782609
9NH7,ensemble,7,26,0.9739130434782609
9NH7,ensemble,7,27,0.9652173913043478
9NH7,ensemble,7,28,0.9565217391304348
9NH7,ensemble,7,29,0.9739130434782609
9NH7,ensemble,7,30,0.9478260869565217
9NH7,ensemble,7,31,0.9565217391304348
9NH7,ensemble,7,32,0.9652173913043478
9NH7,ensemble,7,33,0.9565217391304348
9NH7,ensemble,7,34,0.9565217391304348
9NH7,ensemble,7,35,0.9565217391304348
9NH7,ensemble,7,36,0.9739130434782609
9NH7,ensemble,7,37,0.9565217391304348
9NH7,ensemble,7,38,0.9652173913043478
9NH7,ensemble,7,39,0.9652173913043478
9NH7,ensemble,7,40,0.9391304347826087
9NH7,ensemble,7,41,0.9826086956521739
9NH7,ensemble,7,42,0.9652173913043478
9NH7,ensemble,7,43,0.9478260869565217
9NH7,ensemble,7,44,0.9217391304347826
9NH7,ensemble,7,45,1.0
9NH7,ensemble,7,46,0.9739130434782609
9NH7,ensemble,7,47,0.9739130434782609
9NH7,ensemble,7,48,0.9565217391304348
9NH7,ensemble,7,49,0.9652173913043478
9NH7,ensemble,7,50,0.9478260869565217
9NH7,ensemble,7,51,0.991304347826087
9NH7,ensemble,7,52,0.9826086956521739
9NH7,ensemble,7,53,0.991304347826087
9NH7,ensemble,7,54,0.9391304347826087
9NH7,ensemble,7,55,0.9826086956521739
9NH7,ensemble,7,56,0.9565217391304348
9NH7,ensemble,7,57,0.9652173913043478
9NH7,ensemble,7,58,0.9565217391304348
9NH7,ensemble,7,59,0.9826086956521739
9NH7,ensemble,7,60,0.9652173913043478
9NH7,ensemble,7,61,0.9739130434782609
9NH7,ensemble,7,62,0.9739130434782609
9NH7,ensemble,7,63,0.9652173913043478
9NH7,ensemble,7,64,0.9478260869565217
9NH7,ensemble,7,65,0.9565217391304348
9NH7,ensemble,7,66,0.9565217391304348
9NH7,ensemble,7,67,0.9652173913043478
9NH7,ensemble,7,68,0.991304347826087
9NH7,ensemble,7,69,0.9478260869565217
9NH7,ensemble,7,70,0.9739130434782609
9NH7,ensemble,7,71,0.9739130434782609
9NH7,ensemble,7,72,0.9565217391304348
9NH7,ensemble,7,73,0.9652173913043478
9NH7,ensemble,7,74,0.9739130434782609
9NH7,ensemble,7,75,0.9565217391304348
9NH7,ensemble,7,76,0.9478260869565217
9NH7,ensemble,7,77,0.991304347826087
9NH7,ensemble,7,78,0.9826086956521739
9NH7,ensemble,7,79,0.9391304347826087
9NH7,ensemble,7,80,0.9565217391304348
9NH7,ensemble,7,81,0.9478260869565217
9NH7,ensemble,7,82,0.9652173913043478
9NH7,ensemble,7,83,0.9826086956521739
9NH7,ensemble,7,84,0.9826086956521739
9NH7,ensemble,7,85,0.991304347826087
9NH7,ensemble,7,86,0.9652173913043478
9NH7,ensemble,7,87,0.9652173913043478
9NH7,ensemble,7,88,0.9652173913043478
9NH7,ensemble,7,89,0.9652173913043478
9NH7,ensemble,7,90,0.991304347826087
9NH7,ensemble,7,91,0.9478260869565217
9NH7,ensemble,7,92,0.9391304347826087
9NH7,ensemble,7,93,0.9391304347826087
9NH7,ensemble,7,94,0.991304347826087
9NH7,ensemble,7,95,0.9478260869565217
9NH7,ensemble,7,96,0.9739130434782609
9NH7,ensemble,7,97,0.9826086956521739
9NH7,ensemble,7,98,0.9739130434782609
9NH7,ensemble,7,99,0.9652173913043478
9NH7,ensemble,8,9,0.9652173913043478
9NH7,ensemble,8,10,0.9565217391304348
9NH7,ensemble,8,11,0.9217391304347826
9NH7,ensemble,8,12,0.9565217391304348
9NH7,ensemble,8,13,0.9565217391304348
9NH7,ensemble,8,14,0.9217391304347826
9NH7,ensemble,8,15,0.9826086956521739
9NH7,ensemble,8,16,0.9478260869565217
9NH7,ensemble,8,17,0.9478260869565217
9NH7,ensemble,8,18,0.9391304347826087
9NH7,ensemble,8,19,0.9304347826086956
9NH7,ensemble,8,20,0.9391304347826087
9NH7,ensemble,8,21,0.9478260869565217
9NH7,ensemble,8,22,0.9478260869565217
9NH7,ensemble,8,23,0.9391304347826087
9NH7,ensemble,8,24,0.9826086956521739
9NH7,ensemble,8,25,0.9565217391304348
9NH7,ensemble,8,26,0.9739130434782609
9NH7,ensemble,8,27,0.9652173913043478
9NH7,ensemble,8,28,0.9739130434782609
9NH7,ensemble,8,29,0.9304347826086956
9NH7,ensemble,8,30,0.9391304347826087
9NH7,ensemble,8,31,0.9478260869565217
9NH7,ensemble,8,32,0.9478260869565217
9NH7,ensemble,8,33,0.9826086956521739
9NH7,ensemble,8,34,0.9478260869565217
9NH7,ensemble,8,35,0.9304347826086956
9NH7,ensemble,8,36,0.9478260869565217
9NH7,ensemble,8,37,0.9391304347826087
9NH7,ensemble,8,38,0.9217391304347826
9NH7,ensemble,8,39,0.9217391304347826
9NH7,ensemble,8,40,0.9652173913043478
9NH7,ensemble,8,41,0.9478260869565217
9NH7,ensemble,8,42,0.9565217391304348
9NH7,ensemble,8,43,0.9478260869565217
9NH7,ensemble,8,44,0.9652173913043478
9NH7,ensemble,8,45,0.9478260869565217
9NH7,ensemble,8,46,0.9565217391304348
9NH7,ensemble,8,47,0.9304347826086956
9NH7,ensemble,8,48,0.9565217391304348
9NH7,ensemble,8,49,0.9652173913043478
9NH7,ensemble,8,50,0.9826086956521739
9NH7,ensemble,8,51,0.9391304347826087
9NH7,ensemble,8,52,0.9478260869565217
9NH7,ensemble,8,53,0.9565217391304348
9NH7,ensemble,8,54,0.9826086956521739
9NH7,ensemble,8,55,0.9652173913043478
9NH7,ensemble,8,56,0.9478260869565217
9NH7,ensemble,8,57,0.9391304347826087
9NH7,ensemble,8,58,0.9304347826086956
9NH7,ensemble,8,59,0.9652173913043478
9NH7,ensemble,8,60,0.9565217391304348
9NH7,ensemble,8,61,0.9391304347826087
9NH7,ensemble,8,62,0.9478260869565217
9NH7,ensemble,8,63,0.9391304347826087
9NH7,ensemble,8,64,0.9391304347826087
9NH7,ensemble,8,65,0.991304347826087
9NH7,ensemble,8,66,0.9478260869565217
9NH7,ensemble,8,67,0.9565217391304348
9NH7,ensemble,8,68,0.9565217391304348
9NH7,ensemble,8,69,0.9391304347826087
9NH7,ensemble,8,70,0.9478260869565217
9NH7,ensemble,8,71,0.9739130434782609
9NH7,ensemble,8,72,0.9739130434782609
9NH7,ensemble,8,73,0.9826086956521739
9NH7,ensemble,8,74,0.9739130434782609
9NH7,ensemble,8,75,0.9478260869565217
9NH7,ensemble,8,76,0.9826086956521739
9NH7,ensemble,8,77,0.9391304347826087
9NH7,ensemble,8,78,0.9652173913043478
9NH7,ensemble,8,79,0.9652173913043478
9NH7,ensemble,8,80,0.9478260869565217
9NH7,ensemble,8,81,0.9304347826086956
9NH7,ensemble,8,82,0.9826086956521739
9NH7,ensemble,8,83,0.9478260869565217
9NH7,ensemble,8,84,0.9478260869565217
9NH7,ensemble,8,85,0.9565217391304348
9NH7,ensemble,8,86,0.9391304347826087
9NH7,ensemble,8,87,0.9565217391304348
9NH7,ensemble,8,88,0.9565217391304348
9NH7,ensemble,8,89,0.9391304347826087
9NH7,ensemble,8,90,0.9478260869565217
9NH7,ensemble,8,91,0.9391304347826087
9NH7,ensemble,8,92,0.9826086956521739
9NH7,ensemble,8,93,0.9304347826086956
9NH7,ensemble,8,94,0.9391304347826087
9NH7,ensemble,8,95,0.9391304347826087
9NH7,ensemble,8,96,0.9565217391304348
9NH7,ensemble,8,97,0.9478260869565217
9NH7,ensemble,8,98,0.9478260869565217
9NH7,ensemble,8,99,0.9565217391304348
9NH7,ensemble,9,10,0.9739130434782609
9NH7,ensemble,9,11,0.9391304347826087
9NH7,ensemble,9,12,0.9826086956521739
9NH7,ensemble,9,13,0.9652173913043478
9NH7,ensemble,9,14,0.9478260869565217
9NH7,ensemble,9,15,0.9652173913043478
9NH7,ensemble,9,16,0.9826086956521739
9NH7,ensemble,9,17,0.9565217391304348
9NH7,ensemble,9,18,0.9652173913043478
9NH7,ensemble,9,19,0.9565217391304348
9NH7,ensemble,9,20,0.9652173913043478
9NH7,ensemble,9,21,0.9739130434782609
9NH7,ensemble,9,22,0.9739130434782609
9NH7,ensemble,9,23,0.9652173913043478
9NH7,ensemble,9,24,0.9565217391304348
9NH7,ensemble,9,25,0.991304347826087
9NH7,ensemble,9,26,0.991304347826087
9NH7,ensemble,9,27,0.9826086956521739
9NH7,ensemble,9,28,0.9565217391304348
9NH7,ensemble,9,29,0.9565217391304348
9NH7,ensemble,9,30,0.9652173913043478
9NH7,ensemble,9,31,0.9739130434782609
9NH7,ensemble,9,32,0.9739130434782609
9NH7,ensemble,9,33,0.9565217391304348
9NH7,ensemble,9,34,0.9739130434782609
9NH7,ensemble,9,35,0.9565217391304348
9NH7,ensemble,9,36,0.9739130434782609
9NH7,ensemble,9,37,0.9565217391304348
9NH7,ensemble,9,38,0.9478260869565217
9NH7,ensemble,9,39,0.9478260869565217
9NH7,ensemble,9,40,0.9565217391304348
9NH7,ensemble,9,41,0.9826086956521739
9NH7,ensemble,9,42,0.9826086956521739
9NH7,ensemble,9,43,0.9652173913043478
9NH7,ensemble,9,44,0.9391304347826087
9NH7,ensemble,9,45,0.9826086956521739
9NH7,ensemble,9,46,0.991304347826087
9NH7,ensemble,9,47,0.9565217391304348
9NH7,ensemble,9,48,0.9739130434782609
9NH7,ensemble,9,49,0.9478260869565217
9NH7,ensemble,9,50,0.9652173913043478
9NH7,ensemble,9,51,0.9739130434782609
9NH7,ensemble,9,52,0.9826086956521739
9NH7,ensemble,9,53,0.991304347826087
9NH7,ensemble,9,54,0.9565217391304348
9NH7,ensemble,9,55,1.0
9NH7,ensemble,9,56,0.9739130434782609
9NH7,ensemble,9,57,0.9652173913043478
9NH7,ensemble,9,58,0.9478260869565217
9NH7,ensemble,9,59,1.0
9NH7,ensemble,9,60,0.9826086956521739
9NH7,ensemble,9,61,0.9739130434782609
9NH7,ensemble,9,62,0.9739130434782609
9NH7,ensemble,9,63,0.9739130434782609
9NH7,ensemble,9,64,0.9652173913043478
9NH7,ensemble,9,65,0.9739130434782609
9NH7,ensemble,9,66,0.9739130434782609
9NH7,ensemble,9,67,0.9826086956521739
9NH7,ensemble,9,68,0.991304347826087
9NH7,ensemble,9,69,0.9652173913043478
9NH7,ensemble,9,70,0.9739130434782609
9NH7,ensemble,9,71,0.991304347826087
9NH7,ensemble,9,72,0.9565217391304348
9NH7,ensemble,9,73,0.9652173913043478
9NH7,ensemble,9,74,0.991304347826087
9NH7,ensemble,9,75,0.9739130434782609
9NH7,ensemble,9,76,0.9652173913043478
9NH7,ensemble,9,77,0.9739130434782609
9NH7,ensemble,9,78,1.0
9NH7,ensemble,9,79,0.9565217391304348
9NH7,ensemble,9,80,0.9739130434782609
9NH7,ensemble,9,81,0.9478260869565217
9NH7,ensemble,9,82,0.9652173913043478
9NH7,ensemble,9,83,0.9826086956521739
9NH7,ensemble,9,84,0.9826086956521739
9NH7,ensemble,9,85,0.991304347826087
9NH7,ensemble,9,86,0.9652173913043478
9NH7,ensemble,9,87,0.9826086956521739
9NH7,ensemble,9,88,0.9826086956521739
9NH7,ensemble,9,89,0.9652173913043478
9NH7,ensemble,9,90,0.9826086956521739
9NH7,ensemble,9,91,0.9652173913043478
9NH7,ensemble,9,92,0.9565217391304348
9NH7,ensemble,9,93,0.9565217391304348
9NH7,ensemble,9,94,0.9739130434782609
9NH7,ensemble,9,95,0.9652173913043478
9NH7,ensemble,9,96,0.991304347826087
9NH7,ensemble,9,97,0.9826086956521739
9NH7,ensemble,9,98,0.9739130434782609
9NH7,ensemble,9,99,0.9826086956521739
9NH7,ensemble,10,11,0.9304347826086956
9NH7,ensemble,10,12,0.9652173913043478
9NH7,ensemble,10,13,0.9739130434782609
9NH7,ensemble,10,14,0.9304347826086956
9NH7,ensemble,10,15,0.9478260869565217
9NH7,ensemble,10,16,0.9739130434782609
9NH7,ensemble,10,17,0.9478260869565217
9NH7,ensemble,10,18,0.9478260869565217
9NH7,ensemble,10,19,0.9391304347826087
9NH7,ensemble,10,20,0.9478260869565217
9NH7,ensemble,10,21,0.9652173913043478
9NH7,ensemble,10,22,0.9565217391304348
9NH7,ensemble,10,23,0.9478260869565217
9NH7,ensemble,10,24,0.9478260869565217
9NH7,ensemble,10,25,0.9652173913043478
9NH7,ensemble,10,26,0.9739130434782609
9NH7,ensemble,10,27,0.9826086956521739
9NH7,ensemble,10,28,0.9391304347826087
9NH7,ensemble,10,29,0.9391304347826087
9NH7,ensemble,10,30,0.9565217391304348
9NH7,ensemble,10,31,0.9565217391304348
9NH7,ensemble,10,32,0.9652173913043478
9NH7,ensemble,10,33,0.9478260869565217
9NH7,ensemble,10,34,0.9652173913043478
9NH7,ensemble,10,35,0.9391304347826087
9NH7,ensemble,10,36,0.9565217391304348
9NH7,ensemble,10,37,0.9478260869565217
9NH7,ensemble,10,38,0.9304347826086956
9NH7,ensemble,10,39,0.9304347826086956
9NH7,ensemble,10,40,0.9652173913043478
9NH7,ensemble,10,41,0.9565217391304348
9NH7,ensemble,10,42,0.9652173913043478
9NH7,ensemble,10,43,0.9565217391304348
9NH7,ensemble,10,44,0.9478260869565217
9NH7,ensemble,10,45,0.9565217391304348
9NH7,ensemble,10,46,0.9652173913043478
9NH7,ensemble,10,47,0.9478260869565217
9NH7,ensemble,10,48,0.9739130434782609
9NH7,ensemble,10,49,0.9304347826086956
9NH7,ensemble,10,50,0.9652173913043478
9NH7,ensemble,10,51,0.9478260869565217
9NH7,ensemble,10,52,0.9565217391304348
9NH7,ensemble,10,53,0.9652173913043478
9NH7,ensemble,10,54,0.9478260869565217
9NH7,ensemble,10,55,0.9739130434782609
9NH7,ensemble,10,56,0.9826086956521739
9NH7,ensemble,10,57,0.9478260869565217
9NH7,ensemble,10,58,0.9391304347826087
9NH7,ensemble,10,59,0.9739130434782609
9NH7,ensemble,10,60,0.9739130434782609
9NH7,ensemble,10,61,0.9478260869565217
9NH7,ensemble,10,62,0.9652173913043478
9NH7,ensemble,10,63,0.9652173913043478
9NH7,ensemble,10,64,0.9478260869565217
9NH7,ensemble,10,65,0.9565217391304348
9NH7,ensemble,10,66,0.9652173913043478
9NH7,ensemble,10,67,0.9739130434782609
9NH7,ensemble,10,68,0.9652173913043478
9NH7,ensemble,10,69,0.9652173913043478
9NH7,ensemble,10,70,0.9652173913043478
9NH7,ensemble,10,71,0.9739130434782609
9NH7,ensemble,10,72,0.9391304347826087
9NH7,ensemble,10,73,0.9478260869565217
9NH7,ensemble,10,74,0.9739130434782609
9NH7,ensemble,10,75,0.9826086956521739
9NH7,ensemble,10,76,0.9652173913043478
9NH7,ensemble,10,77,0.9478260869565217
9NH7,ensemble,10,78,0.9739130434782609
9NH7,ensemble,10,79,0.9565217391304348
9NH7,ensemble,10,80,0.9565217391304348
9NH7,ensemble,10,81,0.9391304347826087
9NH7,ensemble,10,82,0.9478260869565217
9NH7,ensemble,10,83,0.9565217391304348
9NH7,ensemble,10,84,0.9739130434782609
9NH7,ensemble,10,85,0.9652173913043478
9NH7,ensemble,10,86,0.9478260869565217
9NH7,ensemble,10,87,0.991304347826087
9NH7,ensemble,10,88,0.9652173913043478
9NH7,ensemble,10,89,0.9478260869565217
9NH7,ensemble,10,90,0.9565217391304348
9NH7,ensemble,10,91,0.9739130434782609
9NH7,ensemble,10,92,0.9565217391304348
9NH7,ensemble,10,93,0.9565217391304348
9NH7,ensemble,10,94,0.9478260869565217
9NH7,ensemble,10,95,0.9478260869565217
9NH7,ensemble,10,96,0.9652173913043478
9NH7,ensemble,10,97,0.9565217391304348
9NH7,ensemble,10,98,0.9565217391304348
9NH7,ensemble,10,99,0.9739130434782609
9NH7,ensemble,11,12,0.9304347826086956
9NH7,ensemble,11,13,0.9217391304347826
9NH7,ensemble,11,14,0.9391304347826087
9NH7,ensemble,11,15,0.9217391304347826
9NH7,ensemble,11,16,0.9391304347826087
9NH7,ensemble,11,17,0.9391304347826087
9NH7,ensemble,11,18,0.9565217391304348
9NH7,ensemble,11,19,0.9826086956521739
9NH7,ensemble,11,20,0.9391304347826087
9NH7,ensemble,11,21,0.9478260869565217
9NH7,ensemble,11,22,0.9391304347826087
9NH7,ensemble,11,23,0.9565217391304348
9NH7,ensemble,11,24,0.9130434782608695
9NH7,ensemble,11,25,0.9391304347826087
9NH7,ensemble,11,26,0.9391304347826087
9NH7,ensemble,11,27,0.9304347826086956
9NH7,ensemble,11,28,0.9217391304347826
9NH7,ensemble,11,29,0.9565217391304348
9NH7,ensemble,11,30,0.9217391304347826
9NH7,ensemble,11,31,0.9391304347826087
9NH7,ensemble,11,32,0.9391304347826087
9NH7,ensemble,11,33,0.9304347826086956
9NH7,ensemble,11,34,0.9304347826086956
9NH7,ensemble,11,35,0.9391304347826087
9NH7,ensemble,11,36,0.9391304347826087
9NH7,ensemble,11,37,0.9478260869565217
9NH7,ensemble,11,38,0.9478260869565217
9NH7,ensemble,11,39,0.9478260869565217
9NH7,ensemble,11,40,0.9043478260869565
9NH7,ensemble,11,41,0.9478260869565217
9NH7,ensemble,11,42,0.9391304347826087
9NH7,ensemble,11,43,0.9391304347826087
9NH7,ensemble,11,44,0.9043478260869565
9NH7,ensemble,11,45,0.9565217391304348
9NH7,ensemble,11,46,0.9391304347826087
9NH7,ensemble,11,47,0.9478260869565217
9NH7,ensemble,11,48,0.9304347826086956
9NH7,ensemble,11,49,0.9391304347826087
9NH7,ensemble,11,50,0.9130434782608695
9NH7,ensemble,11,51,0.9565217391304348
9NH7,ensemble,11,52,0.9478260869565217
9NH7,ensemble,11,53,0.9478260869565217
9NH7,ensemble,11,54,0.9130434782608695
9NH7,ensemble,11,55,0.9391304347826087
9NH7,ensemble,11,56,0.9304347826086956
9NH7,ensemble,11,57,0.9391304347826087
9NH7,ensemble,11,58,0.9478260869565217
9NH7,ensemble,11,59,0.9391304347826087
9NH7,ensemble,11,60,0.9391304347826087
9NH7,ensemble,11,61,0.9391304347826087
9NH7,ensemble,11,62,0.9478260869565217
9NH7,ensemble,11,63,0.9304347826086956
9NH7,ensemble,11,64,0.9304347826086956
9NH7,ensemble,11,65,0.9217391304347826
9NH7,ensemble,11,66,0.9304347826086956
9NH7,ensemble,11,67,0.9391304347826087
9NH7,ensemble,11,68,0.9478260869565217
9NH7,ensemble,11,69,0.9304347826086956
9NH7,ensemble,11,70,0.9478260869565217
9NH7,ensemble,11,71,0.9391304347826087
9NH7,ensemble,11,72,0.9304347826086956
9NH7,ensemble,11,73,0.9304347826086956
9NH7,ensemble,11,74,0.9391304347826087
9NH7,ensemble,11,75,0.9304347826086956
9NH7,ensemble,11,76,0.9130434782608695
9NH7,ensemble,11,77,0.9565217391304348
9NH7,ensemble,11,78,0.9391304347826087
9NH7,ensemble,11,79,0.9130434782608695
9NH7,ensemble,11,80,0.9391304347826087
9NH7,ensemble,11,81,0.991304347826087
9NH7,ensemble,11,82,0.9304347826086956
9NH7,ensemble,11,83,0.9478260869565217
9NH7,ensemble,11,84,0.9391304347826087
9NH7,ensemble,11,85,0.9478260869565217
9NH7,ensemble,11,86,0.9391304347826087
9NH7,ensemble,11,87,0.9304347826086956
9NH7,ensemble,11,88,0.9304347826086956
9NH7,ensemble,11,89,0.9478260869565217
9NH7,ensemble,11,90,0.9478260869565217
9NH7,ensemble,11,91,0.9217391304347826
9NH7,ensemble,11,92,0.9130434782608695
9NH7,ensemble,11,93,0.9217391304347826
9NH7,ensemble,11,94,0.9565217391304348
9NH7,ensemble,11,95,0.9304347826086956
9NH7,ensemble,11,96,0.9391304347826087
9NH7,ensemble,11,97,0.9478260869565217
9NH7,ensemble,11,98,0.9565217391304348
9NH7,ensemble,11,99,0.9391304347826087
9NH7,ensemble,12,13,0.9826086956521739
9NH7,ensemble,12,14,0.9652173913043478
9NH7,ensemble,12,15,0.9478260869565217
9NH7,ensemble,12,16,0.9652173913043478
9NH7,ensemble,12,17,0.9652173913043478
9NH7,ensemble,12,18,0.9652173913043478
9NH7,ensemble,12,19,0.9478260869565217
9NH7,ensemble,12,20,0.9826086956521739
9NH7,ensemble,12,21,0.9652173913043478
9NH7,ensemble,12,22,0.9739130434782609
9NH7,ensemble,12,23,0.9478260869565217
9NH7,ensemble,12,24,0.9739130434782609
9NH7,ensemble,12,25,0.9739130434782609
9NH7,ensemble,12,26,0.9739130434782609
9NH7,ensemble,12,27,0.9652173913043478
9NH7,ensemble,12,28,0.9565217391304348
9NH7,ensemble,12,29,0.9652173913043478
9NH7,ensemble,12,30,0.9739130434782609
9NH7,ensemble,12,31,0.9826086956521739
9NH7,ensemble,12,32,0.9652173913043478
9NH7,ensemble,12,33,0.9565217391304348
9NH7,ensemble,12,34,0.9826086956521739
9NH7,ensemble,12,35,0.9739130434782609
9NH7,ensemble,12,36,0.991304347826087
9NH7,ensemble,12,37,0.9478260869565217
9NH7,ensemble,12,38,0.9565217391304348
9NH7,ensemble,12,39,0.9565217391304348
9NH7,ensemble,12,40,0.9565217391304348
9NH7,ensemble,12,41,0.9652173913043478
9NH7,ensemble,12,42,0.9739130434782609
9NH7,ensemble,12,43,0.9739130434782609
9NH7,ensemble,12,44,0.9565217391304348
9NH7,ensemble,12,45,0.9652173913043478
9NH7,ensemble,12,46,0.9739130434782609
9NH7,ensemble,12,47,0.9565217391304348
9NH7,ensemble,12,48,0.991304347826087
9NH7,ensemble,12,49,0.9304347826086956
9NH7,ensemble,12,50,0.9478260869565217
9NH7,ensemble,12,51,0.9565217391304348
9NH7,ensemble,12,52,0.9652173913043478
9NH7,ensemble,12,53,0.9739130434782609
9NH7,ensemble,12,54,0.9739130434782609
9NH7,ensemble,12,55,0.9826086956521739
9NH7,ensemble,12,56,0.9652173913043478
9NH7,ensemble,12,57,0.9826086956521739
9NH7,ensemble,12,58,0.9391304347826087
9NH7,ensemble,12,59,0.9826086956521739
9NH7,ensemble,12,60,0.9739130434782609
9NH7,ensemble,12,61,0.9739130434782609
9NH7,ensemble,12,62,0.9565217391304348
9NH7,ensemble,12,63,0.9565217391304348
9NH7,ensemble,12,64,0.9739130434782609
9NH7,ensemble,12,65,0.9565217391304348
9NH7,ensemble,12,66,0.9652173913043478
9NH7,ensemble,12,67,0.9739130434782609
9NH7,ensemble,12,68,0.9739130434782609
9NH7,ensemble,12,69,0.9739130434782609
9NH7,ensemble,12,70,0.9652173913043478
9NH7,ensemble,12,71,0.9739130434782609
9NH7,ensemble,12,72,0.9391304347826087
9NH7,ensemble,12,73,0.9478260869565217
9NH7,ensemble,12,74,0.9739130434782609
9NH7,ensemble,12,75,0.9652173913043478
9NH7,ensemble,12,76,0.9478260869565217
9NH7,ensemble,12,77,0.9565217391304348
9NH7,ensemble,12,78,0.9826086956521739
9NH7,ensemble,12,79,0.9391304347826087
9NH7,ensemble,12,80,0.9826086956521739
9NH7,ensemble,12,81,0.9391304347826087
9NH7,ensemble,12,82,0.9478260869565217
9NH7,ensemble,12,83,0.9652173913043478
9NH7,ensemble,12,84,0.9652173913043478
9NH7,ensemble,12,85,0.9739130434782609
9NH7,ensemble,12,86,0.9739130434782609
9NH7,ensemble,12,87,0.9652173913043478
9NH7,ensemble,12,88,1.0
9NH7,ensemble,12,89,0.9739130434782609
9NH7,ensemble,12,90,0.9652173913043478
9NH7,ensemble,12,91,0.9739130434782609
9NH7,ensemble,12,92,0.9565217391304348
9NH7,ensemble,12,93,0.9652173913043478
9NH7,ensemble,12,94,0.9565217391304348
9NH7,ensemble,12,95,0.9739130434782609
9NH7,ensemble,12,96,0.9739130434782609
9NH7,ensemble,12,97,0.9652173913043478
9NH7,ensemble,12,98,0.9652173913043478
9NH7,ensemble,12,99,0.9739130434782609
9NH7,ensemble,13,14,0.9478260869565217
9NH7,ensemble,13,15,0.9478260869565217
9NH7,ensemble,13,16,0.9652173913043478
9NH7,ensemble,13,17,0.9565217391304348
9NH7,ensemble,13,18,0.9478260869565217
9NH7,ensemble,13,19,0.9304347826086956
9NH7,ensemble,13,20,0.9652173913043478
9NH7,ensemble,13,21,0.9478260869565217
9NH7,ensemble,13,22,0.9565217391304348
9NH7,ensemble,13,23,0.9391304347826087
9NH7,ensemble,13,24,0.9739130434782609
9NH7,ensemble,13,25,0.9565217391304348
9NH7,ensemble,13,26,0.9739130434782609
9NH7,ensemble,13,27,0.9826086956521739
9NH7,ensemble,13,28,0.9565217391304348
9NH7,ensemble,13,29,0.9478260869565217
9NH7,ensemble,13,30,0.9565217391304348
9NH7,ensemble,13,31,0.9652173913043478
9NH7,ensemble,13,32,0.9478260869565217
9NH7,ensemble,13,33,0.9565217391304348
9NH7,ensemble,13,34,0.9652173913043478
9NH7,ensemble,13,35,0.9565217391304348
9NH7,ensemble,13,36,0.9739130434782609
9NH7,ensemble,13,37,0.9391304347826087
9NH7,ensemble,13,38,0.9391304347826087
9NH7,ensemble,13,39,0.9391304347826087
9NH7,ensemble,13,40,0.9652173913043478
9NH7,ensemble,13,41,0.9478260869565217
9NH7,ensemble,13,42,0.9565217391304348
9NH7,ensemble,13,43,0.9652173913043478
9NH7,ensemble,13,44,0.9739130434782609
9NH7,ensemble,13,45,0.9478260869565217
9NH7,ensemble,13,46,0.9565217391304348
9NH7,ensemble,13,47,0.9391304347826087
9NH7,ensemble,13,48,0.9826086956521739
9NH7,ensemble,13,49,0.9304347826086956
9NH7,ensemble,13,50,0.9652173913043478
9NH7,ensemble,13,51,0.9391304347826087
9NH7,ensemble,13,52,0.9478260869565217
9NH7,ensemble,13,53,0.9565217391304348
9NH7,ensemble,13,54,0.9739130434782609
9NH7,ensemble,13,55,0.9652173913043478
9NH7,ensemble,13,56,0.9652173913043478
9NH7,ensemble,13,57,0.9652173913043478
9NH7,ensemble,13,58,0.9304347826086956
9NH7,ensemble,13,59,0.9652173913043478
9NH7,ensemble,13,60,0.9565217391304348
9NH7,ensemble,13,61,0.9565217391304348
9NH7,ensemble,13,62,0.9478260869565217
9NH7,ensemble,13,63,0.9565217391304348
9NH7,ensemble,13,64,0.9565217391304348
9NH7,ensemble,13,65,0.9565217391304348
9NH7,ensemble,13,66,0.9565217391304348
9NH7,ensemble,13,67,0.9565217391304348
9NH7,ensemble,13,68,0.9565217391304348
9NH7,ensemble,13,69,0.9739130434782609
9NH7,ensemble,13,70,0.9478260869565217
9NH7,ensemble,13,71,0.9739130434782609
9NH7,ensemble,13,72,0.9391304347826087
9NH7,ensemble,13,73,0.9478260869565217
9NH7,ensemble,13,74,0.9739130434782609
9NH7,ensemble,13,75,0.9652173913043478
9NH7,ensemble,13,76,0.9652173913043478
9NH7,ensemble,13,77,0.9391304347826087
9NH7,ensemble,13,78,0.9652173913043478
9NH7,ensemble,13,79,0.9478260869565217
9NH7,ensemble,13,80,0.9652173913043478
9NH7,ensemble,13,81,0.9304347826086956
9NH7,ensemble,13,82,0.9478260869565217
9NH7,ensemble,13,83,0.9478260869565217
9NH7,ensemble,13,84,0.9652173913043478
9NH7,ensemble,13,85,0.9565217391304348
9NH7,ensemble,13,86,0.9565217391304348
9NH7,ensemble,13,87,0.9739130434782609
9NH7,ensemble,13,88,0.9826086956521739
9NH7,ensemble,13,89,0.9565217391304348
9NH7,ensemble,13,90,0.9478260869565217
9NH7,ensemble,13,91,0.9739130434782609
9NH7,ensemble,13,92,0.9652173913043478
9NH7,ensemble,13,93,0.9652173913043478
9NH7,ensemble,13,94,0.9391304347826087
9NH7,ensemble,13,95,0.9565217391304348
9NH7,ensemble,13,96,0.9565217391304348
9NH7,ensemble,13,97,0.9478260869565217
9NH7,ensemble,13,98,0.9478260869565217
9NH7,ensemble,13,99,0.9565217391304348
9NH7,ensemble,14,15,0.9130434782608695
9NH7,ensemble,14,16,0.9478260869565217
9NH7,ensemble,14,17,0.9652173913043478
9NH7,ensemble,14,18,0.9652173913043478
9NH7,ensemble,14,19,0.9391304347826087
9NH7,ensemble,14,20,0.9826086956521739
9NH7,ensemble,14,21,0.9478260869565217
9NH7,ensemble,14,22,0.9478260869565217
9NH7,ensemble,14,23,0.9478260869565217
9NH7,ensemble,14,24,0.9391304347826087
9NH7,ensemble,14,25,0.9391304347826087
9NH7,ensemble,14,26,0.9391304347826087
9NH7,ensemble,14,27,0.9304347826086956
9NH7,ensemble,14,28,0.9391304347826087
9NH7,ensemble,14,29,0.9826086956521739
9NH7,ensemble,14,30,0.9739130434782609
9NH7,ensemble,14,31,0.9652173913043478
9NH7,ensemble,14,32,0.9391304347826087
9NH7,ensemble,14,33,0.9391304347826087
9NH7,ensemble,14,34,0.9652173913043478
9NH7,ensemble,14,35,0.9739130434782609
9NH7,ensemble,14,36,0.9739130434782609
9NH7,ensemble,14,37,0.9391304347826087
9NH7,ensemble,14,38,0.991304347826087
9NH7,ensemble,14,39,0.991304347826087
9NH7,ensemble,14,40,0.9217391304347826
9NH7,ensemble,14,41,0.9478260869565217
9NH7,ensemble,14,42,0.9391304347826087
9NH7,ensemble,14,43,0.9565217391304348
9NH7,ensemble,14,44,0.9217391304347826
9NH7,ensemble,14,45,0.9652173913043478
9NH7,ensemble,14,46,0.9391304347826087
9NH7,ensemble,14,47,0.9565217391304348
9NH7,ensemble,14,48,0.9565217391304348
9NH7,ensemble,14,49,0.9304347826086956
9NH7,ensemble,14,50,0.9130434782608695
9NH7,ensemble,14,51,0.9565217391304348
9NH7,ensemble,14,52,0.9478260869565217
9NH7,ensemble,14,53,0.9565217391304348
9NH7,ensemble,14,54,0.9391304347826087
9NH7,ensemble,14,55,0.9478260869565217
9NH7,ensemble,14,56,0.9304347826086956
9NH7,ensemble,14,57,0.9826086956521739
9NH7,ensemble,14,58,0.9391304347826087
9NH7,ensemble,14,59,0.9478260869565217
9NH7,ensemble,14,60,0.9391304347826087
9NH7,ensemble,14,61,0.9565217391304348
9NH7,ensemble,14,62,0.9565217391304348
9NH7,ensemble,14,63,0.9304347826086956
9NH7,ensemble,14,64,0.9739130434782609
9NH7,ensemble,14,65,0.9217391304347826
9NH7,ensemble,14,66,0.9304347826086956
9NH7,ensemble,14,67,0.9391304347826087
9NH7,ensemble,14,68,0.9565217391304348
9NH7,ensemble,14,69,0.9565217391304348
9NH7,ensemble,14,70,0.9478260869565217
9NH7,ensemble,14,71,0.9391304347826087
9NH7,ensemble,14,72,0.9217391304347826
9NH7,ensemble,14,73,0.9304347826086956
9NH7,ensemble,14,74,0.9391304347826087
9NH7,ensemble,14,75,0.9304347826086956
9NH7,ensemble,14,76,0.9130434782608695
9NH7,ensemble,14,77,0.9565217391304348
9NH7,ensemble,14,78,0.9478260869565217
9NH7,ensemble,14,79,0.9043478260869565
9NH7,ensemble,14,80,0.9652173913043478
9NH7,ensemble,14,81,0.9304347826086956
9NH7,ensemble,14,82,0.9304347826086956
9NH7,ensemble,14,83,0.9478260869565217
9NH7,ensemble,14,84,0.9478260869565217
9NH7,ensemble,14,85,0.9565217391304348
9NH7,ensemble,14,86,0.9739130434782609
9NH7,ensemble,14,87,0.9304347826086956
9NH7,ensemble,14,88,0.9652173913043478
9NH7,ensemble,14,89,0.9739130434782609
9NH7,ensemble,14,90,0.9565217391304348
9NH7,ensemble,14,91,0.9565217391304348
9NH7,ensemble,14,92,0.9217391304347826
9NH7,ensemble,14,93,0.9652173913043478
9NH7,ensemble,14,94,0.9565217391304348
9NH7,ensemble,14,95,0.9739130434782609
9NH7,ensemble,14,96,0.9391304347826087
9NH7,ensemble,14,97,0.9478260869565217
9NH7,ensemble,14,98,0.9652173913043478
9NH7,ensemble,14,99,0.9391304347826087
9NH7,ensemble,15,16,0.9478260869565217
9NH7,ensemble,15,17,0.9304347826086956
9NH7,ensemble,15,18,0.9391304347826087
9NH7,ensemble,15,19,0.9304347826086956
9NH7,ensemble,15,20,0.9304347826086956
9NH7,ensemble,15,21,0.9565217391304348
9NH7,ensemble,15,22,0.9565217391304348
9NH7,ensemble,15,23,0.9391304347826087
9NH7,ensemble,15,24,0.9739130434782609
9NH7,ensemble,15,25,0.9739130434782609
9NH7,ensemble,15,26,0.9739130434782609
9NH7,ensemble,15,27,0.9652173913043478
9NH7,ensemble,15,28,0.9739130434782609
9NH7,ensemble,15,29,0.9217391304347826
9NH7,ensemble,15,30,0.9304347826086956
9NH7,ensemble,15,31,0.9391304347826087
9NH7,ensemble,15,32,0.9565217391304348
9NH7,ensemble,15,33,0.9739130434782609
9NH7,ensemble,15,34,0.9391304347826087
9NH7,ensemble,15,35,0.9304347826086956
9NH7,ensemble,15,36,0.9391304347826087
9NH7,ensemble,15,37,0.9304347826086956
9NH7,ensemble,15,38,0.9130434782608695
9NH7,ensemble,15,39,0.9130434782608695
9NH7,ensemble,15,40,0.9652173913043478
9NH7,ensemble,15,41,0.9652173913043478
9NH7,ensemble,15,42,0.9652173913043478
9NH7,ensemble,15,43,0.9391304347826087
9NH7,ensemble,15,44,0.9652173913043478
9NH7,ensemble,15,45,0.9478260869565217
9NH7,ensemble,15,46,0.9739130434782609
9NH7,ensemble,15,47,0.9391304347826087
9NH7,ensemble,15,48,0.9478260869565217
9NH7,ensemble,15,49,0.9739130434782609
9NH7,ensemble,15,50,0.9826086956521739
9NH7,ensemble,15,51,0.9565217391304348
9NH7,ensemble,15,52,0.9652173913043478
9NH7,ensemble,15,53,0.9565217391304348
9NH7,ensemble,15,54,0.9739130434782609
9NH7,ensemble,15,55,0.9652173913043478
9NH7,ensemble,15,56,0.9565217391304348
9NH7,ensemble,15,57,0.9304347826086956
9NH7,ensemble,15,58,0.9217391304347826
9NH7,ensemble,15,59,0.9652173913043478
9NH7,ensemble,15,60,0.9652173913043478
9NH7,ensemble,15,61,0.9565217391304348
9NH7,ensemble,15,62,0.9478260869565217
9NH7,ensemble,15,63,0.9565217391304348
9NH7,ensemble,15,64,0.9304347826086956
9NH7,ensemble,15,65,0.991304347826087
9NH7,ensemble,15,66,0.9565217391304348
9NH7,ensemble,15,67,0.9652173913043478
9NH7,ensemble,15,68,0.9565217391304348
9NH7,ensemble,15,69,0.9304347826086956
9NH7,ensemble,15,70,0.9478260869565217
9NH7,ensemble,15,71,0.9739130434782609
9NH7,ensemble,15,72,0.9826086956521739
9NH7,ensemble,15,73,0.9826086956521739
9NH7,ensemble,15,74,0.9739130434782609
9NH7,ensemble,15,75,0.9565217391304348
9NH7,ensemble,15,76,0.9826086956521739
9NH7,ensemble,15,77,0.9478260869565217
9NH7,ensemble,15,78,0.9652173913043478
9NH7,ensemble,15,79,0.9652173913043478
9NH7,ensemble,15,80,0.9391304347826087
9NH7,ensemble,15,81,0.9304347826086956
9NH7,ensemble,15,82,0.9826086956521739
9NH7,ensemble,15,83,0.9565217391304348
9NH7,ensemble,15,84,0.9478260869565217
9NH7,ensemble,15,85,0.9565217391304348
9NH7,ensemble,15,86,0.9304347826086956
9NH7,ensemble,15,87,0.9565217391304348
9NH7,ensemble,15,88,0.9478260869565217
9NH7,ensemble,15,89,0.9304347826086956
9NH7,ensemble,15,90,0.9478260869565217
9NH7,ensemble,15,91,0.9304347826086956
9NH7,ensemble,15,92,0.9739130434782609
9NH7,ensemble,15,93,0.9217391304347826
9NH7,ensemble,15,94,0.9565217391304348
9NH7,ensemble,15,95,0.9304347826086956
9NH7,ensemble,15,96,0.9652173913043478
9NH7,ensemble,15,97,0.9565217391304348
9NH7,ensemble,15,98,0.9391304347826087
9NH7,ensemble,15,99,0.9652173913043478
9NH7,ensemble,16,17,0.9565217391304348
9NH7,ensemble,16,18,0.9652173913043478
9NH7,ensemble,16,19,0.9391304347826087
9NH7,ensemble,16,20,0.9478260869565217
9NH7,ensemble,16,21,0.9565217391304348
9NH7,ensemble,16,22,0.9652173913043478
9NH7,ensemble,16,23,0.9652173913043478
9NH7,ensemble,16,24,0.9391304347826087
9NH7,ensemble,16,25,0.9739130434782609
9NH7,ensemble,16,26,0.9739130434782609
9NH7,ensemble,16,27,0.9826086956521739
9NH7,ensemble,16,28,0.9565217391304348
9NH7,ensemble,16,29,0.9565217391304348
9NH7,ensemble,16,30,0.9478260869565217
9NH7,ensemble,16,31,0.9565217391304348
9NH7,ensemble,16,32,0.9652173913043478
9NH7,ensemble,16,33,0.9565217391304348
9NH7,ensemble,16,34,0.9565217391304348
9NH7,ensemble,16,35,0.9565217391304348
9NH7,ensemble,16,36,0.9739130434782609
9NH7,ensemble,16,37,0.9565217391304348
9NH7,ensemble,16,38,0.9478260869565217
9NH7,ensemble,16,39,0.9478260869565217
9NH7,ensemble,16,40,0.9565217391304348
9NH7,ensemble,16,41,0.9652173913043478
9NH7,ensemble,16,42,0.9652173913043478
9NH7,ensemble,16,43,0.9478260869565217
9NH7,ensemble,16,44,0.9391304347826087
9NH7,ensemble,16,45,0.9826086956521739
9NH7,ensemble,16,46,0.9739130434782609
9NH7,ensemble,16,47,0.9565217391304348
9NH7,ensemble,16,48,0.9565217391304348
9NH7,ensemble,16,49,0.9478260869565217
9NH7,ensemble,16,50,0.9652173913043478
9NH7,ensemble,16,51,0.9739130434782609
9NH7,ensemble,16,52,0.9826086956521739
9NH7,ensemble,16,53,0.991304347826087
9NH7,ensemble,16,54,0.9391304347826087
9NH7,ensemble,16,55,0.9826086956521739
9NH7,ensemble,16,56,0.9739130434782609
9NH7,ensemble,16,57,0.9652173913043478
9NH7,ensemble,16,58,0.9391304347826087
9NH7,ensemble,16,59,0.9826086956521739
9NH7,ensemble,16,60,0.9652173913043478
9NH7,ensemble,16,61,0.9739130434782609
9NH7,ensemble,16,62,0.9565217391304348
9NH7,ensemble,16,63,0.9826086956521739
9NH7,ensemble,16,64,0.9478260869565217
9NH7,ensemble,16,65,0.9565217391304348
9NH7,ensemble,16,66,0.9565217391304348
9NH7,ensemble,16,67,0.9652173913043478
9NH7,ensemble,16,68,0.991304347826087
9NH7,ensemble,16,69,0.9652173913043478
9NH7,ensemble,16,70,0.9739130434782609
9NH7,ensemble,16,71,0.9739130434782609
9NH7,ensemble,16,72,0.9565217391304348
9NH7,ensemble,16,73,0.9652173913043478
9NH7,ensemble,16,74,0.9739130434782609
9NH7,ensemble,16,75,0.9739130434782609
9NH7,ensemble,16,76,0.9652173913043478
9NH7,ensemble,16,77,0.9739130434782609
9NH7,ensemble,16,78,0.9826086956521739
9NH7,ensemble,16,79,0.9565217391304348
9NH7,ensemble,16,80,0.9565217391304348
9NH7,ensemble,16,81,0.9304347826086956
9NH7,ensemble,16,82,0.9652173913043478
9NH7,ensemble,16,83,0.9826086956521739
9NH7,ensemble,16,84,1.0
9NH7,ensemble,16,85,0.991304347826087
9NH7,ensemble,16,86,0.9652173913043478
9NH7,ensemble,16,87,0.9826086956521739
9NH7,ensemble,16,88,0.9652173913043478
9NH7,ensemble,16,89,0.9652173913043478
9NH7,ensemble,16,90,0.9739130434782609
9NH7,ensemble,16,91,0.9652173913043478
9NH7,ensemble,16,92,0.9478260869565217
9NH7,ensemble,16,93,0.9565217391304348
9NH7,ensemble,16,94,0.9739130434782609
9NH7,ensemble,16,95,0.9478260869565217
9NH7,ensemble,16,96,0.9739130434782609
9NH7,ensemble,16,97,0.9652173913043478
9NH7,ensemble,16,98,0.9739130434782609
9NH7,ensemble,16,99,0.9652173913043478
9NH7,ensemble,17,18,0.9478260869565217
9NH7,ensemble,17,19,0.9304347826086956
9NH7,ensemble,17,20,0.9652173913043478
9NH7,ensemble,17,21,0.9391304347826087
9NH7,ensemble,17,22,0.9478260869565217
9NH7,ensemble,17,23,0.9565217391304348
9NH7,ensemble,17,24,0.9478260869565217
9NH7,ensemble,17,25,0.9478260869565217
9NH7,ensemble,17,26,0.9565217391304348
9NH7,ensemble,17,27,0.9478260869565217
9NH7,ensemble,17,28,0.9565217391304348
9NH7,ensemble,17,29,0.9739130434782609
9NH7,ensemble,17,30,0.9652173913043478
9NH7,ensemble,17,31,0.9739130434782609
9NH7,ensemble,17,32,0.9478260869565217
9NH7,ensemble,17,33,0.9478260869565217
9NH7,ensemble,17,34,0.9739130434782609
9NH7,ensemble,17,35,0.9739130434782609
9NH7,ensemble,17,36,0.9739130434782609
9NH7,ensemble,17,37,0.9652173913043478
9NH7,ensemble,17,38,0.9652173913043478
9NH7,ensemble,17,39,0.9652173913043478
9NH7,ensemble,17,40,0.9391304347826087
9NH7,ensemble,17,41,0.9391304347826087
9NH7,ensemble,17,42,0.9478260869565217
9NH7,ensemble,17,43,0.9739130434782609
9NH7,ensemble,17,44,0.9304347826086956
9NH7,ensemble,17,45,0.9565217391304348
9NH7,ensemble,17,46,0.9478260869565217
9NH7,ensemble,17,47,0.9478260869565217
9NH7,ensemble,17,48,0.9652173913043478
9NH7,ensemble,17,49,0.9304347826086956
9NH7,ensemble,17,50,0.9304347826086956
9NH7,ensemble,17,51,0.9478260869565217
9NH7,ensemble,17,52,0.9565217391304348
9NH7,ensemble,17,53,0.9652173913043478
9NH7,ensemble,17,54,0.9478260869565217
9NH7,ensemble,17,55,0.9565217391304348
9NH7,ensemble,17,56,0.9391304347826087
9NH7,ensemble,17,57,0.9826086956521739
9NH7,ensemble,17,58,0.9478260869565217
9NH7,ensemble,17,59,0.9565217391304348
9NH7,ensemble,17,60,0.9478260869565217
9NH7,ensemble,17,61,0.9652173913043478
9NH7,ensemble,17,62,0.9565217391304348
9NH7,ensemble,17,63,0.9391304347826087
9NH7,ensemble,17,64,0.9652173913043478
9NH7,ensemble,17,65,0.9391304347826087
9NH7,ensemble,17,66,0.9478260869565217
9NH7,ensemble,17,67,0.9478260869565217
9NH7,ensemble,17,68,0.9652173913043478
9NH7,ensemble,17,69,0.9652173913043478
9NH7,ensemble,17,70,0.9565217391304348
9NH7,ensemble,17,71,0.9565217391304348
9NH7,ensemble,17,72,0.9391304347826087
9NH7,ensemble,17,73,0.9478260869565217
9NH7,ensemble,17,74,0.9565217391304348
9NH7,ensemble,17,75,0.9391304347826087
9NH7,ensemble,17,76,0.9304347826086956
9NH7,ensemble,17,77,0.9478260869565217
9NH7,ensemble,17,78,0.9565217391304348
9NH7,ensemble,17,79,0.9304347826086956
9NH7,ensemble,17,80,0.9739130434782609
9NH7,ensemble,17,81,0.9304347826086956
9NH7,ensemble,17,82,0.9478260869565217
9NH7,ensemble,17,83,0.9565217391304348
9NH7,ensemble,17,84,0.9565217391304348
9NH7,ensemble,17,85,0.9652173913043478
9NH7,ensemble,17,86,0.9826086956521739
9NH7,ensemble,17,87,0.9478260869565217
9NH7,ensemble,17,88,0.9652173913043478
9NH7,ensemble,17,89,0.9826086956521739
9NH7,ensemble,17,90,0.9478260869565217
9NH7,ensemble,17,91,0.9652173913043478
9NH7,ensemble,17,92,0.9304347826086956
9NH7,ensemble,17,93,0.9565217391304348
9NH7,ensemble,17,94,0.9478260869565217
9NH7,ensemble,17,95,0.9652173913043478
9NH7,ensemble,17,96,0.9478260869565217
9NH7,ensemble,17,97,0.9391304347826087
9NH7,ensemble,17,98,0.9739130434782609
9NH7,ensemble,17,99,0.9478260869565217
9NH7,ensemble,18,19,0.9565217391304348
9NH7,ensemble,18,20,0.9652173913043478
9NH7,ensemble,18,21,0.9739130434782609
9NH7,ensemble,18,22,0.9739130434782609
9NH7,ensemble,18,23,0.9652173913043478
9NH7,ensemble,18,24,0.9391304347826087
9NH7,ensemble,18,25,0.9652173913043478
9NH7,ensemble,18,26,0.9565217391304348
9NH7,ensemble,18,27,0.9478260869565217
9NH7,ensemble,18,28,0.9391304347826087
9NH7,ensemble,18,29,0.9652173913043478
9NH7,ensemble,18,30,0.9391304347826087
9NH7,ensemble,18,31,0.9478260869565217
9NH7,ensemble,18,32,0.9652173913043478
9NH7,ensemble,18,33,0.9565217391304348
9NH7,ensemble,18,34,0.9478260869565217
9NH7,ensemble,18,35,0.9652173913043478
9NH7,ensemble,18,36,0.9739130434782609
9NH7,ensemble,18,37,0.9478260869565217
9NH7,ensemble,18,38,0.9565217391304348
9NH7,ensemble,18,39,0.9565217391304348
9NH7,ensemble,18,40,0.9217391304347826
9NH7,ensemble,18,41,0.9739130434782609
9NH7,ensemble,18,42,0.9652173913043478
9NH7,ensemble,18,43,0.9391304347826087
9NH7,ensemble,18,44,0.9391304347826087
9NH7,ensemble,18,45,0.9826086956521739
9NH7,ensemble,18,46,0.9652173913043478
9NH7,ensemble,18,47,0.9739130434782609
9NH7,ensemble,18,48,0.9565217391304348
9NH7,ensemble,18,49,0.9652173913043478
9NH7,ensemble,18,50,0.9304347826086956
9NH7,ensemble,18,51,0.9826086956521739
9NH7,ensemble,18,52,0.9739130434782609
9NH7,ensemble,18,53,0.9739130434782609
9NH7,ensemble,18,54,0.9391304347826087
9NH7,ensemble,18,55,0.9652173913043478
9NH7,ensemble,18,56,0.9565217391304348
9NH7,ensemble,18,57,0.9652173913043478
9NH7,ensemble,18,58,0.9478260869565217
9NH7,ensemble,18,59,0.9652173913043478
9NH7,ensemble,18,60,0.9652173913043478
9NH7,ensemble,18,61,0.9652173913043478
9NH7,ensemble,18,62,0.9565217391304348
9NH7,ensemble,18,63,0.9565217391304348
9NH7,ensemble,18,64,0.9391304347826087
9NH7,ensemble,18,65,0.9391304347826087
9NH7,ensemble,18,66,0.9565217391304348
9NH7,ensemble,18,67,0.9652173913043478
9NH7,ensemble,18,68,0.9739130434782609
9NH7,ensemble,18,69,0.9391304347826087
9NH7,ensemble,18,70,0.9739130434782609
9NH7,ensemble,18,71,0.9565217391304348
9NH7,ensemble,18,72,0.9565217391304348
9NH7,ensemble,18,73,0.9478260869565217
9NH7,ensemble,18,74,0.9565217391304348
9NH7,ensemble,18,75,0.9565217391304348
9NH7,ensemble,18,76,0.9304347826086956
9NH7,ensemble,18,77,0.991304347826087
9NH7,ensemble,18,78,0.9652173913043478
9NH7,ensemble,18,79,0.9217391304347826
9NH7,ensemble,18,80,0.9478260869565217
9NH7,ensemble,18,81,0.9478260869565217
9NH7,ensemble,18,82,0.9478260869565217
9NH7,ensemble,18,83,0.9826086956521739
9NH7,ensemble,18,84,0.9652173913043478
9NH7,ensemble,18,85,0.9739130434782609
9NH7,ensemble,18,86,0.9565217391304348
9NH7,ensemble,18,87,0.9478260869565217
9NH7,ensemble,18,88,0.9652173913043478
9NH7,ensemble,18,89,0.9565217391304348
9NH7,ensemble,18,90,0.9739130434782609
9NH7,ensemble,18,91,0.9391304347826087
9NH7,ensemble,18,92,0.9391304347826087
9NH7,ensemble,18,93,0.9304347826086956
9NH7,ensemble,18,94,0.9826086956521739
9NH7,ensemble,18,95,0.9391304347826087
9NH7,ensemble,18,96,0.9739130434782609
9NH7,ensemble,18,97,0.9826086956521739
9NH7,ensemble,18,98,0.9652173913043478
9NH7,ensemble,18,99,0.9652173913043478
9NH7,ensemble,19,20,0.9565217391304348
9NH7,ensemble,19,21,0.9652173913043478
9NH7,ensemble,19,22,0.9478260869565217
9NH7,ensemble,19,23,0.9478260869565217
9NH7,ensemble,19,24,0.9217391304347826
9NH7,ensemble,19,25,0.9565217391304348
9NH7,ensemble,19,26,0.9478260869565217
9NH7,ensemble,19,27,0.9391304347826087
9NH7,ensemble,19,28,0.9130434782608695
9NH7,ensemble,19,29,0.9565217391304348
9NH7,ensemble,19,30,0.9391304347826087
9NH7,ensemble,19,31,0.9565217391304348
9NH7,ensemble,19,32,0.9478260869565217
9NH7,ensemble,19,33,0.9217391304347826
9NH7,ensemble,19,34,0.9478260869565217
9NH7,ensemble,19,35,0.9391304347826087
9NH7,ensemble,19,36,0.9391304347826087
9NH7,ensemble,19,37,0.9391304347826087
9NH7,ensemble,19,38,0.9478260869565217
9NH7,ensemble,19,39,0.9478260869565217
9NH7,ensemble,19,40,0.9130434782608695
9NH7,ensemble,19,41,0.9652173913043478
9NH7,ensemble,19,42,0.9565217391304348
9NH7,ensemble,19,43,0.9478260869565217
9NH7,ensemble,19,44,0.9130434782608695
9NH7,ensemble,19,45,0.9565217391304348
9NH7,ensemble,19,46,0.9565217391304348
9NH7,ensemble,19,47,0.9478260869565217
9NH7,ensemble,19,48,0.9391304347826087
9NH7,ensemble,19,49,0.9304347826086956
9NH7,ensemble,19,50,0.9217391304347826
9NH7,ensemble,19,51,0.9565217391304348
9NH7,ensemble,19,52,0.9478260869565217
9NH7,ensemble,19,53,0.9478260869565217
9NH7,ensemble,19,54,0.9217391304347826
9NH7,ensemble,19,55,0.9565217391304348
9NH7,ensemble,19,56,0.9478260869565217
9NH7,ensemble,19,57,0.9391304347826087
9NH7,ensemble,19,58,0.9478260869565217
9NH7,ensemble,19,59,0.9565217391304348
9NH7,ensemble,19,60,0.9565217391304348
9NH7,ensemble,19,61,0.9391304347826087
9NH7,ensemble,19,62,0.9565217391304348
9NH7,ensemble,19,63,0.9391304347826087
9NH7,ensemble,19,64,0.9478260869565217
9NH7,ensemble,19,65,0.9304347826086956
9NH7,ensemble,19,66,0.9391304347826087
9NH7,ensemble,19,67,0.9565217391304348
9NH7,ensemble,19,68,0.9478260869565217
9NH7,ensemble,19,69,0.9478260869565217
9NH7,ensemble,19,70,0.9478260869565217
9NH7,ensemble,19,71,0.9478260869565217
9NH7,ensemble,19,72,0.9217391304347826
9NH7,ensemble,19,73,0.9217391304347826
9NH7,ensemble,19,74,0.9478260869565217
9NH7,ensemble,19,75,0.9478260869565217
9NH7,ensemble,19,76,0.9217391304347826
9NH7,ensemble,19,77,0.9565217391304348
9NH7,ensemble,19,78,0.9565217391304348
9NH7,ensemble,19,79,0.9217391304347826
9NH7,ensemble,19,80,0.9565217391304348
9NH7,ensemble,19,81,0.991304347826087
9NH7,ensemble,19,82,0.9217391304347826
9NH7,ensemble,19,83,0.9478260869565217
9NH7,ensemble,19,84,0.9391304347826087
9NH7,ensemble,19,85,0.9478260869565217
9NH7,ensemble,19,86,0.9391304347826087
9NH7,ensemble,19,87,0.9391304347826087
9NH7,ensemble,19,88,0.9478260869565217
9NH7,ensemble,19,89,0.9478260869565217
9NH7,ensemble,19,90,0.9565217391304348
9NH7,ensemble,19,91,0.9391304347826087
9NH7,ensemble,19,92,0.9217391304347826
9NH7,ensemble,19,93,0.9391304347826087
9NH7,ensemble,19,94,0.9565217391304348
9NH7,ensemble,19,95,0.9478260869565217
9NH7,ensemble,19,96,0.9565217391304348
9NH7,ensemble,19,97,0.9652173913043478
9NH7,ensemble,19,98,0.9565217391304348
9NH7,ensemble,19,99,0.9565217391304348
9NH7,ensemble,20,21,0.9652173913043478
9NH7,ensemble,20,22,0.9565217391304348
9NH7,ensemble,20,23,0.9478260869565217
9NH7,ensemble,20,24,0.9565217391304348
9NH7,ensemble,20,25,0.9565217391304348
9NH7,ensemble,20,26,0.9565217391304348
9NH7,ensemble,20,27,0.9478260869565217
9NH7,ensemble,20,28,0.9391304347826087
9NH7,ensemble,20,29,0.9826086956521739
9NH7,ensemble,20,30,0.9739130434782609
9NH7,ensemble,20,31,0.9826086956521739
9NH7,ensemble,20,32,0.9478260869565217
9NH7,ensemble,20,33,0.9391304347826087
9NH7,ensemble,20,34,0.9826086956521739
9NH7,ensemble,20,35,0.9739130434782609
9NH7,ensemble,20,36,0.9739130434782609
9NH7,ensemble,20,37,0.9391304347826087
9NH7,ensemble,20,38,0.9739130434782609
9NH7,ensemble,20,39,0.9739130434782609
9NH7,ensemble,20,40,0.9391304347826087
9NH7,ensemble,20,41,0.9652173913043478
9NH7,ensemble,20,42,0.9565217391304348
9NH7,ensemble,20,43,0.9739130434782609
9NH7,ensemble,20,44,0.9391304347826087
9NH7,ensemble,20,45,0.9652173913043478
9NH7,ensemble,20,46,0.9565217391304348
9NH7,ensemble,20,47,0.9565217391304348
9NH7,ensemble,20,48,0.9739130434782609
9NH7,ensemble,20,49,0.9304347826086956
9NH7,ensemble,20,50,0.9304347826086956
9NH7,ensemble,20,51,0.9565217391304348
9NH7,ensemble,20,52,0.9478260869565217
9NH7,ensemble,20,53,0.9565217391304348
9NH7,ensemble,20,54,0.9565217391304348
9NH7,ensemble,20,55,0.9652173913043478
9NH7,ensemble,20,56,0.9478260869565217
9NH7,ensemble,20,57,0.9826086956521739
9NH7,ensemble,20,58,0.9478260869565217
9NH7,ensemble,20,59,0.9652173913043478
9NH7,ensemble,20,60,0.9565217391304348
9NH7,ensemble,20,61,0.9565217391304348
9NH7,ensemble,20,62,0.9739130434782609
9NH7,ensemble,20,63,0.9391304347826087
9NH7,ensemble,20,64,0.9739130434782609
9NH7,ensemble,20,65,0.9391304347826087
9NH7,ensemble,20,66,0.9478260869565217
9NH7,ensemble,20,67,0.9565217391304348
9NH7,ensemble,20,68,0.9565217391304348
9NH7,ensemble,20,69,0.9739130434782609
9NH7,ensemble,20,70,0.9478260869565217
9NH7,ensemble,20,71,0.9565217391304348
9NH7,ensemble,20,72,0.9217391304347826
9NH7,ensemble,20,73,0.9304347826086956
9NH7,ensemble,20,74,0.9565217391304348
9NH7,ensemble,20,75,0.9478260869565217
9NH7,ensemble,20,76,0.9304347826086956
9NH7,ensemble,20,77,0.9565217391304348
9NH7,ensemble,20,78,0.9652173913043478
9NH7,ensemble,20,79,0.9217391304347826
9NH7,ensemble,20,80,0.9826086956521739
9NH7,ensemble,20,81,0.9478260869565217
9NH7,ensemble,20,82,0.9304347826086956
9NH7,ensemble,20,83,0.9478260869565217
9NH7,ensemble,20,84,0.9478260869565217
9NH7,ensemble,20,85,0.9565217391304348
9NH7,ensemble,20,86,0.9739130434782609
9NH7,ensemble,20,87,0.9478260869565217
9NH7,ensemble,20,88,0.9826086956521739
9NH7,ensemble,20,89,0.9739130434782609
9NH7,ensemble,20,90,0.9652173913043478
9NH7,ensemble,20,91,0.9739130434782609
9NH7,ensemble,20,92,0.9391304347826087
9NH7,ensemble,20,93,0.9652173913043478
9NH7,ensemble,20,94,0.9565217391304348
9NH7,ensemble,20,95,0.9739130434782609
9NH7,ensemble,20,96,0.9565217391304348
9NH7,ensemble,20,97,0.9652173913043478
9NH7,ensemble,20,98,0.9652173913043478
9NH7,ensemble,20,99,0.9565217391304348
9NH7,ensemble,21,22,0.9739130434782609
9NH7,ensemble,21,23,0.9565217391304348
9NH7,ensemble,21,24,0.9391304347826087
9NH7,ensemble,21,25,0.9826086956521739
9NH7,ensemble,21,26,0.9652173913043478
9NH7,ensemble,21,27,0.9565217391304348
9NH7,ensemble,21,28,0.9304347826086956
9NH7,ensemble,21,29,0.9565217391304348
9NH7,ensemble,21,30,0.9565217391304348
9NH7,ensemble,21,31,0.9565217391304348
9NH7,ensemble,21,32,0.9826086956521739
9NH7,ensemble,21,33,0.9391304347826087
9NH7,ensemble,21,34,0.9652173913043478
9NH7,ensemble,21,35,0.9478260869565217
9NH7,ensemble,21,36,0.9565217391304348
9NH7,ensemble,21,37,0.9391304347826087
9NH7,ensemble,21,38,0.9478260869565217
9NH7,ensemble,21,39,0.9478260869565217
9NH7,ensemble,21,40,0.9304347826086956
9NH7,ensemble,21,41,0.991304347826087
9NH7,ensemble,21,42,0.9826086956521739
9NH7,ensemble,21,43,0.9478260869565217
9NH7,ensemble,21,44,0.9304347826086956
9NH7,ensemble,21,45,0.9739130434782609
9NH7,ensemble,21,46,0.9826086956521739
9NH7,ensemble,21,47,0.9826086956521739
9NH7,ensemble,21,48,0.9565217391304348
9NH7,ensemble,21,49,0.9478260869565217
9NH7,ensemble,21,50,0.9391304347826087
9NH7,ensemble,21,51,0.9826086956521739
9NH7,ensemble,21,52,0.9739130434782609
9NH7,ensemble,21,53,0.9652173913043478
9NH7,ensemble,21,54,0.9391304347826087
9NH7,ensemble,21,55,0.9739130434782609
9NH7,ensemble,21,56,0.9826086956521739
9NH7,ensemble,21,57,0.9478260869565217
9NH7,ensemble,21,58,0.9478260869565217
9NH7,ensemble,21,59,0.9739130434782609
9NH7,ensemble,21,60,0.991304347826087
9NH7,ensemble,21,61,0.9652173913043478
9NH7,ensemble,21,62,0.9652173913043478
9NH7,ensemble,21,63,0.9652173913043478
9NH7,ensemble,21,64,0.9478260869565217
9NH7,ensemble,21,65,0.9478260869565217
9NH7,ensemble,21,66,0.9565217391304348
9NH7,ensemble,21,67,0.991304347826087
9NH7,ensemble,21,68,0.9652173913043478
9NH7,ensemble,21,69,0.9478260869565217
9NH7,ensemble,21,70,0.9739130434782609
9NH7,ensemble,21,71,0.9652173913043478
9NH7,ensemble,21,72,0.9391304347826087
9NH7,ensemble,21,73,0.9391304347826087
9NH7,ensemble,21,74,0.9652173913043478
9NH7,ensemble,21,75,0.9826086956521739
9NH7,ensemble,21,76,0.9391304347826087
9NH7,ensemble,21,77,0.9739130434782609
9NH7,ensemble,21,78,0.9739130434782609
9NH7,ensemble,21,79,0.9304347826086956
9NH7,ensemble,21,80,0.9565217391304348
9NH7,ensemble,21,81,0.9565217391304348
9NH7,ensemble,21,82,0.9391304347826087
9NH7,ensemble,21,83,0.9652173913043478
9NH7,ensemble,21,84,0.9565217391304348
9NH7,ensemble,21,85,0.9652173913043478
9NH7,ensemble,21,86,0.9478260869565217
9NH7,ensemble,21,87,0.9565217391304348
9NH7,ensemble,21,88,0.9652173913043478
9NH7,ensemble,21,89,0.9478260869565217
9NH7,ensemble,21,90,0.9739130434782609
9NH7,ensemble,21,91,0.9565217391304348
9NH7,ensemble,21,92,0.9391304347826087
9NH7,ensemble,21,93,0.9391304347826087
9NH7,ensemble,21,94,0.9826086956521739
9NH7,ensemble,21,95,0.9478260869565217
9NH7,ensemble,21,96,0.9739130434782609
9NH7,ensemble,21,97,0.9826086956521739
9NH7,ensemble,21,98,0.9565217391304348
9NH7,ensemble,21,99,0.991304347826087
9NH7,ensemble,22,23,0.9478260869565217
9NH7,ensemble,22,24,0.9478260869565217
9NH7,ensemble,22,25,0.9826086956521739
9NH7,ensemble,22,26,0.9652173913043478
9NH7,ensemble,22,27,0.9565217391304348
9NH7,ensemble,22,28,0.9391304347826087
9NH7,ensemble,22,29,0.9478260869565217
9NH7,ensemble,22,30,0.9478260869565217
9NH7,ensemble,22,31,0.9565217391304348
9NH7,ensemble,22,32,0.991304347826087
9NH7,ensemble,22,33,0.9565217391304348
9NH7,ensemble,22,34,0.9565217391304348
9NH7,ensemble,22,35,0.9652173913043478
9NH7,ensemble,22,36,0.9739130434782609
9NH7,ensemble,22,37,0.9478260869565217
9NH7,ensemble,22,38,0.9391304347826087
9NH7,ensemble,22,39,0.9391304347826087
9NH7,ensemble,22,40,0.9304347826086956
9NH7,ensemble,22,41,0.9739130434782609
9NH7,ensemble,22,42,0.9826086956521739
9NH7,ensemble,22,43,0.9478260869565217
9NH7,ensemble,22,44,0.9391304347826087
9NH7,ensemble,22,45,0.9652173913043478
9NH7,ensemble,22,46,0.9826086956521739
9NH7,ensemble,22,47,0.9652173913043478
9NH7,ensemble,22,48,0.9652173913043478
9NH7,ensemble,22,49,0.9391304347826087
9NH7,ensemble,22,50,0.9391304347826087
9NH7,ensemble,22,51,0.9739130434782609
9NH7,ensemble,22,52,0.9826086956521739
9NH7,ensemble,22,53,0.9739130434782609
9NH7,ensemble,22,54,0.9478260869565217
9NH7,ensemble,22,55,0.9739130434782609
9NH7,ensemble,22,56,0.9739130434782609
9NH7,ensemble,22,57,0.9652173913043478
9NH7,ensemble,22,58,0.9478260869565217
9NH7,ensemble,22,59,0.9739130434782609
9NH7,ensemble,22,60,0.9826086956521739
9NH7,ensemble,22,61,0.9739130434782609
9NH7,ensemble,22,62,0.9478260869565217
9NH7,ensemble,22,63,0.9826086956521739
9NH7,ensemble,22,64,0.9478260869565217
9NH7,ensemble,22,65,0.9478260869565217
9NH7,ensemble,22,66,0.9565217391304348
9NH7,ensemble,22,67,0.9826086956521739
9NH7,ensemble,22,68,0.9739130434782609
9NH7,ensemble,22,69,0.9478260869565217
9NH7,ensemble,22,70,0.9739130434782609
9NH7,ensemble,22,71,0.9652173913043478
9NH7,ensemble,22,72,0.9478260869565217
9NH7,ensemble,22,73,0.9478260869565217
9NH7,ensemble,22,74,0.9652173913043478
9NH7,ensemble,22,75,0.9739130434782609
9NH7,ensemble,22,76,0.9391304347826087
9NH7,ensemble,22,77,0.9652173913043478
9NH7,ensemble,22,78,0.9739130434782609
9NH7,ensemble,22,79,0.9304347826086956
9NH7,ensemble,22,80,0.9565217391304348
9NH7,ensemble,22,81,0.9391304347826087
9NH7,ensemble,22,82,0.9478260869565217
9NH7,ensemble,22,83,0.9739130434782609
9NH7,ensemble,22,84,0.9652173913043478
9NH7,ensemble,22,85,0.9739130434782609
9NH7,ensemble,22,86,0.9565217391304348
9NH7,ensemble,22,87,0.9565217391304348
9NH7,ensemble,22,88,0.9739130434782609
9NH7,ensemble,22,89,0.9565217391304348
9NH7,ensemble,22,90,0.9739130434782609
9NH7,ensemble,22,91,0.9478260869565217
9NH7,ensemble,22,92,0.9478260869565217
9NH7,ensemble,22,93,0.9391304347826087
9NH7,ensemble,22,94,0.9739130434782609
9NH7,ensemble,22,95,0.9478260869565217
9NH7,ensemble,22,96,0.9739130434782609
9NH7,ensemble,22,97,0.9652173913043478
9NH7,ensemble,22,98,0.9652173913043478
9NH7,ensemble,22,99,0.9826086956521739
9NH7,ensemble,23,24,0.9304347826086956
9NH7,ensemble,23,25,0.9565217391304348
9NH7,ensemble,23,26,0.9652173913043478
9NH7,ensemble,23,27,0.9565217391304348
9NH7,ensemble,23,28,0.9478260869565217
9NH7,ensemble,23,29,0.9565217391304348
9NH7,ensemble,23,30,0.9304347826086956
9NH7,ensemble,23,31,0.9391304347826087
9NH7,ensemble,23,32,0.9478260869565217
9NH7,ensemble,23,33,0.9478260869565217
9NH7,ensemble,23,34,0.9391304347826087
9NH7,ensemble,23,35,0.9391304347826087
9NH7,ensemble,23,36,0.9565217391304348
9NH7,ensemble,23,37,0.9652173913043478
9NH7,ensemble,23,38,0.9478260869565217
9NH7,ensemble,23,39,0.9478260869565217
9NH7,ensemble,23,40,0.9304347826086956
9NH7,ensemble,23,41,0.9652173913043478
9NH7,ensemble,23,42,0.9478260869565217
9NH7,ensemble,23,43,0.9391304347826087
9NH7,ensemble,23,44,0.9130434782608695
9NH7,ensemble,23,45,0.9826086956521739
9NH7,ensemble,23,46,0.9565217391304348
9NH7,ensemble,23,47,0.9565217391304348
9NH7,ensemble,23,48,0.9478260869565217
9NH7,ensemble,23,49,0.9565217391304348
9NH7,ensemble,23,50,0.9391304347826087
9NH7,ensemble,23,51,0.9739130434782609
9NH7,ensemble,23,52,0.9652173913043478
9NH7,ensemble,23,53,0.9739130434782609
9NH7,ensemble,23,54,0.9304347826086956
9NH7,ensemble,23,55,0.9652173913043478
9NH7,ensemble,23,56,0.9391304347826087
9NH7,ensemble,23,57,0.9478260869565217
9NH7,ensemble,23,58,0.9652173913043478
9NH7,ensemble,23,59,0.9652173913043478
9NH7,ensemble,23,60,0.9478260869565217
9NH7,ensemble,23,61,0.9565217391304348
9NH7,ensemble,23,62,0.9652173913043478
9NH7,ensemble,23,63,0.9478260869565217
9NH7,ensemble,23,64,0.9304347826086956
9NH7,ensemble,23,65,0.9478260869565217
9NH7,ensemble,23,66,0.9478260869565217
9NH7,ensemble,23,67,0.9478260869565217
9NH7,ensemble,23,68,0.9739130434782609
9NH7,ensemble,23,69,0.9304347826086956
9NH7,ensemble,23,70,0.9565217391304348
9NH7,ensemble,23,71,0.9652173913043478
9NH7,ensemble,23,72,0.9478260869565217
9NH7,ensemble,23,73,0.9565217391304348
9NH7,ensemble,23,74,0.9652173913043478
9NH7,ensemble,23,75,0.9391304347826087
9NH7,ensemble,23,76,0.9391304347826087
9NH7,ensemble,23,77,0.9739130434782609
9NH7,ensemble,23,78,0.9652173913043478
9NH7,ensemble,23,79,0.9565217391304348
9NH7,ensemble,23,80,0.9391304347826087
9NH7,ensemble,23,81,0.9478260869565217
9NH7,ensemble,23,82,0.9565217391304348
9NH7,ensemble,23,83,0.9652173913043478
9NH7,ensemble,23,84,0.9652173913043478
9NH7,ensemble,23,85,0.9739130434782609
9NH7,ensemble,23,86,0.9478260869565217
9NH7,ensemble,23,87,0.9565217391304348
9NH7,ensemble,23,88,0.9478260869565217
9NH7,ensemble,23,89,0.9478260869565217
9NH7,ensemble,23,90,0.9739130434782609
9NH7,ensemble,23,91,0.9304347826086956
9NH7,ensemble,23,92,0.9304347826086956
9NH7,ensemble,23,93,0.9217391304347826
9NH7,ensemble,23,94,0.9739130434782609
9NH7,ensemble,23,95,0.9304347826086956
9NH7,ensemble,23,96,0.9565217391304348
9NH7,ensemble,23,97,0.9652173913043478
9NH7,ensemble,23,98,0.9565217391304348
9NH7,ensemble,23,99,0.9478260869565217
9NH7,ensemble,24,25,0.9478260869565217
9NH7,ensemble,24,26,0.9652173913043478
9NH7,ensemble,24,27,0.9565217391304348
9NH7,ensemble,24,28,0.9826086956521739
9NH7,ensemble,24,29,0.9391304347826087
9NH7,ensemble,24,30,0.9478260869565217
9NH7,ensemble,24,31,0.9565217391304348
9NH7,ensemble,24,32,0.9391304347826087
9NH7,ensemble,24,33,0.9826086956521739
9NH7,ensemble,24,34,0.9565217391304348
9NH7,ensemble,24,35,0.9478260869565217
9NH7,ensemble,24,36,0.9652173913043478
9NH7,ensemble,24,37,0.9304347826086956
9NH7,ensemble,24,38,0.9304347826086956
9NH7,ensemble,24,39,0.9304347826086956
9NH7,ensemble,24,40,0.9739130434782609
9NH7,ensemble,24,41,0.9391304347826087
9NH7,ensemble,24,42,0.9478260869565217
9NH7,ensemble,24,43,0.9565217391304348
9NH7,ensemble,24,44,0.9826086956521739
9NH7,ensemble,24,45,0.9391304347826087
9NH7,ensemble,24,46,0.9478260869565217
9NH7,ensemble,24,47,0.9304347826086956
9NH7,ensemble,24,48,0.9739130434782609
9NH7,ensemble,24,49,0.9565217391304348
9NH7,ensemble,24,50,0.9739130434782609
9NH7,ensemble,24,51,0.9304347826086956
9NH7,ensemble,24,52,0.9391304347826087
9NH7,ensemble,24,53,0.9478260869565217
9NH7,ensemble,24,54,1.0
9NH7,ensemble,24,55,0.9565217391304348
9NH7,ensemble,24,56,0.9391304347826087
9NH7,ensemble,24,57,0.9565217391304348
9NH7,ensemble,24,58,0.9217391304347826
9NH7,ensemble,24,59,0.9565217391304348
9NH7,ensemble,24,60,0.9478260869565217
9NH7,ensemble,24,61,0.9478260869565217
9NH7,ensemble,24,62,0.9391304347826087
9NH7,ensemble,24,63,0.9304347826086956
9NH7,ensemble,24,64,0.9478260869565217
9NH7,ensemble,24,65,0.9826086956521739
9NH7,ensemble,24,66,0.9478260869565217
9NH7,ensemble,24,67,0.9478260869565217
9NH7,ensemble,24,68,0.9478260869565217
9NH7,ensemble,24,69,0.9478260869565217
9NH7,ensemble,24,70,0.9391304347826087
9NH7,ensemble,24,71,0.9652173913043478
9NH7,ensemble,24,72,0.9652173913043478
9NH7,ensemble,24,73,0.9739130434782609
9NH7,ensemble,24,74,0.9652173913043478
9NH7,ensemble,24,75,0.9391304347826087
9NH7,ensemble,24,76,0.9739130434782609
9NH7,ensemble,24,77,0.9304347826086956
9NH7,ensemble,24,78,0.9565217391304348
9NH7,ensemble,24,79,0.9565217391304348
9NH7,ensemble,24,80,0.9565217391304348
9NH7,ensemble,24,81,0.9217391304347826
9NH7,ensemble,24,82,0.9739130434782609
9NH7,ensemble,24,83,0.9391304347826087
9NH7,ensemble,24,84,0.9391304347826087
9NH7,ensemble,24,85,0.9478260869565217
9NH7,ensemble,24,86,0.9478260869565217
9NH7,ensemble,24,87,0.9478260869565217
9NH7,ensemble,24,88,0.9739130434782609
9NH7,ensemble,24,89,0.9478260869565217
9NH7,ensemble,24,90,0.9391304347826087
9NH7,ensemble,24,91,0.9478260869565217
9NH7,ensemble,24,92,0.9826086956521739
9NH7,ensemble,24,93,0.9391304347826087
9NH7,ensemble,24,94,0.9304347826086956
9NH7,ensemble,24,95,0.9478260869565217
9NH7,ensemble,24,96,0.9478260869565217
9NH7,ensemble,24,97,0.9391304347826087
9NH7,ensemble,24,98,0.9391304347826087
9NH7,ensemble,24,99,0.9478260869565217
9NH7,ensemble,25,26,0.9826086956521739
9NH7,ensemble,25,27,0.9739130434782609
9NH7,ensemble,25,28,0.9478260869565217
9NH7,ensemble,25,29,0.9478260869565217
9NH7,ensemble,25,30,0.9565217391304348
9NH7,ensemble,25,31,0.9652173913043478
9NH7,ensemble,25,32,0.9826086956521739
9NH7,ensemble,25,33,0.9478260869565217
9NH7,ensemble,25,34,0.9652173913043478
9NH7,ensemble,25,35,0.9565217391304348
9NH7,ensemble,25,36,0.9652173913043478
9NH7,ensemble,25,37,0.9478260869565217
9NH7,ensemble,25,38,0.9391304347826087
9NH7,ensemble,25,39,0.9391304347826087
9NH7,ensemble,25,40,0.9478260869565217
9NH7,ensemble,25,41,0.991304347826087
9NH7,ensemble,25,42,0.991304347826087
9NH7,ensemble,25,43,0.9565217391304348
9NH7,ensemble,25,44,0.9391304347826087
9NH7,ensemble,25,45,0.9739130434782609
9NH7,ensemble,25,46,1.0
9NH7,ensemble,25,47,0.9652173913043478
9NH7,ensemble,25,48,0.9652173913043478
9NH7,ensemble,25,49,0.9478260869565217
9NH7,ensemble,25,50,0.9565217391304348
9NH7,ensemble,25,51,0.9826086956521739
9NH7,ensemble,25,52,0.991304347826087
9NH7,ensemble,25,53,0.9826086956521739
9NH7,ensemble,25,54,0.9478260869565217
9NH7,ensemble,25,55,0.991304347826087
9NH7,ensemble,25,56,0.9826086956521739
9NH7,ensemble,25,57,0.9565217391304348
9NH7,ensemble,25,58,0.9391304347826087
9NH7,ensemble,25,59,0.991304347826087
9NH7,ensemble,25,60,0.991304347826087
9NH7,ensemble,25,61,0.9826086956521739
9NH7,ensemble,25,62,0.9652173913043478
9NH7,ensemble,25,63,0.9826086956521739
9NH7,ensemble,25,64,0.9565217391304348
9NH7,ensemble,25,65,0.9652173913043478
9NH7,ensemble,25,66,0.9739130434782609
9NH7,ensemble,25,67,0.991304347826087
9NH7,ensemble,25,68,0.9826086956521739
9NH7,ensemble,25,69,0.9565217391304348
9NH7,ensemble,25,70,0.9739130434782609
9NH7,ensemble,25,71,0.9826086956521739
9NH7,ensemble,25,72,0.9565217391304348
9NH7,ensemble,25,73,0.9565217391304348
9NH7,ensemble,25,74,0.9826086956521739
9NH7,ensemble,25,75,0.9826086956521739
9NH7,ensemble,25,76,0.9565217391304348
9NH7,ensemble,25,77,0.9739130434782609
9NH7,ensemble,25,78,0.991304347826087
9NH7,ensemble,25,79,0.9478260869565217
9NH7,ensemble,25,80,0.9652173913043478
9NH7,ensemble,25,81,0.9478260869565217
9NH7,ensemble,25,82,0.9565217391304348
9NH7,ensemble,25,83,0.9826086956521739
9NH7,ensemble,25,84,0.9739130434782609
9NH7,ensemble,25,85,0.9826086956521739
9NH7,ensemble,25,86,0.9565217391304348
9NH7,ensemble,25,87,0.9739130434782609
9NH7,ensemble,25,88,0.9739130434782609
9NH7,ensemble,25,89,0.9565217391304348
9NH7,ensemble,25,90,0.9739130434782609
9NH7,ensemble,25,91,0.9565217391304348
9NH7,ensemble,25,92,0.9478260869565217
9NH7,ensemble,25,93,0.9478260869565217
9NH7,ensemble,25,94,0.9826086956521739
9NH7,ensemble,25,95,0.9565217391304348
9NH7,ensemble,25,96,0.991304347826087
9NH7,ensemble,25,97,0.9826086956521739
9NH7,ensemble,25,98,0.9652173913043478
9NH7,ensemble,25,99,0.991304347826087
9NH7,ensemble,26,27,0.991304347826087
9NH7,ensemble,26,28,0.9652173913043478
9NH7,ensemble,26,29,0.9478260869565217
9NH7,ensemble,26,30,0.9565217391304348
9NH7,ensemble,26,31,0.9652173913043478
9NH7,ensemble,26,32,0.9652173913043478
9NH7,ensemble,26,33,0.9652173913043478
9NH7,ensemble,26,34,0.9652173913043478
9NH7,ensemble,26,35,0.9478260869565217
9NH7,ensemble,26,36,0.9652173913043478
9NH7,ensemble,26,37,0.9565217391304348
9NH7,ensemble,26,38,0.9391304347826087
9NH7,ensemble,26,39,0.9391304347826087
9NH7,ensemble,26,40,0.9565217391304348
9NH7,ensemble,26,41,0.9739130434782609
9NH7,ensemble,26,42,0.9739130434782609
9NH7,ensemble,26,43,0.9652173913043478
9NH7,ensemble,26,44,0.9478260869565217
9NH7,ensemble,26,45,0.9739130434782609
9NH7,ensemble,26,46,0.9826086956521739
9NH7,ensemble,26,47,0.9478260869565217
9NH7,ensemble,26,48,0.9739130434782609
9NH7,ensemble,26,49,0.9565217391304348
9NH7,ensemble,26,50,0.9739130434782609
9NH7,ensemble,26,51,0.9652173913043478
9NH7,ensemble,26,52,0.9739130434782609
9NH7,ensemble,26,53,0.9826086956521739
9NH7,ensemble,26,54,0.9652173913043478
9NH7,ensemble,26,55,0.991304347826087
9NH7,ensemble,26,56,0.9652173913043478
9NH7,ensemble,26,57,0.9565217391304348
9NH7,ensemble,26,58,0.9478260869565217
9NH7,ensemble,26,59,0.991304347826087
9NH7,ensemble,26,60,0.9739130434782609
9NH7,ensemble,26,61,0.9652173913043478
9NH7,ensemble,26,62,0.9739130434782609
9NH7,ensemble,26,63,0.9652173913043478
9NH7,ensemble,26,64,0.9565217391304348
9NH7,ensemble,26,65,0.9826086956521739
9NH7,ensemble,26,66,0.9739130434782609
9NH7,ensemble,26,67,0.9739130434782609
9NH7,ensemble,26,68,0.9826086956521739
9NH7,ensemble,26,69,0.9565217391304348
9NH7,ensemble,26,70,0.9652173913043478
9NH7,ensemble,26,71,1.0
9NH7,ensemble,26,72,0.9652173913043478
9NH7,ensemble,26,73,0.9739130434782609
9NH7,ensemble,26,74,1.0
9NH7,ensemble,26,75,0.9652173913043478
9NH7,ensemble,26,76,0.9739130434782609
9NH7,ensemble,26,77,0.9652173913043478
9NH7,ensemble,26,78,0.991304347826087
9NH7,ensemble,26,79,0.9565217391304348
9NH7,ensemble,26,80,0.9652173913043478
9NH7,ensemble,26,81,0.9478260869565217
9NH7,ensemble,26,82,0.9739130434782609
9NH7,ensemble,26,83,0.9739130434782609
9NH7,ensemble,26,84,0.9739130434782609
9NH7,ensemble,26,85,0.9826086956521739
9NH7,ensemble,26,86,0.9565217391304348
9NH7,ensemble,26,87,0.9826086956521739
9NH7,ensemble,26,88,0.9739130434782609
9NH7,ensemble,26,89,0.9565217391304348
9NH7,ensemble,26,90,0.9739130434782609
9NH7,ensemble,26,91,0.9565217391304348
9NH7,ensemble,26,92,0.9652173913043478
9NH7,ensemble,26,93,0.9478260869565217
9NH7,ensemble,26,94,0.9652173913043478
9NH7,ensemble,26,95,0.9565217391304348
9NH7,ensemble,26,96,0.9826086956521739
9NH7,ensemble,26,97,0.9739130434782609
9NH7,ensemble,26,98,0.9652173913043478
9NH7,ensemble,26,99,0.9739130434782609
9NH7,ensemble,27,28,0.9565217391304348
9NH7,ensemble,27,29,0.9391304347826087
9NH7,ensemble,27,30,0.9478260869565217
9NH7,ensemble,27,31,0.9565217391304348
9NH7,ensemble,27,32,0.9565217391304348
9NH7,ensemble,27,33,0.9565217391304348
9NH7,ensemble,27,34,0.9565217391304348
9NH7,ensemble,27,35,0.9391304347826087
9NH7,ensemble,27,36,0.9565217391304348
9NH7,ensemble,27,37,0.9478260869565217
9NH7,ensemble,27,38,0.9304347826086956
9NH7,ensemble,27,39,0.9304347826086956
9NH7,ensemble,27,40,0.9652173913043478
9NH7,ensemble,27,41,0.9652173913043478
9NH7,ensemble,27,42,0.9652173913043478
9NH7,ensemble,27,43,0.9565217391304348
9NH7,ensemble,27,44,0.9565217391304348
9NH7,ensemble,27,45,0.9652173913043478
9NH7,ensemble,27,46,0.9739130434782609
9NH7,ensemble,27,47,0.9391304347826087
9NH7,ensemble,27,48,0.9652173913043478
9NH7,ensemble,27,49,0.9478260869565217
9NH7,ensemble,27,50,0.9826086956521739
9NH7,ensemble,27,51,0.9565217391304348
9NH7,ensemble,27,52,0.9652173913043478
9NH7,ensemble,27,53,0.9739130434782609
9NH7,ensemble,27,54,0.9565217391304348
9NH7,ensemble,27,55,0.9826086956521739
9NH7,ensemble,27,56,0.9739130434782609
9NH7,ensemble,27,57,0.9478260869565217
9NH7,ensemble,27,58,0.9391304347826087
9NH7,ensemble,27,59,0.9826086956521739
9NH7,ensemble,27,60,0.9652173913043478
9NH7,ensemble,27,61,0.9565217391304348
9NH7,ensemble,27,62,0.9652173913043478
9NH7,ensemble,27,63,0.9739130434782609
9NH7,ensemble,27,64,0.9478260869565217
9NH7,ensemble,27,65,0.9739130434782609
9NH7,ensemble,27,66,0.9652173913043478
9NH7,ensemble,27,67,0.9652173913043478
9NH7,ensemble,27,68,0.9739130434782609
9NH7,ensemble,27,69,0.9652173913043478
9NH7,ensemble,27,70,0.9565217391304348
9NH7,ensemble,27,71,0.991304347826087
9NH7,ensemble,27,72,0.9565217391304348
9NH7,ensemble,27,73,0.9652173913043478
9NH7,ensemble,27,74,0.991304347826087
9NH7,ensemble,27,75,0.9739130434782609
9NH7,ensemble,27,76,0.9826086956521739
9NH7,ensemble,27,77,0.9565217391304348
9NH7,ensemble,27,78,0.9826086956521739
9NH7,ensemble,27,79,0.9652173913043478
9NH7,ensemble,27,80,0.9565217391304348
9NH7,ensemble,27,81,0.9391304347826087
9NH7,ensemble,27,82,0.9652173913043478
9NH7,ensemble,27,83,0.9652173913043478
9NH7,ensemble,27,84,0.9826086956521739
9NH7,ensemble,27,85,0.9739130434782609
9NH7,ensemble,27,86,0.9478260869565217
9NH7,ensemble,27,87,0.991304347826087
9NH7,ensemble,27,88,0.9652173913043478
9NH7,ensemble,27,89,0.9478260869565217
9NH7,ensemble,27,90,0.9652173913043478
9NH7,ensemble,27,91,0.9652173913043478
9NH7,ensemble,27,92,0.9652173913043478
9NH7,ensemble,27,93,0.9565217391304348
9NH7,ensemble,27,94,0.9565217391304348
9NH7,ensemble,27,95,0.9478260869565217
9NH7,ensemble,27,96,0.9739130434782609
9NH7,ensemble,27,97,0.9652173913043478
9NH7,ensemble,27,98,0.9565217391304348
9NH7,ensemble,27,99,0.9652173913043478
9NH7,ensemble,28,29,0.9478260869565217
9NH7,ensemble,28,30,0.9391304347826087
9NH7,ensemble,28,31,0.9478260869565217
9NH7,ensemble,28,32,0.9391304347826087
9NH7,ensemble,28,33,0.9826086956521739
9NH7,ensemble,28,34,0.9478260869565217
9NH7,ensemble,28,35,0.9478260869565217
9NH7,ensemble,28,36,0.9652173913043478
9NH7,ensemble,28,37,0.9391304347826087
9NH7,ensemble,28,38,0.9391304347826087
9NH7,ensemble,28,39,0.9391304347826087
9NH7,ensemble,28,40,0.9739130434782609
9NH7,ensemble,28,41,0.9391304347826087
9NH7,ensemble,28,42,0.9391304347826087
9NH7,ensemble,28,43,0.9478260869565217
9NH7,ensemble,28,44,0.9652173913043478
9NH7,ensemble,28,45,0.9565217391304348
9NH7,ensemble,28,46,0.9478260869565217
9NH7,ensemble,28,47,0.9391304347826087
9NH7,ensemble,28,48,0.9565217391304348
9NH7,ensemble,28,49,0.9739130434782609
9NH7,ensemble,28,50,0.9739130434782609
9NH7,ensemble,28,51,0.9478260869565217
9NH7,ensemble,28,52,0.9565217391304348
9NH7,ensemble,28,53,0.9652173913043478
9NH7,ensemble,28,54,0.9826086956521739
9NH7,ensemble,28,55,0.9565217391304348
9NH7,ensemble,28,56,0.9304347826086956
9NH7,ensemble,28,57,0.9565217391304348
9NH7,ensemble,28,58,0.9217391304347826
9NH7,ensemble,28,59,0.9565217391304348
9NH7,ensemble,28,60,0.9391304347826087
9NH7,ensemble,28,61,0.9652173913043478
9NH7,ensemble,28,62,0.9391304347826087
9NH7,ensemble,28,63,0.9391304347826087
9NH7,ensemble,28,64,0.9391304347826087
9NH7,ensemble,28,65,0.9826086956521739
9NH7,ensemble,28,66,0.9478260869565217
9NH7,ensemble,28,67,0.9391304347826087
9NH7,ensemble,28,68,0.9652173913043478
9NH7,ensemble,28,69,0.9391304347826087
9NH7,ensemble,28,70,0.9478260869565217
9NH7,ensemble,28,71,0.9652173913043478
9NH7,ensemble,28,72,0.9826086956521739
9NH7,ensemble,28,73,0.991304347826087
9NH7,ensemble,28,74,0.9652173913043478
9NH7,ensemble,28,75,0.9304347826086956
9NH7,ensemble,28,76,0.9739130434782609
9NH7,ensemble,28,77,0.9478260869565217
9NH7,ensemble,28,78,0.9565217391304348
9NH7,ensemble,28,79,0.9565217391304348
9NH7,ensemble,28,80,0.9478260869565217
9NH7,ensemble,28,81,0.9130434782608695
9NH7,ensemble,28,82,0.991304347826087
9NH7,ensemble,28,83,0.9565217391304348
9NH7,ensemble,28,84,0.9565217391304348
9NH7,ensemble,28,85,0.9652173913043478
9NH7,ensemble,28,86,0.9565217391304348
9NH7,ensemble,28,87,0.9478260869565217
9NH7,ensemble,28,88,0.9565217391304348
9NH7,ensemble,28,89,0.9565217391304348
9NH7,ensemble,28,90,0.9478260869565217
9NH7,ensemble,28,91,0.9391304347826087
9NH7,ensemble,28,92,0.9652173913043478
9NH7,ensemble,28,93,0.9304347826086956
9NH7,ensemble,28,94,0.9478260869565217
9NH7,ensemble,28,95,0.9391304347826087
9NH7,ensemble,28,96,0.9478260869565217
9NH7,ensemble,28,97,0.9391304347826087
9NH7,ensemble,28,98,0.9478260869565217
9NH7,ensemble,28,99,0.9391304347826087
9NH7,ensemble,29,30,0.9652173913043478
9NH7,ensemble,29,31,0.9826086956521739
9NH7,ensemble,29,32,0.9478260869565217
9NH7,ensemble,29,33,0.9391304347826087
9NH7,ensemble,29,34,0.9739130434782609
9NH7,ensemble,29,35,0.9739130434782609
9NH7,ensemble,29,36,0.9739130434782609
9NH7,ensemble,29,37,0.9478260869565217
9NH7,ensemble,29,38,0.991304347826087
9NH7,ensemble,29,39,0.991304347826087
9NH7,ensemble,29,40,0.9304347826086956
9NH7,ensemble,29,41,0.9565217391304348
9NH7,ensemble,29,42,0.9478260869565217
9NH7,ensemble,29,43,0.9739130434782609
9NH7,ensemble,29,44,0.9217391304347826
9NH7,ensemble,29,45,0.9739130434782609
9NH7,ensemble,29,46,0.9478260869565217
9NH7,ensemble,29,47,0.9652173913043478
9NH7,ensemble,29,48,0.9565217391304348
9NH7,ensemble,29,49,0.9391304347826087
9NH7,ensemble,29,50,0.9217391304347826
9NH7,ensemble,29,51,0.9652173913043478
9NH7,ensemble,29,52,0.9565217391304348
9NH7,ensemble,29,53,0.9652173913043478
9NH7,ensemble,29,54,0.9391304347826087
9NH7,ensemble,29,55,0.9565217391304348
9NH7,ensemble,29,56,0.9391304347826087
9NH7,ensemble,29,57,0.9826086956521739
9NH7,ensemble,29,58,0.9478260869565217
9NH7,ensemble,29,59,0.9565217391304348
9NH7,ensemble,29,60,0.9478260869565217
9NH7,ensemble,29,61,0.9652173913043478
9NH7,ensemble,29,62,0.9652173913043478
9NH7,ensemble,29,63,0.9391304347826087
9NH7,ensemble,29,64,0.9739130434782609
9NH7,ensemble,29,65,0.9304347826086956
9NH7,ensemble,29,66,0.9391304347826087
9NH7,ensemble,29,67,0.9478260869565217
9NH7,ensemble,29,68,0.9652173913043478
9NH7,ensemble,29,69,0.9739130434782609
9NH7,ensemble,29,70,0.9565217391304348
9NH7,ensemble,29,71,0.9478260869565217
9NH7,ensemble,29,72,0.9304347826086956
9NH7,ensemble,29,73,0.9391304347826087
9NH7,ensemble,29,74,0.9478260869565217
9NH7,ensemble,29,75,0.9391304347826087
9NH7,ensemble,29,76,0.9217391304347826
9NH7,ensemble,29,77,0.9652173913043478
9NH7,ensemble,29,78,0.9565217391304348
9NH7,ensemble,29,79,0.9130434782608695
9NH7,ensemble,29,80,0.9826086956521739
9NH7,ensemble,29,81,0.9478260869565217
9NH7,ensemble,29,82,0.9391304347826087
9NH7,ensemble,29,83,0.9565217391304348
9NH7,ensemble,29,84,0.9565217391304348
9NH7,ensemble,29,85,0.9652173913043478
9NH7,ensemble,29,86,0.9826086956521739
9NH7,ensemble,29,87,0.9391304347826087
9NH7,ensemble,29,88,0.9652173913043478
9NH7,ensemble,29,89,0.991304347826087
9NH7,ensemble,29,90,0.9652173913043478
9NH7,ensemble,29,91,0.9652173913043478
9NH7,ensemble,29,92,0.9217391304347826
9NH7,ensemble,29,93,0.9652173913043478
9NH7,ensemble,29,94,0.9652173913043478
9NH7,ensemble,29,95,0.9739130434782609
9NH7,ensemble,29,96,0.9478260869565217
9NH7,ensemble,29,97,0.9565217391304348
9NH7,ensemble,29,98,0.9826086956521739
9NH7,ensemble,29,99,0.9478260869565217
9NH7,ensemble,30,31,0.9826086956521739
9NH7,ensemble,30,32,0.9565217391304348
9NH7,ensemble,30,33,0.9304347826086956
9NH7,ensemble,30,34,0.991304347826087
9NH7,ensemble,30,35,0.9652173913043478
9NH7,ensemble,30,36,0.9652173913043478
9NH7,ensemble,30,37,0.9391304347826087
9NH7,ensemble,30,38,0.9739130434782609
9NH7,ensemble,30,39,0.9739130434782609
9NH7,ensemble,30,40,0.9391304347826087
9NH7,ensemble,30,41,0.9478260869565217
9NH7,ensemble,30,42,0.9565217391304348
9NH7,ensemble,30,43,0.9739130434782609
9NH7,ensemble,30,44,0.9304347826086956
9NH7,ensemble,30,45,0.9478260869565217
9NH7,ensemble,30,46,0.9565217391304348
9NH7,ensemble,30,47,0.9478260869565217
9NH7,ensemble,30,48,0.9652173913043478
9NH7,ensemble,30,49,0.9130434782608695
9NH7,ensemble,30,50,0.9304347826086956
9NH7,ensemble,30,51,0.9391304347826087
9NH7,ensemble,30,52,0.9478260869565217
9NH7,ensemble,30,53,0.9565217391304348
9NH7,ensemble,30,54,0.9478260869565217
9NH7,ensemble,30,55,0.9652173913043478
9NH7,ensemble,30,56,0.9565217391304348
9NH7,ensemble,30,57,0.9739130434782609
9NH7,ensemble,30,58,0.9304347826086956
9NH7,ensemble,30,59,0.9652173913043478
9NH7,ensemble,30,60,0.9652173913043478
9NH7,ensemble,30,61,0.9565217391304348
9NH7,ensemble,30,62,0.9565217391304348
9NH7,ensemble,30,63,0.9391304347826087
9NH7,ensemble,30,64,0.991304347826087
9NH7,ensemble,30,65,0.9391304347826087
9NH7,ensemble,30,66,0.9478260869565217
9NH7,ensemble,30,67,0.9652173913043478
9NH7,ensemble,30,68,0.9565217391304348
9NH7,ensemble,30,69,0.9739130434782609
9NH7,ensemble,30,70,0.9565217391304348
9NH7,ensemble,30,71,0.9565217391304348
9NH7,ensemble,30,72,0.9217391304347826
9NH7,ensemble,30,73,0.9304347826086956
9NH7,ensemble,30,74,0.9565217391304348
9NH7,ensemble,30,75,0.9565217391304348
9NH7,ensemble,30,76,0.9304347826086956
9NH7,ensemble,30,77,0.9391304347826087
9NH7,ensemble,30,78,0.9652173913043478
9NH7,ensemble,30,79,0.9217391304347826
9NH7,ensemble,30,80,0.9826086956521739
9NH7,ensemble,30,81,0.9304347826086956
9NH7,ensemble,30,82,0.9304347826086956
9NH7,ensemble,30,83,0.9478260869565217
9NH7,ensemble,30,84,0.9478260869565217
9NH7,ensemble,30,85,0.9565217391304348
9NH7,ensemble,30,86,0.9739130434782609
9NH7,ensemble,30,87,0.9478260869565217
9NH7,ensemble,30,88,0.9739130434782609
9NH7,ensemble,30,89,0.9739130434782609
9NH7,ensemble,30,90,0.9478260869565217
9NH7,ensemble,30,91,0.9826086956521739
9NH7,ensemble,30,92,0.9304347826086956
9NH7,ensemble,30,93,0.9826086956521739
9NH7,ensemble,30,94,0.9391304347826087
9NH7,ensemble,30,95,0.991304347826087
9NH7,ensemble,30,96,0.9565217391304348
9NH7,ensemble,30,97,0.9478260869565217
9NH7,ensemble,30,98,0.9652173913043478
9NH7,ensemble,30,99,0.9652173913043478
9NH7,ensemble,31,32,0.9565217391304348
9NH7,ensemble,31,33,0.9391304347826087
9NH7,ensemble,31,34,0.991304347826087
9NH7,ensemble,31,35,0.9739130434782609
9NH7,ensemble,31,36,0.9739130434782609
9NH7,ensemble,31,37,0.9478260869565217
9NH7,ensemble,31,38,0.9739130434782609
9NH7,ensemble,31,39,0.9739130434782609
9NH7,ensemble,31,40,0.9478260869565217
9NH7,ensemble,31,41,0.9565217391304348
9NH7,ensemble,31,42,0.9652173913043478
9NH7,ensemble,31,43,0.991304347826087
9NH7,ensemble,31,44,0.9391304347826087
9NH7,ensemble,31,45,0.9565217391304348
9NH7,ensemble,31,46,0.9652173913043478
9NH7,ensemble,31,47,0.9478260869565217
9NH7,ensemble,31,48,0.9739130434782609
9NH7,ensemble,31,49,0.9217391304347826
9NH7,ensemble,31,50,0.9391304347826087
9NH7,ensemble,31,51,0.9478260869565217
9NH7,ensemble,31,52,0.9565217391304348
9NH7,ensemble,31,53,0.9652173913043478
9NH7,ensemble,31,54,0.9565217391304348
9NH7,ensemble,31,55,0.9739130434782609
9NH7,ensemble,31,56,0.9565217391304348
9NH7,ensemble,31,57,0.9826086956521739
9NH7,ensemble,31,58,0.9391304347826087
9NH7,ensemble,31,59,0.9739130434782609
9NH7,ensemble,31,60,0.9652173913043478
9NH7,ensemble,31,61,0.9652173913043478
9NH7,ensemble,31,62,0.9652173913043478
9NH7,ensemble,31,63,0.9478260869565217
9NH7,ensemble,31,64,0.991304347826087
9NH7,ensemble,31,65,0.9478260869565217
9NH7,ensemble,31,66,0.9565217391304348
9NH7,ensemble,31,67,0.9652173913043478
9NH7,ensemble,31,68,0.9652173913043478
9NH7,ensemble,31,69,0.991304347826087
9NH7,ensemble,31,70,0.9565217391304348
9NH7,ensemble,31,71,0.9652173913043478
9NH7,ensemble,31,72,0.9304347826086956
9NH7,ensemble,31,73,0.9391304347826087
9NH7,ensemble,31,74,0.9652173913043478
9NH7,ensemble,31,75,0.9565217391304348
9NH7,ensemble,31,76,0.9391304347826087
9NH7,ensemble,31,77,0.9478260869565217
9NH7,ensemble,31,78,0.9739130434782609
9NH7,ensemble,31,79,0.9304347826086956
9NH7,ensemble,31,80,1.0
9NH7,ensemble,31,81,0.9478260869565217
9NH7,ensemble,31,82,0.9391304347826087
9NH7,ensemble,31,83,0.9565217391304348
9NH7,ensemble,31,84,0.9565217391304348
9NH7,ensemble,31,85,0.9652173913043478
9NH7,ensemble,31,86,0.9826086956521739
9NH7,ensemble,31,87,0.9565217391304348
9NH7,ensemble,31,88,0.9826086956521739
9NH7,ensemble,31,89,0.991304347826087
9NH7,ensemble,31,90,0.9565217391304348
9NH7,ensemble,31,91,0.9826086956521739
9NH7,ensemble,31,92,0.9391304347826087
9NH7,ensemble,31,93,0.9826086956521739
9NH7,ensemble,31,94,0.9478260869565217
9NH7,ensemble,31,95,0.991304347826087
9NH7,ensemble,31,96,0.9652173913043478
9NH7,ensemble,31,97,0.9565217391304348
9NH7,ensemble,31,98,0.9826086956521739
9NH7,ensemble,31,99,0.9652173913043478
9NH7,ensemble,32,33,0.9478260869565217
9NH7,ensemble,32,34,0.9652173913043478
9NH7,ensemble,32,35,0.9565217391304348
9NH7,ensemble,32,36,0.9652173913043478
9NH7,ensemble,32,37,0.9478260869565217
9NH7,ensemble,32,38,0.9391304347826087
9NH7,ensemble,32,39,0.9391304347826087
9NH7,ensemble,32,40,0.9304347826086956
9NH7,ensemble,32,41,0.9739130434782609
9NH7,ensemble,32,42,0.9826086956521739
9NH7,ensemble,32,43,0.9478260869565217
9NH7,ensemble,32,44,0.9304347826086956
9NH7,ensemble,32,45,0.9652173913043478
9NH7,ensemble,32,46,0.9826086956521739
9NH7,ensemble,32,47,0.9739130434782609
9NH7,ensemble,32,48,0.9565217391304348
9NH7,ensemble,32,49,0.9391304347826087
9NH7,ensemble,32,50,0.9391304347826087
9NH7,ensemble,32,51,0.9739130434782609
9NH7,ensemble,32,52,0.9826086956521739
9NH7,ensemble,32,53,0.9739130434782609
9NH7,ensemble,32,54,0.9391304347826087
9NH7,ensemble,32,55,0.9739130434782609
9NH7,ensemble,32,56,0.9826086956521739
9NH7,ensemble,32,57,0.9565217391304348
9NH7,ensemble,32,58,0.9478260869565217
9NH7,ensemble,32,59,0.9739130434782609
9NH7,ensemble,32,60,0.991304347826087
9NH7,ensemble,32,61,0.9739130434782609
9NH7,ensemble,32,62,0.9478260869565217
9NH7,ensemble,32,63,0.9826086956521739
9NH7,ensemble,32,64,0.9478260869565217
9NH7,ensemble,32,65,0.9478260869565217
9NH7,ensemble,32,66,0.9565217391304348
9NH7,ensemble,32,67,0.991304347826087
9NH7,ensemble,32,68,0.9739130434782609
9NH7,ensemble,32,69,0.9478260869565217
9NH7,ensemble,32,70,0.9826086956521739
9NH7,ensemble,32,71,0.9652173913043478
9NH7,ensemble,32,72,0.9478260869565217
9NH7,ensemble,32,73,0.9478260869565217
9NH7,ensemble,32,74,0.9652173913043478
9NH7,ensemble,32,75,0.9826086956521739
9NH7,ensemble,32,76,0.9391304347826087
9NH7,ensemble,32,77,0.9652173913043478
9NH7,ensemble,32,78,0.9739130434782609
9NH7,ensemble,32,79,0.9304347826086956
9NH7,ensemble,32,80,0.9565217391304348
9NH7,ensemble,32,81,0.9391304347826087
9NH7,ensemble,32,82,0.9478260869565217
9NH7,ensemble,32,83,0.9739130434782609
9NH7,ensemble,32,84,0.9652173913043478
9NH7,ensemble,32,85,0.9739130434782609
9NH7,ensemble,32,86,0.9565217391304348
9NH7,ensemble,32,87,0.9565217391304348
9NH7,ensemble,32,88,0.9652173913043478
9NH7,ensemble,32,89,0.9565217391304348
9NH7,ensemble,32,90,0.9739130434782609
9NH7,ensemble,32,91,0.9565217391304348
9NH7,ensemble,32,92,0.9391304347826087
9NH7,ensemble,32,93,0.9391304347826087
9NH7,ensemble,32,94,0.9739130434782609
9NH7,ensemble,32,95,0.9478260869565217
9NH7,ensemble,32,96,0.9739130434782609
9NH7,ensemble,32,97,0.9652173913043478
9NH7,ensemble,32,98,0.9652173913043478
9NH7,ensemble,32,99,0.991304347826087
9NH7,ensemble,33,34,0.9391304347826087
9NH7,ensemble,33,35,0.9478260869565217
9NH7,ensemble,33,36,0.9652173913043478
9NH7,ensemble,33,37,0.9478260869565217
9NH7,ensemble,33,38,0.9304347826086956
9NH7,ensemble,33,39,0.9304347826086956
9NH7,ensemble,33,40,0.9565217391304348
9NH7,ensemble,33,41,0.9391304347826087
9NH7,ensemble,33,42,0.9478260869565217
9NH7,ensemble,33,43,0.9391304347826087
9NH7,ensemble,33,44,0.9652173913043478
9NH7,ensemble,33,45,0.9565217391304348
9NH7,ensemble,33,46,0.9478260869565217
9NH7,ensemble,33,47,0.9391304347826087
9NH7,ensemble,33,48,0.9565217391304348
9NH7,ensemble,33,49,0.9739130434782609
9NH7,ensemble,33,50,0.9739130434782609
9NH7,ensemble,33,51,0.9478260869565217
9NH7,ensemble,33,52,0.9565217391304348
9NH7,ensemble,33,53,0.9652173913043478
9NH7,ensemble,33,54,0.9826086956521739
9NH7,ensemble,33,55,0.9565217391304348
9NH7,ensemble,33,56,0.9391304347826087
9NH7,ensemble,33,57,0.9565217391304348
9NH7,ensemble,33,58,0.9304347826086956
9NH7,ensemble,33,59,0.9565217391304348
9NH7,ensemble,33,60,0.9478260869565217
9NH7,ensemble,33,61,0.9478260869565217
9NH7,ensemble,33,62,0.9391304347826087
9NH7,ensemble,33,63,0.9391304347826087
9NH7,ensemble,33,64,0.9304347826086956
9NH7,ensemble,33,65,0.9826086956521739
9NH7,ensemble,33,66,0.9391304347826087
9NH7,ensemble,33,67,0.9478260869565217
9NH7,ensemble,33,68,0.9652173913043478
9NH7,ensemble,33,69,0.9304347826086956
9NH7,ensemble,33,70,0.9565217391304348
9NH7,ensemble,33,71,0.9652173913043478
9NH7,ensemble,33,72,0.9826086956521739
9NH7,ensemble,33,73,0.991304347826087
9NH7,ensemble,33,74,0.9652173913043478
9NH7,ensemble,33,75,0.9391304347826087
9NH7,ensemble,33,76,0.9739130434782609
9NH7,ensemble,33,77,0.9478260869565217
9NH7,ensemble,33,78,0.9565217391304348
9NH7,ensemble,33,79,0.9565217391304348
9NH7,ensemble,33,80,0.9391304347826087
9NH7,ensemble,33,81,0.9217391304347826
9NH7,ensemble,33,82,0.991304347826087
9NH7,ensemble,33,83,0.9565217391304348
9NH7,ensemble,33,84,0.9565217391304348
9NH7,ensemble,33,85,0.9652173913043478
9NH7,ensemble,33,86,0.9478260869565217
9NH7,ensemble,33,87,0.9478260869565217
9NH7,ensemble,33,88,0.9565217391304348
9NH7,ensemble,33,89,0.9478260869565217
9NH7,ensemble,33,90,0.9478260869565217
9NH7,ensemble,33,91,0.9304347826086956
9NH7,ensemble,33,92,0.9826086956521739
9NH7,ensemble,33,93,0.9217391304347826
9NH7,ensemble,33,94,0.9478260869565217
9NH7,ensemble,33,95,0.9304347826086956
9NH7,ensemble,33,96,0.9478260869565217
9NH7,ensemble,33,97,0.9391304347826087
9NH7,ensemble,33,98,0.9565217391304348
9NH7,ensemble,33,99,0.9478260869565217
9NH7,ensemble,34,35,0.9739130434782609
9NH7,ensemble,34,36,0.9739130434782609
9NH7,ensemble,34,37,0.9478260869565217
9NH7,ensemble,34,38,0.9652173913043478
9NH7,ensemble,34,39,0.9652173913043478
9NH7,ensemble,34,40,0.9478260869565217
9NH7,ensemble,34,41,0.9565217391304348
9NH7,ensemble,34,42,0.9652173913043478
9NH7,ensemble,34,43,0.9826086956521739
9NH7,ensemble,34,44,0.9391304347826087
9NH7,ensemble,34,45,0.9565217391304348
9NH7,ensemble,34,46,0.9652173913043478
9NH7,ensemble,34,47,0.9565217391304348
9NH7,ensemble,34,48,0.9739130434782609
9NH7,ensemble,34,49,0.9217391304347826
9NH7,ensemble,34,50,0.9391304347826087
9NH7,ensemble,34,51,0.9478260869565217
9NH7,ensemble,34,52,0.9565217391304348
9NH7,ensemble,34,53,0.9652173913043478
9NH7,ensemble,34,54,0.9565217391304348
9NH7,ensemble,34,55,0.9739130434782609
9NH7,ensemble,34,56,0.9652173913043478
9NH7,ensemble,34,57,0.9826086956521739
9NH7,ensemble,34,58,0.9391304347826087
9NH7,ensemble,34,59,0.9739130434782609
9NH7,ensemble,34,60,0.9739130434782609
9NH7,ensemble,34,61,0.9652173913043478
9NH7,ensemble,34,62,0.9652173913043478
9NH7,ensemble,34,63,0.9478260869565217
9NH7,ensemble,34,64,0.9826086956521739
9NH7,ensemble,34,65,0.9478260869565217
9NH7,ensemble,34,66,0.9565217391304348
9NH7,ensemble,34,67,0.9739130434782609
9NH7,ensemble,34,68,0.9652173913043478
9NH7,ensemble,34,69,0.9826086956521739
9NH7,ensemble,34,70,0.9652173913043478
9NH7,ensemble,34,71,0.9652173913043478
9NH7,ensemble,34,72,0.9304347826086956
9NH7,ensemble,34,73,0.9391304347826087
9NH7,ensemble,34,74,0.9652173913043478
9NH7,ensemble,34,75,0.9652173913043478
9NH7,ensemble,34,76,0.9391304347826087
9NH7,ensemble,34,77,0.9478260869565217
9NH7,ensemble,34,78,0.9739130434782609
9NH7,ensemble,34,79,0.9304347826086956
9NH7,ensemble,34,80,0.991304347826087
9NH7,ensemble,34,81,0.9391304347826087
9NH7,ensemble,34,82,0.9391304347826087
9NH7,ensemble,34,83,0.9565217391304348
9NH7,ensemble,34,84,0.9565217391304348
9NH7,ensemble,34,85,0.9652173913043478
9NH7,ensemble,34,86,0.9826086956521739
9NH7,ensemble,34,87,0.9565217391304348
9NH7,ensemble,34,88,0.9826086956521739
9NH7,ensemble,34,89,0.9826086956521739
9NH7,ensemble,34,90,0.9565217391304348
9NH7,ensemble,34,91,0.991304347826087
9NH7,ensemble,34,92,0.9391304347826087
9NH7,ensemble,34,93,0.9739130434782609
9NH7,ensemble,34,94,0.9478260869565217
9NH7,ensemble,34,95,0.9826086956521739
9NH7,ensemble,34,96,0.9652173913043478
9NH7,ensemble,34,97,0.9565217391304348
9NH7,ensemble,34,98,0.9739130434782609
9NH7,ensemble,34,99,0.9739130434782609
9NH7,ensemble,35,36,0.9826086956521739
9NH7,ensemble,35,37,0.9478260869565217
9NH7,ensemble,35,38,0.9652173913043478
9NH7,ensemble,35,39,0.9652173913043478
9NH7,ensemble,35,40,0.9304347826086956
9NH7,ensemble,35,41,0.9478260869565217
9NH7,ensemble,35,42,0.9565217391304348
9NH7,ensemble,35,43,0.9652173913043478
9NH7,ensemble,35,44,0.9391304347826087
9NH7,ensemble,35,45,0.9565217391304348
9NH7,ensemble,35,46,0.9565217391304348
9NH7,ensemble,35,47,0.9565217391304348
9NH7,ensemble,35,48,0.9652173913043478
9NH7,ensemble,35,49,0.9304347826086956
9NH7,ensemble,35,50,0.9217391304347826
9NH7,ensemble,35,51,0.9565217391304348
9NH7,ensemble,35,52,0.9652173913043478
9NH7,ensemble,35,53,0.9652173913043478
9NH7,ensemble,35,54,0.9478260869565217
9NH7,ensemble,35,55,0.9565217391304348
9NH7,ensemble,35,56,0.9478260869565217
9NH7,ensemble,35,57,0.991304347826087
9NH7,ensemble,35,58,0.9304347826086956
9NH7,ensemble,35,59,0.9565217391304348
9NH7,ensemble,35,60,0.9565217391304348
9NH7,ensemble,35,61,0.9739130434782609
9NH7,ensemble,35,62,0.9478260869565217
9NH7,ensemble,35,63,0.9478260869565217
9NH7,ensemble,35,64,0.9652173913043478
9NH7,ensemble,35,65,0.9304347826086956
9NH7,ensemble,35,66,0.9478260869565217
9NH7,ensemble,35,67,0.9565217391304348
9NH7,ensemble,35,68,0.9652173913043478
9NH7,ensemble,35,69,0.9652173913043478
9NH7,ensemble,35,70,0.9739130434782609
9NH7,ensemble,35,71,0.9478260869565217
9NH7,ensemble,35,72,0.9391304347826087
9NH7,ensemble,35,73,0.9391304347826087
9NH7,ensemble,35,74,0.9478260869565217
9NH7,ensemble,35,75,0.9478260869565217
9NH7,ensemble,35,76,0.9217391304347826
9NH7,ensemble,35,77,0.9565217391304348
9NH7,ensemble,35,78,0.9565217391304348
9NH7,ensemble,35,79,0.9130434782608695
9NH7,ensemble,35,80,0.9739130434782609
9NH7,ensemble,35,81,0.9304347826086956
9NH7,ensemble,35,82,0.9391304347826087
9NH7,ensemble,35,83,0.9652173913043478
9NH7,ensemble,35,84,0.9565217391304348
9NH7,ensemble,35,85,0.9652173913043478
9NH7,ensemble,35,86,0.9826086956521739
9NH7,ensemble,35,87,0.9391304347826087
9NH7,ensemble,35,88,0.9739130434782609
9NH7,ensemble,35,89,0.9826086956521739
9NH7,ensemble,35,90,0.9478260869565217
9NH7,ensemble,35,91,0.9652173913043478
9NH7,ensemble,35,92,0.9304347826086956
9NH7,ensemble,35,93,0.9565217391304348
9NH7,ensemble,35,94,0.9565217391304348
9NH7,ensemble,35,95,0.9652173913043478
9NH7,ensemble,35,96,0.9565217391304348
9NH7,ensemble,35,97,0.9478260869565217
9NH7,ensemble,35,98,0.9739130434782609
9NH7,ensemble,35,99,0.9565217391304348
9NH7,ensemble,36,37,0.9565217391304348
9NH7,ensemble,36,38,0.9652173913043478
9NH7,ensemble,36,39,0.9652173913043478
9NH7,ensemble,36,40,0.9478260869565217
9NH7,ensemble,36,41,0.9565217391304348
9NH7,ensemble,36,42,0.9652173913043478
9NH7,ensemble,36,43,0.9652173913043478
9NH7,ensemble,36,44,0.9478260869565217
9NH7,ensemble,36,45,0.9739130434782609
9NH7,ensemble,36,46,0.9652173913043478
9NH7,ensemble,36,47,0.9652173913043478
9NH7,ensemble,36,48,0.9826086956521739
9NH7,ensemble,36,49,0.9391304347826087
9NH7,ensemble,36,50,0.9391304347826087
9NH7,ensemble,36,51,0.9652173913043478
9NH7,ensemble,36,52,0.9739130434782609
9NH7,ensemble,36,53,0.9826086956521739
9NH7,ensemble,36,54,0.9652173913043478
9NH7,ensemble,36,55,0.9739130434782609
9NH7,ensemble,36,56,0.9565217391304348
9NH7,ensemble,36,57,0.991304347826087
9NH7,ensemble,36,58,0.9391304347826087
9NH7,ensemble,36,59,0.9739130434782609
9NH7,ensemble,36,60,0.9652173913043478
9NH7,ensemble,36,61,0.9826086956521739
9NH7,ensemble,36,62,0.9478260869565217
9NH7,ensemble,36,63,0.9565217391304348
9NH7,ensemble,36,64,0.9652173913043478
9NH7,ensemble,36,65,0.9478260869565217
9NH7,ensemble,36,66,0.9565217391304348
9NH7,ensemble,36,67,0.9652173913043478
9NH7,ensemble,36,68,0.9826086956521739
9NH7,ensemble,36,69,0.9652173913043478
9NH7,ensemble,36,70,0.9739130434782609
9NH7,ensemble,36,71,0.9652173913043478
9NH7,ensemble,36,72,0.9478260869565217
9NH7,ensemble,36,73,0.9565217391304348
9NH7,ensemble,36,74,0.9652173913043478
9NH7,ensemble,36,75,0.9565217391304348
9NH7,ensemble,36,76,0.9391304347826087
9NH7,ensemble,36,77,0.9652173913043478
9NH7,ensemble,36,78,0.9739130434782609
9NH7,ensemble,36,79,0.9304347826086956
9NH7,ensemble,36,80,0.9739130434782609
9NH7,ensemble,36,81,0.9304347826086956
9NH7,ensemble,36,82,0.9565217391304348
9NH7,ensemble,36,83,0.9739130434782609
9NH7,ensemble,36,84,0.9739130434782609
9NH7,ensemble,36,85,0.9826086956521739
9NH7,ensemble,36,86,0.9826086956521739
9NH7,ensemble,36,87,0.9565217391304348
9NH7,ensemble,36,88,0.991304347826087
9NH7,ensemble,36,89,0.9826086956521739
9NH7,ensemble,36,90,0.9652173913043478
9NH7,ensemble,36,91,0.9652173913043478
9NH7,ensemble,36,92,0.9478260869565217
9NH7,ensemble,36,93,0.9565217391304348
9NH7,ensemble,36,94,0.9652173913043478
9NH7,ensemble,36,95,0.9652173913043478
9NH7,ensemble,36,96,0.9652173913043478
9NH7,ensemble,36,97,0.9565217391304348
9NH7,ensemble,36,98,0.9739130434782609
9NH7,ensemble,36,99,0.9652173913043478
9NH7,ensemble,37,38,0.9391304347826087
9NH7,ensemble,37,39,0.9391304347826087
9NH7,ensemble,37,40,0.9217391304347826
9NH7,ensemble,37,41,0.9391304347826087
9NH7,ensemble,37,42,0.9478260869565217
9NH7,ensemble,37,43,0.9478260869565217
9NH7,ensemble,37,44,0.9130434782608695
9NH7,ensemble,37,45,0.9565217391304348
9NH7,ensemble,37,46,0.9478260869565217
9NH7,ensemble,37,47,0.9391304347826087
9NH7,ensemble,37,48,0.9478260869565217
9NH7,ensemble,37,49,0.9304347826086956
9NH7,ensemble,37,50,0.9304347826086956
9NH7,ensemble,37,51,0.9478260869565217
9NH7,ensemble,37,52,0.9565217391304348
9NH7,ensemble,37,53,0.9652173913043478
9NH7,ensemble,37,54,0.9304347826086956
9NH7,ensemble,37,55,0.9565217391304348
9NH7,ensemble,37,56,0.9391304347826087
9NH7,ensemble,37,57,0.9565217391304348
9NH7,ensemble,37,58,0.9826086956521739
9NH7,ensemble,37,59,0.9565217391304348
9NH7,ensemble,37,60,0.9478260869565217
9NH7,ensemble,37,61,0.9478260869565217
9NH7,ensemble,37,62,0.9478260869565217
9NH7,ensemble,37,63,0.9391304347826087
9NH7,ensemble,37,64,0.9391304347826087
9NH7,ensemble,37,65,0.9391304347826087
9NH7,ensemble,37,66,0.9391304347826087
9NH7,ensemble,37,67,0.9478260869565217
9NH7,ensemble,37,68,0.9652173913043478
9NH7,ensemble,37,69,0.9391304347826087
9NH7,ensemble,37,70,0.9565217391304348
9NH7,ensemble,37,71,0.9565217391304348
9NH7,ensemble,37,72,0.9391304347826087
9NH7,ensemble,37,73,0.9478260869565217
9NH7,ensemble,37,74,0.9565217391304348
9NH7,ensemble,37,75,0.9391304347826087
9NH7,ensemble,37,76,0.9304347826086956
9NH7,ensemble,37,77,0.9478260869565217
9NH7,ensemble,37,78,0.9565217391304348
9NH7,ensemble,37,79,0.9391304347826087
9NH7,ensemble,37,80,0.9478260869565217
9NH7,ensemble,37,81,0.9391304347826087
9NH7,ensemble,37,82,0.9478260869565217
9NH7,ensemble,37,83,0.9565217391304348
9NH7,ensemble,37,84,0.9565217391304348
9NH7,ensemble,37,85,0.9652173913043478
9NH7,ensemble,37,86,0.9565217391304348
9NH7,ensemble,37,87,0.9478260869565217
9NH7,ensemble,37,88,0.9478260869565217
9NH7,ensemble,37,89,0.9565217391304348
9NH7,ensemble,37,90,0.9478260869565217
9NH7,ensemble,37,91,0.9391304347826087
9NH7,ensemble,37,92,0.9304347826086956
9NH7,ensemble,37,93,0.9304347826086956
9NH7,ensemble,37,94,0.9478260869565217
9NH7,ensemble,37,95,0.9391304347826087
9NH7,ensemble,37,96,0.9478260869565217
9NH7,ensemble,37,97,0.9391304347826087
9NH7,ensemble,37,98,0.9652173913043478
9NH7,ensemble,37,99,0.9478260869565217
9NH7,ensemble,38,39,1.0
9NH7,ensemble,38,40,0.9217391304347826
9NH7,ensemble,38,41,0.9478260869565217
9NH7,ensemble,38,42,0.9391304347826087
9NH7,ensemble,38,43,0.9652173913043478
9NH7,ensemble,38,44,0.9130434782608695
9NH7,ensemble,38,45,0.9652173913043478
9NH7,ensemble,38,46,0.9391304347826087
9NH7,ensemble,38,47,0.9565217391304348
9NH7,ensemble,38,48,0.9478260869565217
9NH7,ensemble,38,49,0.9304347826086956
9NH7,ensemble,38,50,0.9130434782608695
9NH7,ensemble,38,51,0.9565217391304348
9NH7,ensemble,38,52,0.9478260869565217
9NH7,ensemble,38,53,0.9565217391304348
9NH7,ensemble,38,54,0.9304347826086956
9NH7,ensemble,38,55,0.9478260869565217
9NH7,ensemble,38,56,0.9304347826086956
9NH7,ensemble,38,57,0.9739130434782609
9NH7,ensemble,38,58,0.9391304347826087
9NH7,ensemble,38,59,0.9478260869565217
9NH7,ensemble,38,60,0.9391304347826087
9NH7,ensemble,38,61,0.9565217391304348
9NH7,ensemble,38,62,0.9565217391304348
9NH7,ensemble,38,63,0.9304347826086956
9NH7,ensemble,38,64,0.9826086956521739
9NH7,ensemble,38,65,0.9217391304347826
9NH7,ensemble,38,66,0.9304347826086956
9NH7,ensemble,38,67,0.9391304347826087
9NH7,ensemble,38,68,0.9565217391304348
9NH7,ensemble,38,69,0.9652173913043478
9NH7,ensemble,38,70,0.9478260869565217
9NH7,ensemble,38,71,0.9391304347826087
9NH7,ensemble,38,72,0.9217391304347826
9NH7,ensemble,38,73,0.9304347826086956
9NH7,ensemble,38,74,0.9391304347826087
9NH7,ensemble,38,75,0.9304347826086956
9NH7,ensemble,38,76,0.9130434782608695
9NH7,ensemble,38,77,0.9565217391304348
9NH7,ensemble,38,78,0.9478260869565217
9NH7,ensemble,38,79,0.9043478260869565
9NH7,ensemble,38,80,0.9739130434782609
9NH7,ensemble,38,81,0.9391304347826087
9NH7,ensemble,38,82,0.9304347826086956
9NH7,ensemble,38,83,0.9478260869565217
9NH7,ensemble,38,84,0.9478260869565217
9NH7,ensemble,38,85,0.9565217391304348
9NH7,ensemble,38,86,0.9739130434782609
9NH7,ensemble,38,87,0.9304347826086956
9NH7,ensemble,38,88,0.9565217391304348
9NH7,ensemble,38,89,0.9826086956521739
9NH7,ensemble,38,90,0.9565217391304348
9NH7,ensemble,38,91,0.9565217391304348
9NH7,ensemble,38,92,0.9130434782608695
9NH7,ensemble,38,93,0.9739130434782609
9NH7,ensemble,38,94,0.9565217391304348
9NH7,ensemble,38,95,0.9826086956521739
9NH7,ensemble,38,96,0.9391304347826087
9NH7,ensemble,38,97,0.9478260869565217
9NH7,ensemble,38,98,0.9739130434782609
9NH7,ensemble,38,99,0.9391304347826087
9NH7,ensemble,39,40,0.9217391304347826
9NH7,ensemble,39,41,0.9478260869565217
9NH7,ensemble,39,42,0.9391304347826087
9NH7,ensemble,39,43,0.9652173913043478
9NH7,ensemble,39,44,0.9130434782608695
9NH7,ensemble,39,45,0.9652173913043478
9NH7,ensemble,39,46,0.9391304347826087
9NH7,ensemble,39,47,0.9565217391304348
9NH7,ensemble,39,48,0.9478260869565217
9NH7,ensemble,39,49,0.9304347826086956
9NH7,ensemble,39,50,0.9130434782608695
9NH7,ensemble,39,51,0.9565217391304348
9NH7,ensemble,39,52,0.9478260869565217
9NH7,ensemble,39,53,0.9565217391304348
9NH7,ensemble,39,54,0.9304347826086956
9NH7,ensemble,39,55,0.9478260869565217
9NH7,ensemble,39,56,0.9304347826086956
9NH7,ensemble,39,57,0.9739130434782609
9NH7,ensemble,39,58,0.9391304347826087
9NH7,ensemble,39,59,0.9478260869565217
9NH7,ensemble,39,60,0.9391304347826087
9NH7,ensemble,39,61,0.9565217391304348
9NH7,ensemble,39,62,0.9565217391304348
9NH7,ensemble,39,63,0.9304347826086956
9NH7,ensemble,39,64,0.9826086956521739
9NH7,ensemble,39,65,0.9217391304347826
9NH7,ensemble,39,66,0.9304347826086956
9NH7,ensemble,39,67,0.9391304347826087
9NH7,ensemble,39,68,0.9565217391304348
9NH7,ensemble,39,69,0.9652173913043478
9NH7,ensemble,39,70,0.9478260869565217
9NH7,ensemble,39,71,0.9391304347826087
9NH7,ensemble,39,72,0.9217391304347826
9NH7,ensemble,39,73,0.9304347826086956
9NH7,ensemble,39,74,0.9391304347826087
9NH7,ensemble,39,75,0.9304347826086956
9NH7,ensemble,39,76,0.9130434782608695
9NH7,ensemble,39,77,0.9565217391304348
9NH7,ensemble,39,78,0.9478260869565217
9NH7,ensemble,39,79,0.9043478260869565
9NH7,ensemble,39,80,0.9739130434782609
9NH7,ensemble,39,81,0.9391304347826087
9NH7,ensemble,39,82,0.9304347826086956
9NH7,ensemble,39,83,0.9478260869565217
9NH7,ensemble,39,84,0.9478260869565217
9NH7,ensemble,39,85,0.9565217391304348
9NH7,ensemble,39,86,0.9739130434782609
9NH7,ensemble,39,87,0.9304347826086956
9NH7,ensemble,39,88,0.9565217391304348
9NH7,ensemble,39,89,0.9826086956521739
9NH7,ensemble,39,90,0.9565217391304348
9NH7,ensemble,39,91,0.9565217391304348
9NH7,ensemble,39,92,0.9130434782608695
9NH7,ensemble,39,93,0.9739130434782609
9NH7,ensemble,39,94,0.9565217391304348
9NH7,ensemble,39,95,0.9826086956521739
9NH7,ensemble,39,96,0.9391304347826087
9NH7,ensemble,39,97,0.9478260869565217
9NH7,ensemble,39,98,0.9739130434782609
9NH7,ensemble,39,99,0.9391304347826087
9NH7,ensemble,40,41,0.9391304347826087
9NH7,ensemble,40,42,0.9391304347826087
9NH7,ensemble,40,43,0.9478260869565217
9NH7,ensemble,40,44,0.9739130434782609
9NH7,ensemble,40,45,0.9391304347826087
9NH7,ensemble,40,46,0.9478260869565217
9NH7,ensemble,40,47,0.9217391304347826
9NH7,ensemble,40,48,0.9652173913043478
9NH7,ensemble,40,49,0.9478260869565217
9NH7,ensemble,40,50,0.9826086956521739
9NH7,ensemble,40,51,0.9304347826086956
9NH7,ensemble,40,52,0.9391304347826087
9NH7,ensemble,40,53,0.9478260869565217
9NH7,ensemble,40,54,0.9739130434782609
9NH7,ensemble,40,55,0.9565217391304348
9NH7,ensemble,40,56,0.9478260869565217
9NH7,ensemble,40,57,0.9391304347826087
9NH7,ensemble,40,58,0.9130434782608695
9NH7,ensemble,40,59,0.9565217391304348
9NH7,ensemble,40,60,0.9391304347826087
9NH7,ensemble,40,61,0.9478260869565217
9NH7,ensemble,40,62,0.9478260869565217
9NH7,ensemble,40,63,0.9478260869565217
9NH7,ensemble,40,64,0.9391304347826087
9NH7,ensemble,40,65,0.9739130434782609
9NH7,ensemble,40,66,0.9565217391304348
9NH7,ensemble,40,67,0.9391304347826087
9NH7,ensemble,40,68,0.9478260869565217
9NH7,ensemble,40,69,0.9565217391304348
9NH7,ensemble,40,70,0.9304347826086956
9NH7,ensemble,40,71,0.9565217391304348
9NH7,ensemble,40,72,0.9565217391304348
9NH7,ensemble,40,73,0.9652173913043478
9NH7,ensemble,40,74,0.9565217391304348
9NH7,ensemble,40,75,0.9478260869565217
9NH7,ensemble,40,76,0.9826086956521739
9NH7,ensemble,40,77,0.9304347826086956
9NH7,ensemble,40,78,0.9565217391304348
9NH7,ensemble,40,79,0.9739130434782609
9NH7,ensemble,40,80,0.9478260869565217
9NH7,ensemble,40,81,0.9130434782608695
9NH7,ensemble,40,82,0.9652173913043478
9NH7,ensemble,40,83,0.9391304347826087
9NH7,ensemble,40,84,0.9565217391304348
9NH7,ensemble,40,85,0.9478260869565217
9NH7,ensemble,40,86,0.9391304347826087
9NH7,ensemble,40,87,0.9739130434782609
9NH7,ensemble,40,88,0.9565217391304348
9NH7,ensemble,40,89,0.9391304347826087
9NH7,ensemble,40,90,0.9391304347826087
9NH7,ensemble,40,91,0.9565217391304348
9NH7,ensemble,40,92,0.9652173913043478
9NH7,ensemble,40,93,0.9478260869565217
9NH7,ensemble,40,94,0.9304347826086956
9NH7,ensemble,40,95,0.9391304347826087
9NH7,ensemble,40,96,0.9478260869565217
9NH7,ensemble,40,97,0.9391304347826087
9NH7,ensemble,40,98,0.9304347826086956
9NH7,ensemble,40,99,0.9391304347826087
9NH7,ensemble,41,42,0.9826086956521739
9NH7,ensemble,41,43,0.9478260869565217
9NH7,ensemble,41,44,0.9304347826086956
9NH7,ensemble,41,45,0.9826086956521739
9NH7,ensemble,41,46,0.991304347826087
9NH7,ensemble,41,47,0.9739130434782609
9NH7,ensemble,41,48,0.9565217391304348
9NH7,ensemble,41,49,0.9565217391304348
9NH7,ensemble,41,50,0.9478260869565217
9NH7,ensemble,41,51,0.991304347826087
9NH7,ensemble,41,52,0.9826086956521739
9NH7,ensemble,41,53,0.9739130434782609
9NH7,ensemble,41,54,0.9391304347826087
9NH7,ensemble,41,55,0.9826086956521739
9NH7,ensemble,41,56,0.9739130434782609
9NH7,ensemble,41,57,0.9478260869565217
9NH7,ensemble,41,58,0.9478260869565217
9NH7,ensemble,41,59,0.9826086956521739
9NH7,ensemble,41,60,0.9826086956521739
9NH7,ensemble,41,61,0.9739130434782609
9NH7,ensemble,41,62,0.9739130434782609
9NH7,ensemble,41,63,0.9739130434782609
9NH7,ensemble,41,64,0.9478260869565217
9NH7,ensemble,41,65,0.9565217391304348
9NH7,ensemble,41,66,0.9652173913043478
9NH7,ensemble,41,67,0.9826086956521739
9NH7,ensemble,41,68,0.9739130434782609
9NH7,ensemble,41,69,0.9478260869565217
9NH7,ensemble,41,70,0.9652173913043478
9NH7,ensemble,41,71,0.9739130434782609
9NH7,ensemble,41,72,0.9478260869565217
9NH7,ensemble,41,73,0.9478260869565217
9NH7,ensemble,41,74,0.9739130434782609
9NH7,ensemble,41,75,0.9739130434782609
9NH7,ensemble,41,76,0.9478260869565217
9NH7,ensemble,41,77,0.9826086956521739
9NH7,ensemble,41,78,0.9826086956521739
9NH7,ensemble,41,79,0.9391304347826087
9NH7,ensemble,41,80,0.9565217391304348
9NH7,ensemble,41,81,0.9565217391304348
9NH7,ensemble,41,82,0.9478260869565217
9NH7,ensemble,41,83,0.9739130434782609
9NH7,ensemble,41,84,0.9652173913043478
9NH7,ensemble,41,85,0.9739130434782609
9NH7,ensemble,41,86,0.9478260869565217
9NH7,ensemble,41,87,0.9652173913043478
9NH7,ensemble,41,88,0.9652173913043478
9NH7,ensemble,41,89,0.9478260869565217
9NH7,ensemble,41,90,0.9826086956521739
9NH7,ensemble,41,91,0.9478260869565217
9NH7,ensemble,41,92,0.9391304347826087
9NH7,ensemble,41,93,0.9391304347826087
9NH7,ensemble,41,94,0.991304347826087
9NH7,ensemble,41,95,0.9478260869565217
9NH7,ensemble,41,96,0.9826086956521739
9NH7,ensemble,41,97,0.991304347826087
9NH7,ensemble,41,98,0.9565217391304348
9NH7,ensemble,41,99,0.9826086956521739
9NH7,ensemble,42,43,0.9565217391304348
9NH7,ensemble,42,44,0.9391304347826087
9NH7,ensemble,42,45,0.9652173913043478
9NH7,ensemble,42,46,0.991304347826087
9NH7,ensemble,42,47,0.9652173913043478
9NH7,ensemble,42,48,0.9652173913043478
9NH7,ensemble,42,49,0.9391304347826087
9NH7,ensemble,42,50,0.9478260869565217
9NH7,ensemble,42,51,0.9739130434782609
9NH7,ensemble,42,52,0.9826086956521739
9NH7,ensemble,42,53,0.9739130434782609
9NH7,ensemble,42,54,0.9478260869565217
9NH7,ensemble,42,55,0.9826086956521739
9NH7,ensemble,42,56,0.9826086956521739
9NH7,ensemble,42,57,0.9565217391304348
9NH7,ensemble,42,58,0.9391304347826087
9NH7,ensemble,42,59,0.9826086956521739
9NH7,ensemble,42,60,0.991304347826087
9NH7,ensemble,42,61,0.9739130434782609
9NH7,ensemble,42,62,0.9565217391304348
9NH7,ensemble,42,63,0.9739130434782609
9NH7,ensemble,42,64,0.9565217391304348
9NH7,ensemble,42,65,0.9565217391304348
9NH7,ensemble,42,66,0.9652173913043478
9NH7,ensemble,42,67,0.991304347826087
9NH7,ensemble,42,68,0.9739130434782609
9NH7,ensemble,42,69,0.9565217391304348
9NH7,ensemble,42,70,0.9739130434782609
9NH7,ensemble,42,71,0.9739130434782609
9NH7,ensemble,42,72,0.9478260869565217
9NH7,ensemble,42,73,0.9478260869565217
9NH7,ensemble,42,74,0.9739130434782609
9NH7,ensemble,42,75,0.9826086956521739
9NH7,ensemble,42,76,0.9478260869565217
9NH7,ensemble,42,77,0.9652173913043478
9NH7,ensemble,42,78,0.9826086956521739
9NH7,ensemble,42,79,0.9391304347826087
9NH7,ensemble,42,80,0.9652173913043478
9NH7,ensemble,42,81,0.9478260869565217
9NH7,ensemble,42,82,0.9478260869565217
9NH7,ensemble,42,83,0.9739130434782609
9NH7,ensemble,42,84,0.9652173913043478
9NH7,ensemble,42,85,0.9739130434782609
9NH7,ensemble,42,86,0.9565217391304348
9NH7,ensemble,42,87,0.9652173913043478
9NH7,ensemble,42,88,0.9739130434782609
9NH7,ensemble,42,89,0.9565217391304348
9NH7,ensemble,42,90,0.9652173913043478
9NH7,ensemble,42,91,0.9565217391304348
9NH7,ensemble,42,92,0.9478260869565217
9NH7,ensemble,42,93,0.9478260869565217
9NH7,ensemble,42,94,0.9739130434782609
9NH7,ensemble,42,95,0.9565217391304348
9NH7,ensemble,42,96,0.9826086956521739
9NH7,ensemble,42,97,0.9739130434782609
9NH7,ensemble,42,98,0.9652173913043478
9NH7,ensemble,42,99,0.991304347826087
9NH7,ensemble,43,44,0.9391304347826087
9NH7,ensemble,43,45,0.9478260869565217
9NH7,ensemble,43,46,0.9565217391304348
9NH7,ensemble,43,47,0.9391304347826087
9NH7,ensemble,43,48,0.9739130434782609
9NH7,ensemble,43,49,0.9217391304347826
9NH7,ensemble,43,50,0.9391304347826087
9NH7,ensemble,43,51,0.9391304347826087
9NH7,ensemble,43,52,0.9478260869565217
9NH7,ensemble,43,53,0.9565217391304348
9NH7,ensemble,43,54,0.9565217391304348
9NH7,ensemble,43,55,0.9652173913043478
9NH7,ensemble,43,56,0.9478260869565217
9NH7,ensemble,43,57,0.9739130434782609
9NH7,ensemble,43,58,0.9391304347826087
9NH7,ensemble,43,59,0.9652173913043478
9NH7,ensemble,43,60,0.9565217391304348
9NH7,ensemble,43,61,0.9565217391304348
9NH7,ensemble,43,62,0.9652173913043478
9NH7,ensemble,43,63,0.9391304347826087
9NH7,ensemble,43,64,0.9826086956521739
9NH7,ensemble,43,65,0.9478260869565217
9NH7,ensemble,43,66,0.9565217391304348
9NH7,ensemble,43,67,0.9565217391304348
9NH7,ensemble,43,68,0.9565217391304348
9NH7,ensemble,43,69,0.9826086956521739
9NH7,ensemble,43,70,0.9478260869565217
9NH7,ensemble,43,71,0.9652173913043478
9NH7,ensemble,43,72,0.9304347826086956
9NH7,ensemble,43,73,0.9391304347826087
9NH7,ensemble,43,74,0.9652173913043478
9NH7,ensemble,43,75,0.9478260869565217
9NH7,ensemble,43,76,0.9391304347826087
9NH7,ensemble,43,77,0.9391304347826087
9NH7,ensemble,43,78,0.9652173913043478
9NH7,ensemble,43,79,0.9304347826086956
9NH7,ensemble,43,80,0.991304347826087
9NH7,ensemble,43,81,0.9478260869565217
9NH7,ensemble,43,82,0.9391304347826087
9NH7,ensemble,43,83,0.9478260869565217
9NH7,ensemble,43,84,0.9478260869565217
9NH7,ensemble,43,85,0.9565217391304348
9NH7,ensemble,43,86,0.9739130434782609
9NH7,ensemble,43,87,0.9565217391304348
9NH7,ensemble,43,88,0.9739130434782609
9NH7,ensemble,43,89,0.9826086956521739
9NH7,ensemble,43,90,0.9478260869565217
9NH7,ensemble,43,91,0.9739130434782609
9NH7,ensemble,43,92,0.9391304347826087
9NH7,ensemble,43,93,0.9739130434782609
9NH7,ensemble,43,94,0.9391304347826087
9NH7,ensemble,43,95,0.9826086956521739
9NH7,ensemble,43,96,0.9565217391304348
9NH7,ensemble,43,97,0.9478260869565217
9NH7,ensemble,43,98,0.9739130434782609
9NH7,ensemble,43,99,0.9565217391304348
9NH7,ensemble,44,45,0.9217391304347826
9NH7,ensemble,44,46,0.9391304347826087
9NH7,ensemble,44,47,0.9217391304347826
9NH7,ensemble,44,48,0.9565217391304348
9NH7,ensemble,44,49,0.9565217391304348
9NH7,ensemble,44,50,0.9739130434782609
9NH7,ensemble,44,51,0.9217391304347826
9NH7,ensemble,44,52,0.9304347826086956
9NH7,ensemble,44,53,0.9304347826086956
9NH7,ensemble,44,54,0.9826086956521739
9NH7,ensemble,44,55,0.9391304347826087
9NH7,ensemble,44,56,0.9478260869565217
9NH7,ensemble,44,57,0.9391304347826087
9NH7,ensemble,44,58,0.9043478260869565
9NH7,ensemble,44,59,0.9391304347826087
9NH7,ensemble,44,60,0.9391304347826087
9NH7,ensemble,44,61,0.9391304347826087
9NH7,ensemble,44,62,0.9217391304347826
9NH7,ensemble,44,63,0.9391304347826087
9NH7,ensemble,44,64,0.9304347826086956
9NH7,ensemble,44,65,0.9652173913043478
9NH7,ensemble,44,66,0.9478260869565217
9NH7,ensemble,44,67,0.9391304347826087
9NH7,ensemble,44,68,0.9304347826086956
9NH7,ensemble,44,69,0.9478260869565217
9NH7,ensemble,44,70,0.9304347826086956
9NH7,ensemble,44,71,0.9478260869565217
9NH7,ensemble,44,72,0.9652173913043478
9NH7,ensemble,44,73,0.9565217391304348
9NH7,ensemble,44,74,0.9478260869565217
9NH7,ensemble,44,75,0.9478260869565217
9NH7,ensemble,44,76,0.9739130434782609
9NH7,ensemble,44,77,0.9304347826086956
9NH7,ensemble,44,78,0.9391304347826087
9NH7,ensemble,44,79,0.9565217391304348
9NH7,ensemble,44,80,0.9391304347826087
9NH7,ensemble,44,81,0.9130434782608695
9NH7,ensemble,44,82,0.9565217391304348
9NH7,ensemble,44,83,0.9391304347826087
9NH7,ensemble,44,84,0.9391304347826087
9NH7,ensemble,44,85,0.9304347826086956
9NH7,ensemble,44,86,0.9304347826086956
9NH7,ensemble,44,87,0.9478260869565217
9NH7,ensemble,44,88,0.9565217391304348
9NH7,ensemble,44,89,0.9304347826086956
9NH7,ensemble,44,90,0.9217391304347826
9NH7,ensemble,44,91,0.9478260869565217
9NH7,ensemble,44,92,0.9739130434782609
9NH7,ensemble,44,93,0.9391304347826087
9NH7,ensemble,44,94,0.9217391304347826
9NH7,ensemble,44,95,0.9304347826086956
9NH7,ensemble,44,96,0.9478260869565217
9NH7,ensemble,44,97,0.9391304347826087
9NH7,ensemble,44,98,0.9217391304347826
9NH7,ensemble,44,99,0.9391304347826087
9NH7,ensemble,45,46,0.9739130434782609
9NH7,ensemble,45,47,0.9739130434782609
9NH7,ensemble,45,48,0.9565217391304348
9NH7,ensemble,45,49,0.9652173913043478
9NH7,ensemble,45,50,0.9478260869565217
9NH7,ensemble,45,51,0.991304347826087
9NH7,ensemble,45,52,0.9826086956521739
9NH7,ensemble,45,53,0.991304347826087
9NH7,ensemble,45,54,0.9391304347826087
9NH7,ensemble,45,55,0.9826086956521739
9NH7,ensemble,45,56,0.9565217391304348
9NH7,ensemble,45,57,0.9652173913043478
9NH7,ensemble,45,58,0.9565217391304348
9NH7,ensemble,45,59,0.9826086956521739
9NH7,ensemble,45,60,0.9652173913043478
9NH7,ensemble,45,61,0.9739130434782609
9NH7,ensemble,45,62,0.9739130434782609
9NH7,ensemble,45,63,0.9652173913043478
9NH7,ensemble,45,64,0.9478260869565217
9NH7,ensemble,45,65,0.9565217391304348
9NH7,ensemble,45,66,0.9565217391304348
9NH7,ensemble,45,67,0.9652173913043478
9NH7,ensemble,45,68,0.991304347826087
9NH7,ensemble,45,69,0.9478260869565217
9NH7,ensemble,45,70,0.9739130434782609
9NH7,ensemble,45,71,0.9739130434782609
9NH7,ensemble,45,72,0.9565217391304348
9NH7,ensemble,45,73,0.9652173913043478
9NH7,ensemble,45,74,0.9739130434782609
9NH7,ensemble,45,75,0.9565217391304348
9NH7,ensemble,45,76,0.9478260869565217
9NH7,ensemble,45,77,0.991304347826087
9NH7,ensemble,45,78,0.9826086956521739
9NH7,ensemble,45,79,0.9391304347826087
9NH7,ensemble,45,80,0.9565217391304348
9NH7,ensemble,45,81,0.9478260869565217
9NH7,ensemble,45,82,0.9652173913043478
9NH7,ensemble,45,83,0.9826086956521739
9NH7,ensemble,45,84,0.9826086956521739
9NH7,ensemble,45,85,0.991304347826087
9NH7,ensemble,45,86,0.9652173913043478
9NH7,ensemble,45,87,0.9652173913043478
9NH7,ensemble,45,88,0.9652173913043478
9NH7,ensemble,45,89,0.9652173913043478
9NH7,ensemble,45,90,0.991304347826087
9NH7,ensemble,45,91,0.9478260869565217
9NH7,ensemble,45,92,0.9391304347826087
9NH7,ensemble,45,93,0.9391304347826087
9NH7,ensemble,45,94,0.991304347826087
9NH7,ensemble,45,95,0.9478260869565217
9NH7,ensemble,45,96,0.9739130434782609
9NH7,ensemble,45,97,0.9826086956521739
9NH7,ensemble,45,98,0.9739130434782609
9NH7,ensemble,45,99,0.9652173913043478
9NH7,ensemble,46,47,0.9652173913043478
9NH7,ensemble,46,48,0.9652173913043478
9NH7,ensemble,46,49,0.9478260869565217
9NH7,ensemble,46,50,0.9565217391304348
9NH7,ensemble,46,51,0.9826086956521739
9NH7,ensemble,46,52,0.991304347826087
9NH7,ensemble,46,53,0.9826086956521739
9NH7,ensemble,46,54,0.9478260869565217
9NH7,ensemble,46,55,0.991304347826087
9NH7,ensemble,46,56,0.9826086956521739
9NH7,ensemble,46,57,0.9565217391304348
9NH7,ensemble,46,58,0.9391304347826087
9NH7,ensemble,46,59,0.991304347826087
9NH7,ensemble,46,60,0.991304347826087
9NH7,ensemble,46,61,0.9826086956521739
9NH7,ensemble,46,62,0.9652173913043478
9NH7,ensemble,46,63,0.9826086956521739
9NH7,ensemble,46,64,0.9565217391304348
9NH7,ensemble,46,65,0.9652173913043478
9NH7,ensemble,46,66,0.9739130434782609
9NH7,ensemble,46,67,0.991304347826087
9NH7,ensemble,46,68,0.9826086956521739
9NH7,ensemble,46,69,0.9565217391304348
9NH7,ensemble,46,70,0.9739130434782609
9NH7,ensemble,46,71,0.9826086956521739
9NH7,ensemble,46,72,0.9565217391304348
9NH7,ensemble,46,73,0.9565217391304348
9NH7,ensemble,46,74,0.9826086956521739
9NH7,ensemble,46,75,0.9826086956521739
9NH7,ensemble,46,76,0.9565217391304348
9NH7,ensemble,46,77,0.9739130434782609
9NH7,ensemble,46,78,0.991304347826087
9NH7,ensemble,46,79,0.9478260869565217
9NH7,ensemble,46,80,0.9652173913043478
9NH7,ensemble,46,81,0.9478260869565217
9NH7,ensemble,46,82,0.9565217391304348
9NH7,ensemble,46,83,0.9826086956521739
9NH7,ensemble,46,84,0.9739130434782609
9NH7,ensemble,46,85,0.9826086956521739
9NH7,ensemble,46,86,0.9565217391304348
9NH7,ensemble,46,87,0.9739130434782609
9NH7,ensemble,46,88,0.9739130434782609
9NH7,ensemble,46,89,0.9565217391304348
9NH7,ensemble,46,90,0.9739130434782609
9NH7,ensemble,46,91,0.9565217391304348
9NH7,ensemble,46,92,0.9478260869565217
9NH7,ensemble,46,93,0.9478260869565217
9NH7,ensemble,46,94,0.9826086956521739
9NH7,ensemble,46,95,0.9565217391304348
9NH7,ensemble,46,96,0.991304347826087
9NH7,ensemble,46,97,0.9826086956521739
9NH7,ensemble,46,98,0.9652173913043478
9NH7,ensemble,46,99,0.991304347826087
9NH7,ensemble,47,48,0.9478260869565217
9NH7,ensemble,47,49,0.9478260869565217
9NH7,ensemble,47,50,0.9217391304347826
9NH7,ensemble,47,51,0.9826086956521739
9NH7,ensemble,47,52,0.9739130434782609
9NH7,ensemble,47,53,0.9652173913043478
9NH7,ensemble,47,54,0.9304347826086956
9NH7,ensemble,47,55,0.9565217391304348
9NH7,ensemble,47,56,0.9652173913043478
9NH7,ensemble,47,57,0.9565217391304348
9NH7,ensemble,47,58,0.9391304347826087
9NH7,ensemble,47,59,0.9565217391304348
9NH7,ensemble,47,60,0.9739130434782609
9NH7,ensemble,47,61,0.9739130434782609
9NH7,ensemble,47,62,0.9478260869565217
9NH7,ensemble,47,63,0.9565217391304348
9NH7,ensemble,47,64,0.9391304347826087
9NH7,ensemble,47,65,0.9304347826086956
9NH7,ensemble,47,66,0.9565217391304348
9NH7,ensemble,47,67,0.9739130434782609
9NH7,ensemble,47,68,0.9652173913043478
9NH7,ensemble,47,69,0.9391304347826087
9NH7,ensemble,47,70,0.9739130434782609
9NH7,ensemble,47,71,0.9478260869565217
9NH7,ensemble,47,72,0.9391304347826087
9NH7,ensemble,47,73,0.9391304347826087
9NH7,ensemble,47,74,0.9478260869565217
9NH7,ensemble,47,75,0.9652173913043478
9NH7,ensemble,47,76,0.9217391304347826
9NH7,ensemble,47,77,0.9739130434782609
9NH7,ensemble,47,78,0.9565217391304348
9NH7,ensemble,47,79,0.9130434782608695
9NH7,ensemble,47,80,0.9478260869565217
9NH7,ensemble,47,81,0.9391304347826087
9NH7,ensemble,47,82,0.9391304347826087
9NH7,ensemble,47,83,0.9652173913043478
9NH7,ensemble,47,84,0.9565217391304348
9NH7,ensemble,47,85,0.9652173913043478
9NH7,ensemble,47,86,0.9565217391304348
9NH7,ensemble,47,87,0.9391304347826087
9NH7,ensemble,47,88,0.9565217391304348
9NH7,ensemble,47,89,0.9565217391304348
9NH7,ensemble,47,90,0.9652173913043478
9NH7,ensemble,47,91,0.9478260869565217
9NH7,ensemble,47,92,0.9217391304347826
9NH7,ensemble,47,93,0.9304347826086956
9NH7,ensemble,47,94,0.9826086956521739
9NH7,ensemble,47,95,0.9391304347826087
9NH7,ensemble,47,96,0.9565217391304348
9NH7,ensemble,47,97,0.9652173913043478
9NH7,ensemble,47,98,0.9565217391304348
9NH7,ensemble,47,99,0.9739130434782609
9NH7,ensemble,48,49,0.9304347826086956
9NH7,ensemble,48,50,0.9478260869565217
9NH7,ensemble,48,51,0.9478260869565217
9NH7,ensemble,48,52,0.9565217391304348
9NH7,ensemble,48,53,0.9652173913043478
9NH7,ensemble,48,54,0.9739130434782609
9NH7,ensemble,48,55,0.9739130434782609
9NH7,ensemble,48,56,0.9565217391304348
9NH7,ensemble,48,57,0.9739130434782609
9NH7,ensemble,48,58,0.9391304347826087
9NH7,ensemble,48,59,0.9739130434782609
9NH7,ensemble,48,60,0.9652173913043478
9NH7,ensemble,48,61,0.9652173913043478
9NH7,ensemble,48,62,0.9652173913043478
9NH7,ensemble,48,63,0.9478260869565217
9NH7,ensemble,48,64,0.9652173913043478
9NH7,ensemble,48,65,0.9565217391304348
9NH7,ensemble,48,66,0.9739130434782609
9NH7,ensemble,48,67,0.9652173913043478
9NH7,ensemble,48,68,0.9652173913043478
9NH7,ensemble,48,69,0.9652173913043478
9NH7,ensemble,48,70,0.9565217391304348
9NH7,ensemble,48,71,0.9739130434782609
9NH7,ensemble,48,72,0.9391304347826087
9NH7,ensemble,48,73,0.9478260869565217
9NH7,ensemble,48,74,0.9739130434782609
9NH7,ensemble,48,75,0.9565217391304348
9NH7,ensemble,48,76,0.9478260869565217
9NH7,ensemble,48,77,0.9478260869565217
9NH7,ensemble,48,78,0.9739130434782609
9NH7,ensemble,48,79,0.9391304347826087
9NH7,ensemble,48,80,0.9739130434782609
9NH7,ensemble,48,81,0.9391304347826087
9NH7,ensemble,48,82,0.9478260869565217
9NH7,ensemble,48,83,0.9565217391304348
9NH7,ensemble,48,84,0.9565217391304348
9NH7,ensemble,48,85,0.9652173913043478
9NH7,ensemble,48,86,0.9652173913043478
9NH7,ensemble,48,87,0.9739130434782609
9NH7,ensemble,48,88,0.991304347826087
9NH7,ensemble,48,89,0.9652173913043478
9NH7,ensemble,48,90,0.9565217391304348
9NH7,ensemble,48,91,0.9652173913043478
9NH7,ensemble,48,92,0.9565217391304348
9NH7,ensemble,48,93,0.9565217391304348
9NH7,ensemble,48,94,0.9478260869565217
9NH7,ensemble,48,95,0.9652173913043478
9NH7,ensemble,48,96,0.9652173913043478
9NH7,ensemble,48,97,0.9565217391304348
9NH7,ensemble,48,98,0.9565217391304348
9NH7,ensemble,48,99,0.9652173913043478
9NH7,ensemble,49,50,0.9652173913043478
9NH7,ensemble,49,51,0.9652173913043478
9NH7,ensemble,49,52,0.9565217391304348
9NH7,ensemble,49,53,0.9565217391304348
9NH7,ensemble,49,54,0.9565217391304348
9NH7,ensemble,49,55,0.9478260869565217
9NH7,ensemble,49,56,0.9304347826086956
9NH7,ensemble,49,57,0.9304347826086956
9NH7,ensemble,49,58,0.9304347826086956
9NH7,ensemble,49,59,0.9478260869565217
9NH7,ensemble,49,60,0.9391304347826087
9NH7,ensemble,49,61,0.9478260869565217
9NH7,ensemble,49,62,0.9478260869565217
9NH7,ensemble,49,63,0.9391304347826087
9NH7,ensemble,49,64,0.9130434782608695
9NH7,ensemble,49,65,0.9739130434782609
9NH7,ensemble,49,66,0.9478260869565217
9NH7,ensemble,49,67,0.9391304347826087
9NH7,ensemble,49,68,0.9565217391304348
9NH7,ensemble,49,69,0.9130434782608695
9NH7,ensemble,49,70,0.9478260869565217
9NH7,ensemble,49,71,0.9565217391304348
9NH7,ensemble,49,72,0.991304347826087
9NH7,ensemble,49,73,0.9826086956521739
9NH7,ensemble,49,74,0.9565217391304348
9NH7,ensemble,49,75,0.9304347826086956
9NH7,ensemble,49,76,0.9652173913043478
9NH7,ensemble,49,77,0.9739130434782609
9NH7,ensemble,49,78,0.9478260869565217
9NH7,ensemble,49,79,0.9478260869565217
9NH7,ensemble,49,80,0.9217391304347826
9NH7,ensemble,49,81,0.9304347826086956
9NH7,ensemble,49,82,0.9826086956521739
9NH7,ensemble,49,83,0.9652173913043478
9NH7,ensemble,49,84,0.9478260869565217
9NH7,ensemble,49,85,0.9565217391304348
9NH7,ensemble,49,86,0.9304347826086956
9NH7,ensemble,49,87,0.9391304347826087
9NH7,ensemble,49,88,0.9304347826086956
9NH7,ensemble,49,89,0.9304347826086956
9NH7,ensemble,49,90,0.9565217391304348
9NH7,ensemble,49,91,0.9130434782608695
9NH7,ensemble,49,92,0.9565217391304348
9NH7,ensemble,49,93,0.9043478260869565
9NH7,ensemble,49,94,0.9652173913043478
9NH7,ensemble,49,95,0.9130434782608695
9NH7,ensemble,49,96,0.9565217391304348
9NH7,ensemble,49,97,0.9652173913043478
9NH7,ensemble,49,98,0.9391304347826087
9NH7,ensemble,49,99,0.9391304347826087
9NH7,ensemble,50,51,0.9391304347826087
9NH7,ensemble,50,52,0.9478260869565217
9NH7,ensemble,50,53,0.9565217391304348
9NH7,ensemble,50,54,0.9739130434782609
9NH7,ensemble,50,55,0.9652173913043478
9NH7,ensemble,50,56,0.9565217391304348
9NH7,ensemble,50,57,0.9304347826086956
9NH7,ensemble,50,58,0.9217391304347826
9NH7,ensemble,50,59,0.9652173913043478
9NH7,ensemble,50,60,0.9478260869565217
9NH7,ensemble,50,61,0.9391304347826087
9NH7,ensemble,50,62,0.9478260869565217
9NH7,ensemble,50,63,0.9565217391304348
9NH7,ensemble,50,64,0.9304347826086956
9NH7,ensemble,50,65,0.991304347826087
9NH7,ensemble,50,66,0.9478260869565217
9NH7,ensemble,50,67,0.9478260869565217
9NH7,ensemble,50,68,0.9565217391304348
9NH7,ensemble,50,69,0.9478260869565217
9NH7,ensemble,50,70,0.9391304347826087
9NH7,ensemble,50,71,0.9739130434782609
9NH7,ensemble,50,72,0.9739130434782609
9NH7,ensemble,50,73,0.9826086956521739
9NH7,ensemble,50,74,0.9739130434782609
9NH7,ensemble,50,75,0.9565217391304348
9NH7,ensemble,50,76,1.0
9NH7,ensemble,50,77,0.9391304347826087
9NH7,ensemble,50,78,0.9652173913043478
9NH7,ensemble,50,79,0.9826086956521739
9NH7,ensemble,50,80,0.9391304347826087
9NH7,ensemble,50,81,0.9217391304347826
9NH7,ensemble,50,82,0.9826086956521739
9NH7,ensemble,50,83,0.9478260869565217
9NH7,ensemble,50,84,0.9652173913043478
9NH7,ensemble,50,85,0.9565217391304348
9NH7,ensemble,50,86,0.9304347826086956
9NH7,ensemble,50,87,0.9739130434782609
9NH7,ensemble,50,88,0.9478260869565217
9NH7,ensemble,50,89,0.9304347826086956
9NH7,ensemble,50,90,0.9478260869565217
9NH7,ensemble,50,91,0.9478260869565217
9NH7,ensemble,50,92,0.9826086956521739
9NH7,ensemble,50,93,0.9391304347826087
9NH7,ensemble,50,94,0.9391304347826087
9NH7,ensemble,50,95,0.9304347826086956
9NH7,ensemble,50,96,0.9565217391304348
9NH7,ensemble,50,97,0.9478260869565217
9NH7,ensemble,50,98,0.9391304347826087
9NH7,ensemble,50,99,0.9478260869565217
9NH7,ensemble,51,52,0.991304347826087
9NH7,ensemble,51,53,0.9826086956521739
9NH7,ensemble,51,54,0.9304347826086956
9NH7,ensemble,51,55,0.9739130434782609
9NH7,ensemble,51,56,0.9652173913043478
9NH7,ensemble,51,57,0.9565217391304348
9NH7,ensemble,51,58,0.9478260869565217
9NH7,ensemble,51,59,0.9739130434782609
9NH7,ensemble,51,60,0.9739130434782609
9NH7,ensemble,51,61,0.9826086956521739
9NH7,ensemble,51,62,0.9652173913043478
9NH7,ensemble,51,63,0.9739130434782609
9NH7,ensemble,51,64,0.9391304347826087
9NH7,ensemble,51,65,0.9478260869565217
9NH7,ensemble,51,66,0.9565217391304348
9NH7,ensemble,51,67,0.9739130434782609
9NH7,ensemble,51,68,0.9826086956521739
9NH7,ensemble,51,69,0.9391304347826087
9NH7,ensemble,51,70,0.9739130434782609
9NH7,ensemble,51,71,0.9652173913043478
9NH7,ensemble,51,72,0.9565217391304348
9NH7,ensemble,51,73,0.9565217391304348
9NH7,ensemble,51,74,0.9652173913043478
9NH7,ensemble,51,75,0.9652173913043478
9NH7,ensemble,51,76,0.9391304347826087
9NH7,ensemble,51,77,0.991304347826087
9NH7,ensemble,51,78,0.9739130434782609
9NH7,ensemble,51,79,0.9304347826086956
9NH7,ensemble,51,80,0.9478260869565217
9NH7,ensemble,51,81,0.9478260869565217
9NH7,ensemble,51,82,0.9565217391304348
9NH7,ensemble,51,83,0.9826086956521739
9NH7,ensemble,51,84,0.9739130434782609
9NH7,ensemble,51,85,0.9826086956521739
9NH7,ensemble,51,86,0.9565217391304348
9NH7,ensemble,51,87,0.9565217391304348
9NH7,ensemble,51,88,0.9565217391304348
9NH7,ensemble,51,89,0.9565217391304348
9NH7,ensemble,51,90,0.9826086956521739
9NH7,ensemble,51,91,0.9391304347826087
9NH7,ensemble,51,92,0.9304347826086956
9NH7,ensemble,51,93,0.9304347826086956
9NH7,ensemble,51,94,1.0
9NH7,ensemble,51,95,0.9391304347826087
9NH7,ensemble,51,96,0.9739130434782609
9NH7,ensemble,51,97,0.9826086956521739
9NH7,ensemble,51,98,0.9652173913043478
9NH7,ensemble,51,99,0.9739130434782609
9NH7,ensemble,52,53,0.991304347826087
9NH7,ensemble,52,54,0.9391304347826087
9NH7,ensemble,52,55,0.9826086956521739
9NH7,ensemble,52,56,0.9739130434782609
9NH7,ensemble,52,57,0.9652173913043478
9NH7,ensemble,52,58,0.9391304347826087
9NH7,ensemble,52,59,0.9826086956521739
9NH7,ensemble,52,60,0.9826086956521739
9NH7,ensemble,52,61,0.991304347826087
9NH7,ensemble,52,62,0.9565217391304348
9NH7,ensemble,52,63,0.9826086956521739
9NH7,ensemble,52,64,0.9478260869565217
9NH7,ensemble,52,65,0.9565217391304348
9NH7,ensemble,52,66,0.9652173913043478
9NH7,ensemble,52,67,0.9826086956521739
9NH7,ensemble,52,68,0.991304347826087
9NH7,ensemble,52,69,0.9478260869565217
9NH7,ensemble,52,70,0.9826086956521739
9NH7,ensemble,52,71,0.9739130434782609
9NH7,ensemble,52,72,0.9652173913043478
9NH7,ensemble,52,73,0.9652173913043478
9NH7,ensemble,52,74,0.9739130434782609
9NH7,ensemble,52,75,0.9739130434782609
9NH7,ensemble,52,76,0.9478260869565217
9NH7,ensemble,52,77,0.9826086956521739
9NH7,ensemble,52,78,0.9826086956521739
9NH7,ensemble,52,79,0.9391304347826087
9NH7,ensemble,52,80,0.9565217391304348
9NH7,ensemble,52,81,0.9391304347826087
9NH7,ensemble,52,82,0.9652173913043478
9NH7,ensemble,52,83,0.991304347826087
9NH7,ensemble,52,84,0.9826086956521739
9NH7,ensemble,52,85,0.991304347826087
9NH7,ensemble,52,86,0.9652173913043478
9NH7,ensemble,52,87,0.9652173913043478
9NH7,ensemble,52,88,0.9652173913043478
9NH7,ensemble,52,89,0.9652173913043478
9NH7,ensemble,52,90,0.9739130434782609
9NH7,ensemble,52,91,0.9478260869565217
9NH7,ensemble,52,92,0.9391304347826087
9NH7,ensemble,52,93,0.9391304347826087
9NH7,ensemble,52,94,0.991304347826087
9NH7,ensemble,52,95,0.9478260869565217
9NH7,ensemble,52,96,0.9826086956521739
9NH7,ensemble,52,97,0.9739130434782609
9NH7,ensemble,52,98,0.9739130434782609
9NH7,ensemble,52,99,0.9826086956521739
9NH7,ensemble,53,54,0.9478260869565217
9NH7,ensemble,53,55,0.991304347826087
9NH7,ensemble,53,56,0.9652173913043478
9NH7,ensemble,53,57,0.9739130434782609
9NH7,ensemble,53,58,0.9478260869565217
9NH7,ensemble,53,59,0.991304347826087
9NH7,ensemble,53,60,0.9739130434782609
9NH7,ensemble,53,61,0.9826086956521739
9NH7,ensemble,53,62,0.9652173913043478
9NH7,ensemble,53,63,0.9739130434782609
9NH7,ensemble,53,64,0.9565217391304348
9NH7,ensemble,53,65,0.9652173913043478
9NH7,ensemble,53,66,0.9652173913043478
9NH7,ensemble,53,67,0.9739130434782609
9NH7,ensemble,53,68,1.0
9NH7,ensemble,53,69,0.9565217391304348
9NH7,ensemble,53,70,0.9826086956521739
9NH7,ensemble,53,71,0.9826086956521739
9NH7,ensemble,53,72,0.9652173913043478
9NH7,ensemble,53,73,0.9739130434782609
9NH7,ensemble,53,74,0.9826086956521739
9NH7,ensemble,53,75,0.9652173913043478
9NH7,ensemble,53,76,0.9565217391304348
9NH7,ensemble,53,77,0.9826086956521739
9NH7,ensemble,53,78,0.991304347826087
9NH7,ensemble,53,79,0.9478260869565217
9NH7,ensemble,53,80,0.9652173913043478
9NH7,ensemble,53,81,0.9391304347826087
9NH7,ensemble,53,82,0.9739130434782609
9NH7,ensemble,53,83,0.991304347826087
9NH7,ensemble,53,84,0.991304347826087
9NH7,ensemble,53,85,1.0
9NH7,ensemble,53,86,0.9739130434782609
9NH7,ensemble,53,87,0.9739130434782609
9NH7,ensemble,53,88,0.9739130434782609
9NH7,ensemble,53,89,0.9739130434782609
9NH7,ensemble,53,90,0.9826086956521739
9NH7,ensemble,53,91,0.9565217391304348
9NH7,ensemble,53,92,0.9478260869565217
9NH7,ensemble,53,93,0.9478260869565217
9NH7,ensemble,53,94,0.9826086956521739
9NH7,ensemble,53,95,0.9565217391304348
9NH7,ensemble,53,96,0.9826086956521739
9NH7,ensemble,53,97,0.9739130434782609
9NH7,ensemble,53,98,0.9826086956521739
9NH7,ensemble,53,99,0.9739130434782609
9NH7,ensemble,54,55,0.9565217391304348
9NH7,ensemble,54,56,0.9391304347826087
9NH7,ensemble,54,57,0.9565217391304348
9NH7,ensemble,54,58,0.9217391304347826
9NH7,ensemble,54,59,0.9565217391304348
9NH7,ensemble,54,60,0.9478260869565217
9NH7,ensemble,54,61,0.9478260869565217
9NH7,ensemble,54,62,0.9391304347826087
9NH7,ensemble,54,63,0.9304347826086956
9NH7,ensemble,54,64,0.9478260869565217
9NH7,ensemble,54,65,0.9826086956521739
9NH7,ensemble,54,66,0.9478260869565217
9NH7,ensemble,54,67,0.9478260869565217
9NH7,ensemble,54,68,0.9478260869565217
9NH7,ensemble,54,69,0.9478260869565217
9NH7,ensemble,54,70,0.9391304347826087
9NH7,ensemble,54,71,0.9652173913043478
9NH7,ensemble,54,72,0.9652173913043478
9NH7,ensemble,54,73,0.9739130434782609
9NH7,ensemble,54,74,0.9652173913043478
9NH7,ensemble,54,75,0.9391304347826087
9NH7,ensemble,54,76,0.9739130434782609
9NH7,ensemble,54,77,0.9304347826086956
9NH7,ensemble,54,78,0.9565217391304348
9NH7,ensemble,54,79,0.9565217391304348
9NH7,ensemble,54,80,0.9565217391304348
9NH7,ensemble,54,81,0.9217391304347826
9NH7,ensemble,54,82,0.9739130434782609
9NH7,ensemble,54,83,0.9391304347826087
9NH7,ensemble,54,84,0.9391304347826087
9NH7,ensemble,54,85,0.9478260869565217
9NH7,ensemble,54,86,0.9478260869565217
9NH7,ensemble,54,87,0.9478260869565217
9NH7,ensemble,54,88,0.9739130434782609
9NH7,ensemble,54,89,0.9478260869565217
9NH7,ensemble,54,90,0.9391304347826087
9NH7,ensemble,54,91,0.9478260869565217
9NH7,ensemble,54,92,0.9826086956521739
9NH7,ensemble,54,93,0.9391304347826087
9NH7,ensemble,54,94,0.9304347826086956
9NH7,ensemble,54,95,0.9478260869565217
9NH7,ensemble,54,96,0.9478260869565217
9NH7,ensemble,54,97,0.9391304347826087
9NH7,ensemble,54,98,0.9391304347826087
9NH7,ensemble,54,99,0.9478260869565217
9NH7,ensemble,55,56,0.9739130434782609
9NH7,ensemble,55,57,0.9652173913043478
9NH7,ensemble,55,58,0.9478260869565217
9NH7,ensemble,55,59,1.0
9NH7,ensemble,55,60,0.9826086956521739
9NH7,ensemble,55,61,0.9739130434782609
9NH7,ensemble,55,62,0.9739130434782609
9NH7,ensemble,55,63,0.9739130434782609
9NH7,ensemble,55,64,0.9652173913043478
9NH7,ensemble,55,65,0.9739130434782609
9NH7,ensemble,55,66,0.9739130434782609
9NH7,ensemble,55,67,0.9826086956521739
9NH7,ensemble,55,68,0.991304347826087
9NH7,ensemble,55,69,0.9652173913043478
9NH7,ensemble,55,70,0.9739130434782609
9NH7,ensemble,55,71,0.991304347826087
9NH7,ensemble,55,72,0.9565217391304348
9NH7,ensemble,55,73,0.9652173913043478
9NH7,ensemble,55,74,0.991304347826087
9NH7,ensemble,55,75,0.9739130434782609
9NH7,ensemble,55,76,0.9652173913043478
9NH7,ensemble,55,77,0.9739130434782609
9NH7,ensemble,55,78,1.0
9NH7,ensemble,55,79,0.9565217391304348
9NH7,ensemble,55,80,0.9739130434782609
9NH7,ensemble,55,81,0.9478260869565217
9NH7,ensemble,55,82,0.9652173913043478
9NH7,ensemble,55,83,0.9826086956521739
9NH7,ensemble,55,84,0.9826086956521739
9NH7,ensemble,55,85,0.991304347826087
9NH7,ensemble,55,86,0.9652173913043478
9NH7,ensemble,55,87,0.9826086956521739
9NH7,ensemble,55,88,0.9826086956521739
9NH7,ensemble,55,89,0.9652173913043478
9NH7,ensemble,55,90,0.9826086956521739
9NH7,ensemble,55,91,0.9652173913043478
9NH7,ensemble,55,92,0.9565217391304348
9NH7,ensemble,55,93,0.9565217391304348
9NH7,ensemble,55,94,0.9739130434782609
9NH7,ensemble,55,95,0.9652173913043478
9NH7,ensemble,55,96,0.991304347826087
9NH7,ensemble,55,97,0.9826086956521739
9NH7,ensemble,55,98,0.9739130434782609
9NH7,ensemble,55,99,0.9826086956521739
9NH7,ensemble,56,57,0.9478260869565217
9NH7,ensemble,56,58,0.9304347826086956
9NH7,ensemble,56,59,0.9739130434782609
9NH7,ensemble,56,60,0.991304347826087
9NH7,ensemble,56,61,0.9652173913043478
9NH7,ensemble,56,62,0.9478260869565217
9NH7,ensemble,56,63,0.9826086956521739
9NH7,ensemble,56,64,0.9478260869565217
9NH7,ensemble,56,65,0.9478260869565217
9NH7,ensemble,56,66,0.9565217391304348
9NH7,ensemble,56,67,0.991304347826087
9NH7,ensemble,56,68,0.9652173913043478
9NH7,ensemble,56,69,0.9652173913043478
9NH7,ensemble,56,70,0.9739130434782609
9NH7,ensemble,56,71,0.9652173913043478
9NH7,ensemble,56,72,0.9391304347826087
9NH7,ensemble,56,73,0.9391304347826087
9NH7,ensemble,56,74,0.9652173913043478
9NH7,ensemble,56,75,1.0
9NH7,ensemble,56,76,0.9565217391304348
9NH7,ensemble,56,77,0.9565217391304348
9NH7,ensemble,56,78,0.9739130434782609
9NH7,ensemble,56,79,0.9478260869565217
9NH7,ensemble,56,80,0.9565217391304348
9NH7,ensemble,56,81,0.9391304347826087
9NH7,ensemble,56,82,0.9391304347826087
9NH7,ensemble,56,83,0.9652173913043478
9NH7,ensemble,56,84,0.9739130434782609
9NH7,ensemble,56,85,0.9652173913043478
9NH7,ensemble,56,86,0.9478260869565217
9NH7,ensemble,56,87,0.9739130434782609
9NH7,ensemble,56,88,0.9652173913043478
9NH7,ensemble,56,89,0.9478260869565217
9NH7,ensemble,56,90,0.9565217391304348
9NH7,ensemble,56,91,0.9739130434782609
9NH7,ensemble,56,92,0.9478260869565217
9NH7,ensemble,56,93,0.9565217391304348
9NH7,ensemble,56,94,0.9652173913043478
9NH7,ensemble,56,95,0.9478260869565217
9NH7,ensemble,56,96,0.9739130434782609
9NH7,ensemble,56,97,0.9652173913043478
9NH7,ensemble,56,98,0.9565217391304348
9NH7,ensemble,56,99,0.991304347826087
9NH7,ensemble,57,58,0.9391304347826087
9NH7,ensemble,57,59,0.9652173913043478
9NH7,ensemble,57,60,0.9565217391304348
9NH7,ensemble,57,61,0.9739130434782609
9NH7,ensemble,57,62,0.9565217391304348
9NH7,ensemble,57,63,0.9478260869565217
9NH7,ensemble,57,64,0.9739130434782609
9NH7,ensemble,57,65,0.9391304347826087
9NH7,ensemble,57,66,0.9478260869565217
9NH7,ensemble,57,67,0.9565217391304348
9NH7,ensemble,57,68,0.9739130434782609
9NH7,ensemble,57,69,0.9739130434782609
9NH7,ensemble,57,70,0.9652173913043478
9NH7,ensemble,57,71,0.9565217391304348
9NH7,ensemble,57,72,0.9391304347826087
9NH7,ensemble,57,73,0.9478260869565217
9NH7,ensemble,57,74,0.9565217391304348
9NH7,ensemble,57,75,0.9478260869565217
9NH7,ensemble,57,76,0.9304347826086956
9NH7,ensemble,57,77,0.9565217391304348
9NH7,ensemble,57,78,0.9652173913043478
9NH7,ensemble,57,79,0.9217391304347826
9NH7,ensemble,57,80,0.9826086956521739
9NH7,ensemble,57,81,0.9304347826086956
9NH7,ensemble,57,82,0.9478260869565217
9NH7,ensemble,57,83,0.9652173913043478
9NH7,ensemble,57,84,0.9652173913043478
9NH7,ensemble,57,85,0.9739130434782609
9NH7,ensemble,57,86,0.991304347826087
9NH7,ensemble,57,87,0.9478260869565217
9NH7,ensemble,57,88,0.9826086956521739
9NH7,ensemble,57,89,0.991304347826087
9NH7,ensemble,57,90,0.9565217391304348
9NH7,ensemble,57,91,0.9739130434782609
9NH7,ensemble,57,92,0.9391304347826087
9NH7,ensemble,57,93,0.9652173913043478
9NH7,ensemble,57,94,0.9565217391304348
9NH7,ensemble,57,95,0.9739130434782609
9NH7,ensemble,57,96,0.9565217391304348
9NH7,ensemble,57,97,0.9478260869565217
9NH7,ensemble,57,98,0.9826086956521739
9NH7,ensemble,57,99,0.9565217391304348
9NH7,ensemble,58,59,0.9478260869565217
9NH7,ensemble,58,60,0.9391304347826087
9NH7,ensemble,58,61,0.9304347826086956
9NH7,ensemble,58,62,0.9565217391304348
9NH7,ensemble,58,63,0.9391304347826087
9NH7,ensemble,58,64,0.9304347826086956
9NH7,ensemble,58,65,0.9304347826086956
9NH7,ensemble,58,66,0.9304347826086956
9NH7,ensemble,58,67,0.9391304347826087
9NH7,ensemble,58,68,0.9478260869565217
9NH7,ensemble,58,69,0.9304347826086956
9NH7,ensemble,58,70,0.9391304347826087
9NH7,ensemble,58,71,0.9478260869565217
9NH7,ensemble,58,72,0.9217391304347826
9NH7,ensemble,58,73,0.9304347826086956
9NH7,ensemble,58,74,0.9478260869565217
9NH7,ensemble,58,75,0.9304347826086956
9NH7,ensemble,58,76,0.9217391304347826
9NH7,ensemble,58,77,0.9478260869565217
9NH7,ensemble,58,78,0.9478260869565217
9NH7,ensemble,58,79,0.9304347826086956
9NH7,ensemble,58,80,0.9391304347826087
9NH7,ensemble,58,81,0.9478260869565217
9NH7,ensemble,58,82,0.9304347826086956
9NH7,ensemble,58,83,0.9391304347826087
9NH7,ensemble,58,84,0.9391304347826087
9NH7,ensemble,58,85,0.9478260869565217
9NH7,ensemble,58,86,0.9391304347826087
9NH7,ensemble,58,87,0.9391304347826087
9NH7,ensemble,58,88,0.9391304347826087
9NH7,ensemble,58,89,0.9391304347826087
9NH7,ensemble,58,90,0.9652173913043478
9NH7,ensemble,58,91,0.9304347826086956
9NH7,ensemble,58,92,0.9217391304347826
9NH7,ensemble,58,93,0.9217391304347826
9NH7,ensemble,58,94,0.9478260869565217
9NH7,ensemble,58,95,0.9304347826086956
9NH7,ensemble,58,96,0.9391304347826087
9NH7,ensemble,58,97,0.9478260869565217
9NH7,ensemble,58,98,0.9478260869565217
9NH7,ensemble,58,99,0.9391304347826087
9NH7,ensemble,59,60,0.9826086956521739
9NH7,ensemble,59,61,0.9739130434782609
9NH7,ensemble,59,62,0.9739130434782609
9NH7,ensemble,59,63,0.9739130434782609
9NH7,ensemble,59,64,0.9652173913043478
9NH7,ensemble,59,65,0.9739130434782609
9NH7,ensemble,59,66,0.9739130434782609
9NH7,ensemble,59,67,0.9826086956521739
9NH7,ensemble,59,68,0.991304347826087
9NH7,ensemble,59,69,0.9652173913043478
9NH7,ensemble,59,70,0.9739130434782609
9NH7,ensemble,59,71,0.991304347826087
9NH7,ensemble,59,72,0.9565217391304348
9NH7,ensemble,59,73,0.9652173913043478
9NH7,ensemble,59,74,0.991304347826087
9NH7,ensemble,59,75,0.9739130434782609
9NH7,ensemble,59,76,0.9652173913043478
9NH7,ensemble,59,77,0.9739130434782609
9NH7,ensemble,59,78,1.0
9NH7,ensemble,59,79,0.9565217391304348
9NH7,ensemble,59,80,0.9739130434782609
9NH7,ensemble,59,81,0.9478260869565217
9NH7,ensemble,59,82,0.9652173913043478
9NH7,ensemble,59,83,0.9826086956521739
9NH7,ensemble,59,84,0.9826086956521739
9NH7,ensemble,59,85,0.991304347826087
9NH7,ensemble,59,86,0.9652173913043478
9NH7,ensemble,59,87,0.9826086956521739
9NH7,ensemble,59,88,0.9826086956521739
9NH7,ensemble,59,89,0.9652173913043478
9NH7,ensemble,59,90,0.9826086956521739
9NH7,ensemble,59,91,0.9652173913043478
9NH7,ensemble,59,92,0.9565217391304348
9NH7,ensemble,59,93,0.9565217391304348
9NH7,ensemble,59,94,0.9739130434782609
9NH7,ensemble,59,95,0.9652173913043478
9NH7,ensemble,59,96,0.991304347826087
9NH7,ensemble,59,97,0.9826086956521739
9NH7,ensemble,59,98,0.9739130434782609
9NH7,ensemble,59,99,0.9826086956521739
9NH7,ensemble,60,61,0.9739130434782609
9NH7,ensemble,60,62,0.9565217391304348
9NH7,ensemble,60,63,0.9739130434782609
9NH7,ensemble,60,64,0.9565217391304348
9NH7,ensemble,60,65,0.9565217391304348
9NH7,ensemble,60,66,0.9652173913043478
9NH7,ensemble,60,67,1.0
9NH7,ensemble,60,68,0.9739130434782609
9NH7,ensemble,60,69,0.9565217391304348
9NH7,ensemble,60,70,0.9826086956521739
9NH7,ensemble,60,71,0.9739130434782609
9NH7,ensemble,60,72,0.9478260869565217
9NH7,ensemble,60,73,0.9478260869565217
9NH7,ensemble,60,74,0.9739130434782609
9NH7,ensemble,60,75,0.991304347826087
9NH7,ensemble,60,76,0.9478260869565217
9NH7,ensemble,60,77,0.9652173913043478
9NH7,ensemble,60,78,0.9826086956521739
9NH7,ensemble,60,79,0.9391304347826087
9NH7,ensemble,60,80,0.9652173913043478
9NH7,ensemble,60,81,0.9478260869565217
9NH7,ensemble,60,82,0.9478260869565217
9NH7,ensemble,60,83,0.9739130434782609
9NH7,ensemble,60,84,0.9652173913043478
9NH7,ensemble,60,85,0.9739130434782609
9NH7,ensemble,60,86,0.9565217391304348
9NH7,ensemble,60,87,0.9652173913043478
9NH7,ensemble,60,88,0.9739130434782609
9NH7,ensemble,60,89,0.9565217391304348
9NH7,ensemble,60,90,0.9652173913043478
9NH7,ensemble,60,91,0.9652173913043478
9NH7,ensemble,60,92,0.9478260869565217
9NH7,ensemble,60,93,0.9478260869565217
9NH7,ensemble,60,94,0.9739130434782609
9NH7,ensemble,60,95,0.9565217391304348
9NH7,ensemble,60,96,0.9826086956521739
9NH7,ensemble,60,97,0.9739130434782609
9NH7,ensemble,60,98,0.9652173913043478
9NH7,ensemble,60,99,1.0
9NH7,ensemble,61,62,0.9478260869565217
9NH7,ensemble,61,63,0.9739130434782609
9NH7,ensemble,61,64,0.9565217391304348
9NH7,ensemble,61,65,0.9478260869565217
9NH7,ensemble,61,66,0.9652173913043478
9NH7,ensemble,61,67,0.9739130434782609
9NH7,ensemble,61,68,0.9826086956521739
9NH7,ensemble,61,69,0.9565217391304348
9NH7,ensemble,61,70,0.9739130434782609
9NH7,ensemble,61,71,0.9652173913043478
9NH7,ensemble,61,72,0.9565217391304348
9NH7,ensemble,61,73,0.9565217391304348
9NH7,ensemble,61,74,0.9652173913043478
9NH7,ensemble,61,75,0.9652173913043478
9NH7,ensemble,61,76,0.9391304347826087
9NH7,ensemble,61,77,0.9739130434782609
9NH7,ensemble,61,78,0.9739130434782609
9NH7,ensemble,61,79,0.9304347826086956
9NH7,ensemble,61,80,0.9652173913043478
9NH7,ensemble,61,81,0.9304347826086956
9NH7,ensemble,61,82,0.9565217391304348
9NH7,ensemble,61,83,0.9826086956521739
9NH7,ensemble,61,84,0.9739130434782609
9NH7,ensemble,61,85,0.9826086956521739
9NH7,ensemble,61,86,0.9739130434782609
9NH7,ensemble,61,87,0.9565217391304348
9NH7,ensemble,61,88,0.9739130434782609
9NH7,ensemble,61,89,0.9739130434782609
9NH7,ensemble,61,90,0.9652173913043478
9NH7,ensemble,61,91,0.9565217391304348
9NH7,ensemble,61,92,0.9304347826086956
9NH7,ensemble,61,93,0.9478260869565217
9NH7,ensemble,61,94,0.9826086956521739
9NH7,ensemble,61,95,0.9565217391304348
9NH7,ensemble,61,96,0.9739130434782609
9NH7,ensemble,61,97,0.9652173913043478
9NH7,ensemble,61,98,0.9652173913043478
9NH7,ensemble,61,99,0.9739130434782609
9NH7,ensemble,62,63,0.9478260869565217
9NH7,ensemble,62,64,0.9565217391304348
9NH7,ensemble,62,65,0.9565217391304348
9NH7,ensemble,62,66,0.9652173913043478
9NH7,ensemble,62,67,0.9565217391304348
9NH7,ensemble,62,68,0.9652173913043478
9NH7,ensemble,62,69,0.9565217391304348
9NH7,ensemble,62,70,0.9478260869565217
9NH7,ensemble,62,71,0.9739130434782609
9NH7,ensemble,62,72,0.9391304347826087
9NH7,ensemble,62,73,0.9478260869565217
9NH7,ensemble,62,74,0.9739130434782609
9NH7,ensemble,62,75,0.9478260869565217
9NH7,ensemble,62,76,0.9478260869565217
9NH7,ensemble,62,77,0.9652173913043478
9NH7,ensemble,62,78,0.9739130434782609
9NH7,ensemble,62,79,0.9391304347826087
9NH7,ensemble,62,80,0.9652173913043478
9NH7,ensemble,62,81,0.9565217391304348
9NH7,ensemble,62,82,0.9478260869565217
9NH7,ensemble,62,83,0.9565217391304348
9NH7,ensemble,62,84,0.9565217391304348
9NH7,ensemble,62,85,0.9652173913043478
9NH7,ensemble,62,86,0.9565217391304348
9NH7,ensemble,62,87,0.9739130434782609
9NH7,ensemble,62,88,0.9565217391304348
9NH7,ensemble,62,89,0.9565217391304348
9NH7,ensemble,62,90,0.9739130434782609
9NH7,ensemble,62,91,0.9565217391304348
9NH7,ensemble,62,92,0.9391304347826087
9NH7,ensemble,62,93,0.9478260869565217
9NH7,ensemble,62,94,0.9652173913043478
9NH7,ensemble,62,95,0.9565217391304348
9NH7,ensemble,62,96,0.9652173913043478
9NH7,ensemble,62,97,0.9739130434782609
9NH7,ensemble,62,98,0.9652173913043478
9NH7,ensemble,62,99,0.9565217391304348
9NH7,ensemble,63,64,0.9391304347826087
9NH7,ensemble,63,65,0.9478260869565217
9NH7,ensemble,63,66,0.9565217391304348
9NH7,ensemble,63,67,0.9739130434782609
9NH7,ensemble,63,68,0.9739130434782609
9NH7,ensemble,63,69,0.9565217391304348
9NH7,ensemble,63,70,0.9652173913043478
9NH7,ensemble,63,71,0.9652173913043478
9NH7,ensemble,63,72,0.9478260869565217
9NH7,ensemble,63,73,0.9478260869565217
9NH7,ensemble,63,74,0.9652173913043478
9NH7,ensemble,63,75,0.9826086956521739
9NH7,ensemble,63,76,0.9565217391304348
9NH7,ensemble,63,77,0.9652173913043478
9NH7,ensemble,63,78,0.9739130434782609
9NH7,ensemble,63,79,0.9478260869565217
9NH7,ensemble,63,80,0.9478260869565217
9NH7,ensemble,63,81,0.9304347826086956
9NH7,ensemble,63,82,0.9478260869565217
9NH7,ensemble,63,83,0.9739130434782609
9NH7,ensemble,63,84,0.9826086956521739
9NH7,ensemble,63,85,0.9739130434782609
9NH7,ensemble,63,86,0.9478260869565217
9NH7,ensemble,63,87,0.9739130434782609
9NH7,ensemble,63,88,0.9565217391304348
9NH7,ensemble,63,89,0.9478260869565217
9NH7,ensemble,63,90,0.9739130434782609
9NH7,ensemble,63,91,0.9565217391304348
9NH7,ensemble,63,92,0.9391304347826087
9NH7,ensemble,63,93,0.9478260869565217
9NH7,ensemble,63,94,0.9739130434782609
9NH7,ensemble,63,95,0.9391304347826087
9NH7,ensemble,63,96,0.9739130434782609
9NH7,ensemble,63,97,0.9652173913043478
9NH7,ensemble,63,98,0.9565217391304348
9NH7,ensemble,63,99,0.9739130434782609
9NH7,ensemble,64,65,0.9391304347826087
9NH7,ensemble,64,66,0.9478260869565217
9NH7,ensemble,64,67,0.9565217391304348
9NH7,ensemble,64,68,0.9565217391304348
9NH7,ensemble,64,69,0.9826086956521739
9NH7,ensemble,64,70,0.9478260869565217
9NH7,ensemble,64,71,0.9565217391304348
9NH7,ensemble,64,72,0.9217391304347826
9NH7,ensemble,64,73,0.9304347826086956
9NH7,ensemble,64,74,0.9565217391304348
9NH7,ensemble,64,75,0.9478260869565217
9NH7,ensemble,64,76,0.9304347826086956
9NH7,ensemble,64,77,0.9391304347826087
9NH7,ensemble,64,78,0.9652173913043478
9NH7,ensemble,64,79,0.9217391304347826
9NH7,ensemble,64,80,0.991304347826087
9NH7,ensemble,64,81,0.9391304347826087
9NH7,ensemble,64,82,0.9304347826086956
9NH7,ensemble,64,83,0.9478260869565217
9NH7,ensemble,64,84,0.9478260869565217
9NH7,ensemble,64,85,0.9565217391304348
9NH7,ensemble,64,86,0.9739130434782609
9NH7,ensemble,64,87,0.9478260869565217
9NH7,ensemble,64,88,0.9739130434782609
9NH7,ensemble,64,89,0.9826086956521739
9NH7,ensemble,64,90,0.9478260869565217
9NH7,ensemble,64,91,0.9739130434782609
9NH7,ensemble,64,92,0.9304347826086956
9NH7,ensemble,64,93,0.991304347826087
9NH7,ensemble,64,94,0.9391304347826087
9NH7,ensemble,64,95,1.0
9NH7,ensemble,64,96,0.9565217391304348
9NH7,ensemble,64,97,0.9478260869565217
9NH7,ensemble,64,98,0.9739130434782609
9NH7,ensemble,64,99,0.9565217391304348
9NH7,ensemble,65,66,0.9565217391304348
9NH7,ensemble,65,67,0.9565217391304348
9NH7,ensemble,65,68,0.9652173913043478
9NH7,ensemble,65,69,0.9391304347826087
9NH7,ensemble,65,70,0.9478260869565217
9NH7,ensemble,65,71,0.9826086956521739
9NH7,ensemble,65,72,0.9826086956521739
9NH7,ensemble,65,73,0.991304347826087
9NH7,ensemble,65,74,0.9826086956521739
9NH7,ensemble,65,75,0.9478260869565217
9NH7,ensemble,65,76,0.991304347826087
9NH7,ensemble,65,77,0.9478260869565217
9NH7,ensemble,65,78,0.9739130434782609
9NH7,ensemble,65,79,0.9739130434782609
9NH7,ensemble,65,80,0.9478260869565217
9NH7,ensemble,65,81,0.9304347826086956
9NH7,ensemble,65,82,0.991304347826087
9NH7,ensemble,65,83,0.9565217391304348
9NH7,ensemble,65,84,0.9565217391304348
9NH7,ensemble,65,85,0.9652173913043478
9NH7,ensemble,65,86,0.9391304347826087
9NH7,ensemble,65,87,0.9652173913043478
9NH7,ensemble,65,88,0.9565217391304348
9NH7,ensemble,65,89,0.9391304347826087
9NH7,ensemble,65,90,0.9565217391304348
9NH7,ensemble,65,91,0.9391304347826087
9NH7,ensemble,65,92,0.9826086956521739
9NH7,ensemble,65,93,0.9304347826086956
9NH7,ensemble,65,94,0.9478260869565217
9NH7,ensemble,65,95,0.9391304347826087
9NH7,ensemble,65,96,0.9652173913043478
9NH7,ensemble,65,97,0.9565217391304348
9NH7,ensemble,65,98,0.9478260869565217
9NH7,ensemble,65,99,0.9565217391304348
9NH7,ensemble,66,67,0.9652173913043478
9NH7,ensemble,66,68,0.9652173913043478
9NH7,ensemble,66,69,0.9478260869565217
9NH7,ensemble,66,70,0.9565217391304348
9NH7,ensemble,66,71,0.9739130434782609
9NH7,ensemble,66,72,0.9565217391304348
9NH7,ensemble,66,73,0.9478260869565217
9NH7,ensemble,66,74,0.9739130434782609
9NH7,ensemble,66,75,0.9565217391304348
9NH7,ensemble,66,76,0.9478260869565217
9NH7,ensemble,66,77,0.9652173913043478
9NH7,ensemble,66,78,0.9739130434782609
9NH7,ensemble,66,79,0.9391304347826087
9NH7,ensemble,66,80,0.9565217391304348
9NH7,ensemble,66,81,0.9391304347826087
9NH7,ensemble,66,82,0.9478260869565217
9NH7,ensemble,66,83,0.9739130434782609
9NH7,ensemble,66,84,0.9565217391304348
9NH7,ensemble,66,85,0.9652173913043478
9NH7,ensemble,66,86,0.9478260869565217
9NH7,ensemble,66,87,0.9739130434782609
9NH7,ensemble,66,88,0.9652173913043478
9NH7,ensemble,66,89,0.9478260869565217
9NH7,ensemble,66,90,0.9565217391304348
9NH7,ensemble,66,91,0.9478260869565217
9NH7,ensemble,66,92,0.9391304347826087
9NH7,ensemble,66,93,0.9391304347826087
9NH7,ensemble,66,94,0.9565217391304348
9NH7,ensemble,66,95,0.9478260869565217
9NH7,ensemble,66,96,0.9826086956521739
9NH7,ensemble,66,97,0.9739130434782609
9NH7,ensemble,66,98,0.9478260869565217
9NH7,ensemble,66,99,0.9652173913043478
9NH7,ensemble,67,68,0.9739130434782609
9NH7,ensemble,67,69,0.9565217391304348
9NH7,ensemble,67,70,0.9826086956521739
9NH7,ensemble,67,71,0.9739130434782609
9NH7,ensemble,67,72,0.9478260869565217
9NH7,ensemble,67,73,0.9478260869565217
9NH7,ensemble,67,74,0.9739130434782609
9NH7,ensemble,67,75,0.991304347826087
9NH7,ensemble,67,76,0.9478260869565217
9NH7,ensemble,67,77,0.9652173913043478
9NH7,ensemble,67,78,0.9826086956521739
9NH7,ensemble,67,79,0.9391304347826087
9NH7,ensemble,67,80,0.9652173913043478
9NH7,ensemble,67,81,0.9478260869565217
9NH7,ensemble,67,82,0.9478260869565217
9NH7,ensemble,67,83,0.9739130434782609
9NH7,ensemble,67,84,0.9652173913043478
9NH7,ensemble,67,85,0.9739130434782609
9NH7,ensemble,67,86,0.9565217391304348
9NH7,ensemble,67,87,0.9652173913043478
9NH7,ensemble,67,88,0.9739130434782609
9NH7,ensemble,67,89,0.9565217391304348
9NH7,ensemble,67,90,0.9652173913043478
9NH7,ensemble,67,91,0.9652173913043478
9NH7,ensemble,67,92,0.9478260869565217
9NH7,ensemble,67,93,0.9478260869565217
9NH7,ensemble,67,94,0.9739130434782609
9NH7,ensemble,67,95,0.9565217391304348
9NH7,ensemble,67,96,0.9826086956521739
9NH7,ensemble,67,97,0.9739130434782609
9NH7,ensemble,67,98,0.9652173913043478
9NH7,ensemble,67,99,1.0
9NH7,ensemble,68,69,0.9565217391304348
9NH7,ensemble,68,70,0.9826086956521739
9NH7,ensemble,68,71,0.9826086956521739
9NH7,ensemble,68,72,0.9652173913043478
9NH7,ensemble,68,73,0.9739130434782609
9NH7,ensemble,68,74,0.9826086956521739
9NH7,ensemble,68,75,0.9652173913043478
9NH7,ensemble,68,76,0.9565217391304348
9NH7,ensemble,68,77,0.9826086956521739
9NH7,ensemble,68,78,0.991304347826087
9NH7,ensemble,68,79,0.9478260869565217
9NH7,ensemble,68,80,0.9652173913043478
9NH7,ensemble,68,81,0.9391304347826087
9NH7,ensemble,68,82,0.9739130434782609
9NH7,ensemble,68,83,0.991304347826087
9NH7,ensemble,68,84,0.991304347826087
9NH7,ensemble,68,85,1.0
9NH7,ensemble,68,86,0.9739130434782609
9NH7,ensemble,68,87,0.9739130434782609
9NH7,ensemble,68,88,0.9739130434782609
9NH7,ensemble,68,89,0.9739130434782609
9NH7,ensemble,68,90,0.9826086956521739
9NH7,ensemble,68,91,0.9565217391304348
9NH7,ensemble,68,92,0.9478260869565217
9NH7,ensemble,68,93,0.9478260869565217
9NH7,ensemble,68,94,0.9826086956521739
9NH7,ensemble,68,95,0.9565217391304348
9NH7,ensemble,68,96,0.9826086956521739
9NH7,ensemble,68,97,0.9739130434782609
9NH7,ensemble,68,98,0.9826086956521739
9NH7,ensemble,68,99,0.9739130434782609
9NH7,ensemble,69,70,0.9478260869565217
9NH7,ensemble,69,71,0.9565217391304348
9NH7,ensemble,69,72,0.9217391304347826
9NH7,ensemble,69,73,0.9304347826086956
9NH7,ensemble,69,74,0.9565217391304348
9NH7,ensemble,69,75,0.9652173913043478
9NH7,ensemble,69,76,0.9478260869565217
9NH7,ensemble,69,77,0.9391304347826087
9NH7,ensemble,69,78,0.9652173913043478
9NH7,ensemble,69,79,0.9391304347826087
9NH7,ensemble,69,80,0.991304347826087
9NH7,ensemble,69,81,0.9391304347826087
9NH7,ensemble,69,82,0.9304347826086956
9NH7,ensemble,69,83,0.9478260869565217
9NH7,ensemble,69,84,0.9652173913043478
9NH7,ensemble,69,85,0.9565217391304348
9NH7,ensemble,69,86,0.9739130434782609
9NH7,ensemble,69,87,0.9652173913043478
9NH7,ensemble,69,88,0.9739130434782609
9NH7,ensemble,69,89,0.9826086956521739
9NH7,ensemble,69,90,0.9478260869565217
9NH7,ensemble,69,91,0.991304347826087
9NH7,ensemble,69,92,0.9391304347826087
9NH7,ensemble,69,93,0.991304347826087
9NH7,ensemble,69,94,0.9391304347826087
9NH7,ensemble,69,95,0.9826086956521739
9NH7,ensemble,69,96,0.9565217391304348
9NH7,ensemble,69,97,0.9478260869565217
9NH7,ensemble,69,98,0.9739130434782609
9NH7,ensemble,69,99,0.9565217391304348
9NH7,ensemble,70,71,0.9652173913043478
9NH7,ensemble,70,72,0.9565217391304348
9NH7,ensemble,70,73,0.9565217391304348
9NH7,ensemble,70,74,0.9652173913043478
9NH7,ensemble,70,75,0.9739130434782609
9NH7,ensemble,70,76,0.9391304347826087
9NH7,ensemble,70,77,0.9739130434782609
9NH7,ensemble,70,78,0.9739130434782609
9NH7,ensemble,70,79,0.9304347826086956
9NH7,ensemble,70,80,0.9565217391304348
9NH7,ensemble,70,81,0.9391304347826087
9NH7,ensemble,70,82,0.9565217391304348
9NH7,ensemble,70,83,0.9826086956521739
9NH7,ensemble,70,84,0.9739130434782609
9NH7,ensemble,70,85,0.9826086956521739
9NH7,ensemble,70,86,0.9652173913043478
9NH7,ensemble,70,87,0.9565217391304348
9NH7,ensemble,70,88,0.9652173913043478
9NH7,ensemble,70,89,0.9652173913043478
9NH7,ensemble,70,90,0.9652173913043478
9NH7,ensemble,70,91,0.9565217391304348
9NH7,ensemble,70,92,0.9391304347826087
9NH7,ensemble,70,93,0.9391304347826087
9NH7,ensemble,70,94,0.9739130434782609
9NH7,ensemble,70,95,0.9478260869565217
9NH7,ensemble,70,96,0.9739130434782609
9NH7,ensemble,70,97,0.9652173913043478
9NH7,ensemble,70,98,0.9739130434782609
9NH7,ensemble,70,99,0.9826086956521739
9NH7,ensemble,71,72,0.9652173913043478
9NH7,ensemble,71,73,0.9739130434782609
9NH7,ensemble,71,74,1.0
9NH7,ensemble,71,75,0.9652173913043478
9NH7,ensemble,71,76,0.9739130434782609
9NH7,ensemble,71,77,0.9652173913043478
9NH7,ensemble,71,78,0.991304347826087
9NH7,ensemble,71,79,0.9565217391304348
9NH7,ensemble,71,80,0.9652173913043478
9NH7,ensemble,71,81,0.9478260869565217
9NH7,ensemble,71,82,0.9739130434782609
9NH7,ensemble,71,83,0.9739130434782609
9NH7,ensemble,71,84,0.9739130434782609
9NH7,ensemble,71,85,0.9826086956521739
9NH7,ensemble,71,86,0.9565217391304348
9NH7,ensemble,71,87,0.9826086956521739
9NH7,ensemble,71,88,0.9739130434782609
9NH7,ensemble,71,89,0.9565217391304348
9NH7,ensemble,71,90,0.9739130434782609
9NH7,ensemble,71,91,0.9565217391304348
9NH7,ensemble,71,92,0.9652173913043478
9NH7,ensemble,71,93,0.9478260869565217
9NH7,ensemble,71,94,0.9652173913043478
9NH7,ensemble,71,95,0.9565217391304348
9NH7,ensemble,71,96,0.9826086956521739
9NH7,ensemble,71,97,0.9739130434782609
9NH7,ensemble,71,98,0.9652173913043478
9NH7,ensemble,71,99,0.9739130434782609
9NH7,ensemble,72,73,0.991304347826087
9NH7,ensemble,72,74,0.9652173913043478
9NH7,ensemble,72,75,0.9391304347826087
9NH7,ensemble,72,76,0.9739130434782609
9NH7,ensemble,72,77,0.9652173913043478
9NH7,ensemble,72,78,0.9565217391304348
9NH7,ensemble,72,79,0.9565217391304348
9NH7,ensemble,72,80,0.9304347826086956
9NH7,ensemble,72,81,0.9217391304347826
9NH7,ensemble,72,82,0.991304347826087
9NH7,ensemble,72,83,0.9739130434782609
9NH7,ensemble,72,84,0.9565217391304348
9NH7,ensemble,72,85,0.9652173913043478
9NH7,ensemble,72,86,0.9391304347826087
9NH7,ensemble,72,87,0.9478260869565217
9NH7,ensemble,72,88,0.9391304347826087
9NH7,ensemble,72,89,0.9391304347826087
9NH7,ensemble,72,90,0.9478260869565217
9NH7,ensemble,72,91,0.9217391304347826
9NH7,ensemble,72,92,0.9652173913043478
9NH7,ensemble,72,93,0.9130434782608695
9NH7,ensemble,72,94,0.9565217391304348
9NH7,ensemble,72,95,0.9217391304347826
9NH7,ensemble,72,96,0.9652173913043478
9NH7,ensemble,72,97,0.9565217391304348
9NH7,ensemble,72,98,0.9478260869565217
9NH7,ensemble,72,99,0.9478260869565217
9NH7,ensemble,73,74,0.9739130434782609
9NH7,ensemble,73,75,0.9391304347826087
9NH7,ensemble,73,76,0.9826086956521739
9NH7,ensemble,73,77,0.9565217391304348
9NH7,ensemble,73,78,0.9652173913043478
9NH7,ensemble,73,79,0.9652173913043478
9NH7,ensemble,73,80,0.9391304347826087
9NH7,ensemble,73,81,0.9217391304347826
9NH7,ensemble,73,82,1.0
9NH7,ensemble,73,83,0.9652173913043478
9NH7,ensemble,73,84,0.9652173913043478
9NH7,ensemble,73,85,0.9739130434782609
9NH7,ensemble,73,86,0.9478260869565217
9NH7,ensemble,73,87,0.9565217391304348
9NH7,ensemble,73,88,0.9478260869565217
9NH7,ensemble,73,89,0.9478260869565217
9NH7,ensemble,73,90,0.9565217391304348
9NH7,ensemble,73,91,0.9304347826086956
9NH7,ensemble,73,92,0.9739130434782609
9NH7,ensemble,73,93,0.9217391304347826
9NH7,ensemble,73,94,0.9565217391304348
9NH7,ensemble,73,95,0.9304347826086956
9NH7,ensemble,73,96,0.9565217391304348
9NH7,ensemble,73,97,0.9478260869565217
9NH7,ensemble,73,98,0.9565217391304348
9NH7,ensemble,73,99,0.9478260869565217
9NH7,ensemble,74,75,0.9652173913043478
9NH7,ensemble,74,76,0.9739130434782609
9NH7,ensemble,74,77,0.9652173913043478
9NH7,ensemble,74,78,0.991304347826087
9NH7,ensemble,74,79,0.9565217391304348
9NH7,ensemble,74,80,0.9652173913043478
9NH7,ensemble,74,81,0.9478260869565217
9NH7,ensemble,74,82,0.9739130434782609
9NH7,ensemble,74,83,0.9739130434782609
9NH7,ensemble,74,84,0.9739130434782609
9NH7,ensemble,74,85,0.9826086956521739
9NH7,ensemble,74,86,0.9565217391304348
9NH7,ensemble,74,87,0.9826086956521739
9NH7,ensemble,74,88,0.9739130434782609
9NH7,ensemble,74,89,0.9565217391304348
9NH7,ensemble,74,90,0.9739130434782609
9NH7,ensemble,74,91,0.9565217391304348
9NH7,ensemble,74,92,0.9652173913043478
9NH7,ensemble,74,93,0.9478260869565217
9NH7,ensemble,74,94,0.9652173913043478
9NH7,ensemble,74,95,0.9565217391304348
9NH7,ensemble,74,96,0.9826086956521739
9NH7,ensemble,74,97,0.9739130434782609
9NH7,ensemble,74,98,0.9652173913043478
9NH7,ensemble,74,99,0.9739130434782609
9NH7,ensemble,75,76,0.9565217391304348
9NH7,ensemble,75,77,0.9565217391304348
9NH7,ensemble,75,78,0.9739130434782609
9NH7,ensemble,75,79,0.9478260869565217
9NH7,ensemble,75,80,0.9565217391304348
9NH7,ensemble,75,81,0.9391304347826087
9NH7,ensemble,75,82,0.9391304347826087
9NH7,ensemble,75,83,0.9652173913043478
9NH7,ensemble,75,84,0.9739130434782609
9NH7,ensemble,75,85,0.9652173913043478
9NH7,ensemble,75,86,0.9478260869565217
9NH7,ensemble,75,87,0.9739130434782609
9NH7,ensemble,75,88,0.9652173913043478
9NH7,ensemble,75,89,0.9478260869565217
9NH7,ensemble,75,90,0.9565217391304348
9NH7,ensemble,75,91,0.9739130434782609
9NH7,ensemble,75,92,0.9478260869565217
9NH7,ensemble,75,93,0.9565217391304348
9NH7,ensemble,75,94,0.9652173913043478
9NH7,ensemble,75,95,0.9478260869565217
9NH7,ensemble,75,96,0.9739130434782609
9NH7,ensemble,75,97,0.9652173913043478
9NH7,ensemble,75,98,0.9565217391304348
9NH7,ensemble,75,99,0.991304347826087
9NH7,ensemble,76,77,0.9391304347826087
9NH7,ensemble,76,78,0.9652173913043478
9NH7,ensemble,76,79,0.9826086956521739
9NH7,ensemble,76,80,0.9391304347826087
9NH7,ensemble,76,81,0.9217391304347826
9NH7,ensemble,76,82,0.9826086956521739
9NH7,ensemble,76,83,0.9478260869565217
9NH7,ensemble,76,84,0.9652173913043478
9NH7,ensemble,76,85,0.9565217391304348
9NH7,ensemble,76,86,0.9304347826086956
9NH7,ensemble,76,87,0.9739130434782609
9NH7,ensemble,76,88,0.9478260869565217
9NH7,ensemble,76,89,0.9304347826086956
9NH7,ensemble,76,90,0.9478260869565217
9NH7,ensemble,76,91,0.9478260869565217
9NH7,ensemble,76,92,0.9826086956521739
9NH7,ensemble,76,93,0.9391304347826087
9NH7,ensemble,76,94,0.9391304347826087
9NH7,ensemble,76,95,0.9304347826086956
9NH7,ensemble,76,96,0.9565217391304348
9NH7,ensemble,76,97,0.9478260869565217
9NH7,ensemble,76,98,0.9391304347826087
9NH7,ensemble,76,99,0.9478260869565217
9NH7,ensemble,77,78,0.9739130434782609
9NH7,ensemble,77,79,0.9304347826086956
9NH7,ensemble,77,80,0.9478260869565217
9NH7,ensemble,77,81,0.9478260869565217
9NH7,ensemble,77,82,0.9565217391304348
9NH7,ensemble,77,83,0.991304347826087
9NH7,ensemble,77,84,0.9739130434782609
9NH7,ensemble,77,85,0.9826086956521739
9NH7,ensemble,77,86,0.9565217391304348
9NH7,ensemble,77,87,0.9565217391304348
9NH7,ensemble,77,88,0.9565217391304348
9NH7,ensemble,77,89,0.9565217391304348
9NH7,ensemble,77,90,0.9826086956521739
9NH7,ensemble,77,91,0.9391304347826087
9NH7,ensemble,77,92,0.9304347826086956
9NH7,ensemble,77,93,0.9304347826086956
9NH7,ensemble,77,94,0.991304347826087
9NH7,ensemble,77,95,0.9391304347826087
9NH7,ensemble,77,96,0.9826086956521739
9NH7,ensemble,77,97,0.991304347826087
9NH7,ensemble,77,98,0.9652173913043478
9NH7,ensemble,77,99,0.9652173913043478
9NH7,ensemble,78,79,0.9565217391304348
9NH7,ensemble,78,80,0.9739130434782609
9NH7,ensemble,78,81,0.9478260869565217
9NH7,ensemble,78,82,0.9652173913043478
9NH7,ensemble,78,83,0.9826086956521739
9NH7,ensemble,78,84,0.9826086956521739
9NH7,ensemble,78,85,0.991304347826087
9NH7,ensemble,78,86,0.9652173913043478
9NH7,ensemble,78,87,0.9826086956521739
9NH7,ensemble,78,88,0.9826086956521739
9NH7,ensemble,78,89,0.9652173913043478
9NH7,ensemble,78,90,0.9826086956521739
9NH7,ensemble,78,91,0.9652173913043478
9NH7,ensemble,78,92,0.9565217391304348
9NH7,ensemble,78,93,0.9565217391304348
9NH7,ensemble,78,94,0.9739130434782609
9NH7,ensemble,78,95,0.9652173913043478
9NH7,ensemble,78,96,0.991304347826087
9NH7,ensemble,78,97,0.9826086956521739
9NH7,ensemble,78,98,0.9739130434782609
9NH7,ensemble,78,99,0.9826086956521739
9NH7,ensemble,79,80,0.9304347826086956
9NH7,ensemble,79,81,0.9217391304347826
9NH7,ensemble,79,82,0.9652173913043478
9NH7,ensemble,79,83,0.9391304347826087
9NH7,ensemble,79,84,0.9565217391304348
9NH7,ensemble,79,85,0.9478260869565217
9NH7,ensemble,79,86,0.9217391304347826
9NH7,ensemble,79,87,0.9652173913043478
9NH7,ensemble,79,88,0.9391304347826087
9NH7,ensemble,79,89,0.9217391304347826
9NH7,ensemble,79,90,0.9391304347826087
9NH7,ensemble,79,91,0.9391304347826087
9NH7,ensemble,79,92,0.9652173913043478
9NH7,ensemble,79,93,0.9304347826086956
9NH7,ensemble,79,94,0.9304347826086956
9NH7,ensemble,79,95,0.9217391304347826
9NH7,ensemble,79,96,0.9478260869565217
9NH7,ensemble,79,97,0.9391304347826087
9NH7,ensemble,79,98,0.9304347826086956
9NH7,ensemble,79,99,0.9391304347826087
9NH7,ensemble,80,81,0.9478260869565217
9NH7,ensemble,80,82,0.9391304347826087
9NH7,ensemble,80,83,0.9565217391304348
9NH7,ensemble,80,84,0.9565217391304348
9NH7,ensemble,80,85,0.9652173913043478
9NH7,ensemble,80,86,0.9826086956521739
9NH7,ensemble,80,87,0.9565217391304348
9NH7,ensemble,80,88,0.9826086956521739
9NH7,ensemble,80,89,0.991304347826087
9NH7,ensemble,80,90,0.9565217391304348
9NH7,ensemble,80,91,0.9826086956521739
9NH7,ensemble,80,92,0.9391304347826087
9NH7,ensemble,80,93,0.9826086956521739
9NH7,ensemble,80,94,0.9478260869565217
9NH7,ensemble,80,95,0.991304347826087
9NH7,ensemble,80,96,0.9652173913043478
9NH7,ensemble,80,97,0.9565217391304348
9NH7,ensemble,80,98,0.9826086956521739
9NH7,ensemble,80,99,0.9652173913043478
9NH7,ensemble,81,82,0.9217391304347826
9NH7,ensemble,81,83,0.9391304347826087
9NH7,ensemble,81,84,0.9304347826086956
9NH7,ensemble,81,85,0.9391304347826087
9NH7,ensemble,81,86,0.9304347826086956
9NH7,ensemble,81,87,0.9391304347826087
9NH7,ensemble,81,88,0.9391304347826087
9NH7,ensemble,81,89,0.9391304347826087
9NH7,ensemble,81,90,0.9478260869565217
9NH7,ensemble,81,91,0.9304347826086956
9NH7,ensemble,81,92,0.9217391304347826
9NH7,ensemble,81,93,0.9304347826086956
9NH7,ensemble,81,94,0.9478260869565217
9NH7,ensemble,81,95,0.9391304347826087
9NH7,ensemble,81,96,0.9478260869565217
9NH7,ensemble,81,97,0.9565217391304348
9NH7,ensemble,81,98,0.9478260869565217
9NH7,ensemble,81,99,0.9478260869565217
9NH7,ensemble,82,83,0.9652173913043478
9NH7,ensemble,82,84,0.9652173913043478
9NH7,ensemble,82,85,0.9739130434782609
9NH7,ensemble,82,86,0.9478260869565217
9NH7,ensemble,82,87,0.9565217391304348
9NH7,ensemble,82,88,0.9478260869565217
9NH7,ensemble,82,89,0.9478260869565217
9NH7,ensemble,82,90,0.9565217391304348
9NH7,ensemble,82,91,0.9304347826086956
9NH7,ensemble,82,92,0.9739130434782609
9NH7,ensemble,82,93,0.9217391304347826
9NH7,ensemble,82,94,0.9565217391304348
9NH7,ensemble,82,95,0.9304347826086956
9NH7,ensemble,82,96,0.9565217391304348
9NH7,ensemble,82,97,0.9478260869565217
9NH7,ensemble,82,98,0.9565217391304348
9NH7,ensemble,82,99,0.9478260869565217
9NH7,ensemble,83,84,0.9826086956521739
9NH7,ensemble,83,85,0.991304347826087
9NH7,ensemble,83,86,0.9652173913043478
9NH7,ensemble,83,87,0.9652173913043478
9NH7,ensemble,83,88,0.9652173913043478
9NH7,ensemble,83,89,0.9652173913043478
9NH7,ensemble,83,90,0.9739130434782609
9NH7,ensemble,83,91,0.9478260869565217
9NH7,ensemble,83,92,0.9391304347826087
9NH7,ensemble,83,93,0.9391304347826087
9NH7,ensemble,83,94,0.9826086956521739
9NH7,ensemble,83,95,0.9478260869565217
9NH7,ensemble,83,96,0.991304347826087
9NH7,ensemble,83,97,0.9826086956521739
9NH7,ensemble,83,98,0.9739130434782609
9NH7,ensemble,83,99,0.9739130434782609
9NH7,ensemble,84,85,0.991304347826087
9NH7,ensemble,84,86,0.9652173913043478
9NH7,ensemble,84,87,0.9826086956521739
9NH7,ensemble,84,88,0.9652173913043478
9NH7,ensemble,84,89,0.9652173913043478
9NH7,ensemble,84,90,0.9739130434782609
9NH7,ensemble,84,91,0.9652173913043478
9NH7,ensemble,84,92,0.9478260869565217
9NH7,ensemble,84,93,0.9565217391304348
9NH7,ensemble,84,94,0.9739130434782609
9NH7,ensemble,84,95,0.9478260869565217
9NH7,ensemble,84,96,0.9739130434782609
9NH7,ensemble,84,97,0.9652173913043478
9NH7,ensemble,84,98,0.9739130434782609
9NH7,ensemble,84,99,0.9652173913043478
9NH7,ensemble,85,86,0.9739130434782609
9NH7,ensemble,85,87,0.9739130434782609
9NH7,ensemble,85,88,0.9739130434782609
9NH7,ensemble,85,89,0.9739130434782609
9NH7,ensemble,85,90,0.9826086956521739
9NH7,ensemble,85,91,0.9565217391304348
9NH7,ensemble,85,92,0.9478260869565217
9NH7,ensemble,85,93,0.9478260869565217
9NH7,ensemble,85,94,0.9826086956521739
9NH7,ensemble,85,95,0.9565217391304348
9NH7,ensemble,85,96,0.9826086956521739
9NH7,ensemble,85,97,0.9739130434782609
9NH7,ensemble,85,98,0.9826086956521739
9NH7,ensemble,85,99,0.9739130434782609
9NH7,ensemble,86,87,0.9478260869565217
9NH7,ensemble,86,88,0.9739130434782609
9NH7,ensemble,86,89,0.991304347826087
9NH7,ensemble,86,90,0.9565217391304348
9NH7,ensemble,86,91,0.9739130434782609
9NH7,ensemble,86,92,0.9304347826086956
9NH7,ensemble,86,93,0.9652173913043478
9NH7,ensemble,86,94,0.9565217391304348
9NH7,ensemble,86,95,0.9739130434782609
9NH7,ensemble,86,96,0.9565217391304348
9NH7,ensemble,86,97,0.9478260869565217
9NH7,ensemble,86,98,0.9826086956521739
9NH7,ensemble,86,99,0.9565217391304348
9NH7,ensemble,87,88,0.9652173913043478
9NH7,ensemble,87,89,0.9478260869565217
9NH7,ensemble,87,90,0.9652173913043478
9NH7,ensemble,87,91,0.9652173913043478
9NH7,ensemble,87,92,0.9565217391304348
9NH7,ensemble,87,93,0.9565217391304348
9NH7,ensemble,87,94,0.9565217391304348
9NH7,ensemble,87,95,0.9478260869565217
9NH7,ensemble,87,96,0.9739130434782609
9NH7,ensemble,87,97,0.9652173913043478
9NH7,ensemble,87,98,0.9565217391304348
9NH7,ensemble,87,99,0.9652173913043478
9NH7,ensemble,88,89,0.9739130434782609
9NH7,ensemble,88,90,0.9652173913043478
9NH7,ensemble,88,91,0.9739130434782609
9NH7,ensemble,88,92,0.9565217391304348
9NH7,ensemble,88,93,0.9652173913043478
9NH7,ensemble,88,94,0.9565217391304348
9NH7,ensemble,88,95,0.9739130434782609
9NH7,ensemble,88,96,0.9739130434782609
9NH7,ensemble,88,97,0.9652173913043478
9NH7,ensemble,88,98,0.9652173913043478
9NH7,ensemble,88,99,0.9739130434782609
9NH7,ensemble,89,90,0.9565217391304348
9NH7,ensemble,89,91,0.9739130434782609
9NH7,ensemble,89,92,0.9304347826086956
9NH7,ensemble,89,93,0.9739130434782609
9NH7,ensemble,89,94,0.9565217391304348
9NH7,ensemble,89,95,0.9826086956521739
9NH7,ensemble,89,96,0.9565217391304348
9NH7,ensemble,89,97,0.9478260869565217
9NH7,ensemble,89,98,0.991304347826087
9NH7,ensemble,89,99,0.9565217391304348
9NH7,ensemble,90,91,0.9478260869565217
9NH7,ensemble,90,92,0.9391304347826087
9NH7,ensemble,90,93,0.9391304347826087
9NH7,ensemble,90,94,0.9826086956521739
9NH7,ensemble,90,95,0.9478260869565217
9NH7,ensemble,90,96,0.9739130434782609
9NH7,ensemble,90,97,0.9826086956521739
9NH7,ensemble,90,98,0.9652173913043478
9NH7,ensemble,90,99,0.9652173913043478
9NH7,ensemble,91,92,0.9391304347826087
9NH7,ensemble,91,93,0.9826086956521739
9NH7,ensemble,91,94,0.9391304347826087
9NH7,ensemble,91,95,0.9739130434782609
9NH7,ensemble,91,96,0.9565217391304348
9NH7,ensemble,91,97,0.9478260869565217
9NH7,ensemble,91,98,0.9652173913043478
9NH7,ensemble,91,99,0.9652173913043478
9NH7,ensemble,92,93,0.9304347826086956
9NH7,ensemble,92,94,0.9304347826086956
9NH7,ensemble,92,95,0.9304347826086956
9NH7,ensemble,92,96,0.9478260869565217
9NH7,ensemble,92,97,0.9391304347826087
9NH7,ensemble,92,98,0.9391304347826087
9NH7,ensemble,92,99,0.9478260869565217
9NH7,ensemble,93,94,0.9304347826086956
9NH7,ensemble,93,95,0.991304347826087
9NH7,ensemble,93,96,0.9478260869565217
9NH7,ensemble,93,97,0.9391304347826087
9NH7,ensemble,93,98,0.9652173913043478
9NH7,ensemble,93,99,0.9478260869565217
9NH7,ensemble,94,95,0.9391304347826087
9NH7,ensemble,94,96,0.9739130434782609
9NH7,ensemble,94,97,0.9826086956521739
9NH7,ensemble,94,98,0.9652173913043478
9NH7,ensemble,94,99,0.9739130434782609
9NH7,ensemble,95,96,0.9565217391304348
9NH7,ensemble,95,97,0.9478260869565217
9NH7,ensemble,95,98,0.9739130434782609
9NH7,ensemble,95,99,0.9565217391304348
9NH7,ensemble,96,97,0.991304347826087
9NH7,ensemble,96,98,0.9652173913043478
9NH7,ensemble,96,99,0.9826086956521739
9NH7,ensemble,97,98,0.9565217391304348
9NH7,ensemble,97,99,0.9739130434782609
9NH7,ensemble,98,99,0.9652173913043478
