structure,method,prediction,original_residue,predicted_position,ca_displacement_A,preserved_2A,preserved_3A,low_confidence_mapping
9NFU,baseline,9NFU_baseline_001.pdb,27,30,1.5865988,True,True,False
9NFU,baseline,9NFU_baseline_001.pdb,31,34,1.1164757,True,True,False
9NFU,baseline,9NFU_baseline_001.pdb,32,35,1.2431167,True,True,False
9NFU,baseline,9NFU_baseline_001.pdb,52,55,0.5712677,True,True,False
9NFU,baseline,9NFU_baseline_001.pdb,98,101,0.3839912,True,True,False
9NFU,baseline,9NFU_baseline_001.pdb,100,103,1.7591149,True,True,False
9NFU,baseline,9NFU_baseline_001.pdb,101,104,1.8736784,True,True,False
9NFU,baseline,9NFU_baseline_001.pdb,102,105,1.9526962,True,True,False
9NFU,baseline,9NFU_baseline_001.pdb,103,106,3.810894,False,False,False
9NFU,baseline,9NFU_baseline_001.pdb,105,108,3.127812,False,False,False
9NFU,baseline,9NFU_baseline_001.pdb,106,109,1.4527363,True,True,False
9NFU,baseline,9NFU_baseline_001.pdb,168,171,1.3760185,True,True,False
9NFU,baseline,9NFU_baseline_001.pdb,169,172,2.2698858,False,True,False
9NFU,baseline,9NFU_baseline_001.pdb,187,190,0.8320681,True,True,False
9NFU,baseline,9NFU_baseline_002.pdb,27,30,1.8149093,True,True,False
9NFU,baseline,9NFU_baseline_002.pdb,31,34,1.2683308,True,True,False
9NFU,baseline,9NFU_baseline_002.pdb,32,35,1.1620741,True,True,False
9NFU,baseline,9NFU_baseline_002.pdb,52,55,0.71761185,True,True,False
9NFU,baseline,9NFU_baseline_002.pdb,98,101,0.292724,True,True,False
9NFU,baseline,9NFU_baseline_002.pdb,100,103,1.157783,True,True,False
9NFU,baseline,9NFU_baseline_002.pdb,101,104,1.5196556,True,True,False
9NFU,baseline,9NFU_baseline_002.pdb,102,105,1.7521244,True,True,False
9NFU,baseline,9NFU_baseline_002.pdb,103,106,3.4102411,False,False,False
9NFU,baseline,9NFU_baseline_002.pdb,105,108,2.9752636,False,True,False
9NFU,baseline,9NFU_baseline_002.pdb,106,109,1.9083989,True,True,False
9NFU,baseline,9NFU_baseline_002.pdb,168,171,1.792917,True,True,False
9NFU,baseline,9NFU_baseline_002.pdb,169,172,2.3236232,False,True,False
9NFU,baseline,9NFU_baseline_002.pdb,187,190,0.9145111,True,True,False
9NFU,baseline,9NFU_baseline_003.pdb,27,30,3.3954344,False,False,False
9NFU,baseline,9NFU_baseline_003.pdb,31,34,3.748498,False,False,False
9NFU,baseline,9NFU_baseline_003.pdb,32,35,3.5426364,False,False,False
9NFU,baseline,9NFU_baseline_003.pdb,52,55,3.126921,False,False,False
9NFU,baseline,9NFU_baseline_003.pdb,98,101,2.491807,False,True,False
9NFU,baseline,9NFU_baseline_003.pdb,100,103,2.8399642,False,True,False
9NFU,baseline,9NFU_baseline_003.pdb,101,104,2.290282,False,True,False
9NFU,baseline,9NFU_baseline_003.pdb,102,105,3.4494815,False,False,False
9NFU,baseline,9NFU_baseline_003.pdb,103,106,5.343145,False,False,False
9NFU,baseline,9NFU_baseline_003.pdb,105,108,6.5101,False,False,False
9NFU,baseline,9NFU_baseline_003.pdb,106,109,4.9391217,False,False,False
9NFU,baseline,9NFU_baseline_003.pdb,168,171,1.9555453,True,True,False
9NFU,baseline,9NFU_baseline_003.pdb,169,172,0.47781634,True,True,False
9NFU,baseline,9NFU_baseline_003.pdb,187,190,3.1270022,False,False,False
9NFU,baseline,9NFU_baseline_004.pdb,27,30,4.1775813,False,False,False
9NFU,baseline,9NFU_baseline_004.pdb,31,34,4.076315,False,False,False
9NFU,baseline,9NFU_baseline_004.pdb,32,35,3.945931,False,False,False
9NFU,baseline,9NFU_baseline_004.pdb,52,55,3.2988825,False,False,False
9NFU,baseline,9NFU_baseline_004.pdb,98,101,3.0046084,False,False,False
9NFU,baseline,9NFU_baseline_004.pdb,100,103,3.9513142,False,False,False
9NFU,baseline,9NFU_baseline_004.pdb,101,104,3.3707604,False,False,False
9NFU,baseline,9NFU_baseline_004.pdb,102,105,4.0695066,False,False,False
9NFU,baseline,9NFU_baseline_004.pdb,103,106,5.842763,False,False,False
9NFU,baseline,9NFU_baseline_004.pdb,105,108,6.009635,False,False,False
9NFU,baseline,9NFU_baseline_004.pdb,106,109,3.8429563,False,False,False
9NFU,baseline,9NFU_baseline_004.pdb,168,171,1.7761116,True,True,False
9NFU,baseline,9NFU_baseline_004.pdb,169,172,0.41120306,True,True,False
9NFU,baseline,9NFU_baseline_004.pdb,187,190,3.416535,False,False,False
9NFU,baseline,9NFU_baseline_005.pdb,27,30,28.568779,False,False,False
9NFU,baseline,9NFU_baseline_005.pdb,31,34,29.375624,False,False,False
9NFU,baseline,9NFU_baseline_005.pdb,32,35,28.053762,False,False,False
9NFU,baseline,9NFU_baseline_005.pdb,52,55,25.824118,False,False,False
9NFU,baseline,9NFU_baseline_005.pdb,98,101,25.528502,False,False,False
9NFU,baseline,9NFU_baseline_005.pdb,100,103,33.373077,False,False,False
9NFU,baseline,9NFU_baseline_005.pdb,101,104,36.523125,False,False,False
9NFU,baseline,9NFU_baseline_005.pdb,102,105,36.70604,False,False,False
9NFU,baseline,9NFU_baseline_005.pdb,103,106,42.00432,False,False,False
9NFU,baseline,9NFU_baseline_005.pdb,105,108,44.28302,False,False,False
9NFU,baseline,9NFU_baseline_005.pdb,106,109,41.70741,False,False,False
9NFU,baseline,9NFU_baseline_005.pdb,168,171,21.805792,False,False,False
9NFU,baseline,9NFU_baseline_005.pdb,169,172,21.194857,False,False,False
9NFU,baseline,9NFU_baseline_005.pdb,187,190,21.284653,False,False,False
9NFU,baseline,9NFU_baseline_006.pdb,27,30,1.7833167,True,True,False
9NFU,baseline,9NFU_baseline_006.pdb,31,34,1.1797389,True,True,False
9NFU,baseline,9NFU_baseline_006.pdb,32,35,1.2425947,True,True,False
9NFU,baseline,9NFU_baseline_006.pdb,52,55,0.90715474,True,True,False
9NFU,baseline,9NFU_baseline_006.pdb,98,101,0.46789962,True,True,False
9NFU,baseline,9NFU_baseline_006.pdb,100,103,1.4313107,True,True,False
9NFU,baseline,9NFU_baseline_006.pdb,101,104,0.900688,True,True,False
9NFU,baseline,9NFU_baseline_006.pdb,102,105,1.9344853,True,True,False
9NFU,baseline,9NFU_baseline_006.pdb,103,106,2.3902254,False,True,False
9NFU,baseline,9NFU_baseline_006.pdb,105,108,2.2689304,False,True,False
9NFU,baseline,9NFU_baseline_006.pdb,106,109,4.707351,False,False,False
9NFU,baseline,9NFU_baseline_006.pdb,168,171,1.5471194,True,True,False
9NFU,baseline,9NFU_baseline_006.pdb,169,172,1.8125422,True,True,False
9NFU,baseline,9NFU_baseline_006.pdb,187,190,1.0218617,True,True,False
9NFU,baseline,9NFU_baseline_007.pdb,27,30,1.5274962,True,True,False
9NFU,baseline,9NFU_baseline_007.pdb,31,34,1.3999947,True,True,False
9NFU,baseline,9NFU_baseline_007.pdb,32,35,1.589443,True,True,False
9NFU,baseline,9NFU_baseline_007.pdb,52,55,0.6780818,True,True,False
9NFU,baseline,9NFU_baseline_007.pdb,98,101,0.383087,True,True,False
9NFU,baseline,9NFU_baseline_007.pdb,100,103,2.240957,False,True,False
9NFU,baseline,9NFU_baseline_007.pdb,101,104,1.9144881,True,True,False
9NFU,baseline,9NFU_baseline_007.pdb,102,105,3.0024035,False,False,False
9NFU,baseline,9NFU_baseline_007.pdb,103,106,3.5628614,False,False,False
9NFU,baseline,9NFU_baseline_007.pdb,105,108,5.5448093,False,False,False
9NFU,baseline,9NFU_baseline_007.pdb,106,109,4.413903,False,False,False
9NFU,baseline,9NFU_baseline_007.pdb,168,171,1.286437,True,True,False
9NFU,baseline,9NFU_baseline_007.pdb,169,172,2.1142766,False,True,False
9NFU,baseline,9NFU_baseline_007.pdb,187,190,0.83949053,True,True,False
9NFU,baseline,9NFU_baseline_008.pdb,27,30,1.6986613,True,True,False
9NFU,baseline,9NFU_baseline_008.pdb,31,34,1.6175553,True,True,False
9NFU,baseline,9NFU_baseline_008.pdb,32,35,1.3477812,True,True,False
9NFU,baseline,9NFU_baseline_008.pdb,52,55,1.2222022,True,True,False
9NFU,baseline,9NFU_baseline_008.pdb,98,101,0.7067588,True,True,False
9NFU,baseline,9NFU_baseline_008.pdb,100,103,0.7279634,True,True,False
9NFU,baseline,9NFU_baseline_008.pdb,101,104,1.1060437,True,True,False
9NFU,baseline,9NFU_baseline_008.pdb,102,105,1.5126795,True,True,False
9NFU,baseline,9NFU_baseline_008.pdb,103,106,1.8552384,True,True,False
9NFU,baseline,9NFU_baseline_008.pdb,105,108,2.218367,False,True,False
9NFU,baseline,9NFU_baseline_008.pdb,106,109,6.2690115,False,False,False
9NFU,baseline,9NFU_baseline_008.pdb,168,171,1.5800992,True,True,False
9NFU,baseline,9NFU_baseline_008.pdb,169,172,2.058883,False,True,False
9NFU,baseline,9NFU_baseline_008.pdb,187,190,1.106801,True,True,False
9NFU,baseline,9NFU_baseline_009.pdb,27,30,29.874535,False,False,False
9NFU,baseline,9NFU_baseline_009.pdb,31,34,31.024824,False,False,False
9NFU,baseline,9NFU_baseline_009.pdb,32,35,29.800514,False,False,False
9NFU,baseline,9NFU_baseline_009.pdb,52,55,27.309542,False,False,False
9NFU,baseline,9NFU_baseline_009.pdb,98,101,27.451584,False,False,False
9NFU,baseline,9NFU_baseline_009.pdb,100,103,35.99365,False,False,False
9NFU,baseline,9NFU_baseline_009.pdb,101,104,39.497593,False,False,False
9NFU,baseline,9NFU_baseline_009.pdb,102,105,39.2183,False,False,False
9NFU,baseline,9NFU_baseline_009.pdb,103,106,45.550137,False,False,False
9NFU,baseline,9NFU_baseline_009.pdb,105,108,46.150116,False,False,False
9NFU,baseline,9NFU_baseline_009.pdb,106,109,44.19712,False,False,False
9NFU,baseline,9NFU_baseline_009.pdb,168,171,19.361431,False,False,False
9NFU,baseline,9NFU_baseline_009.pdb,169,172,18.932123,False,False,False
9NFU,baseline,9NFU_baseline_009.pdb,187,190,19.830858,False,False,False
9NFU,baseline,9NFU_baseline_010.pdb,27,30,1.7711818,True,True,False
9NFU,baseline,9NFU_baseline_010.pdb,31,34,1.3026141,True,True,False
9NFU,baseline,9NFU_baseline_010.pdb,32,35,1.3377452,True,True,False
9NFU,baseline,9NFU_baseline_010.pdb,52,55,1.0219783,True,True,False
9NFU,baseline,9NFU_baseline_010.pdb,98,101,0.51488715,True,True,False
9NFU,baseline,9NFU_baseline_010.pdb,100,103,1.019285,True,True,False
9NFU,baseline,9NFU_baseline_010.pdb,101,104,0.72679275,True,True,False
9NFU,baseline,9NFU_baseline_010.pdb,102,105,1.1556304,True,True,False
9NFU,baseline,9NFU_baseline_010.pdb,103,106,3.0528374,False,False,False
9NFU,baseline,9NFU_baseline_010.pdb,105,108,4.6456914,False,False,False
9NFU,baseline,9NFU_baseline_010.pdb,106,109,3.9053578,False,False,False
9NFU,baseline,9NFU_baseline_010.pdb,168,171,1.411307,True,True,False
9NFU,baseline,9NFU_baseline_010.pdb,169,172,2.2871876,False,True,False
9NFU,baseline,9NFU_baseline_010.pdb,187,190,1.2666295,True,True,False
9NFU,baseline,9NFU_baseline_011.pdb,27,30,1.7753317,True,True,False
9NFU,baseline,9NFU_baseline_011.pdb,31,34,1.3266698,True,True,False
9NFU,baseline,9NFU_baseline_011.pdb,32,35,1.2451749,True,True,False
9NFU,baseline,9NFU_baseline_011.pdb,52,55,0.7970817,True,True,False
9NFU,baseline,9NFU_baseline_011.pdb,98,101,0.37452054,True,True,False
9NFU,baseline,9NFU_baseline_011.pdb,100,103,1.4758526,True,True,False
9NFU,baseline,9NFU_baseline_011.pdb,101,104,1.244766,True,True,False
9NFU,baseline,9NFU_baseline_011.pdb,102,105,2.0776954,False,True,False
9NFU,baseline,9NFU_baseline_011.pdb,103,106,2.5603251,False,True,False
9NFU,baseline,9NFU_baseline_011.pdb,105,108,2.2446947,False,True,False
9NFU,baseline,9NFU_baseline_011.pdb,106,109,4.543465,False,False,False
9NFU,baseline,9NFU_baseline_011.pdb,168,171,1.6886582,True,True,False
9NFU,baseline,9NFU_baseline_011.pdb,169,172,2.0103033,False,True,False
9NFU,baseline,9NFU_baseline_011.pdb,187,190,0.83230406,True,True,False
9NFU,baseline,9NFU_baseline_012.pdb,27,30,1.6199992,True,True,False
9NFU,baseline,9NFU_baseline_012.pdb,31,34,1.2045255,True,True,False
9NFU,baseline,9NFU_baseline_012.pdb,32,35,1.207018,True,True,False
9NFU,baseline,9NFU_baseline_012.pdb,52,55,0.6533687,True,True,False
9NFU,baseline,9NFU_baseline_012.pdb,98,101,0.28643435,True,True,False
9NFU,baseline,9NFU_baseline_012.pdb,100,103,1.409583,True,True,False
9NFU,baseline,9NFU_baseline_012.pdb,101,104,1.5465742,True,True,False
9NFU,baseline,9NFU_baseline_012.pdb,102,105,1.5358458,True,True,False
9NFU,baseline,9NFU_baseline_012.pdb,103,106,3.0164948,False,False,False
9NFU,baseline,9NFU_baseline_012.pdb,105,108,2.7955036,False,True,False
9NFU,baseline,9NFU_baseline_012.pdb,106,109,1.3869609,True,True,False
9NFU,baseline,9NFU_baseline_012.pdb,168,171,1.3761888,True,True,False
9NFU,baseline,9NFU_baseline_012.pdb,169,172,1.8386002,True,True,False
9NFU,baseline,9NFU_baseline_012.pdb,187,190,0.86942124,True,True,False
9NFU,baseline,9NFU_baseline_013.pdb,27,30,1.7167327,True,True,False
9NFU,baseline,9NFU_baseline_013.pdb,31,34,1.2791935,True,True,False
9NFU,baseline,9NFU_baseline_013.pdb,32,35,1.0815868,True,True,False
9NFU,baseline,9NFU_baseline_013.pdb,52,55,0.90728134,True,True,False
9NFU,baseline,9NFU_baseline_013.pdb,98,101,0.44425216,True,True,False
9NFU,baseline,9NFU_baseline_013.pdb,100,103,1.249624,True,True,False
9NFU,baseline,9NFU_baseline_013.pdb,101,104,0.98599,True,True,False
9NFU,baseline,9NFU_baseline_013.pdb,102,105,0.8336241,True,True,False
9NFU,baseline,9NFU_baseline_013.pdb,103,106,2.7186034,False,True,False
9NFU,baseline,9NFU_baseline_013.pdb,105,108,2.9197645,False,True,False
9NFU,baseline,9NFU_baseline_013.pdb,106,109,1.8013952,True,True,False
9NFU,baseline,9NFU_baseline_013.pdb,168,171,2.0213673,False,True,False
9NFU,baseline,9NFU_baseline_013.pdb,169,172,2.0678833,False,True,False
9NFU,baseline,9NFU_baseline_013.pdb,187,190,1.1736857,True,True,False
9NFU,baseline,9NFU_baseline_014.pdb,27,30,1.6900843,True,True,False
9NFU,baseline,9NFU_baseline_014.pdb,31,34,1.3439504,True,True,False
9NFU,baseline,9NFU_baseline_014.pdb,32,35,1.3756192,True,True,False
9NFU,baseline,9NFU_baseline_014.pdb,52,55,1.040475,True,True,False
9NFU,baseline,9NFU_baseline_014.pdb,98,101,0.37506342,True,True,False
9NFU,baseline,9NFU_baseline_014.pdb,100,103,1.9084618,True,True,False
9NFU,baseline,9NFU_baseline_014.pdb,101,104,1.9580426,True,True,False
9NFU,baseline,9NFU_baseline_014.pdb,102,105,2.3798702,False,True,False
9NFU,baseline,9NFU_baseline_014.pdb,103,106,3.4917283,False,False,False
9NFU,baseline,9NFU_baseline_014.pdb,105,108,4.2591248,False,False,False
9NFU,baseline,9NFU_baseline_014.pdb,106,109,2.598152,False,True,False
9NFU,baseline,9NFU_baseline_014.pdb,168,171,1.1542523,True,True,False
9NFU,baseline,9NFU_baseline_014.pdb,169,172,2.0580776,False,True,False
9NFU,baseline,9NFU_baseline_014.pdb,187,190,0.84196883,True,True,False
9NFU,baseline,9NFU_baseline_015.pdb,27,30,1.7145315,True,True,False
9NFU,baseline,9NFU_baseline_015.pdb,31,34,1.6572711,True,True,False
9NFU,baseline,9NFU_baseline_015.pdb,32,35,1.2411172,True,True,False
9NFU,baseline,9NFU_baseline_015.pdb,52,55,0.90389735,True,True,False
9NFU,baseline,9NFU_baseline_015.pdb,98,101,0.3554764,True,True,False
9NFU,baseline,9NFU_baseline_015.pdb,100,103,1.181403,True,True,False
9NFU,baseline,9NFU_baseline_015.pdb,101,104,1.3890429,True,True,False
9NFU,baseline,9NFU_baseline_015.pdb,102,105,1.3931122,True,True,False
9NFU,baseline,9NFU_baseline_015.pdb,103,106,2.9963968,False,True,False
9NFU,baseline,9NFU_baseline_015.pdb,105,108,3.2832446,False,False,False
9NFU,baseline,9NFU_baseline_015.pdb,106,109,1.5389496,True,True,False
9NFU,baseline,9NFU_baseline_015.pdb,168,171,1.5240436,True,True,False
9NFU,baseline,9NFU_baseline_015.pdb,169,172,2.0780153,False,True,False
9NFU,baseline,9NFU_baseline_015.pdb,187,190,1.1667435,True,True,False
9NFU,baseline,9NFU_baseline_016.pdb,27,30,9.554951,False,False,False
9NFU,baseline,9NFU_baseline_016.pdb,31,34,9.87302,False,False,False
9NFU,baseline,9NFU_baseline_016.pdb,32,35,9.138186,False,False,False
9NFU,baseline,9NFU_baseline_016.pdb,52,55,7.503565,False,False,False
9NFU,baseline,9NFU_baseline_016.pdb,98,101,7.004796,False,False,False
9NFU,baseline,9NFU_baseline_016.pdb,100,103,8.029359,False,False,False
9NFU,baseline,9NFU_baseline_016.pdb,101,104,8.633299,False,False,False
9NFU,baseline,9NFU_baseline_016.pdb,102,105,9.919184,False,False,False
9NFU,baseline,9NFU_baseline_016.pdb,103,106,11.361073,False,False,False
9NFU,baseline,9NFU_baseline_016.pdb,105,108,10.467342,False,False,False
9NFU,baseline,9NFU_baseline_016.pdb,106,109,8.151109,False,False,False
9NFU,baseline,9NFU_baseline_016.pdb,168,171,3.6576858,False,False,False
9NFU,baseline,9NFU_baseline_016.pdb,169,172,2.6180696,False,True,False
9NFU,baseline,9NFU_baseline_016.pdb,187,190,6.202238,False,False,False
9NFU,baseline,9NFU_baseline_017.pdb,27,30,1.6783223,True,True,False
9NFU,baseline,9NFU_baseline_017.pdb,31,34,1.1459543,True,True,False
9NFU,baseline,9NFU_baseline_017.pdb,32,35,1.1874641,True,True,False
9NFU,baseline,9NFU_baseline_017.pdb,52,55,0.6337799,True,True,False
9NFU,baseline,9NFU_baseline_017.pdb,98,101,0.30310857,True,True,False
9NFU,baseline,9NFU_baseline_017.pdb,100,103,1.5782588,True,True,False
9NFU,baseline,9NFU_baseline_017.pdb,101,104,1.6136193,True,True,False
9NFU,baseline,9NFU_baseline_017.pdb,102,105,1.7373337,True,True,False
9NFU,baseline,9NFU_baseline_017.pdb,103,106,3.3053975,False,False,False
9NFU,baseline,9NFU_baseline_017.pdb,105,108,2.061471,False,True,False
9NFU,baseline,9NFU_baseline_017.pdb,106,109,1.0871233,True,True,False
9NFU,baseline,9NFU_baseline_017.pdb,168,171,1.5396092,True,True,False
9NFU,baseline,9NFU_baseline_017.pdb,169,172,1.9193944,True,True,False
9NFU,baseline,9NFU_baseline_017.pdb,187,190,1.0198586,True,True,False
9NFU,baseline,9NFU_baseline_018.pdb,27,30,1.5910174,True,True,False
9NFU,baseline,9NFU_baseline_018.pdb,31,34,0.82062536,True,True,False
9NFU,baseline,9NFU_baseline_018.pdb,32,35,0.7983563,True,True,False
9NFU,baseline,9NFU_baseline_018.pdb,52,55,0.9054341,True,True,False
9NFU,baseline,9NFU_baseline_018.pdb,98,101,0.36297527,True,True,False
9NFU,baseline,9NFU_baseline_018.pdb,100,103,0.9808436,True,True,False
9NFU,baseline,9NFU_baseline_018.pdb,101,104,0.9886377,True,True,False
9NFU,baseline,9NFU_baseline_018.pdb,102,105,1.1685376,True,True,False
9NFU,baseline,9NFU_baseline_018.pdb,103,106,3.1550217,False,False,False
9NFU,baseline,9NFU_baseline_018.pdb,105,108,3.8988817,False,False,False
9NFU,baseline,9NFU_baseline_018.pdb,106,109,3.041554,False,False,False
9NFU,baseline,9NFU_baseline_018.pdb,168,171,1.6868438,True,True,False
9NFU,baseline,9NFU_baseline_018.pdb,169,172,2.5709,False,True,False
9NFU,baseline,9NFU_baseline_018.pdb,187,190,1.0201981,True,True,False
9NFU,baseline,9NFU_baseline_019.pdb,27,30,1.6401135,True,True,False
9NFU,baseline,9NFU_baseline_019.pdb,31,34,1.3317225,True,True,False
9NFU,baseline,9NFU_baseline_019.pdb,32,35,1.14944,True,True,False
9NFU,baseline,9NFU_baseline_019.pdb,52,55,0.9902861,True,True,False
9NFU,baseline,9NFU_baseline_019.pdb,98,101,0.5102044,True,True,False
9NFU,baseline,9NFU_baseline_019.pdb,100,103,0.9589973,True,True,False
9NFU,baseline,9NFU_baseline_019.pdb,101,104,1.0074567,True,True,False
9NFU,baseline,9NFU_baseline_019.pdb,102,105,0.9729916,True,True,False
9NFU,baseline,9NFU_baseline_019.pdb,103,106,2.747379,False,True,False
9NFU,baseline,9NFU_baseline_019.pdb,105,108,3.7027023,False,False,False
9NFU,baseline,9NFU_baseline_019.pdb,106,109,2.2094555,False,True,False
9NFU,baseline,9NFU_baseline_019.pdb,168,171,1.6322372,True,True,False
9NFU,baseline,9NFU_baseline_019.pdb,169,172,2.1445103,False,True,False
9NFU,baseline,9NFU_baseline_019.pdb,187,190,1.0393422,True,True,False
9NFU,baseline,9NFU_baseline_020.pdb,27,30,2.4039407,False,True,False
9NFU,baseline,9NFU_baseline_020.pdb,31,34,2.3655217,False,True,False
9NFU,baseline,9NFU_baseline_020.pdb,32,35,2.216104,False,True,False
9NFU,baseline,9NFU_baseline_020.pdb,52,55,1.7805208,True,True,False
9NFU,baseline,9NFU_baseline_020.pdb,98,101,1.2250524,True,True,False
9NFU,baseline,9NFU_baseline_020.pdb,100,103,1.2291931,True,True,False
9NFU,baseline,9NFU_baseline_020.pdb,101,104,0.7800539,True,True,False
9NFU,baseline,9NFU_baseline_020.pdb,102,105,0.8922003,True,True,False
9NFU,baseline,9NFU_baseline_020.pdb,103,106,2.9769719,False,True,False
9NFU,baseline,9NFU_baseline_020.pdb,105,108,3.4255166,False,False,False
9NFU,baseline,9NFU_baseline_020.pdb,106,109,2.4614532,False,True,False
9NFU,baseline,9NFU_baseline_020.pdb,168,171,1.0610195,True,True,False
9NFU,baseline,9NFU_baseline_020.pdb,169,172,0.55286986,True,True,False
9NFU,baseline,9NFU_baseline_020.pdb,187,190,2.0392308,False,True,False
9NFU,baseline,9NFU_baseline_021.pdb,27,30,1.7585611,True,True,False
9NFU,baseline,9NFU_baseline_021.pdb,31,34,1.3842431,True,True,False
9NFU,baseline,9NFU_baseline_021.pdb,32,35,1.4320829,True,True,False
9NFU,baseline,9NFU_baseline_021.pdb,52,55,0.7273636,True,True,False
9NFU,baseline,9NFU_baseline_021.pdb,98,101,0.48500982,True,True,False
9NFU,baseline,9NFU_baseline_021.pdb,100,103,1.6872075,True,True,False
9NFU,baseline,9NFU_baseline_021.pdb,101,104,2.0668116,False,True,False
9NFU,baseline,9NFU_baseline_021.pdb,102,105,2.102993,False,True,False
9NFU,baseline,9NFU_baseline_021.pdb,103,106,3.3851743,False,False,False
9NFU,baseline,9NFU_baseline_021.pdb,105,108,2.4317367,False,True,False
9NFU,baseline,9NFU_baseline_021.pdb,106,109,4.7334723,False,False,False
9NFU,baseline,9NFU_baseline_021.pdb,168,171,1.177722,True,True,False
9NFU,baseline,9NFU_baseline_021.pdb,169,172,2.1282442,False,True,False
9NFU,baseline,9NFU_baseline_021.pdb,187,190,0.8746904,True,True,False
9NFU,baseline,9NFU_baseline_022.pdb,27,30,1.7321317,True,True,False
9NFU,baseline,9NFU_baseline_022.pdb,31,34,1.2703993,True,True,False
9NFU,baseline,9NFU_baseline_022.pdb,32,35,1.1478412,True,True,False
9NFU,baseline,9NFU_baseline_022.pdb,52,55,1.1572444,True,True,False
9NFU,baseline,9NFU_baseline_022.pdb,98,101,0.62518096,True,True,False
9NFU,baseline,9NFU_baseline_022.pdb,100,103,0.82598215,True,True,False
9NFU,baseline,9NFU_baseline_022.pdb,101,104,0.9122228,True,True,False
9NFU,baseline,9NFU_baseline_022.pdb,102,105,1.2602203,True,True,False
9NFU,baseline,9NFU_baseline_022.pdb,103,106,2.3373122,False,True,False
9NFU,baseline,9NFU_baseline_022.pdb,105,108,1.4453923,True,True,False
9NFU,baseline,9NFU_baseline_022.pdb,106,109,5.734843,False,False,False
9NFU,baseline,9NFU_baseline_022.pdb,168,171,1.6540761,True,True,False
9NFU,baseline,9NFU_baseline_022.pdb,169,172,2.2819006,False,True,False
9NFU,baseline,9NFU_baseline_022.pdb,187,190,1.1258475,True,True,False
9NFU,baseline,9NFU_baseline_023.pdb,27,30,1.7493018,True,True,False
9NFU,baseline,9NFU_baseline_023.pdb,31,34,1.3694438,True,True,False
9NFU,baseline,9NFU_baseline_023.pdb,32,35,1.159589,True,True,False
9NFU,baseline,9NFU_baseline_023.pdb,52,55,1.1348453,True,True,False
9NFU,baseline,9NFU_baseline_023.pdb,98,101,0.56890345,True,True,False
9NFU,baseline,9NFU_baseline_023.pdb,100,103,1.300107,True,True,False
9NFU,baseline,9NFU_baseline_023.pdb,101,104,0.79275197,True,True,False
9NFU,baseline,9NFU_baseline_023.pdb,102,105,0.82097197,True,True,False
9NFU,baseline,9NFU_baseline_023.pdb,103,106,2.8187284,False,True,False
9NFU,baseline,9NFU_baseline_023.pdb,105,108,4.438294,False,False,False
9NFU,baseline,9NFU_baseline_023.pdb,106,109,3.7198064,False,False,False
9NFU,baseline,9NFU_baseline_023.pdb,168,171,2.1264248,False,True,False
9NFU,baseline,9NFU_baseline_023.pdb,169,172,2.7466965,False,True,False
9NFU,baseline,9NFU_baseline_023.pdb,187,190,1.4019097,True,True,False
9NFU,baseline,9NFU_baseline_024.pdb,27,30,1.7300682,True,True,False
9NFU,baseline,9NFU_baseline_024.pdb,31,34,1.5303136,True,True,False
9NFU,baseline,9NFU_baseline_024.pdb,32,35,1.5074123,True,True,False
9NFU,baseline,9NFU_baseline_024.pdb,52,55,0.915235,True,True,False
9NFU,baseline,9NFU_baseline_024.pdb,98,101,0.5980548,True,True,False
9NFU,baseline,9NFU_baseline_024.pdb,100,103,1.238283,True,True,False
9NFU,baseline,9NFU_baseline_024.pdb,101,104,1.350592,True,True,False
9NFU,baseline,9NFU_baseline_024.pdb,102,105,1.6716553,True,True,False
9NFU,baseline,9NFU_baseline_024.pdb,103,106,4.044374,False,False,False
9NFU,baseline,9NFU_baseline_024.pdb,105,108,1.5894998,True,True,False
9NFU,baseline,9NFU_baseline_024.pdb,106,109,4.7006755,False,False,False
9NFU,baseline,9NFU_baseline_024.pdb,168,171,1.0093696,True,True,False
9NFU,baseline,9NFU_baseline_024.pdb,169,172,1.5955042,True,True,False
9NFU,baseline,9NFU_baseline_024.pdb,187,190,1.2880213,True,True,False
9NFU,baseline,9NFU_baseline_025.pdb,27,30,1.6339686,True,True,False
9NFU,baseline,9NFU_baseline_025.pdb,31,34,1.0375925,True,True,False
9NFU,baseline,9NFU_baseline_025.pdb,32,35,1.2037243,True,True,False
9NFU,baseline,9NFU_baseline_025.pdb,52,55,0.8032987,True,True,False
9NFU,baseline,9NFU_baseline_025.pdb,98,101,0.5152027,True,True,False
9NFU,baseline,9NFU_baseline_025.pdb,100,103,1.6286305,True,True,False
9NFU,baseline,9NFU_baseline_025.pdb,101,104,1.5740182,True,True,False
9NFU,baseline,9NFU_baseline_025.pdb,102,105,1.8558129,True,True,False
9NFU,baseline,9NFU_baseline_025.pdb,103,106,4.0570245,False,False,False
9NFU,baseline,9NFU_baseline_025.pdb,105,108,2.3072016,False,True,False
9NFU,baseline,9NFU_baseline_025.pdb,106,109,1.5314994,True,True,False
9NFU,baseline,9NFU_baseline_025.pdb,168,171,1.1140828,True,True,False
9NFU,baseline,9NFU_baseline_025.pdb,169,172,1.9210392,True,True,False
9NFU,baseline,9NFU_baseline_025.pdb,187,190,1.02546,True,True,False
9NFU,baseline,9NFU_baseline_026.pdb,27,30,1.9126993,True,True,False
9NFU,baseline,9NFU_baseline_026.pdb,31,34,1.6760868,True,True,False
9NFU,baseline,9NFU_baseline_026.pdb,32,35,1.6408173,True,True,False
9NFU,baseline,9NFU_baseline_026.pdb,52,55,0.9875216,True,True,False
9NFU,baseline,9NFU_baseline_026.pdb,98,101,0.5538475,True,True,False
9NFU,baseline,9NFU_baseline_026.pdb,100,103,1.7115306,True,True,False
9NFU,baseline,9NFU_baseline_026.pdb,101,104,1.3424256,True,True,False
9NFU,baseline,9NFU_baseline_026.pdb,102,105,1.2033116,True,True,False
9NFU,baseline,9NFU_baseline_026.pdb,103,106,3.0804455,False,False,False
9NFU,baseline,9NFU_baseline_026.pdb,105,108,1.5116671,True,True,False
9NFU,baseline,9NFU_baseline_026.pdb,106,109,4.8176484,False,False,False
9NFU,baseline,9NFU_baseline_026.pdb,168,171,0.97954035,True,True,False
9NFU,baseline,9NFU_baseline_026.pdb,169,172,1.5753282,True,True,False
9NFU,baseline,9NFU_baseline_026.pdb,187,190,0.9876181,True,True,False
9NFU,baseline,9NFU_baseline_027.pdb,27,30,1.8127332,True,True,False
9NFU,baseline,9NFU_baseline_027.pdb,31,34,1.024423,True,True,False
9NFU,baseline,9NFU_baseline_027.pdb,32,35,1.1954259,True,True,False
9NFU,baseline,9NFU_baseline_027.pdb,52,55,0.841975,True,True,False
9NFU,baseline,9NFU_baseline_027.pdb,98,101,0.46102613,True,True,False
9NFU,baseline,9NFU_baseline_027.pdb,100,103,1.54026,True,True,False
9NFU,baseline,9NFU_baseline_027.pdb,101,104,0.97132874,True,True,False
9NFU,baseline,9NFU_baseline_027.pdb,102,105,1.1869644,True,True,False
9NFU,baseline,9NFU_baseline_027.pdb,103,106,2.7358692,False,True,False
9NFU,baseline,9NFU_baseline_027.pdb,105,108,2.927745,False,True,False
9NFU,baseline,9NFU_baseline_027.pdb,106,109,1.827373,True,True,False
9NFU,baseline,9NFU_baseline_027.pdb,168,171,1.3704673,True,True,False
9NFU,baseline,9NFU_baseline_027.pdb,169,172,2.2175415,False,True,False
9NFU,baseline,9NFU_baseline_027.pdb,187,190,1.0359536,True,True,False
9NFU,baseline,9NFU_baseline_028.pdb,27,30,29.068882,False,False,False
9NFU,baseline,9NFU_baseline_028.pdb,31,34,30.396927,False,False,False
9NFU,baseline,9NFU_baseline_028.pdb,32,35,28.563366,False,False,False
9NFU,baseline,9NFU_baseline_028.pdb,52,55,26.188591,False,False,False
9NFU,baseline,9NFU_baseline_028.pdb,98,101,25.185259,False,False,False
9NFU,baseline,9NFU_baseline_028.pdb,100,103,33.723915,False,False,False
9NFU,baseline,9NFU_baseline_028.pdb,101,104,36.979866,False,False,False
9NFU,baseline,9NFU_baseline_028.pdb,102,105,36.98237,False,False,False
9NFU,baseline,9NFU_baseline_028.pdb,103,106,42.547394,False,False,False
9NFU,baseline,9NFU_baseline_028.pdb,105,108,43.939133,False,False,False
9NFU,baseline,9NFU_baseline_028.pdb,106,109,41.37694,False,False,False
9NFU,baseline,9NFU_baseline_028.pdb,168,171,21.864511,False,False,False
9NFU,baseline,9NFU_baseline_028.pdb,169,172,21.584068,False,False,False
9NFU,baseline,9NFU_baseline_028.pdb,187,190,22.382896,False,False,False
9NFU,baseline,9NFU_baseline_029.pdb,27,30,1.7073573,True,True,False
9NFU,baseline,9NFU_baseline_029.pdb,31,34,1.1261492,True,True,False
9NFU,baseline,9NFU_baseline_029.pdb,32,35,0.9908907,True,True,False
9NFU,baseline,9NFU_baseline_029.pdb,52,55,0.7964491,True,True,False
9NFU,baseline,9NFU_baseline_029.pdb,98,101,0.37211317,True,True,False
9NFU,baseline,9NFU_baseline_029.pdb,100,103,1.3772885,True,True,False
9NFU,baseline,9NFU_baseline_029.pdb,101,104,1.94177,True,True,False
9NFU,baseline,9NFU_baseline_029.pdb,102,105,2.05524,False,True,False
9NFU,baseline,9NFU_baseline_029.pdb,103,106,3.4865804,False,False,False
9NFU,baseline,9NFU_baseline_029.pdb,105,108,2.1474297,False,True,False
9NFU,baseline,9NFU_baseline_029.pdb,106,109,4.3950267,False,False,False
9NFU,baseline,9NFU_baseline_029.pdb,168,171,1.6512551,True,True,False
9NFU,baseline,9NFU_baseline_029.pdb,169,172,2.3301635,False,True,False
9NFU,baseline,9NFU_baseline_029.pdb,187,190,0.7456565,True,True,False
9NFU,baseline,9NFU_baseline_030.pdb,27,30,1.4285313,True,True,False
9NFU,baseline,9NFU_baseline_030.pdb,31,34,1.5368475,True,True,False
9NFU,baseline,9NFU_baseline_030.pdb,32,35,1.572853,True,True,False
9NFU,baseline,9NFU_baseline_030.pdb,52,55,0.81173474,True,True,False
9NFU,baseline,9NFU_baseline_030.pdb,98,101,0.20176908,True,True,False
9NFU,baseline,9NFU_baseline_030.pdb,100,103,2.6289396,False,True,False
9NFU,baseline,9NFU_baseline_030.pdb,101,104,2.5065656,False,True,False
9NFU,baseline,9NFU_baseline_030.pdb,102,105,2.8021874,False,True,False
9NFU,baseline,9NFU_baseline_030.pdb,103,106,3.5680957,False,False,False
9NFU,baseline,9NFU_baseline_030.pdb,105,108,5.134001,False,False,False
9NFU,baseline,9NFU_baseline_030.pdb,106,109,4.33206,False,False,False
9NFU,baseline,9NFU_baseline_030.pdb,168,171,1.7424872,True,True,False
9NFU,baseline,9NFU_baseline_030.pdb,169,172,1.8674605,True,True,False
9NFU,baseline,9NFU_baseline_030.pdb,187,190,0.8838281,True,True,False
9NFU,baseline,9NFU_baseline_031.pdb,27,30,1.7822144,True,True,False
9NFU,baseline,9NFU_baseline_031.pdb,31,34,1.8833237,True,True,False
9NFU,baseline,9NFU_baseline_031.pdb,32,35,1.7006336,True,True,False
9NFU,baseline,9NFU_baseline_031.pdb,52,55,1.37881,True,True,False
9NFU,baseline,9NFU_baseline_031.pdb,98,101,0.8041104,True,True,False
9NFU,baseline,9NFU_baseline_031.pdb,100,103,0.83874077,True,True,False
9NFU,baseline,9NFU_baseline_031.pdb,101,104,0.9368835,True,True,False
9NFU,baseline,9NFU_baseline_031.pdb,102,105,0.707482,True,True,False
9NFU,baseline,9NFU_baseline_031.pdb,103,106,2.406743,False,True,False
9NFU,baseline,9NFU_baseline_031.pdb,105,108,2.6633124,False,True,False
9NFU,baseline,9NFU_baseline_031.pdb,106,109,6.572338,False,False,False
9NFU,baseline,9NFU_baseline_031.pdb,168,171,1.3910189,True,True,False
9NFU,baseline,9NFU_baseline_031.pdb,169,172,1.9047928,True,True,False
9NFU,baseline,9NFU_baseline_031.pdb,187,190,1.646843,True,True,False
9NFU,baseline,9NFU_baseline_032.pdb,27,30,27.565681,False,False,False
9NFU,baseline,9NFU_baseline_032.pdb,31,34,27.702013,False,False,False
9NFU,baseline,9NFU_baseline_032.pdb,32,35,26.452785,False,False,False
9NFU,baseline,9NFU_baseline_032.pdb,52,55,24.053787,False,False,False
9NFU,baseline,9NFU_baseline_032.pdb,98,101,24.120205,False,False,False
9NFU,baseline,9NFU_baseline_032.pdb,100,103,31.935972,False,False,False
9NFU,baseline,9NFU_baseline_032.pdb,101,104,35.055786,False,False,False
9NFU,baseline,9NFU_baseline_032.pdb,102,105,34.9458,False,False,False
9NFU,baseline,9NFU_baseline_032.pdb,103,106,40.40125,False,False,False
9NFU,baseline,9NFU_baseline_032.pdb,105,108,43.115593,False,False,False
9NFU,baseline,9NFU_baseline_032.pdb,106,109,40.810604,False,False,False
9NFU,baseline,9NFU_baseline_032.pdb,168,171,21.648481,False,False,False
9NFU,baseline,9NFU_baseline_032.pdb,169,172,21.088524,False,False,False
9NFU,baseline,9NFU_baseline_032.pdb,187,190,20.796844,False,False,False
9NFU,baseline,9NFU_baseline_033.pdb,27,30,1.7742717,True,True,False
9NFU,baseline,9NFU_baseline_033.pdb,31,34,1.2484257,True,True,False
9NFU,baseline,9NFU_baseline_033.pdb,32,35,1.2754269,True,True,False
9NFU,baseline,9NFU_baseline_033.pdb,52,55,0.6621656,True,True,False
9NFU,baseline,9NFU_baseline_033.pdb,98,101,0.3575452,True,True,False
9NFU,baseline,9NFU_baseline_033.pdb,100,103,1.7712684,True,True,False
9NFU,baseline,9NFU_baseline_033.pdb,101,104,1.734703,True,True,False
9NFU,baseline,9NFU_baseline_033.pdb,102,105,2.304084,False,True,False
9NFU,baseline,9NFU_baseline_033.pdb,103,106,3.3768988,False,False,False
9NFU,baseline,9NFU_baseline_033.pdb,105,108,2.8716643,False,True,False
9NFU,baseline,9NFU_baseline_033.pdb,106,109,3.803778,False,False,False
9NFU,baseline,9NFU_baseline_033.pdb,168,171,1.5361238,True,True,False
9NFU,baseline,9NFU_baseline_033.pdb,169,172,1.8236861,True,True,False
9NFU,baseline,9NFU_baseline_033.pdb,187,190,1.0467597,True,True,False
9NFU,baseline,9NFU_baseline_034.pdb,27,30,1.708172,True,True,False
9NFU,baseline,9NFU_baseline_034.pdb,31,34,1.2449288,True,True,False
9NFU,baseline,9NFU_baseline_034.pdb,32,35,1.2627344,True,True,False
9NFU,baseline,9NFU_baseline_034.pdb,52,55,0.51978254,True,True,False
9NFU,baseline,9NFU_baseline_034.pdb,98,101,0.2398873,True,True,False
9NFU,baseline,9NFU_baseline_034.pdb,100,103,1.619157,True,True,False
9NFU,baseline,9NFU_baseline_034.pdb,101,104,1.9157608,True,True,False
9NFU,baseline,9NFU_baseline_034.pdb,102,105,1.9414426,True,True,False
9NFU,baseline,9NFU_baseline_034.pdb,103,106,3.2584949,False,False,False
9NFU,baseline,9NFU_baseline_034.pdb,105,108,2.5748975,False,True,False
9NFU,baseline,9NFU_baseline_034.pdb,106,109,1.3907906,True,True,False
9NFU,baseline,9NFU_baseline_034.pdb,168,171,2.7109644,False,True,False
9NFU,baseline,9NFU_baseline_034.pdb,169,172,2.5909405,False,True,False
9NFU,baseline,9NFU_baseline_034.pdb,187,190,0.64840025,True,True,False
9NFU,baseline,9NFU_baseline_035.pdb,27,30,1.7667581,True,True,False
9NFU,baseline,9NFU_baseline_035.pdb,31,34,1.255229,True,True,False
9NFU,baseline,9NFU_baseline_035.pdb,32,35,1.2781689,True,True,False
9NFU,baseline,9NFU_baseline_035.pdb,52,55,0.80093807,True,True,False
9NFU,baseline,9NFU_baseline_035.pdb,98,101,0.36231077,True,True,False
9NFU,baseline,9NFU_baseline_035.pdb,100,103,1.2312323,True,True,False
9NFU,baseline,9NFU_baseline_035.pdb,101,104,1.1581419,True,True,False
9NFU,baseline,9NFU_baseline_035.pdb,102,105,1.2260975,True,True,False
9NFU,baseline,9NFU_baseline_035.pdb,103,106,3.3003154,False,False,False
9NFU,baseline,9NFU_baseline_035.pdb,105,108,2.6164653,False,True,False
9NFU,baseline,9NFU_baseline_035.pdb,106,109,1.6214427,True,True,False
9NFU,baseline,9NFU_baseline_035.pdb,168,171,1.4063755,True,True,False
9NFU,baseline,9NFU_baseline_035.pdb,169,172,2.197163,False,True,False
9NFU,baseline,9NFU_baseline_035.pdb,187,190,1.0763482,True,True,False
9NFU,baseline,9NFU_baseline_036.pdb,27,30,1.5868611,True,True,False
9NFU,baseline,9NFU_baseline_036.pdb,31,34,1.2243836,True,True,False
9NFU,baseline,9NFU_baseline_036.pdb,32,35,1.2630088,True,True,False
9NFU,baseline,9NFU_baseline_036.pdb,52,55,0.6953919,True,True,False
9NFU,baseline,9NFU_baseline_036.pdb,98,101,0.48205736,True,True,False
9NFU,baseline,9NFU_baseline_036.pdb,100,103,1.2174187,True,True,False
9NFU,baseline,9NFU_baseline_036.pdb,101,104,1.3028579,True,True,False
9NFU,baseline,9NFU_baseline_036.pdb,102,105,1.5670589,True,True,False
9NFU,baseline,9NFU_baseline_036.pdb,103,106,3.3753576,False,False,False
9NFU,baseline,9NFU_baseline_036.pdb,105,108,2.9806101,False,True,False
9NFU,baseline,9NFU_baseline_036.pdb,106,109,1.5131203,True,True,False
9NFU,baseline,9NFU_baseline_036.pdb,168,171,1.0853167,True,True,False
9NFU,baseline,9NFU_baseline_036.pdb,169,172,2.0277686,False,True,False
9NFU,baseline,9NFU_baseline_036.pdb,187,190,0.9939152,True,True,False
9NFU,baseline,9NFU_baseline_037.pdb,27,30,1.5102165,True,True,False
9NFU,baseline,9NFU_baseline_037.pdb,31,34,1.1622716,True,True,False
9NFU,baseline,9NFU_baseline_037.pdb,32,35,1.0121192,True,True,False
9NFU,baseline,9NFU_baseline_037.pdb,52,55,0.8396429,True,True,False
9NFU,baseline,9NFU_baseline_037.pdb,98,101,0.34897617,True,True,False
9NFU,baseline,9NFU_baseline_037.pdb,100,103,1.5349953,True,True,False
9NFU,baseline,9NFU_baseline_037.pdb,101,104,1.6688972,True,True,False
9NFU,baseline,9NFU_baseline_037.pdb,102,105,1.998413,True,True,False
9NFU,baseline,9NFU_baseline_037.pdb,103,106,3.0851874,False,False,False
9NFU,baseline,9NFU_baseline_037.pdb,105,108,4.784092,False,False,False
9NFU,baseline,9NFU_baseline_037.pdb,106,109,4.3583837,False,False,False
9NFU,baseline,9NFU_baseline_037.pdb,168,171,2.188771,False,True,False
9NFU,baseline,9NFU_baseline_037.pdb,169,172,2.8742096,False,True,False
9NFU,baseline,9NFU_baseline_037.pdb,187,190,1.2396303,True,True,False
9NFU,baseline,9NFU_baseline_038.pdb,27,30,1.6233379,True,True,False
9NFU,baseline,9NFU_baseline_038.pdb,31,34,1.0260015,True,True,False
9NFU,baseline,9NFU_baseline_038.pdb,32,35,1.1774327,True,True,False
9NFU,baseline,9NFU_baseline_038.pdb,52,55,0.7446669,True,True,False
9NFU,baseline,9NFU_baseline_038.pdb,98,101,0.34117603,True,True,False
9NFU,baseline,9NFU_baseline_038.pdb,100,103,1.6280802,True,True,False
9NFU,baseline,9NFU_baseline_038.pdb,101,104,1.7739551,True,True,False
9NFU,baseline,9NFU_baseline_038.pdb,102,105,1.7671056,True,True,False
9NFU,baseline,9NFU_baseline_038.pdb,103,106,3.2807558,False,False,False
9NFU,baseline,9NFU_baseline_038.pdb,105,108,2.2043571,False,True,False
9NFU,baseline,9NFU_baseline_038.pdb,106,109,4.805448,False,False,False
9NFU,baseline,9NFU_baseline_038.pdb,168,171,2.6159315,False,True,False
9NFU,baseline,9NFU_baseline_038.pdb,169,172,2.4828622,False,True,False
9NFU,baseline,9NFU_baseline_038.pdb,187,190,0.94722235,True,True,False
9NFU,baseline,9NFU_baseline_039.pdb,27,30,1.8023183,True,True,False
9NFU,baseline,9NFU_baseline_039.pdb,31,34,1.0419171,True,True,False
9NFU,baseline,9NFU_baseline_039.pdb,32,35,1.1649303,True,True,False
9NFU,baseline,9NFU_baseline_039.pdb,52,55,0.8963471,True,True,False
9NFU,baseline,9NFU_baseline_039.pdb,98,101,0.47798583,True,True,False
9NFU,baseline,9NFU_baseline_039.pdb,100,103,1.452273,True,True,False
9NFU,baseline,9NFU_baseline_039.pdb,101,104,0.9951032,True,True,False
9NFU,baseline,9NFU_baseline_039.pdb,102,105,2.2286968,False,True,False
9NFU,baseline,9NFU_baseline_039.pdb,103,106,2.4506516,False,True,False
9NFU,baseline,9NFU_baseline_039.pdb,105,108,2.034819,False,True,False
9NFU,baseline,9NFU_baseline_039.pdb,106,109,4.6198773,False,False,False
9NFU,baseline,9NFU_baseline_039.pdb,168,171,1.4732566,True,True,False
9NFU,baseline,9NFU_baseline_039.pdb,169,172,2.3059473,False,True,False
9NFU,baseline,9NFU_baseline_039.pdb,187,190,0.8610283,True,True,False
9NFU,baseline,9NFU_baseline_040.pdb,27,30,1.8845524,True,True,False
9NFU,baseline,9NFU_baseline_040.pdb,31,34,1.3024865,True,True,False
9NFU,baseline,9NFU_baseline_040.pdb,32,35,1.280517,True,True,False
9NFU,baseline,9NFU_baseline_040.pdb,52,55,0.78811705,True,True,False
9NFU,baseline,9NFU_baseline_040.pdb,98,101,0.34313136,True,True,False
9NFU,baseline,9NFU_baseline_040.pdb,100,103,1.4383291,True,True,False
9NFU,baseline,9NFU_baseline_040.pdb,101,104,1.6007795,True,True,False
9NFU,baseline,9NFU_baseline_040.pdb,102,105,1.5489244,True,True,False
9NFU,baseline,9NFU_baseline_040.pdb,103,106,3.3654437,False,False,False
9NFU,baseline,9NFU_baseline_040.pdb,105,108,2.7628207,False,True,False
9NFU,baseline,9NFU_baseline_040.pdb,106,109,1.3688301,True,True,False
9NFU,baseline,9NFU_baseline_040.pdb,168,171,1.6962037,True,True,False
9NFU,baseline,9NFU_baseline_040.pdb,169,172,2.356079,False,True,False
9NFU,baseline,9NFU_baseline_040.pdb,187,190,0.960752,True,True,False
9NFU,baseline,9NFU_baseline_041.pdb,27,30,1.7343668,True,True,False
9NFU,baseline,9NFU_baseline_041.pdb,31,34,1.3076581,True,True,False
9NFU,baseline,9NFU_baseline_041.pdb,32,35,1.2706935,True,True,False
9NFU,baseline,9NFU_baseline_041.pdb,52,55,0.772937,True,True,False
9NFU,baseline,9NFU_baseline_041.pdb,98,101,0.36441723,True,True,False
9NFU,baseline,9NFU_baseline_041.pdb,100,103,1.1936523,True,True,False
9NFU,baseline,9NFU_baseline_041.pdb,101,104,1.1589278,True,True,False
9NFU,baseline,9NFU_baseline_041.pdb,102,105,1.5008389,True,True,False
9NFU,baseline,9NFU_baseline_041.pdb,103,106,2.2911813,False,True,False
9NFU,baseline,9NFU_baseline_041.pdb,105,108,2.8428686,False,True,False
9NFU,baseline,9NFU_baseline_041.pdb,106,109,1.5571814,True,True,False
9NFU,baseline,9NFU_baseline_041.pdb,168,171,1.4932649,True,True,False
9NFU,baseline,9NFU_baseline_041.pdb,169,172,1.4894226,True,True,False
9NFU,baseline,9NFU_baseline_041.pdb,187,190,0.8588328,True,True,False
9NFU,baseline,9NFU_baseline_042.pdb,27,30,20.101212,False,False,False
9NFU,baseline,9NFU_baseline_042.pdb,31,34,27.726543,False,False,False
9NFU,baseline,9NFU_baseline_042.pdb,32,35,24.628948,False,False,False
9NFU,baseline,9NFU_baseline_042.pdb,52,55,24.022114,False,False,False
9NFU,baseline,9NFU_baseline_042.pdb,98,101,18.351412,False,False,False
9NFU,baseline,9NFU_baseline_042.pdb,100,103,25.242329,False,False,False
9NFU,baseline,9NFU_baseline_042.pdb,101,104,28.767347,False,False,False
9NFU,baseline,9NFU_baseline_042.pdb,102,105,29.914572,False,False,False
9NFU,baseline,9NFU_baseline_042.pdb,103,106,35.83028,False,False,False
9NFU,baseline,9NFU_baseline_042.pdb,105,108,33.189,False,False,False
9NFU,baseline,9NFU_baseline_042.pdb,106,109,29.324991,False,False,False
9NFU,baseline,9NFU_baseline_042.pdb,168,171,19.545958,False,False,False
9NFU,baseline,9NFU_baseline_042.pdb,169,172,17.908745,False,False,False
9NFU,baseline,9NFU_baseline_042.pdb,187,190,21.14767,False,False,False
9NFU,baseline,9NFU_baseline_043.pdb,27,30,1.8525265,True,True,False
9NFU,baseline,9NFU_baseline_043.pdb,31,34,1.2891437,True,True,False
9NFU,baseline,9NFU_baseline_043.pdb,32,35,1.3827652,True,True,False
9NFU,baseline,9NFU_baseline_043.pdb,52,55,0.8417088,True,True,False
9NFU,baseline,9NFU_baseline_043.pdb,98,101,0.45030257,True,True,False
9NFU,baseline,9NFU_baseline_043.pdb,100,103,1.7905573,True,True,False
9NFU,baseline,9NFU_baseline_043.pdb,101,104,1.2186767,True,True,False
9NFU,baseline,9NFU_baseline_043.pdb,102,105,1.9497015,True,True,False
9NFU,baseline,9NFU_baseline_043.pdb,103,106,2.789764,False,True,False
9NFU,baseline,9NFU_baseline_043.pdb,105,108,2.6142142,False,True,False
9NFU,baseline,9NFU_baseline_043.pdb,106,109,4.236106,False,False,False
9NFU,baseline,9NFU_baseline_043.pdb,168,171,1.706352,True,True,False
9NFU,baseline,9NFU_baseline_043.pdb,169,172,1.9547408,True,True,False
9NFU,baseline,9NFU_baseline_043.pdb,187,190,0.8243477,True,True,False
9NFU,baseline,9NFU_baseline_044.pdb,27,30,26.298859,False,False,False
9NFU,baseline,9NFU_baseline_044.pdb,31,34,27.46156,False,False,False
9NFU,baseline,9NFU_baseline_044.pdb,32,35,26.137493,False,False,False
9NFU,baseline,9NFU_baseline_044.pdb,52,55,24.17878,False,False,False
9NFU,baseline,9NFU_baseline_044.pdb,98,101,23.553057,False,False,False
9NFU,baseline,9NFU_baseline_044.pdb,100,103,31.075039,False,False,False
9NFU,baseline,9NFU_baseline_044.pdb,101,104,34.228832,False,False,False
9NFU,baseline,9NFU_baseline_044.pdb,102,105,34.566154,False,False,False
9NFU,baseline,9NFU_baseline_044.pdb,103,106,39.578888,False,False,False
9NFU,baseline,9NFU_baseline_044.pdb,105,108,41.86743,False,False,False
9NFU,baseline,9NFU_baseline_044.pdb,106,109,39.073006,False,False,False
9NFU,baseline,9NFU_baseline_044.pdb,168,171,20.600183,False,False,False
9NFU,baseline,9NFU_baseline_044.pdb,169,172,20.0565,False,False,False
9NFU,baseline,9NFU_baseline_044.pdb,187,190,19.550863,False,False,False
9NFU,baseline,9NFU_baseline_045.pdb,27,30,20.318338,False,False,False
9NFU,baseline,9NFU_baseline_045.pdb,31,34,28.53146,False,False,False
9NFU,baseline,9NFU_baseline_045.pdb,32,35,25.537483,False,False,False
9NFU,baseline,9NFU_baseline_045.pdb,52,55,25.257547,False,False,False
9NFU,baseline,9NFU_baseline_045.pdb,98,101,19.80491,False,False,False
9NFU,baseline,9NFU_baseline_045.pdb,100,103,27.008184,False,False,False
9NFU,baseline,9NFU_baseline_045.pdb,101,104,31.540783,False,False,False
9NFU,baseline,9NFU_baseline_045.pdb,102,105,33.023624,False,False,False
9NFU,baseline,9NFU_baseline_045.pdb,103,106,38.540676,False,False,False
9NFU,baseline,9NFU_baseline_045.pdb,105,108,35.065147,False,False,False
9NFU,baseline,9NFU_baseline_045.pdb,106,109,33.081177,False,False,False
9NFU,baseline,9NFU_baseline_045.pdb,168,171,18.785059,False,False,False
9NFU,baseline,9NFU_baseline_045.pdb,169,172,17.625225,False,False,False
9NFU,baseline,9NFU_baseline_045.pdb,187,190,21.132067,False,False,False
9NFU,baseline,9NFU_baseline_046.pdb,27,30,1.4462595,True,True,False
9NFU,baseline,9NFU_baseline_046.pdb,31,34,1.0476234,True,True,False
9NFU,baseline,9NFU_baseline_046.pdb,32,35,1.0767986,True,True,False
9NFU,baseline,9NFU_baseline_046.pdb,52,55,0.6208596,True,True,False
9NFU,baseline,9NFU_baseline_046.pdb,98,101,0.14044476,True,True,False
9NFU,baseline,9NFU_baseline_046.pdb,100,103,2.7078528,False,True,False
9NFU,baseline,9NFU_baseline_046.pdb,101,104,2.5434744,False,True,False
9NFU,baseline,9NFU_baseline_046.pdb,102,105,2.6506383,False,True,False
9NFU,baseline,9NFU_baseline_046.pdb,103,106,3.554208,False,False,False
9NFU,baseline,9NFU_baseline_046.pdb,105,108,5.106474,False,False,False
9NFU,baseline,9NFU_baseline_046.pdb,106,109,3.7815013,False,False,False
9NFU,baseline,9NFU_baseline_046.pdb,168,171,2.4129965,False,True,False
9NFU,baseline,9NFU_baseline_046.pdb,169,172,2.2805123,False,True,False
9NFU,baseline,9NFU_baseline_046.pdb,187,190,0.69511217,True,True,False
9NFU,baseline,9NFU_baseline_047.pdb,27,30,1.7330501,True,True,False
9NFU,baseline,9NFU_baseline_047.pdb,31,34,1.3231217,True,True,False
9NFU,baseline,9NFU_baseline_047.pdb,32,35,1.3464606,True,True,False
9NFU,baseline,9NFU_baseline_047.pdb,52,55,0.7767561,True,True,False
9NFU,baseline,9NFU_baseline_047.pdb,98,101,0.531222,True,True,False
9NFU,baseline,9NFU_baseline_047.pdb,100,103,1.4821098,True,True,False
9NFU,baseline,9NFU_baseline_047.pdb,101,104,1.7687736,True,True,False
9NFU,baseline,9NFU_baseline_047.pdb,102,105,2.1370683,False,True,False
9NFU,baseline,9NFU_baseline_047.pdb,103,106,4.063731,False,False,False
9NFU,baseline,9NFU_baseline_047.pdb,105,108,2.9909475,False,True,False
9NFU,baseline,9NFU_baseline_047.pdb,106,109,2.043845,False,True,False
9NFU,baseline,9NFU_baseline_047.pdb,168,171,1.036876,True,True,False
9NFU,baseline,9NFU_baseline_047.pdb,169,172,1.977164,True,True,False
9NFU,baseline,9NFU_baseline_047.pdb,187,190,1.1203077,True,True,False
9NFU,baseline,9NFU_baseline_048.pdb,27,30,1.6967393,True,True,False
9NFU,baseline,9NFU_baseline_048.pdb,31,34,0.7230802,True,True,False
9NFU,baseline,9NFU_baseline_048.pdb,32,35,0.92635936,True,True,False
9NFU,baseline,9NFU_baseline_048.pdb,52,55,0.57960624,True,True,False
9NFU,baseline,9NFU_baseline_048.pdb,98,101,0.29204193,True,True,False
9NFU,baseline,9NFU_baseline_048.pdb,100,103,1.5162163,True,True,False
9NFU,baseline,9NFU_baseline_048.pdb,101,104,1.7229688,True,True,False
9NFU,baseline,9NFU_baseline_048.pdb,102,105,1.8703103,True,True,False
9NFU,baseline,9NFU_baseline_048.pdb,103,106,3.1466248,False,False,False
9NFU,baseline,9NFU_baseline_048.pdb,105,108,3.7586672,False,False,False
9NFU,baseline,9NFU_baseline_048.pdb,106,109,2.180571,False,True,False
9NFU,baseline,9NFU_baseline_048.pdb,168,171,1.9793243,True,True,False
9NFU,baseline,9NFU_baseline_048.pdb,169,172,2.6949866,False,True,False
9NFU,baseline,9NFU_baseline_048.pdb,187,190,0.8414897,True,True,False
9NFU,baseline,9NFU_baseline_049.pdb,27,30,1.6915288,True,True,False
9NFU,baseline,9NFU_baseline_049.pdb,31,34,1.9007927,True,True,False
9NFU,baseline,9NFU_baseline_049.pdb,32,35,1.5995113,True,True,False
9NFU,baseline,9NFU_baseline_049.pdb,52,55,1.079905,True,True,False
9NFU,baseline,9NFU_baseline_049.pdb,98,101,0.5831679,True,True,False
9NFU,baseline,9NFU_baseline_049.pdb,100,103,1.0995305,True,True,False
9NFU,baseline,9NFU_baseline_049.pdb,101,104,1.7590615,True,True,False
9NFU,baseline,9NFU_baseline_049.pdb,102,105,1.9874375,True,True,False
9NFU,baseline,9NFU_baseline_049.pdb,103,106,4.418813,False,False,False
9NFU,baseline,9NFU_baseline_049.pdb,105,108,1.2708794,True,True,False
9NFU,baseline,9NFU_baseline_049.pdb,106,109,4.915713,False,False,False
9NFU,baseline,9NFU_baseline_049.pdb,168,171,0.97770697,True,True,False
9NFU,baseline,9NFU_baseline_049.pdb,169,172,1.4743116,True,True,False
9NFU,baseline,9NFU_baseline_049.pdb,187,190,1.3692874,True,True,False
9NFU,baseline,9NFU_baseline_050.pdb,27,30,27.992924,False,False,False
9NFU,baseline,9NFU_baseline_050.pdb,31,34,29.449266,False,False,False
9NFU,baseline,9NFU_baseline_050.pdb,32,35,27.852884,False,False,False
9NFU,baseline,9NFU_baseline_050.pdb,52,55,25.726871,False,False,False
9NFU,baseline,9NFU_baseline_050.pdb,98,101,25.047447,False,False,False
9NFU,baseline,9NFU_baseline_050.pdb,100,103,33.070652,False,False,False
9NFU,baseline,9NFU_baseline_050.pdb,101,104,36.234924,False,False,False
9NFU,baseline,9NFU_baseline_050.pdb,102,105,35.971016,False,False,False
9NFU,baseline,9NFU_baseline_050.pdb,103,106,41.696438,False,False,False
9NFU,baseline,9NFU_baseline_050.pdb,105,108,42.221756,False,False,False
9NFU,baseline,9NFU_baseline_050.pdb,106,109,40.35909,False,False,False
9NFU,baseline,9NFU_baseline_050.pdb,168,171,21.0728,False,False,False
9NFU,baseline,9NFU_baseline_050.pdb,169,172,20.76885,False,False,False
9NFU,baseline,9NFU_baseline_050.pdb,187,190,20.692343,False,False,False
9NFU,baseline,9NFU_baseline_051.pdb,27,30,3.7755523,False,False,False
9NFU,baseline,9NFU_baseline_051.pdb,31,34,3.851002,False,False,False
9NFU,baseline,9NFU_baseline_051.pdb,32,35,3.7253041,False,False,False
9NFU,baseline,9NFU_baseline_051.pdb,52,55,2.5291145,False,True,False
9NFU,baseline,9NFU_baseline_051.pdb,98,101,2.2941673,False,True,False
9NFU,baseline,9NFU_baseline_051.pdb,100,103,2.2184653,False,True,False
9NFU,baseline,9NFU_baseline_051.pdb,101,104,2.4099298,False,True,False
9NFU,baseline,9NFU_baseline_051.pdb,102,105,4.267312,False,False,False
9NFU,baseline,9NFU_baseline_051.pdb,103,106,5.302174,False,False,False
9NFU,baseline,9NFU_baseline_051.pdb,105,108,6.57091,False,False,False
9NFU,baseline,9NFU_baseline_051.pdb,106,109,4.6904016,False,False,False
9NFU,baseline,9NFU_baseline_051.pdb,168,171,1.1355731,True,True,False
9NFU,baseline,9NFU_baseline_051.pdb,169,172,0.15747613,True,True,False
9NFU,baseline,9NFU_baseline_051.pdb,187,190,2.1891654,False,True,False
9NFU,baseline,9NFU_baseline_052.pdb,27,30,1.6263229,True,True,False
9NFU,baseline,9NFU_baseline_052.pdb,31,34,1.2183195,True,True,False
9NFU,baseline,9NFU_baseline_052.pdb,32,35,1.146033,True,True,False
9NFU,baseline,9NFU_baseline_052.pdb,52,55,0.8078731,True,True,False
9NFU,baseline,9NFU_baseline_052.pdb,98,101,0.45348364,True,True,False
9NFU,baseline,9NFU_baseline_052.pdb,100,103,1.8419887,True,True,False
9NFU,baseline,9NFU_baseline_052.pdb,101,104,1.8656533,True,True,False
9NFU,baseline,9NFU_baseline_052.pdb,102,105,2.2493694,False,True,False
9NFU,baseline,9NFU_baseline_052.pdb,103,106,3.358998,False,False,False
9NFU,baseline,9NFU_baseline_052.pdb,105,108,5.07789,False,False,False
9NFU,baseline,9NFU_baseline_052.pdb,106,109,4.3503175,False,False,False
9NFU,baseline,9NFU_baseline_052.pdb,168,171,1.8359171,True,True,False
9NFU,baseline,9NFU_baseline_052.pdb,169,172,2.7329926,False,True,False
9NFU,baseline,9NFU_baseline_052.pdb,187,190,0.9625447,True,True,False
9NFU,baseline,9NFU_baseline_053.pdb,27,30,25.115158,False,False,False
9NFU,baseline,9NFU_baseline_053.pdb,31,34,32.47158,False,False,False
9NFU,baseline,9NFU_baseline_053.pdb,32,35,29.152575,False,False,False
9NFU,baseline,9NFU_baseline_053.pdb,52,55,27.544687,False,False,False
9NFU,baseline,9NFU_baseline_053.pdb,98,101,22.789417,False,False,False
9NFU,baseline,9NFU_baseline_053.pdb,100,103,30.443216,False,False,False
9NFU,baseline,9NFU_baseline_053.pdb,101,104,34.285137,False,False,False
9NFU,baseline,9NFU_baseline_053.pdb,102,105,34.580734,False,False,False
9NFU,baseline,9NFU_baseline_053.pdb,103,106,40.980362,False,False,False
9NFU,baseline,9NFU_baseline_053.pdb,105,108,38.405716,False,False,False
9NFU,baseline,9NFU_baseline_053.pdb,106,109,35.437805,False,False,False
9NFU,baseline,9NFU_baseline_053.pdb,168,171,22.703253,False,False,False
9NFU,baseline,9NFU_baseline_053.pdb,169,172,21.368279,False,False,False
9NFU,baseline,9NFU_baseline_053.pdb,187,190,25.809042,False,False,False
9NFU,baseline,9NFU_baseline_054.pdb,27,30,27.079096,False,False,False
9NFU,baseline,9NFU_baseline_054.pdb,31,34,28.310143,False,False,False
9NFU,baseline,9NFU_baseline_054.pdb,32,35,26.711096,False,False,False
9NFU,baseline,9NFU_baseline_054.pdb,52,55,24.61896,False,False,False
9NFU,baseline,9NFU_baseline_054.pdb,98,101,23.723455,False,False,False
9NFU,baseline,9NFU_baseline_054.pdb,100,103,31.497255,False,False,False
9NFU,baseline,9NFU_baseline_054.pdb,101,104,34.598408,False,False,False
9NFU,baseline,9NFU_baseline_054.pdb,102,105,34.704132,False,False,False
9NFU,baseline,9NFU_baseline_054.pdb,103,106,39.99839,False,False,False
9NFU,baseline,9NFU_baseline_054.pdb,105,108,41.561455,False,False,False
9NFU,baseline,9NFU_baseline_054.pdb,106,109,39.02216,False,False,False
9NFU,baseline,9NFU_baseline_054.pdb,168,171,23.016878,False,False,False
9NFU,baseline,9NFU_baseline_054.pdb,169,172,22.495417,False,False,False
9NFU,baseline,9NFU_baseline_054.pdb,187,190,22.284866,False,False,False
9NFU,baseline,9NFU_baseline_055.pdb,27,30,1.8299764,True,True,False
9NFU,baseline,9NFU_baseline_055.pdb,31,34,1.7004623,True,True,False
9NFU,baseline,9NFU_baseline_055.pdb,32,35,1.5099155,True,True,False
9NFU,baseline,9NFU_baseline_055.pdb,52,55,1.1126726,True,True,False
9NFU,baseline,9NFU_baseline_055.pdb,98,101,0.5250166,True,True,False
9NFU,baseline,9NFU_baseline_055.pdb,100,103,1.0056484,True,True,False
9NFU,baseline,9NFU_baseline_055.pdb,101,104,1.2177786,True,True,False
9NFU,baseline,9NFU_baseline_055.pdb,102,105,1.1905313,True,True,False
9NFU,baseline,9NFU_baseline_055.pdb,103,106,2.8650913,False,True,False
9NFU,baseline,9NFU_baseline_055.pdb,105,108,1.7527521,True,True,False
9NFU,baseline,9NFU_baseline_055.pdb,106,109,6.028615,False,False,False
9NFU,baseline,9NFU_baseline_055.pdb,168,171,1.1288068,True,True,False
9NFU,baseline,9NFU_baseline_055.pdb,169,172,1.5736934,True,True,False
9NFU,baseline,9NFU_baseline_055.pdb,187,190,1.0526482,True,True,False
9NFU,baseline,9NFU_baseline_056.pdb,27,30,1.8544499,True,True,False
9NFU,baseline,9NFU_baseline_056.pdb,31,34,1.6890104,True,True,False
9NFU,baseline,9NFU_baseline_056.pdb,32,35,1.6351439,True,True,False
9NFU,baseline,9NFU_baseline_056.pdb,52,55,0.88956916,True,True,False
9NFU,baseline,9NFU_baseline_056.pdb,98,101,0.41043136,True,True,False
9NFU,baseline,9NFU_baseline_056.pdb,100,103,1.3139031,True,True,False
9NFU,baseline,9NFU_baseline_056.pdb,101,104,1.4733205,True,True,False
9NFU,baseline,9NFU_baseline_056.pdb,102,105,1.5454189,True,True,False
9NFU,baseline,9NFU_baseline_056.pdb,103,106,2.9015055,False,True,False
9NFU,baseline,9NFU_baseline_056.pdb,105,108,3.133632,False,False,False
9NFU,baseline,9NFU_baseline_056.pdb,106,109,1.8047812,True,True,False
9NFU,baseline,9NFU_baseline_056.pdb,168,171,0.8793078,True,True,False
9NFU,baseline,9NFU_baseline_056.pdb,169,172,1.6647252,True,True,False
9NFU,baseline,9NFU_baseline_056.pdb,187,190,0.99289304,True,True,False
9NFU,baseline,9NFU_baseline_057.pdb,27,30,1.8162488,True,True,False
9NFU,baseline,9NFU_baseline_057.pdb,31,34,1.4208357,True,True,False
9NFU,baseline,9NFU_baseline_057.pdb,32,35,1.4624135,True,True,False
9NFU,baseline,9NFU_baseline_057.pdb,52,55,0.6156099,True,True,False
9NFU,baseline,9NFU_baseline_057.pdb,98,101,0.3541687,True,True,False
9NFU,baseline,9NFU_baseline_057.pdb,100,103,1.5718256,True,True,False
9NFU,baseline,9NFU_baseline_057.pdb,101,104,1.464927,True,True,False
9NFU,baseline,9NFU_baseline_057.pdb,102,105,2.0742903,False,True,False
9NFU,baseline,9NFU_baseline_057.pdb,103,106,2.81117,False,True,False
9NFU,baseline,9NFU_baseline_057.pdb,105,108,2.3835735,False,True,False
9NFU,baseline,9NFU_baseline_057.pdb,106,109,1.4260607,True,True,False
9NFU,baseline,9NFU_baseline_057.pdb,168,171,1.4921982,True,True,False
9NFU,baseline,9NFU_baseline_057.pdb,169,172,2.435181,False,True,False
9NFU,baseline,9NFU_baseline_057.pdb,187,190,0.8774044,True,True,False
9NFU,baseline,9NFU_baseline_058.pdb,27,30,1.6601307,True,True,False
9NFU,baseline,9NFU_baseline_058.pdb,31,34,0.9378931,True,True,False
9NFU,baseline,9NFU_baseline_058.pdb,32,35,1.0098038,True,True,False
9NFU,baseline,9NFU_baseline_058.pdb,52,55,0.93352425,True,True,False
9NFU,baseline,9NFU_baseline_058.pdb,98,101,0.49777266,True,True,False
9NFU,baseline,9NFU_baseline_058.pdb,100,103,1.0668374,True,True,False
9NFU,baseline,9NFU_baseline_058.pdb,101,104,0.8593846,True,True,False
9NFU,baseline,9NFU_baseline_058.pdb,102,105,1.8225086,True,True,False
9NFU,baseline,9NFU_baseline_058.pdb,103,106,2.2456124,False,True,False
9NFU,baseline,9NFU_baseline_058.pdb,105,108,2.0014718,False,True,False
9NFU,baseline,9NFU_baseline_058.pdb,106,109,5.015225,False,False,False
9NFU,baseline,9NFU_baseline_058.pdb,168,171,1.7343675,True,True,False
9NFU,baseline,9NFU_baseline_058.pdb,169,172,2.637685,False,True,False
9NFU,baseline,9NFU_baseline_058.pdb,187,190,0.9850365,True,True,False
9NFU,baseline,9NFU_baseline_059.pdb,27,30,1.793671,True,True,False
9NFU,baseline,9NFU_baseline_059.pdb,31,34,1.084468,True,True,False
9NFU,baseline,9NFU_baseline_059.pdb,32,35,1.1310314,True,True,False
9NFU,baseline,9NFU_baseline_059.pdb,52,55,0.81267464,True,True,False
9NFU,baseline,9NFU_baseline_059.pdb,98,101,0.4542481,True,True,False
9NFU,baseline,9NFU_baseline_059.pdb,100,103,1.3300654,True,True,False
9NFU,baseline,9NFU_baseline_059.pdb,101,104,1.4612795,True,True,False
9NFU,baseline,9NFU_baseline_059.pdb,102,105,2.0930855,False,True,False
9NFU,baseline,9NFU_baseline_059.pdb,103,106,3.9599087,False,False,False
9NFU,baseline,9NFU_baseline_059.pdb,105,108,3.8398333,False,False,False
9NFU,baseline,9NFU_baseline_059.pdb,106,109,2.9742498,False,True,False
9NFU,baseline,9NFU_baseline_059.pdb,168,171,1.5744154,True,True,False
9NFU,baseline,9NFU_baseline_059.pdb,169,172,2.299392,False,True,False
9NFU,baseline,9NFU_baseline_059.pdb,187,190,1.2500045,True,True,False
9NFU,baseline,9NFU_baseline_060.pdb,27,30,1.3454022,True,True,False
9NFU,baseline,9NFU_baseline_060.pdb,31,34,1.069381,True,True,False
9NFU,baseline,9NFU_baseline_060.pdb,32,35,0.81508356,True,True,False
9NFU,baseline,9NFU_baseline_060.pdb,52,55,0.8941845,True,True,False
9NFU,baseline,9NFU_baseline_060.pdb,98,101,0.5893553,True,True,False
9NFU,baseline,9NFU_baseline_060.pdb,100,103,2.8233917,False,True,False
9NFU,baseline,9NFU_baseline_060.pdb,101,104,2.6948626,False,True,False
9NFU,baseline,9NFU_baseline_060.pdb,102,105,1.715378,True,True,False
9NFU,baseline,9NFU_baseline_060.pdb,103,106,2.0815473,False,True,False
9NFU,baseline,9NFU_baseline_060.pdb,105,108,5.5732374,False,False,False
9NFU,baseline,9NFU_baseline_060.pdb,106,109,4.245163,False,False,False
9NFU,baseline,9NFU_baseline_060.pdb,168,171,2.1913474,False,True,False
9NFU,baseline,9NFU_baseline_060.pdb,169,172,2.9481802,False,True,False
9NFU,baseline,9NFU_baseline_060.pdb,187,190,1.0511984,True,True,False
9NFU,baseline,9NFU_baseline_061.pdb,27,30,1.5970674,True,True,False
9NFU,baseline,9NFU_baseline_061.pdb,31,34,0.72571135,True,True,False
9NFU,baseline,9NFU_baseline_061.pdb,32,35,0.86408037,True,True,False
9NFU,baseline,9NFU_baseline_061.pdb,52,55,0.65105605,True,True,False
9NFU,baseline,9NFU_baseline_061.pdb,98,101,0.32091057,True,True,False
9NFU,baseline,9NFU_baseline_061.pdb,100,103,1.5221678,True,True,False
9NFU,baseline,9NFU_baseline_061.pdb,101,104,1.5468614,True,True,False
9NFU,baseline,9NFU_baseline_061.pdb,102,105,1.685486,True,True,False
9NFU,baseline,9NFU_baseline_061.pdb,103,106,3.8861353,False,False,False
9NFU,baseline,9NFU_baseline_061.pdb,105,108,2.1507459,False,True,False
9NFU,baseline,9NFU_baseline_061.pdb,106,109,1.1666453,True,True,False
9NFU,baseline,9NFU_baseline_061.pdb,168,171,1.712505,True,True,False
9NFU,baseline,9NFU_baseline_061.pdb,169,172,2.0346444,False,True,False
9NFU,baseline,9NFU_baseline_061.pdb,187,190,0.9354617,True,True,False
9NFU,baseline,9NFU_baseline_062.pdb,27,30,2.6862128,False,True,False
9NFU,baseline,9NFU_baseline_062.pdb,31,34,2.5300841,False,True,False
9NFU,baseline,9NFU_baseline_062.pdb,32,35,2.2959056,False,True,False
9NFU,baseline,9NFU_baseline_062.pdb,52,55,1.8443617,True,True,False
9NFU,baseline,9NFU_baseline_062.pdb,98,101,1.411694,True,True,False
9NFU,baseline,9NFU_baseline_062.pdb,100,103,1.4487356,True,True,False
9NFU,baseline,9NFU_baseline_062.pdb,101,104,1.2960119,True,True,False
9NFU,baseline,9NFU_baseline_062.pdb,102,105,2.1960063,False,True,False
9NFU,baseline,9NFU_baseline_062.pdb,103,106,4.3231454,False,False,False
9NFU,baseline,9NFU_baseline_062.pdb,105,108,4.460518,False,False,False
9NFU,baseline,9NFU_baseline_062.pdb,106,109,3.1548862,False,False,False
9NFU,baseline,9NFU_baseline_062.pdb,168,171,1.0136658,True,True,False
9NFU,baseline,9NFU_baseline_062.pdb,169,172,0.92633593,True,True,False
9NFU,baseline,9NFU_baseline_062.pdb,187,190,1.687093,True,True,False
9NFU,baseline,9NFU_baseline_063.pdb,27,30,1.7856085,True,True,False
9NFU,baseline,9NFU_baseline_063.pdb,31,34,1.3472102,True,True,False
9NFU,baseline,9NFU_baseline_063.pdb,32,35,1.2824765,True,True,False
9NFU,baseline,9NFU_baseline_063.pdb,52,55,0.8038235,True,True,False
9NFU,baseline,9NFU_baseline_063.pdb,98,101,0.3667825,True,True,False
9NFU,baseline,9NFU_baseline_063.pdb,100,103,1.4706551,True,True,False
9NFU,baseline,9NFU_baseline_063.pdb,101,104,1.5447056,True,True,False
9NFU,baseline,9NFU_baseline_063.pdb,102,105,1.8918693,True,True,False
9NFU,baseline,9NFU_baseline_063.pdb,103,106,3.0788581,False,False,False
9NFU,baseline,9NFU_baseline_063.pdb,105,108,2.2927117,False,True,False
9NFU,baseline,9NFU_baseline_063.pdb,106,109,4.305259,False,False,False
9NFU,baseline,9NFU_baseline_063.pdb,168,171,1.4147203,True,True,False
9NFU,baseline,9NFU_baseline_063.pdb,169,172,2.169181,False,True,False
9NFU,baseline,9NFU_baseline_063.pdb,187,190,0.90981895,True,True,False
9NFU,baseline,9NFU_baseline_064.pdb,27,30,1.7660714,True,True,False
9NFU,baseline,9NFU_baseline_064.pdb,31,34,1.3235426,True,True,False
9NFU,baseline,9NFU_baseline_064.pdb,32,35,1.1920156,True,True,False
9NFU,baseline,9NFU_baseline_064.pdb,52,55,0.9267685,True,True,False
9NFU,baseline,9NFU_baseline_064.pdb,98,101,0.53823334,True,True,False
9NFU,baseline,9NFU_baseline_064.pdb,100,103,1.1689943,True,True,False
9NFU,baseline,9NFU_baseline_064.pdb,101,104,1.2868686,True,True,False
9NFU,baseline,9NFU_baseline_064.pdb,102,105,1.5266535,True,True,False
9NFU,baseline,9NFU_baseline_064.pdb,103,106,2.709411,False,True,False
9NFU,baseline,9NFU_baseline_064.pdb,105,108,1.9339939,True,True,False
9NFU,baseline,9NFU_baseline_064.pdb,106,109,5.095577,False,False,False
9NFU,baseline,9NFU_baseline_064.pdb,168,171,1.8250211,True,True,False
9NFU,baseline,9NFU_baseline_064.pdb,169,172,2.6503482,False,True,False
9NFU,baseline,9NFU_baseline_064.pdb,187,190,0.95749635,True,True,False
9NFU,baseline,9NFU_baseline_065.pdb,27,30,1.8945951,True,True,False
9NFU,baseline,9NFU_baseline_065.pdb,31,34,1.5751069,True,True,False
9NFU,baseline,9NFU_baseline_065.pdb,32,35,1.2140228,True,True,False
9NFU,baseline,9NFU_baseline_065.pdb,52,55,0.9048552,True,True,False
9NFU,baseline,9NFU_baseline_065.pdb,98,101,0.49015507,True,True,False
9NFU,baseline,9NFU_baseline_065.pdb,100,103,0.9194396,True,True,False
9NFU,baseline,9NFU_baseline_065.pdb,101,104,1.2828246,True,True,False
9NFU,baseline,9NFU_baseline_065.pdb,102,105,1.753147,True,True,False
9NFU,baseline,9NFU_baseline_065.pdb,103,106,2.5789018,False,True,False
9NFU,baseline,9NFU_baseline_065.pdb,105,108,1.5668539,True,True,False
9NFU,baseline,9NFU_baseline_065.pdb,106,109,4.860471,False,False,False
9NFU,baseline,9NFU_baseline_065.pdb,168,171,2.1960626,False,True,False
9NFU,baseline,9NFU_baseline_065.pdb,169,172,2.8294175,False,True,False
9NFU,baseline,9NFU_baseline_065.pdb,187,190,1.199624,True,True,False
9NFU,baseline,9NFU_baseline_066.pdb,27,30,1.8028132,True,True,False
9NFU,baseline,9NFU_baseline_066.pdb,31,34,1.391789,True,True,False
9NFU,baseline,9NFU_baseline_066.pdb,32,35,1.3877441,True,True,False
9NFU,baseline,9NFU_baseline_066.pdb,52,55,0.7627449,True,True,False
9NFU,baseline,9NFU_baseline_066.pdb,98,101,0.43026277,True,True,False
9NFU,baseline,9NFU_baseline_066.pdb,100,103,1.4102442,True,True,False
9NFU,baseline,9NFU_baseline_066.pdb,101,104,1.5455632,True,True,False
9NFU,baseline,9NFU_baseline_066.pdb,102,105,1.5083025,True,True,False
9NFU,baseline,9NFU_baseline_066.pdb,103,106,3.2457905,False,False,False
9NFU,baseline,9NFU_baseline_066.pdb,105,108,2.958704,False,True,False
9NFU,baseline,9NFU_baseline_066.pdb,106,109,2.0358396,False,True,False
9NFU,baseline,9NFU_baseline_066.pdb,168,171,1.2411199,True,True,False
9NFU,baseline,9NFU_baseline_066.pdb,169,172,2.126811,False,True,False
9NFU,baseline,9NFU_baseline_066.pdb,187,190,0.97674924,True,True,False
9NFU,baseline,9NFU_baseline_067.pdb,27,30,1.3657066,True,True,False
9NFU,baseline,9NFU_baseline_067.pdb,31,34,1.125011,True,True,False
9NFU,baseline,9NFU_baseline_067.pdb,32,35,1.0057378,True,True,False
9NFU,baseline,9NFU_baseline_067.pdb,52,55,0.9189335,True,True,False
9NFU,baseline,9NFU_baseline_067.pdb,98,101,0.5511651,True,True,False
9NFU,baseline,9NFU_baseline_067.pdb,100,103,2.325703,False,True,False
9NFU,baseline,9NFU_baseline_067.pdb,101,104,1.9731209,True,True,False
9NFU,baseline,9NFU_baseline_067.pdb,102,105,2.3147638,False,True,False
9NFU,baseline,9NFU_baseline_067.pdb,103,106,3.4610863,False,False,False
9NFU,baseline,9NFU_baseline_067.pdb,105,108,5.2745557,False,False,False
9NFU,baseline,9NFU_baseline_067.pdb,106,109,4.2307625,False,False,False
9NFU,baseline,9NFU_baseline_067.pdb,168,171,1.3885442,True,True,False
9NFU,baseline,9NFU_baseline_067.pdb,169,172,2.1008265,False,True,False
9NFU,baseline,9NFU_baseline_067.pdb,187,190,0.6830982,True,True,False
9NFU,baseline,9NFU_baseline_068.pdb,27,30,2.3220162,False,True,False
9NFU,baseline,9NFU_baseline_068.pdb,31,34,2.2722757,False,True,False
9NFU,baseline,9NFU_baseline_068.pdb,32,35,1.8850173,True,True,False
9NFU,baseline,9NFU_baseline_068.pdb,52,55,1.3532224,True,True,False
9NFU,baseline,9NFU_baseline_068.pdb,98,101,0.95363307,True,True,False
9NFU,baseline,9NFU_baseline_068.pdb,100,103,0.901533,True,True,False
9NFU,baseline,9NFU_baseline_068.pdb,101,104,1.2821413,True,True,False
9NFU,baseline,9NFU_baseline_068.pdb,102,105,2.4176044,False,True,False
9NFU,baseline,9NFU_baseline_068.pdb,103,106,4.48742,False,False,False
9NFU,baseline,9NFU_baseline_068.pdb,105,108,4.618317,False,False,False
9NFU,baseline,9NFU_baseline_068.pdb,106,109,3.4980805,False,False,False
9NFU,baseline,9NFU_baseline_068.pdb,168,171,1.2653524,True,True,False
9NFU,baseline,9NFU_baseline_068.pdb,169,172,1.5106456,True,True,False
9NFU,baseline,9NFU_baseline_068.pdb,187,190,1.336354,True,True,False
9NFU,baseline,9NFU_baseline_069.pdb,27,30,1.8279155,True,True,False
9NFU,baseline,9NFU_baseline_069.pdb,31,34,1.0706298,True,True,False
9NFU,baseline,9NFU_baseline_069.pdb,32,35,1.0065097,True,True,False
9NFU,baseline,9NFU_baseline_069.pdb,52,55,0.86699665,True,True,False
9NFU,baseline,9NFU_baseline_069.pdb,98,101,0.39178512,True,True,False
9NFU,baseline,9NFU_baseline_069.pdb,100,103,1.1926887,True,True,False
9NFU,baseline,9NFU_baseline_069.pdb,101,104,1.4264232,True,True,False
9NFU,baseline,9NFU_baseline_069.pdb,102,105,1.3341295,True,True,False
9NFU,baseline,9NFU_baseline_069.pdb,103,106,3.4262185,False,False,False
9NFU,baseline,9NFU_baseline_069.pdb,105,108,2.6543648,False,True,False
9NFU,baseline,9NFU_baseline_069.pdb,106,109,1.7611357,True,True,False
9NFU,baseline,9NFU_baseline_069.pdb,168,171,1.7434251,True,True,False
9NFU,baseline,9NFU_baseline_069.pdb,169,172,2.4404244,False,True,False
9NFU,baseline,9NFU_baseline_069.pdb,187,190,0.84784114,True,True,False
9NFU,baseline,9NFU_baseline_070.pdb,27,30,1.7148428,True,True,False
9NFU,baseline,9NFU_baseline_070.pdb,31,34,1.0965835,True,True,False
9NFU,baseline,9NFU_baseline_070.pdb,32,35,1.117047,True,True,False
9NFU,baseline,9NFU_baseline_070.pdb,52,55,0.6401265,True,True,False
9NFU,baseline,9NFU_baseline_070.pdb,98,101,0.33021972,True,True,False
9NFU,baseline,9NFU_baseline_070.pdb,100,103,1.3722926,True,True,False
9NFU,baseline,9NFU_baseline_070.pdb,101,104,1.3817109,True,True,False
9NFU,baseline,9NFU_baseline_070.pdb,102,105,1.517839,True,True,False
9NFU,baseline,9NFU_baseline_070.pdb,103,106,3.553056,False,False,False
9NFU,baseline,9NFU_baseline_070.pdb,105,108,2.3640437,False,True,False
9NFU,baseline,9NFU_baseline_070.pdb,106,109,1.4999188,True,True,False
9NFU,baseline,9NFU_baseline_070.pdb,168,171,1.6839354,True,True,False
9NFU,baseline,9NFU_baseline_070.pdb,169,172,2.3326733,False,True,False
9NFU,baseline,9NFU_baseline_070.pdb,187,190,0.82631713,True,True,False
9NFU,baseline,9NFU_baseline_071.pdb,27,30,1.7433754,True,True,False
9NFU,baseline,9NFU_baseline_071.pdb,31,34,1.1733656,True,True,False
9NFU,baseline,9NFU_baseline_071.pdb,32,35,1.0723084,True,True,False
9NFU,baseline,9NFU_baseline_071.pdb,52,55,0.8088991,True,True,False
9NFU,baseline,9NFU_baseline_071.pdb,98,101,0.39196986,True,True,False
9NFU,baseline,9NFU_baseline_071.pdb,100,103,0.8694014,True,True,False
9NFU,baseline,9NFU_baseline_071.pdb,101,104,1.2591426,True,True,False
9NFU,baseline,9NFU_baseline_071.pdb,102,105,1.3704172,True,True,False
9NFU,baseline,9NFU_baseline_071.pdb,103,106,2.783381,False,True,False
9NFU,baseline,9NFU_baseline_071.pdb,105,108,4.4339366,False,False,False
9NFU,baseline,9NFU_baseline_071.pdb,106,109,4.440625,False,False,False
9NFU,baseline,9NFU_baseline_071.pdb,168,171,1.9015032,True,True,False
9NFU,baseline,9NFU_baseline_071.pdb,169,172,2.896433,False,True,False
9NFU,baseline,9NFU_baseline_071.pdb,187,190,1.0567883,True,True,False
9NFU,baseline,9NFU_baseline_072.pdb,27,30,1.7465078,True,True,False
9NFU,baseline,9NFU_baseline_072.pdb,31,34,1.4167355,True,True,False
9NFU,baseline,9NFU_baseline_072.pdb,32,35,1.408871,True,True,False
9NFU,baseline,9NFU_baseline_072.pdb,52,55,0.8469817,True,True,False
9NFU,baseline,9NFU_baseline_072.pdb,98,101,0.44734305,True,True,False
9NFU,baseline,9NFU_baseline_072.pdb,100,103,1.4921091,True,True,False
9NFU,baseline,9NFU_baseline_072.pdb,101,104,1.505834,True,True,False
9NFU,baseline,9NFU_baseline_072.pdb,102,105,1.5352902,True,True,False
9NFU,baseline,9NFU_baseline_072.pdb,103,106,3.4584951,False,False,False
9NFU,baseline,9NFU_baseline_072.pdb,105,108,3.5155802,False,False,False
9NFU,baseline,9NFU_baseline_072.pdb,106,109,2.401191,False,True,False
9NFU,baseline,9NFU_baseline_072.pdb,168,171,1.2879196,True,True,False
9NFU,baseline,9NFU_baseline_072.pdb,169,172,2.2174993,False,True,False
9NFU,baseline,9NFU_baseline_072.pdb,187,190,0.8963129,True,True,False
9NFU,baseline,9NFU_baseline_073.pdb,27,30,1.7324026,True,True,False
9NFU,baseline,9NFU_baseline_073.pdb,31,34,1.1334544,True,True,False
9NFU,baseline,9NFU_baseline_073.pdb,32,35,1.2042035,True,True,False
9NFU,baseline,9NFU_baseline_073.pdb,52,55,0.6356972,True,True,False
9NFU,baseline,9NFU_baseline_073.pdb,98,101,0.26635525,True,True,False
9NFU,baseline,9NFU_baseline_073.pdb,100,103,1.5921199,True,True,False
9NFU,baseline,9NFU_baseline_073.pdb,101,104,1.8288034,True,True,False
9NFU,baseline,9NFU_baseline_073.pdb,102,105,1.875989,True,True,False
9NFU,baseline,9NFU_baseline_073.pdb,103,106,3.4675193,False,False,False
9NFU,baseline,9NFU_baseline_073.pdb,105,108,2.308177,False,True,False
9NFU,baseline,9NFU_baseline_073.pdb,106,109,1.2317748,True,True,False
9NFU,baseline,9NFU_baseline_073.pdb,168,171,2.4800055,False,True,False
9NFU,baseline,9NFU_baseline_073.pdb,169,172,2.1047316,False,True,False
9NFU,baseline,9NFU_baseline_073.pdb,187,190,0.9072194,True,True,False
9NFU,baseline,9NFU_baseline_074.pdb,27,30,1.6318715,True,True,False
9NFU,baseline,9NFU_baseline_074.pdb,31,34,1.1455401,True,True,False
9NFU,baseline,9NFU_baseline_074.pdb,32,35,1.2893364,True,True,False
9NFU,baseline,9NFU_baseline_074.pdb,52,55,0.89510745,True,True,False
9NFU,baseline,9NFU_baseline_074.pdb,98,101,0.45198044,True,True,False
9NFU,baseline,9NFU_baseline_074.pdb,100,103,1.5832256,True,True,False
9NFU,baseline,9NFU_baseline_074.pdb,101,104,1.8278841,True,True,False
9NFU,baseline,9NFU_baseline_074.pdb,102,105,1.9082854,True,True,False
9NFU,baseline,9NFU_baseline_074.pdb,103,106,3.5329707,False,False,False
9NFU,baseline,9NFU_baseline_074.pdb,105,108,2.2779212,False,True,False
9NFU,baseline,9NFU_baseline_074.pdb,106,109,4.6537223,False,False,False
9NFU,baseline,9NFU_baseline_074.pdb,168,171,1.1539764,True,True,False
9NFU,baseline,9NFU_baseline_074.pdb,169,172,2.1412208,False,True,False
9NFU,baseline,9NFU_baseline_074.pdb,187,190,0.79891586,True,True,False
9NFU,baseline,9NFU_baseline_075.pdb,27,30,3.3985312,False,False,False
9NFU,baseline,9NFU_baseline_075.pdb,31,34,3.7889197,False,False,False
9NFU,baseline,9NFU_baseline_075.pdb,32,35,3.4792016,False,False,False
9NFU,baseline,9NFU_baseline_075.pdb,52,55,2.9125435,False,True,False
9NFU,baseline,9NFU_baseline_075.pdb,98,101,2.2439764,False,True,False
9NFU,baseline,9NFU_baseline_075.pdb,100,103,1.3980086,True,True,False
9NFU,baseline,9NFU_baseline_075.pdb,101,104,2.1221414,False,True,False
9NFU,baseline,9NFU_baseline_075.pdb,102,105,3.7629557,False,False,False
9NFU,baseline,9NFU_baseline_075.pdb,103,106,5.4901237,False,False,False
9NFU,baseline,9NFU_baseline_075.pdb,105,108,6.6997867,False,False,False
9NFU,baseline,9NFU_baseline_075.pdb,106,109,5.314874,False,False,False
9NFU,baseline,9NFU_baseline_075.pdb,168,171,1.5999413,True,True,False
9NFU,baseline,9NFU_baseline_075.pdb,169,172,0.8024889,True,True,False
9NFU,baseline,9NFU_baseline_075.pdb,187,190,2.8435764,False,True,False
9NFU,baseline,9NFU_baseline_076.pdb,27,30,1.8738328,True,True,False
9NFU,baseline,9NFU_baseline_076.pdb,31,34,1.3154361,True,True,False
9NFU,baseline,9NFU_baseline_076.pdb,32,35,1.2876723,True,True,False
9NFU,baseline,9NFU_baseline_076.pdb,52,55,0.68617105,True,True,False
9NFU,baseline,9NFU_baseline_076.pdb,98,101,0.36816075,True,True,False
9NFU,baseline,9NFU_baseline_076.pdb,100,103,1.4708738,True,True,False
9NFU,baseline,9NFU_baseline_076.pdb,101,104,1.5274193,True,True,False
9NFU,baseline,9NFU_baseline_076.pdb,102,105,1.9364972,True,True,False
9NFU,baseline,9NFU_baseline_076.pdb,103,106,2.7784734,False,True,False
9NFU,baseline,9NFU_baseline_076.pdb,105,108,2.5058165,False,True,False
9NFU,baseline,9NFU_baseline_076.pdb,106,109,4.437998,False,False,False
9NFU,baseline,9NFU_baseline_076.pdb,168,171,1.2123119,True,True,False
9NFU,baseline,9NFU_baseline_076.pdb,169,172,1.3681523,True,True,False
9NFU,baseline,9NFU_baseline_076.pdb,187,190,0.9198931,True,True,False
9NFU,baseline,9NFU_baseline_077.pdb,27,30,1.7026526,True,True,False
9NFU,baseline,9NFU_baseline_077.pdb,31,34,1.2198225,True,True,False
9NFU,baseline,9NFU_baseline_077.pdb,32,35,1.2047992,True,True,False
9NFU,baseline,9NFU_baseline_077.pdb,52,55,0.7033566,True,True,False
9NFU,baseline,9NFU_baseline_077.pdb,98,101,0.28827733,True,True,False
9NFU,baseline,9NFU_baseline_077.pdb,100,103,1.1505938,True,True,False
9NFU,baseline,9NFU_baseline_077.pdb,101,104,1.5205503,True,True,False
9NFU,baseline,9NFU_baseline_077.pdb,102,105,2.037997,False,True,False
9NFU,baseline,9NFU_baseline_077.pdb,103,106,2.873353,False,True,False
9NFU,baseline,9NFU_baseline_077.pdb,105,108,2.028176,False,True,False
9NFU,baseline,9NFU_baseline_077.pdb,106,109,1.2883989,True,True,False
9NFU,baseline,9NFU_baseline_077.pdb,168,171,2.0456574,False,True,False
9NFU,baseline,9NFU_baseline_077.pdb,169,172,2.3628304,False,True,False
9NFU,baseline,9NFU_baseline_077.pdb,187,190,1.02704,True,True,False
9NFU,baseline,9NFU_baseline_078.pdb,27,30,28.601023,False,False,False
9NFU,baseline,9NFU_baseline_078.pdb,31,34,29.643402,False,False,False
9NFU,baseline,9NFU_baseline_078.pdb,32,35,28.505713,False,False,False
9NFU,baseline,9NFU_baseline_078.pdb,52,55,26.093355,False,False,False
9NFU,baseline,9NFU_baseline_078.pdb,98,101,26.21799,False,False,False
9NFU,baseline,9NFU_baseline_078.pdb,100,103,34.109764,False,False,False
9NFU,baseline,9NFU_baseline_078.pdb,101,104,37.408237,False,False,False
9NFU,baseline,9NFU_baseline_078.pdb,102,105,36.9228,False,False,False
9NFU,baseline,9NFU_baseline_078.pdb,103,106,43.170013,False,False,False
9NFU,baseline,9NFU_baseline_078.pdb,105,108,43.909725,False,False,False
9NFU,baseline,9NFU_baseline_078.pdb,106,109,42.677265,False,False,False
9NFU,baseline,9NFU_baseline_078.pdb,168,171,20.373499,False,False,False
9NFU,baseline,9NFU_baseline_078.pdb,169,172,20.013529,False,False,False
9NFU,baseline,9NFU_baseline_078.pdb,187,190,20.19898,False,False,False
9NFU,baseline,9NFU_baseline_079.pdb,27,30,1.6757951,True,True,False
9NFU,baseline,9NFU_baseline_079.pdb,31,34,1.2187736,True,True,False
9NFU,baseline,9NFU_baseline_079.pdb,32,35,1.2577271,True,True,False
9NFU,baseline,9NFU_baseline_079.pdb,52,55,1.0071795,True,True,False
9NFU,baseline,9NFU_baseline_079.pdb,98,101,0.5470577,True,True,False
9NFU,baseline,9NFU_baseline_079.pdb,100,103,1.4149507,True,True,False
9NFU,baseline,9NFU_baseline_079.pdb,101,104,1.1768059,True,True,False
9NFU,baseline,9NFU_baseline_079.pdb,102,105,1.3115431,True,True,False
9NFU,baseline,9NFU_baseline_079.pdb,103,106,3.6317189,False,False,False
9NFU,baseline,9NFU_baseline_079.pdb,105,108,1.8828979,True,True,False
9NFU,baseline,9NFU_baseline_079.pdb,106,109,4.281514,False,False,False
9NFU,baseline,9NFU_baseline_079.pdb,168,171,1.0400394,True,True,False
9NFU,baseline,9NFU_baseline_079.pdb,169,172,1.7296692,True,True,False
9NFU,baseline,9NFU_baseline_079.pdb,187,190,1.0633255,True,True,False
9NFU,baseline,9NFU_baseline_080.pdb,27,30,1.6729541,True,True,False
9NFU,baseline,9NFU_baseline_080.pdb,31,34,1.5159969,True,True,False
9NFU,baseline,9NFU_baseline_080.pdb,32,35,1.4730033,True,True,False
9NFU,baseline,9NFU_baseline_080.pdb,52,55,0.80614144,True,True,False
9NFU,baseline,9NFU_baseline_080.pdb,98,101,0.46762174,True,True,False
9NFU,baseline,9NFU_baseline_080.pdb,100,103,1.315705,True,True,False
9NFU,baseline,9NFU_baseline_080.pdb,101,104,1.4692384,True,True,False
9NFU,baseline,9NFU_baseline_080.pdb,102,105,1.7376891,True,True,False
9NFU,baseline,9NFU_baseline_080.pdb,103,106,3.6730452,False,False,False
9NFU,baseline,9NFU_baseline_080.pdb,105,108,2.7242548,False,True,False
9NFU,baseline,9NFU_baseline_080.pdb,106,109,1.8299438,True,True,False
9NFU,baseline,9NFU_baseline_080.pdb,168,171,1.125201,True,True,False
9NFU,baseline,9NFU_baseline_080.pdb,169,172,2.0000412,False,True,False
9NFU,baseline,9NFU_baseline_080.pdb,187,190,1.0099374,True,True,False
9NFU,baseline,9NFU_baseline_081.pdb,27,30,33.475628,False,False,False
9NFU,baseline,9NFU_baseline_081.pdb,31,34,32.528954,False,False,False
9NFU,baseline,9NFU_baseline_081.pdb,32,35,30.357018,False,False,False
9NFU,baseline,9NFU_baseline_081.pdb,52,55,26.424805,False,False,False
9NFU,baseline,9NFU_baseline_081.pdb,98,101,26.296112,False,False,False
9NFU,baseline,9NFU_baseline_081.pdb,100,103,36.082306,False,False,False
9NFU,baseline,9NFU_baseline_081.pdb,101,104,40.031906,False,False,False
9NFU,baseline,9NFU_baseline_081.pdb,102,105,39.659542,False,False,False
9NFU,baseline,9NFU_baseline_081.pdb,103,106,45.761883,False,False,False
9NFU,baseline,9NFU_baseline_081.pdb,105,108,46.977993,False,False,False
9NFU,baseline,9NFU_baseline_081.pdb,106,109,44.00083,False,False,False
9NFU,baseline,9NFU_baseline_081.pdb,168,171,25.812906,False,False,False
9NFU,baseline,9NFU_baseline_081.pdb,169,172,24.522472,False,False,False
9NFU,baseline,9NFU_baseline_081.pdb,187,190,24.312843,False,False,False
9NFU,baseline,9NFU_baseline_082.pdb,27,30,1.5786015,True,True,False
9NFU,baseline,9NFU_baseline_082.pdb,31,34,1.1503638,True,True,False
9NFU,baseline,9NFU_baseline_082.pdb,32,35,1.085504,True,True,False
9NFU,baseline,9NFU_baseline_082.pdb,52,55,0.7457198,True,True,False
9NFU,baseline,9NFU_baseline_082.pdb,98,101,0.31160736,True,True,False
9NFU,baseline,9NFU_baseline_082.pdb,100,103,1.2251269,True,True,False
9NFU,baseline,9NFU_baseline_082.pdb,101,104,1.2791923,True,True,False
9NFU,baseline,9NFU_baseline_082.pdb,102,105,1.3555307,True,True,False
9NFU,baseline,9NFU_baseline_082.pdb,103,106,3.5014892,False,False,False
9NFU,baseline,9NFU_baseline_082.pdb,105,108,2.1583452,False,True,False
9NFU,baseline,9NFU_baseline_082.pdb,106,109,1.2138752,True,True,False
9NFU,baseline,9NFU_baseline_082.pdb,168,171,1.6002612,True,True,False
9NFU,baseline,9NFU_baseline_082.pdb,169,172,2.1418676,False,True,False
9NFU,baseline,9NFU_baseline_082.pdb,187,190,0.920345,True,True,False
9NFU,baseline,9NFU_baseline_083.pdb,27,30,1.5734845,True,True,False
9NFU,baseline,9NFU_baseline_083.pdb,31,34,0.8567736,True,True,False
9NFU,baseline,9NFU_baseline_083.pdb,32,35,0.7433365,True,True,False
9NFU,baseline,9NFU_baseline_083.pdb,52,55,0.9779246,True,True,False
9NFU,baseline,9NFU_baseline_083.pdb,98,101,0.6322827,True,True,False
9NFU,baseline,9NFU_baseline_083.pdb,100,103,1.7327858,True,True,False
9NFU,baseline,9NFU_baseline_083.pdb,101,104,1.7047213,True,True,False
9NFU,baseline,9NFU_baseline_083.pdb,102,105,1.7189616,True,True,False
9NFU,baseline,9NFU_baseline_083.pdb,103,106,3.3518968,False,False,False
9NFU,baseline,9NFU_baseline_083.pdb,105,108,1.7886089,True,True,False
9NFU,baseline,9NFU_baseline_083.pdb,106,109,5.9311824,False,False,False
9NFU,baseline,9NFU_baseline_083.pdb,168,171,2.081436,False,True,False
9NFU,baseline,9NFU_baseline_083.pdb,169,172,2.7380435,False,True,False
9NFU,baseline,9NFU_baseline_083.pdb,187,190,1.1773022,True,True,False
9NFU,baseline,9NFU_baseline_084.pdb,27,30,1.7412863,True,True,False
9NFU,baseline,9NFU_baseline_084.pdb,31,34,1.1037759,True,True,False
9NFU,baseline,9NFU_baseline_084.pdb,32,35,1.2299361,True,True,False
9NFU,baseline,9NFU_baseline_084.pdb,52,55,0.7854513,True,True,False
9NFU,baseline,9NFU_baseline_084.pdb,98,101,0.4234089,True,True,False
9NFU,baseline,9NFU_baseline_084.pdb,100,103,1.5864531,True,True,False
9NFU,baseline,9NFU_baseline_084.pdb,101,104,1.5361673,True,True,False
9NFU,baseline,9NFU_baseline_084.pdb,102,105,1.552983,True,True,False
9NFU,baseline,9NFU_baseline_084.pdb,103,106,3.4713645,False,False,False
9NFU,baseline,9NFU_baseline_084.pdb,105,108,3.6115425,False,False,False
9NFU,baseline,9NFU_baseline_084.pdb,106,109,2.7106,False,True,False
9NFU,baseline,9NFU_baseline_084.pdb,168,171,1.156064,True,True,False
9NFU,baseline,9NFU_baseline_084.pdb,169,172,2.1176724,False,True,False
9NFU,baseline,9NFU_baseline_084.pdb,187,190,1.0555803,True,True,False
9NFU,baseline,9NFU_baseline_085.pdb,27,30,1.7070591,True,True,False
9NFU,baseline,9NFU_baseline_085.pdb,31,34,0.67307425,True,True,False
9NFU,baseline,9NFU_baseline_085.pdb,32,35,0.9091291,True,True,False
9NFU,baseline,9NFU_baseline_085.pdb,52,55,0.6430457,True,True,False
9NFU,baseline,9NFU_baseline_085.pdb,98,101,0.38623485,True,True,False
9NFU,baseline,9NFU_baseline_085.pdb,100,103,1.7428974,True,True,False
9NFU,baseline,9NFU_baseline_085.pdb,101,104,1.4983466,True,True,False
9NFU,baseline,9NFU_baseline_085.pdb,102,105,1.5215422,True,True,False
9NFU,baseline,9NFU_baseline_085.pdb,103,106,3.3893237,False,False,False
9NFU,baseline,9NFU_baseline_085.pdb,105,108,3.2880495,False,False,False
9NFU,baseline,9NFU_baseline_085.pdb,106,109,1.6938771,True,True,False
9NFU,baseline,9NFU_baseline_085.pdb,168,171,1.6573334,True,True,False
9NFU,baseline,9NFU_baseline_085.pdb,169,172,2.1312397,False,True,False
9NFU,baseline,9NFU_baseline_085.pdb,187,190,0.9641148,True,True,False
9NFU,baseline,9NFU_baseline_086.pdb,27,30,1.547604,True,True,False
9NFU,baseline,9NFU_baseline_086.pdb,31,34,1.4473667,True,True,False
9NFU,baseline,9NFU_baseline_086.pdb,32,35,0.87333715,True,True,False
9NFU,baseline,9NFU_baseline_086.pdb,52,55,0.8287968,True,True,False
9NFU,baseline,9NFU_baseline_086.pdb,98,101,0.5856962,True,True,False
9NFU,baseline,9NFU_baseline_086.pdb,100,103,2.7510462,False,True,False
9NFU,baseline,9NFU_baseline_086.pdb,101,104,2.5054893,False,True,False
9NFU,baseline,9NFU_baseline_086.pdb,102,105,1.6045393,True,True,False
9NFU,baseline,9NFU_baseline_086.pdb,103,106,2.1330433,False,True,False
9NFU,baseline,9NFU_baseline_086.pdb,105,108,5.698582,False,False,False
9NFU,baseline,9NFU_baseline_086.pdb,106,109,4.3267465,False,False,False
9NFU,baseline,9NFU_baseline_086.pdb,168,171,2.1416736,False,True,False
9NFU,baseline,9NFU_baseline_086.pdb,169,172,2.9009721,False,True,False
9NFU,baseline,9NFU_baseline_086.pdb,187,190,0.7473979,True,True,False
9NFU,baseline,9NFU_baseline_087.pdb,27,30,4.141232,False,False,False
9NFU,baseline,9NFU_baseline_087.pdb,31,34,3.6953442,False,False,False
9NFU,baseline,9NFU_baseline_087.pdb,32,35,3.4985301,False,False,False
9NFU,baseline,9NFU_baseline_087.pdb,52,55,2.980798,False,True,False
9NFU,baseline,9NFU_baseline_087.pdb,98,101,2.6039176,False,True,False
9NFU,baseline,9NFU_baseline_087.pdb,100,103,3.5637288,False,False,False
9NFU,baseline,9NFU_baseline_087.pdb,101,104,2.9672236,False,True,False
9NFU,baseline,9NFU_baseline_087.pdb,102,105,3.5285952,False,False,False
9NFU,baseline,9NFU_baseline_087.pdb,103,106,5.734764,False,False,False
9NFU,baseline,9NFU_baseline_087.pdb,105,108,4.9697742,False,False,False
9NFU,baseline,9NFU_baseline_087.pdb,106,109,3.6264665,False,False,False
9NFU,baseline,9NFU_baseline_087.pdb,168,171,1.1972942,True,True,False
9NFU,baseline,9NFU_baseline_087.pdb,169,172,0.870178,True,True,False
9NFU,baseline,9NFU_baseline_087.pdb,187,190,2.6761472,False,True,False
9NFU,baseline,9NFU_baseline_088.pdb,27,30,1.7834544,True,True,False
9NFU,baseline,9NFU_baseline_088.pdb,31,34,1.4354936,True,True,False
9NFU,baseline,9NFU_baseline_088.pdb,32,35,1.3835328,True,True,False
9NFU,baseline,9NFU_baseline_088.pdb,52,55,0.884495,True,True,False
9NFU,baseline,9NFU_baseline_088.pdb,98,101,0.5226415,True,True,False
9NFU,baseline,9NFU_baseline_088.pdb,100,103,1.4863605,True,True,False
9NFU,baseline,9NFU_baseline_088.pdb,101,104,1.6829723,True,True,False
9NFU,baseline,9NFU_baseline_088.pdb,102,105,2.1592093,False,True,False
9NFU,baseline,9NFU_baseline_088.pdb,103,106,4.306202,False,False,False
9NFU,baseline,9NFU_baseline_088.pdb,105,108,2.5008237,False,True,False
9NFU,baseline,9NFU_baseline_088.pdb,106,109,3.6525576,False,False,False
9NFU,baseline,9NFU_baseline_088.pdb,168,171,0.69298583,True,True,False
9NFU,baseline,9NFU_baseline_088.pdb,169,172,1.1924042,True,True,False
9NFU,baseline,9NFU_baseline_088.pdb,187,190,1.1805439,True,True,False
9NFU,baseline,9NFU_baseline_089.pdb,27,30,1.8362832,True,True,False
9NFU,baseline,9NFU_baseline_089.pdb,31,34,1.2011598,True,True,False
9NFU,baseline,9NFU_baseline_089.pdb,32,35,1.3583574,True,True,False
9NFU,baseline,9NFU_baseline_089.pdb,52,55,0.84046096,True,True,False
9NFU,baseline,9NFU_baseline_089.pdb,98,101,0.41082555,True,True,False
9NFU,baseline,9NFU_baseline_089.pdb,100,103,1.2976223,True,True,False
9NFU,baseline,9NFU_baseline_089.pdb,101,104,1.016818,True,True,False
9NFU,baseline,9NFU_baseline_089.pdb,102,105,1.6368988,True,True,False
9NFU,baseline,9NFU_baseline_089.pdb,103,106,2.3847668,False,True,False
9NFU,baseline,9NFU_baseline_089.pdb,105,108,2.5803354,False,True,False
9NFU,baseline,9NFU_baseline_089.pdb,106,109,1.7007633,True,True,False
9NFU,baseline,9NFU_baseline_089.pdb,168,171,1.2619729,True,True,False
9NFU,baseline,9NFU_baseline_089.pdb,169,172,2.104575,False,True,False
9NFU,baseline,9NFU_baseline_089.pdb,187,190,0.99073184,True,True,False
9NFU,baseline,9NFU_baseline_090.pdb,27,30,1.8330175,True,True,False
9NFU,baseline,9NFU_baseline_090.pdb,31,34,1.5070556,True,True,False
9NFU,baseline,9NFU_baseline_090.pdb,32,35,1.4634637,True,True,False
9NFU,baseline,9NFU_baseline_090.pdb,52,55,0.85366005,True,True,False
9NFU,baseline,9NFU_baseline_090.pdb,98,101,0.56683964,True,True,False
9NFU,baseline,9NFU_baseline_090.pdb,100,103,1.5406989,True,True,False
9NFU,baseline,9NFU_baseline_090.pdb,101,104,1.5041772,True,True,False
9NFU,baseline,9NFU_baseline_090.pdb,102,105,1.8867004,True,True,False
9NFU,baseline,9NFU_baseline_090.pdb,103,106,3.7203221,False,False,False
9NFU,baseline,9NFU_baseline_090.pdb,105,108,3.39336,False,False,False
9NFU,baseline,9NFU_baseline_090.pdb,106,109,2.5004258,False,True,False
9NFU,baseline,9NFU_baseline_090.pdb,168,171,0.81384766,True,True,False
9NFU,baseline,9NFU_baseline_090.pdb,169,172,1.2331252,True,True,False
9NFU,baseline,9NFU_baseline_090.pdb,187,190,1.0046357,True,True,False
9NFU,baseline,9NFU_baseline_091.pdb,27,30,2.7301924,False,True,False
9NFU,baseline,9NFU_baseline_091.pdb,31,34,2.6124883,False,True,False
9NFU,baseline,9NFU_baseline_091.pdb,32,35,2.4249122,False,True,False
9NFU,baseline,9NFU_baseline_091.pdb,52,55,1.845608,True,True,False
9NFU,baseline,9NFU_baseline_091.pdb,98,101,1.4730544,True,True,False
9NFU,baseline,9NFU_baseline_091.pdb,100,103,2.1379557,False,True,False
9NFU,baseline,9NFU_baseline_091.pdb,101,104,1.7019327,True,True,False
9NFU,baseline,9NFU_baseline_091.pdb,102,105,2.3838089,False,True,False
9NFU,baseline,9NFU_baseline_091.pdb,103,106,5.007088,False,False,False
9NFU,baseline,9NFU_baseline_091.pdb,105,108,2.01709,False,True,False
9NFU,baseline,9NFU_baseline_091.pdb,106,109,5.3700724,False,False,False
9NFU,baseline,9NFU_baseline_091.pdb,168,171,1.1460998,True,True,False
9NFU,baseline,9NFU_baseline_091.pdb,169,172,1.271565,True,True,False
9NFU,baseline,9NFU_baseline_091.pdb,187,190,2.082846,False,True,False
9NFU,baseline,9NFU_baseline_092.pdb,27,30,1.730157,True,True,False
9NFU,baseline,9NFU_baseline_092.pdb,31,34,1.5629101,True,True,False
9NFU,baseline,9NFU_baseline_092.pdb,32,35,1.280422,True,True,False
9NFU,baseline,9NFU_baseline_092.pdb,52,55,1.2406778,True,True,False
9NFU,baseline,9NFU_baseline_092.pdb,98,101,0.72873,True,True,False
9NFU,baseline,9NFU_baseline_092.pdb,100,103,0.6511791,True,True,False
9NFU,baseline,9NFU_baseline_092.pdb,101,104,0.71612877,True,True,False
9NFU,baseline,9NFU_baseline_092.pdb,102,105,1.2363436,True,True,False
9NFU,baseline,9NFU_baseline_092.pdb,103,106,2.057212,False,True,False
9NFU,baseline,9NFU_baseline_092.pdb,105,108,1.6963221,True,True,False
9NFU,baseline,9NFU_baseline_092.pdb,106,109,5.8444467,False,False,False
9NFU,baseline,9NFU_baseline_092.pdb,168,171,1.7187586,True,True,False
9NFU,baseline,9NFU_baseline_092.pdb,169,172,2.5661268,False,True,False
9NFU,baseline,9NFU_baseline_092.pdb,187,190,1.4461995,True,True,False
9NFU,baseline,9NFU_baseline_093.pdb,27,30,1.7394557,True,True,False
9NFU,baseline,9NFU_baseline_093.pdb,31,34,1.271897,True,True,False
9NFU,baseline,9NFU_baseline_093.pdb,32,35,1.2123821,True,True,False
9NFU,baseline,9NFU_baseline_093.pdb,52,55,1.1021508,True,True,False
9NFU,baseline,9NFU_baseline_093.pdb,98,101,0.56138885,True,True,False
9NFU,baseline,9NFU_baseline_093.pdb,100,103,1.0737994,True,True,False
9NFU,baseline,9NFU_baseline_093.pdb,101,104,0.8435564,True,True,False
9NFU,baseline,9NFU_baseline_093.pdb,102,105,0.67075145,True,True,False
9NFU,baseline,9NFU_baseline_093.pdb,103,106,2.7456124,False,True,False
9NFU,baseline,9NFU_baseline_093.pdb,105,108,3.5103037,False,False,False
9NFU,baseline,9NFU_baseline_093.pdb,106,109,2.4175375,False,True,False
9NFU,baseline,9NFU_baseline_093.pdb,168,171,1.4370708,True,True,False
9NFU,baseline,9NFU_baseline_093.pdb,169,172,2.0536866,False,True,False
9NFU,baseline,9NFU_baseline_093.pdb,187,190,1.0277106,True,True,False
9NFU,baseline,9NFU_baseline_094.pdb,27,30,1.7627046,True,True,False
9NFU,baseline,9NFU_baseline_094.pdb,31,34,1.072516,True,True,False
9NFU,baseline,9NFU_baseline_094.pdb,32,35,1.1958588,True,True,False
9NFU,baseline,9NFU_baseline_094.pdb,52,55,0.5848556,True,True,False
9NFU,baseline,9NFU_baseline_094.pdb,98,101,0.24585742,True,True,False
9NFU,baseline,9NFU_baseline_094.pdb,100,103,1.5047042,True,True,False
9NFU,baseline,9NFU_baseline_094.pdb,101,104,1.6898848,True,True,False
9NFU,baseline,9NFU_baseline_094.pdb,102,105,1.7920682,True,True,False
9NFU,baseline,9NFU_baseline_094.pdb,103,106,2.9971604,False,True,False
9NFU,baseline,9NFU_baseline_094.pdb,105,108,2.6439488,False,True,False
9NFU,baseline,9NFU_baseline_094.pdb,106,109,1.7169762,True,True,False
9NFU,baseline,9NFU_baseline_094.pdb,168,171,1.8784177,True,True,False
9NFU,baseline,9NFU_baseline_094.pdb,169,172,2.2854843,False,True,False
9NFU,baseline,9NFU_baseline_094.pdb,187,190,0.85102236,True,True,False
9NFU,baseline,9NFU_baseline_095.pdb,27,30,1.6625127,True,True,False
9NFU,baseline,9NFU_baseline_095.pdb,31,34,1.0877488,True,True,False
9NFU,baseline,9NFU_baseline_095.pdb,32,35,1.1892803,True,True,False
9NFU,baseline,9NFU_baseline_095.pdb,52,55,0.6178275,True,True,False
9NFU,baseline,9NFU_baseline_095.pdb,98,101,0.3188462,True,True,False
9NFU,baseline,9NFU_baseline_095.pdb,100,103,1.8263279,True,True,False
9NFU,baseline,9NFU_baseline_095.pdb,101,104,1.7925162,True,True,False
9NFU,baseline,9NFU_baseline_095.pdb,102,105,1.9429963,True,True,False
9NFU,baseline,9NFU_baseline_095.pdb,103,106,3.5577722,False,False,False
9NFU,baseline,9NFU_baseline_095.pdb,105,108,2.699098,False,True,False
9NFU,baseline,9NFU_baseline_095.pdb,106,109,3.986995,False,False,False
9NFU,baseline,9NFU_baseline_095.pdb,168,171,1.6552294,True,True,False
9NFU,baseline,9NFU_baseline_095.pdb,169,172,2.3364222,False,True,False
9NFU,baseline,9NFU_baseline_095.pdb,187,190,0.9821246,True,True,False
9NFU,baseline,9NFU_baseline_096.pdb,27,30,1.448096,True,True,False
9NFU,baseline,9NFU_baseline_096.pdb,31,34,0.892846,True,True,False
9NFU,baseline,9NFU_baseline_096.pdb,32,35,0.829742,True,True,False
9NFU,baseline,9NFU_baseline_096.pdb,52,55,0.7833521,True,True,False
9NFU,baseline,9NFU_baseline_096.pdb,98,101,0.48418415,True,True,False
9NFU,baseline,9NFU_baseline_096.pdb,100,103,2.987024,False,True,False
9NFU,baseline,9NFU_baseline_096.pdb,101,104,2.5515227,False,True,False
9NFU,baseline,9NFU_baseline_096.pdb,102,105,2.5601506,False,True,False
9NFU,baseline,9NFU_baseline_096.pdb,103,106,3.1883814,False,False,False
9NFU,baseline,9NFU_baseline_096.pdb,105,108,5.373689,False,False,False
9NFU,baseline,9NFU_baseline_096.pdb,106,109,4.595403,False,False,False
9NFU,baseline,9NFU_baseline_096.pdb,168,171,1.8325393,True,True,False
9NFU,baseline,9NFU_baseline_096.pdb,169,172,2.8825743,False,True,False
9NFU,baseline,9NFU_baseline_096.pdb,187,190,0.7558657,True,True,False
9NFU,baseline,9NFU_baseline_097.pdb,27,30,1.6541518,True,True,False
9NFU,baseline,9NFU_baseline_097.pdb,31,34,0.79362863,True,True,False
9NFU,baseline,9NFU_baseline_097.pdb,32,35,0.93736356,True,True,False
9NFU,baseline,9NFU_baseline_097.pdb,52,55,0.7048711,True,True,False
9NFU,baseline,9NFU_baseline_097.pdb,98,101,0.32467967,True,True,False
9NFU,baseline,9NFU_baseline_097.pdb,100,103,1.5557305,True,True,False
9NFU,baseline,9NFU_baseline_097.pdb,101,104,1.4730393,True,True,False
9NFU,baseline,9NFU_baseline_097.pdb,102,105,1.499716,True,True,False
9NFU,baseline,9NFU_baseline_097.pdb,103,106,3.1652403,False,False,False
9NFU,baseline,9NFU_baseline_097.pdb,105,108,2.3819232,False,True,False
9NFU,baseline,9NFU_baseline_097.pdb,106,109,1.2636447,True,True,False
9NFU,baseline,9NFU_baseline_097.pdb,168,171,1.326763,True,True,False
9NFU,baseline,9NFU_baseline_097.pdb,169,172,1.8808109,True,True,False
9NFU,baseline,9NFU_baseline_097.pdb,187,190,0.9891305,True,True,False
9NFU,baseline,9NFU_baseline_098.pdb,27,30,1.8589207,True,True,False
9NFU,baseline,9NFU_baseline_098.pdb,31,34,1.7813027,True,True,False
9NFU,baseline,9NFU_baseline_098.pdb,32,35,1.5128764,True,True,False
9NFU,baseline,9NFU_baseline_098.pdb,52,55,0.9634311,True,True,False
9NFU,baseline,9NFU_baseline_098.pdb,98,101,0.46334538,True,True,False
9NFU,baseline,9NFU_baseline_098.pdb,100,103,1.3120929,True,True,False
9NFU,baseline,9NFU_baseline_098.pdb,101,104,1.4703221,True,True,False
9NFU,baseline,9NFU_baseline_098.pdb,102,105,1.8115592,True,True,False
9NFU,baseline,9NFU_baseline_098.pdb,103,106,2.9560924,False,True,False
9NFU,baseline,9NFU_baseline_098.pdb,105,108,2.0975072,False,True,False
9NFU,baseline,9NFU_baseline_098.pdb,106,109,4.0855966,False,False,False
9NFU,baseline,9NFU_baseline_098.pdb,168,171,1.4947023,True,True,False
9NFU,baseline,9NFU_baseline_098.pdb,169,172,1.5837351,True,True,False
9NFU,baseline,9NFU_baseline_098.pdb,187,190,1.0688063,True,True,False
9NFU,baseline,9NFU_baseline_099.pdb,27,30,1.8977268,True,True,False
9NFU,baseline,9NFU_baseline_099.pdb,31,34,1.5560039,True,True,False
9NFU,baseline,9NFU_baseline_099.pdb,32,35,1.526871,True,True,False
9NFU,baseline,9NFU_baseline_099.pdb,52,55,0.94700074,True,True,False
9NFU,baseline,9NFU_baseline_099.pdb,98,101,0.4832977,True,True,False
9NFU,baseline,9NFU_baseline_099.pdb,100,103,1.4236755,True,True,False
9NFU,baseline,9NFU_baseline_099.pdb,101,104,1.1947203,True,True,False
9NFU,baseline,9NFU_baseline_099.pdb,102,105,1.586474,True,True,False
9NFU,baseline,9NFU_baseline_099.pdb,103,106,2.8775802,False,True,False
9NFU,baseline,9NFU_baseline_099.pdb,105,108,2.2738373,False,True,False
9NFU,baseline,9NFU_baseline_099.pdb,106,109,1.5677248,True,True,False
9NFU,baseline,9NFU_baseline_099.pdb,168,171,1.2360187,True,True,False
9NFU,baseline,9NFU_baseline_099.pdb,169,172,2.0538042,False,True,False
9NFU,baseline,9NFU_baseline_099.pdb,187,190,1.1021297,True,True,False
9NFU,baseline,9NFU_baseline_100.pdb,27,30,1.6422726,True,True,False
9NFU,baseline,9NFU_baseline_100.pdb,31,34,0.91043824,True,True,False
9NFU,baseline,9NFU_baseline_100.pdb,32,35,1.0388448,True,True,False
9NFU,baseline,9NFU_baseline_100.pdb,52,55,0.617087,True,True,False
9NFU,baseline,9NFU_baseline_100.pdb,98,101,0.25774315,True,True,False
9NFU,baseline,9NFU_baseline_100.pdb,100,103,1.5339745,True,True,False
9NFU,baseline,9NFU_baseline_100.pdb,101,104,1.7150804,True,True,False
9NFU,baseline,9NFU_baseline_100.pdb,102,105,1.708953,True,True,False
9NFU,baseline,9NFU_baseline_100.pdb,103,106,3.2453809,False,False,False
9NFU,baseline,9NFU_baseline_100.pdb,105,108,2.7645535,False,True,False
9NFU,baseline,9NFU_baseline_100.pdb,106,109,1.4440535,True,True,False
9NFU,baseline,9NFU_baseline_100.pdb,168,171,1.8354154,True,True,False
9NFU,baseline,9NFU_baseline_100.pdb,169,172,2.2660444,False,True,False
9NFU,baseline,9NFU_baseline_100.pdb,187,190,0.79301715,True,True,False
9NFU,ensemble,9NFU_ensemble_seed000.pdb,27,30,2.0458817,False,True,False
9NFU,ensemble,9NFU_ensemble_seed000.pdb,31,34,1.2890332,True,True,False
9NFU,ensemble,9NFU_ensemble_seed000.pdb,32,35,1.2696493,True,True,False
9NFU,ensemble,9NFU_ensemble_seed000.pdb,52,55,1.012605,True,True,False
9NFU,ensemble,9NFU_ensemble_seed000.pdb,98,101,1.2145152,True,True,False
9NFU,ensemble,9NFU_ensemble_seed000.pdb,100,103,2.824632,False,True,False
9NFU,ensemble,9NFU_ensemble_seed000.pdb,101,104,1.3559637,True,True,False
9NFU,ensemble,9NFU_ensemble_seed000.pdb,102,105,0.9936584,True,True,False
9NFU,ensemble,9NFU_ensemble_seed000.pdb,103,106,3.2941597,False,False,False
9NFU,ensemble,9NFU_ensemble_seed000.pdb,105,108,0.70049995,True,True,False
9NFU,ensemble,9NFU_ensemble_seed000.pdb,106,109,2.194271,False,True,False
9NFU,ensemble,9NFU_ensemble_seed000.pdb,168,171,0.8260051,True,True,False
9NFU,ensemble,9NFU_ensemble_seed000.pdb,169,172,0.5940981,True,True,False
9NFU,ensemble,9NFU_ensemble_seed000.pdb,187,190,1.2460107,True,True,False
9NFU,ensemble,9NFU_ensemble_seed001.pdb,27,30,2.7273493,False,True,False
9NFU,ensemble,9NFU_ensemble_seed001.pdb,31,34,1.7655402,True,True,False
9NFU,ensemble,9NFU_ensemble_seed001.pdb,32,35,1.523513,True,True,False
9NFU,ensemble,9NFU_ensemble_seed001.pdb,52,55,1.3274196,True,True,False
9NFU,ensemble,9NFU_ensemble_seed001.pdb,98,101,1.3996762,True,True,False
9NFU,ensemble,9NFU_ensemble_seed001.pdb,100,103,3.19734,False,False,False
9NFU,ensemble,9NFU_ensemble_seed001.pdb,101,104,4.6697907,False,False,False
9NFU,ensemble,9NFU_ensemble_seed001.pdb,102,105,6.2998595,False,False,False
9NFU,ensemble,9NFU_ensemble_seed001.pdb,103,106,8.1826725,False,False,False
9NFU,ensemble,9NFU_ensemble_seed001.pdb,105,108,3.3033478,False,False,False
9NFU,ensemble,9NFU_ensemble_seed001.pdb,106,109,3.838822,False,False,False
9NFU,ensemble,9NFU_ensemble_seed001.pdb,168,171,0.6223196,True,True,False
9NFU,ensemble,9NFU_ensemble_seed001.pdb,169,172,0.19163615,True,True,False
9NFU,ensemble,9NFU_ensemble_seed001.pdb,187,190,1.594957,True,True,False
9NFU,ensemble,9NFU_ensemble_seed002.pdb,27,30,2.3073373,False,True,False
9NFU,ensemble,9NFU_ensemble_seed002.pdb,31,34,1.4113756,True,True,False
9NFU,ensemble,9NFU_ensemble_seed002.pdb,32,35,1.4042103,True,True,False
9NFU,ensemble,9NFU_ensemble_seed002.pdb,52,55,1.1620384,True,True,False
9NFU,ensemble,9NFU_ensemble_seed002.pdb,98,101,1.224003,True,True,False
9NFU,ensemble,9NFU_ensemble_seed002.pdb,100,103,2.3098297,False,True,False
9NFU,ensemble,9NFU_ensemble_seed002.pdb,101,104,4.2948728,False,False,False
9NFU,ensemble,9NFU_ensemble_seed002.pdb,102,105,6.857836,False,False,False
9NFU,ensemble,9NFU_ensemble_seed002.pdb,103,106,8.338625,False,False,False
9NFU,ensemble,9NFU_ensemble_seed002.pdb,105,108,1.6847192,True,True,False
9NFU,ensemble,9NFU_ensemble_seed002.pdb,106,109,2.660321,False,True,False
9NFU,ensemble,9NFU_ensemble_seed002.pdb,168,171,1.0987688,True,True,False
9NFU,ensemble,9NFU_ensemble_seed002.pdb,169,172,0.60096246,True,True,False
9NFU,ensemble,9NFU_ensemble_seed002.pdb,187,190,1.5945789,True,True,False
9NFU,ensemble,9NFU_ensemble_seed003.pdb,27,30,2.5392413,False,True,False
9NFU,ensemble,9NFU_ensemble_seed003.pdb,31,34,1.5836157,True,True,False
9NFU,ensemble,9NFU_ensemble_seed003.pdb,32,35,1.3053772,True,True,False
9NFU,ensemble,9NFU_ensemble_seed003.pdb,52,55,1.0829414,True,True,False
9NFU,ensemble,9NFU_ensemble_seed003.pdb,98,101,1.1291916,True,True,False
9NFU,ensemble,9NFU_ensemble_seed003.pdb,100,103,1.9924531,True,True,False
9NFU,ensemble,9NFU_ensemble_seed003.pdb,101,104,2.8519137,False,True,False
9NFU,ensemble,9NFU_ensemble_seed003.pdb,102,105,10.17635,False,False,False
9NFU,ensemble,9NFU_ensemble_seed003.pdb,103,106,10.090904,False,False,False
9NFU,ensemble,9NFU_ensemble_seed003.pdb,105,108,2.8245413,False,True,False
9NFU,ensemble,9NFU_ensemble_seed003.pdb,106,109,3.0817387,False,False,False
9NFU,ensemble,9NFU_ensemble_seed003.pdb,168,171,1.0204365,True,True,False
9NFU,ensemble,9NFU_ensemble_seed003.pdb,169,172,0.7091059,True,True,False
9NFU,ensemble,9NFU_ensemble_seed003.pdb,187,190,1.6218308,True,True,False
9NFU,ensemble,9NFU_ensemble_seed004.pdb,27,30,3.0131729,False,False,False
9NFU,ensemble,9NFU_ensemble_seed004.pdb,31,34,1.9605201,True,True,False
9NFU,ensemble,9NFU_ensemble_seed004.pdb,32,35,1.7915883,True,True,False
9NFU,ensemble,9NFU_ensemble_seed004.pdb,52,55,1.3358909,True,True,False
9NFU,ensemble,9NFU_ensemble_seed004.pdb,98,101,1.46758,True,True,False
9NFU,ensemble,9NFU_ensemble_seed004.pdb,100,103,3.4861355,False,False,False
9NFU,ensemble,9NFU_ensemble_seed004.pdb,101,104,2.856587,False,True,False
9NFU,ensemble,9NFU_ensemble_seed004.pdb,102,105,2.3386488,False,True,False
9NFU,ensemble,9NFU_ensemble_seed004.pdb,103,106,4.784752,False,False,False
9NFU,ensemble,9NFU_ensemble_seed004.pdb,105,108,1.1490815,True,True,False
9NFU,ensemble,9NFU_ensemble_seed004.pdb,106,109,1.8469362,True,True,False
9NFU,ensemble,9NFU_ensemble_seed004.pdb,168,171,1.0237508,True,True,False
9NFU,ensemble,9NFU_ensemble_seed004.pdb,169,172,0.5647946,True,True,False
9NFU,ensemble,9NFU_ensemble_seed004.pdb,187,190,1.6907415,True,True,False
9NFU,ensemble,9NFU_ensemble_seed005.pdb,27,30,1.9700413,True,True,False
9NFU,ensemble,9NFU_ensemble_seed005.pdb,31,34,0.74388146,True,True,False
9NFU,ensemble,9NFU_ensemble_seed005.pdb,32,35,0.9562903,True,True,False
9NFU,ensemble,9NFU_ensemble_seed005.pdb,52,55,0.94736344,True,True,False
9NFU,ensemble,9NFU_ensemble_seed005.pdb,98,101,0.8932953,True,True,False
9NFU,ensemble,9NFU_ensemble_seed005.pdb,100,103,2.016635,False,True,False
9NFU,ensemble,9NFU_ensemble_seed005.pdb,101,104,2.814987,False,True,False
9NFU,ensemble,9NFU_ensemble_seed005.pdb,102,105,10.172012,False,False,False
9NFU,ensemble,9NFU_ensemble_seed005.pdb,103,106,10.315557,False,False,False
9NFU,ensemble,9NFU_ensemble_seed005.pdb,105,108,1.3419783,True,True,False
9NFU,ensemble,9NFU_ensemble_seed005.pdb,106,109,3.5038815,False,False,False
9NFU,ensemble,9NFU_ensemble_seed005.pdb,168,171,2.3148782,False,True,False
9NFU,ensemble,9NFU_ensemble_seed005.pdb,169,172,2.9160256,False,True,False
9NFU,ensemble,9NFU_ensemble_seed005.pdb,187,190,1.4174124,True,True,False
9NFU,ensemble,9NFU_ensemble_seed006.pdb,27,30,2.2066019,False,True,False
9NFU,ensemble,9NFU_ensemble_seed006.pdb,31,34,1.2625897,True,True,False
9NFU,ensemble,9NFU_ensemble_seed006.pdb,32,35,1.3875347,True,True,False
9NFU,ensemble,9NFU_ensemble_seed006.pdb,52,55,0.6682759,True,True,False
9NFU,ensemble,9NFU_ensemble_seed006.pdb,98,101,1.0953066,True,True,False
9NFU,ensemble,9NFU_ensemble_seed006.pdb,100,103,2.8703778,False,True,False
9NFU,ensemble,9NFU_ensemble_seed006.pdb,101,104,4.688689,False,False,False
9NFU,ensemble,9NFU_ensemble_seed006.pdb,102,105,11.470838,False,False,False
9NFU,ensemble,9NFU_ensemble_seed006.pdb,103,106,10.014727,False,False,False
9NFU,ensemble,9NFU_ensemble_seed006.pdb,105,108,3.165941,False,False,False
9NFU,ensemble,9NFU_ensemble_seed006.pdb,106,109,3.717885,False,False,False
9NFU,ensemble,9NFU_ensemble_seed006.pdb,168,171,1.3775197,True,True,False
9NFU,ensemble,9NFU_ensemble_seed006.pdb,169,172,2.1829479,False,True,False
9NFU,ensemble,9NFU_ensemble_seed006.pdb,187,190,1.0216674,True,True,False
9NFU,ensemble,9NFU_ensemble_seed007.pdb,27,30,2.6009524,False,True,False
9NFU,ensemble,9NFU_ensemble_seed007.pdb,31,34,1.2252234,True,True,False
9NFU,ensemble,9NFU_ensemble_seed007.pdb,32,35,1.1781265,True,True,False
9NFU,ensemble,9NFU_ensemble_seed007.pdb,52,55,0.65394187,True,True,False
9NFU,ensemble,9NFU_ensemble_seed007.pdb,98,101,1.0042768,True,True,False
9NFU,ensemble,9NFU_ensemble_seed007.pdb,100,103,3.3445888,False,False,False
9NFU,ensemble,9NFU_ensemble_seed007.pdb,101,104,5.1300607,False,False,False
9NFU,ensemble,9NFU_ensemble_seed007.pdb,102,105,11.985919,False,False,False
9NFU,ensemble,9NFU_ensemble_seed007.pdb,103,106,10.230316,False,False,False
9NFU,ensemble,9NFU_ensemble_seed007.pdb,105,108,2.9552236,False,True,False
9NFU,ensemble,9NFU_ensemble_seed007.pdb,106,109,3.4315436,False,False,False
9NFU,ensemble,9NFU_ensemble_seed007.pdb,168,171,1.5044739,True,True,False
9NFU,ensemble,9NFU_ensemble_seed007.pdb,169,172,2.171214,False,True,False
9NFU,ensemble,9NFU_ensemble_seed007.pdb,187,190,0.8825216,True,True,False
9NFU,ensemble,9NFU_ensemble_seed008.pdb,27,30,5.61764,False,False,False
9NFU,ensemble,9NFU_ensemble_seed008.pdb,31,34,1.6071721,True,True,False
9NFU,ensemble,9NFU_ensemble_seed008.pdb,32,35,1.4520143,True,True,False
9NFU,ensemble,9NFU_ensemble_seed008.pdb,52,55,1.2482991,True,True,False
9NFU,ensemble,9NFU_ensemble_seed008.pdb,98,101,1.2270718,True,True,False
9NFU,ensemble,9NFU_ensemble_seed008.pdb,100,103,3.2861052,False,False,False
9NFU,ensemble,9NFU_ensemble_seed008.pdb,101,104,2.6643245,False,True,False
9NFU,ensemble,9NFU_ensemble_seed008.pdb,102,105,2.5630207,False,True,False
9NFU,ensemble,9NFU_ensemble_seed008.pdb,103,106,5.5706863,False,False,False
9NFU,ensemble,9NFU_ensemble_seed008.pdb,105,108,1.2304685,True,True,False
9NFU,ensemble,9NFU_ensemble_seed008.pdb,106,109,1.3953518,True,True,False
9NFU,ensemble,9NFU_ensemble_seed008.pdb,168,171,0.740615,True,True,False
9NFU,ensemble,9NFU_ensemble_seed008.pdb,169,172,0.7260657,True,True,False
9NFU,ensemble,9NFU_ensemble_seed008.pdb,187,190,1.6788886,True,True,False
9NFU,ensemble,9NFU_ensemble_seed009.pdb,27,30,4.546665,False,False,False
9NFU,ensemble,9NFU_ensemble_seed009.pdb,31,34,2.1770153,False,True,False
9NFU,ensemble,9NFU_ensemble_seed009.pdb,32,35,0.8155222,True,True,False
9NFU,ensemble,9NFU_ensemble_seed009.pdb,52,55,1.2557291,True,True,False
9NFU,ensemble,9NFU_ensemble_seed009.pdb,98,101,0.85266924,True,True,False
9NFU,ensemble,9NFU_ensemble_seed009.pdb,100,103,2.4164076,False,True,False
9NFU,ensemble,9NFU_ensemble_seed009.pdb,101,104,3.5255194,False,False,False
9NFU,ensemble,9NFU_ensemble_seed009.pdb,102,105,9.903857,False,False,False
9NFU,ensemble,9NFU_ensemble_seed009.pdb,103,106,9.855298,False,False,False
9NFU,ensemble,9NFU_ensemble_seed009.pdb,105,108,3.376996,False,False,False
9NFU,ensemble,9NFU_ensemble_seed009.pdb,106,109,2.895492,False,True,False
9NFU,ensemble,9NFU_ensemble_seed009.pdb,168,171,0.8888309,True,True,False
9NFU,ensemble,9NFU_ensemble_seed009.pdb,169,172,0.69810444,True,True,False
9NFU,ensemble,9NFU_ensemble_seed009.pdb,187,190,1.6696967,True,True,False
9NFU,ensemble,9NFU_ensemble_seed010.pdb,27,30,4.114216,False,False,False
9NFU,ensemble,9NFU_ensemble_seed010.pdb,31,34,0.6562133,True,True,False
9NFU,ensemble,9NFU_ensemble_seed010.pdb,32,35,0.7720131,True,True,False
9NFU,ensemble,9NFU_ensemble_seed010.pdb,52,55,0.95646083,True,True,False
9NFU,ensemble,9NFU_ensemble_seed010.pdb,98,101,0.6364771,True,True,False
9NFU,ensemble,9NFU_ensemble_seed010.pdb,100,103,1.2260073,True,True,False
9NFU,ensemble,9NFU_ensemble_seed010.pdb,101,104,1.8158269,True,True,False
9NFU,ensemble,9NFU_ensemble_seed010.pdb,102,105,6.2351675,False,False,False
9NFU,ensemble,9NFU_ensemble_seed010.pdb,103,106,4.521524,False,False,False
9NFU,ensemble,9NFU_ensemble_seed010.pdb,105,108,1.9221754,True,True,False
9NFU,ensemble,9NFU_ensemble_seed010.pdb,106,109,4.6701164,False,False,False
9NFU,ensemble,9NFU_ensemble_seed010.pdb,168,171,1.0637615,True,True,False
9NFU,ensemble,9NFU_ensemble_seed010.pdb,169,172,0.8048073,True,True,False
9NFU,ensemble,9NFU_ensemble_seed010.pdb,187,190,2.2261431,False,True,False
9NFU,ensemble,9NFU_ensemble_seed011.pdb,27,30,2.5303924,False,True,False
9NFU,ensemble,9NFU_ensemble_seed011.pdb,31,34,2.511545,False,True,False
9NFU,ensemble,9NFU_ensemble_seed011.pdb,32,35,1.3949844,True,True,False
9NFU,ensemble,9NFU_ensemble_seed011.pdb,52,55,1.1731958,True,True,False
9NFU,ensemble,9NFU_ensemble_seed011.pdb,98,101,0.8670052,True,True,False
9NFU,ensemble,9NFU_ensemble_seed011.pdb,100,103,2.3591845,False,True,False
9NFU,ensemble,9NFU_ensemble_seed011.pdb,101,104,4.428709,False,False,False
9NFU,ensemble,9NFU_ensemble_seed011.pdb,102,105,11.216859,False,False,False
9NFU,ensemble,9NFU_ensemble_seed011.pdb,103,106,9.732035,False,False,False
9NFU,ensemble,9NFU_ensemble_seed011.pdb,105,108,3.5339246,False,False,False
9NFU,ensemble,9NFU_ensemble_seed011.pdb,106,109,4.6980624,False,False,False
9NFU,ensemble,9NFU_ensemble_seed011.pdb,168,171,1.9983834,True,True,False
9NFU,ensemble,9NFU_ensemble_seed011.pdb,169,172,2.4460366,False,True,False
9NFU,ensemble,9NFU_ensemble_seed011.pdb,187,190,1.1987442,True,True,False
9NFU,ensemble,9NFU_ensemble_seed012.pdb,27,30,6.6322026,False,False,False
9NFU,ensemble,9NFU_ensemble_seed012.pdb,31,34,2.9224374,False,True,False
9NFU,ensemble,9NFU_ensemble_seed012.pdb,32,35,1.2552905,True,True,False
9NFU,ensemble,9NFU_ensemble_seed012.pdb,52,55,1.2161725,True,True,False
9NFU,ensemble,9NFU_ensemble_seed012.pdb,98,101,0.79662055,True,True,False
9NFU,ensemble,9NFU_ensemble_seed012.pdb,100,103,3.5028818,False,False,False
9NFU,ensemble,9NFU_ensemble_seed012.pdb,101,104,4.817352,False,False,False
9NFU,ensemble,9NFU_ensemble_seed012.pdb,102,105,5.9948444,False,False,False
9NFU,ensemble,9NFU_ensemble_seed012.pdb,103,106,7.241108,False,False,False
9NFU,ensemble,9NFU_ensemble_seed012.pdb,105,108,2.822642,False,True,False
9NFU,ensemble,9NFU_ensemble_seed012.pdb,106,109,3.3790848,False,False,False
9NFU,ensemble,9NFU_ensemble_seed012.pdb,168,171,1.0036541,True,True,False
9NFU,ensemble,9NFU_ensemble_seed012.pdb,169,172,1.8313886,True,True,False
9NFU,ensemble,9NFU_ensemble_seed012.pdb,187,190,2.413965,False,True,False
9NFU,ensemble,9NFU_ensemble_seed013.pdb,27,30,2.729862,False,True,False
9NFU,ensemble,9NFU_ensemble_seed013.pdb,31,34,1.7601534,True,True,False
9NFU,ensemble,9NFU_ensemble_seed013.pdb,32,35,1.661421,True,True,False
9NFU,ensemble,9NFU_ensemble_seed013.pdb,52,55,1.2668157,True,True,False
9NFU,ensemble,9NFU_ensemble_seed013.pdb,98,101,1.4264492,True,True,False
9NFU,ensemble,9NFU_ensemble_seed013.pdb,100,103,3.3681295,False,False,False
9NFU,ensemble,9NFU_ensemble_seed013.pdb,101,104,3.317231,False,False,False
9NFU,ensemble,9NFU_ensemble_seed013.pdb,102,105,3.0393283,False,False,False
9NFU,ensemble,9NFU_ensemble_seed013.pdb,103,106,5.8891683,False,False,False
9NFU,ensemble,9NFU_ensemble_seed013.pdb,105,108,1.8483554,True,True,False
9NFU,ensemble,9NFU_ensemble_seed013.pdb,106,109,1.6684356,True,True,False
9NFU,ensemble,9NFU_ensemble_seed013.pdb,168,171,0.65850174,True,True,False
9NFU,ensemble,9NFU_ensemble_seed013.pdb,169,172,0.39450338,True,True,False
9NFU,ensemble,9NFU_ensemble_seed013.pdb,187,190,1.9081917,True,True,False
9NFU,ensemble,9NFU_ensemble_seed014.pdb,27,30,2.6953623,False,True,False
9NFU,ensemble,9NFU_ensemble_seed014.pdb,31,34,1.4237345,True,True,False
9NFU,ensemble,9NFU_ensemble_seed014.pdb,32,35,1.4228356,True,True,False
9NFU,ensemble,9NFU_ensemble_seed014.pdb,52,55,0.81018144,True,True,False
9NFU,ensemble,9NFU_ensemble_seed014.pdb,98,101,1.1993715,True,True,False
9NFU,ensemble,9NFU_ensemble_seed014.pdb,100,103,2.435354,False,True,False
9NFU,ensemble,9NFU_ensemble_seed014.pdb,101,104,2.7390468,False,True,False
9NFU,ensemble,9NFU_ensemble_seed014.pdb,102,105,9.986957,False,False,False
9NFU,ensemble,9NFU_ensemble_seed014.pdb,103,106,10.984219,False,False,False
9NFU,ensemble,9NFU_ensemble_seed014.pdb,105,108,3.4164822,False,False,False
9NFU,ensemble,9NFU_ensemble_seed014.pdb,106,109,2.9794288,False,True,False
9NFU,ensemble,9NFU_ensemble_seed014.pdb,168,171,1.0664048,True,True,False
9NFU,ensemble,9NFU_ensemble_seed014.pdb,169,172,1.6872731,True,True,False
9NFU,ensemble,9NFU_ensemble_seed014.pdb,187,190,2.3680797,False,True,False
9NFU,ensemble,9NFU_ensemble_seed015.pdb,27,30,5.749841,False,False,False
9NFU,ensemble,9NFU_ensemble_seed015.pdb,31,34,1.2046702,True,True,False
9NFU,ensemble,9NFU_ensemble_seed015.pdb,32,35,1.4078068,True,True,False
9NFU,ensemble,9NFU_ensemble_seed015.pdb,52,55,0.78812057,True,True,False
9NFU,ensemble,9NFU_ensemble_seed015.pdb,98,101,0.9708114,True,True,False
9NFU,ensemble,9NFU_ensemble_seed015.pdb,100,103,2.157965,False,True,False
9NFU,ensemble,9NFU_ensemble_seed015.pdb,101,104,3.3756847,False,False,False
9NFU,ensemble,9NFU_ensemble_seed015.pdb,102,105,3.8661098,False,False,False
9NFU,ensemble,9NFU_ensemble_seed015.pdb,103,106,5.9434705,False,False,False
9NFU,ensemble,9NFU_ensemble_seed015.pdb,105,108,3.3485286,False,False,False
9NFU,ensemble,9NFU_ensemble_seed015.pdb,106,109,3.7471707,False,False,False
9NFU,ensemble,9NFU_ensemble_seed015.pdb,168,171,0.8596757,True,True,False
9NFU,ensemble,9NFU_ensemble_seed015.pdb,169,172,1.7471216,True,True,False
9NFU,ensemble,9NFU_ensemble_seed015.pdb,187,190,2.2068152,False,True,False
9NFU,ensemble,9NFU_ensemble_seed016.pdb,27,30,2.443106,False,True,False
9NFU,ensemble,9NFU_ensemble_seed016.pdb,31,34,1.1665465,True,True,False
9NFU,ensemble,9NFU_ensemble_seed016.pdb,32,35,1.1777507,True,True,False
9NFU,ensemble,9NFU_ensemble_seed016.pdb,52,55,1.0616175,True,True,False
9NFU,ensemble,9NFU_ensemble_seed016.pdb,98,101,1.3109187,True,True,False
9NFU,ensemble,9NFU_ensemble_seed016.pdb,100,103,2.5568342,False,True,False
9NFU,ensemble,9NFU_ensemble_seed016.pdb,101,104,0.9674698,True,True,False
9NFU,ensemble,9NFU_ensemble_seed016.pdb,102,105,0.6117541,True,True,False
9NFU,ensemble,9NFU_ensemble_seed016.pdb,103,106,2.541396,False,True,False
9NFU,ensemble,9NFU_ensemble_seed016.pdb,105,108,3.829129,False,False,False
9NFU,ensemble,9NFU_ensemble_seed016.pdb,106,109,3.6477447,False,False,False
9NFU,ensemble,9NFU_ensemble_seed016.pdb,168,171,0.7836688,True,True,False
9NFU,ensemble,9NFU_ensemble_seed016.pdb,169,172,0.56603295,True,True,False
9NFU,ensemble,9NFU_ensemble_seed016.pdb,187,190,1.406306,True,True,False
9NFU,ensemble,9NFU_ensemble_seed017.pdb,27,30,2.5858116,False,True,False
9NFU,ensemble,9NFU_ensemble_seed017.pdb,31,34,2.3183303,False,True,False
9NFU,ensemble,9NFU_ensemble_seed017.pdb,32,35,1.3257587,True,True,False
9NFU,ensemble,9NFU_ensemble_seed017.pdb,52,55,1.1135958,True,True,False
9NFU,ensemble,9NFU_ensemble_seed017.pdb,98,101,0.74317354,True,True,False
9NFU,ensemble,9NFU_ensemble_seed017.pdb,100,103,2.5932913,False,True,False
9NFU,ensemble,9NFU_ensemble_seed017.pdb,101,104,4.6298995,False,False,False
9NFU,ensemble,9NFU_ensemble_seed017.pdb,102,105,11.444248,False,False,False
9NFU,ensemble,9NFU_ensemble_seed017.pdb,103,106,10.134045,False,False,False
9NFU,ensemble,9NFU_ensemble_seed017.pdb,105,108,2.538512,False,True,False
9NFU,ensemble,9NFU_ensemble_seed017.pdb,106,109,3.930796,False,False,False
9NFU,ensemble,9NFU_ensemble_seed017.pdb,168,171,1.2347071,True,True,False
9NFU,ensemble,9NFU_ensemble_seed017.pdb,169,172,0.7715985,True,True,False
9NFU,ensemble,9NFU_ensemble_seed017.pdb,187,190,0.9213771,True,True,False
9NFU,ensemble,9NFU_ensemble_seed018.pdb,27,30,2.2427235,False,True,False
9NFU,ensemble,9NFU_ensemble_seed018.pdb,31,34,0.80567694,True,True,False
9NFU,ensemble,9NFU_ensemble_seed018.pdb,32,35,0.830795,True,True,False
9NFU,ensemble,9NFU_ensemble_seed018.pdb,52,55,0.82072985,True,True,False
9NFU,ensemble,9NFU_ensemble_seed018.pdb,98,101,1.0392249,True,True,False
9NFU,ensemble,9NFU_ensemble_seed018.pdb,100,103,1.8471634,True,True,False
9NFU,ensemble,9NFU_ensemble_seed018.pdb,101,104,1.9494301,True,True,False
9NFU,ensemble,9NFU_ensemble_seed018.pdb,102,105,7.5960073,False,False,False
9NFU,ensemble,9NFU_ensemble_seed018.pdb,103,106,8.8228445,False,False,False
9NFU,ensemble,9NFU_ensemble_seed018.pdb,105,108,4.5916686,False,False,False
9NFU,ensemble,9NFU_ensemble_seed018.pdb,106,109,2.564673,False,True,False
9NFU,ensemble,9NFU_ensemble_seed018.pdb,168,171,1.7634687,True,True,False
9NFU,ensemble,9NFU_ensemble_seed018.pdb,169,172,2.4038978,False,True,False
9NFU,ensemble,9NFU_ensemble_seed018.pdb,187,190,0.8454439,True,True,False
9NFU,ensemble,9NFU_ensemble_seed019.pdb,27,30,2.4978986,False,True,False
9NFU,ensemble,9NFU_ensemble_seed019.pdb,31,34,1.4544958,True,True,False
9NFU,ensemble,9NFU_ensemble_seed019.pdb,32,35,1.3782675,True,True,False
9NFU,ensemble,9NFU_ensemble_seed019.pdb,52,55,1.242056,True,True,False
9NFU,ensemble,9NFU_ensemble_seed019.pdb,98,101,1.3557423,True,True,False
9NFU,ensemble,9NFU_ensemble_seed019.pdb,100,103,2.3294873,False,True,False
9NFU,ensemble,9NFU_ensemble_seed019.pdb,101,104,2.3855634,False,True,False
9NFU,ensemble,9NFU_ensemble_seed019.pdb,102,105,8.924403,False,False,False
9NFU,ensemble,9NFU_ensemble_seed019.pdb,103,106,9.531549,False,False,False
9NFU,ensemble,9NFU_ensemble_seed019.pdb,105,108,3.3022287,False,False,False
9NFU,ensemble,9NFU_ensemble_seed019.pdb,106,109,2.606374,False,True,False
9NFU,ensemble,9NFU_ensemble_seed019.pdb,168,171,0.53212917,True,True,False
9NFU,ensemble,9NFU_ensemble_seed019.pdb,169,172,0.5909061,True,True,False
9NFU,ensemble,9NFU_ensemble_seed019.pdb,187,190,1.5201439,True,True,False
9NFU,ensemble,9NFU_ensemble_seed020.pdb,27,30,2.3204465,False,True,False
9NFU,ensemble,9NFU_ensemble_seed020.pdb,31,34,1.5750754,True,True,False
9NFU,ensemble,9NFU_ensemble_seed020.pdb,32,35,1.2818794,True,True,False
9NFU,ensemble,9NFU_ensemble_seed020.pdb,52,55,1.165176,True,True,False
9NFU,ensemble,9NFU_ensemble_seed020.pdb,98,101,1.0723867,True,True,False
9NFU,ensemble,9NFU_ensemble_seed020.pdb,100,103,2.3374126,False,True,False
9NFU,ensemble,9NFU_ensemble_seed020.pdb,101,104,3.058306,False,False,False
9NFU,ensemble,9NFU_ensemble_seed020.pdb,102,105,6.994603,False,False,False
9NFU,ensemble,9NFU_ensemble_seed020.pdb,103,106,8.659923,False,False,False
9NFU,ensemble,9NFU_ensemble_seed020.pdb,105,108,2.615275,False,True,False
9NFU,ensemble,9NFU_ensemble_seed020.pdb,106,109,2.5652535,False,True,False
9NFU,ensemble,9NFU_ensemble_seed020.pdb,168,171,1.1724464,True,True,False
9NFU,ensemble,9NFU_ensemble_seed020.pdb,169,172,1.8358915,True,True,False
9NFU,ensemble,9NFU_ensemble_seed020.pdb,187,190,2.1807113,False,True,False
9NFU,ensemble,9NFU_ensemble_seed021.pdb,27,30,12.003153,False,False,False
9NFU,ensemble,9NFU_ensemble_seed021.pdb,31,34,20.784689,False,False,False
9NFU,ensemble,9NFU_ensemble_seed021.pdb,32,35,19.027838,False,False,False
9NFU,ensemble,9NFU_ensemble_seed021.pdb,52,55,20.550274,False,False,False
9NFU,ensemble,9NFU_ensemble_seed021.pdb,98,101,15.797847,False,False,False
9NFU,ensemble,9NFU_ensemble_seed021.pdb,100,103,21.501863,False,False,False
9NFU,ensemble,9NFU_ensemble_seed021.pdb,101,104,25.193548,False,False,False
9NFU,ensemble,9NFU_ensemble_seed021.pdb,102,105,24.87341,False,False,False
9NFU,ensemble,9NFU_ensemble_seed021.pdb,103,106,31.606829,False,False,False
9NFU,ensemble,9NFU_ensemble_seed021.pdb,105,108,30.641289,False,False,False
9NFU,ensemble,9NFU_ensemble_seed021.pdb,106,109,28.803883,False,False,False
9NFU,ensemble,9NFU_ensemble_seed021.pdb,168,171,12.075755,False,False,False
9NFU,ensemble,9NFU_ensemble_seed021.pdb,169,172,12.559586,False,False,False
9NFU,ensemble,9NFU_ensemble_seed021.pdb,187,190,16.66326,False,False,False
9NFU,ensemble,9NFU_ensemble_seed022.pdb,27,30,2.7881994,False,True,False
9NFU,ensemble,9NFU_ensemble_seed022.pdb,31,34,2.214779,False,True,False
9NFU,ensemble,9NFU_ensemble_seed022.pdb,32,35,1.6339122,True,True,False
9NFU,ensemble,9NFU_ensemble_seed022.pdb,52,55,0.9522218,True,True,False
9NFU,ensemble,9NFU_ensemble_seed022.pdb,98,101,1.1001203,True,True,False
9NFU,ensemble,9NFU_ensemble_seed022.pdb,100,103,2.5104063,False,True,False
9NFU,ensemble,9NFU_ensemble_seed022.pdb,101,104,2.6369054,False,True,False
9NFU,ensemble,9NFU_ensemble_seed022.pdb,102,105,3.0279915,False,False,False
9NFU,ensemble,9NFU_ensemble_seed022.pdb,103,106,4.9271235,False,False,False
9NFU,ensemble,9NFU_ensemble_seed022.pdb,105,108,2.1658795,False,True,False
9NFU,ensemble,9NFU_ensemble_seed022.pdb,106,109,1.8404038,True,True,False
9NFU,ensemble,9NFU_ensemble_seed022.pdb,168,171,0.3837811,True,True,False
9NFU,ensemble,9NFU_ensemble_seed022.pdb,169,172,0.37140054,True,True,False
9NFU,ensemble,9NFU_ensemble_seed022.pdb,187,190,1.3237835,True,True,False
9NFU,ensemble,9NFU_ensemble_seed023.pdb,27,30,2.2664034,False,True,False
9NFU,ensemble,9NFU_ensemble_seed023.pdb,31,34,1.6534256,True,True,False
9NFU,ensemble,9NFU_ensemble_seed023.pdb,32,35,1.11708,True,True,False
9NFU,ensemble,9NFU_ensemble_seed023.pdb,52,55,1.1014297,True,True,False
9NFU,ensemble,9NFU_ensemble_seed023.pdb,98,101,0.9686506,True,True,False
9NFU,ensemble,9NFU_ensemble_seed023.pdb,100,103,1.5075191,True,True,False
9NFU,ensemble,9NFU_ensemble_seed023.pdb,101,104,2.606346,False,True,False
9NFU,ensemble,9NFU_ensemble_seed023.pdb,102,105,10.124638,False,False,False
9NFU,ensemble,9NFU_ensemble_seed023.pdb,103,106,9.879666,False,False,False
9NFU,ensemble,9NFU_ensemble_seed023.pdb,105,108,2.8781753,False,True,False
9NFU,ensemble,9NFU_ensemble_seed023.pdb,106,109,3.0997658,False,False,False
9NFU,ensemble,9NFU_ensemble_seed023.pdb,168,171,0.75799704,True,True,False
9NFU,ensemble,9NFU_ensemble_seed023.pdb,169,172,0.75571764,True,True,False
9NFU,ensemble,9NFU_ensemble_seed023.pdb,187,190,1.3224331,True,True,False
9NFU,ensemble,9NFU_ensemble_seed024.pdb,27,30,4.380859,False,False,False
9NFU,ensemble,9NFU_ensemble_seed024.pdb,31,34,0.44476077,True,True,False
9NFU,ensemble,9NFU_ensemble_seed024.pdb,32,35,0.79264855,True,True,False
9NFU,ensemble,9NFU_ensemble_seed024.pdb,52,55,0.94772977,True,True,False
9NFU,ensemble,9NFU_ensemble_seed024.pdb,98,101,0.6276254,True,True,False
9NFU,ensemble,9NFU_ensemble_seed024.pdb,100,103,1.4272485,True,True,False
9NFU,ensemble,9NFU_ensemble_seed024.pdb,101,104,2.0217507,False,True,False
9NFU,ensemble,9NFU_ensemble_seed024.pdb,102,105,7.650306,False,False,False
9NFU,ensemble,9NFU_ensemble_seed024.pdb,103,106,5.941236,False,False,False
9NFU,ensemble,9NFU_ensemble_seed024.pdb,105,108,2.8003843,False,True,False
9NFU,ensemble,9NFU_ensemble_seed024.pdb,106,109,3.9700203,False,False,False
9NFU,ensemble,9NFU_ensemble_seed024.pdb,168,171,1.7113751,True,True,False
9NFU,ensemble,9NFU_ensemble_seed024.pdb,169,172,2.3517559,False,True,False
9NFU,ensemble,9NFU_ensemble_seed024.pdb,187,190,1.0537068,True,True,False
9NFU,ensemble,9NFU_ensemble_seed025.pdb,27,30,2.4566708,False,True,False
9NFU,ensemble,9NFU_ensemble_seed025.pdb,31,34,1.2220136,True,True,False
9NFU,ensemble,9NFU_ensemble_seed025.pdb,32,35,1.4932462,True,True,False
9NFU,ensemble,9NFU_ensemble_seed025.pdb,52,55,1.1194656,True,True,False
9NFU,ensemble,9NFU_ensemble_seed025.pdb,98,101,1.3051918,True,True,False
9NFU,ensemble,9NFU_ensemble_seed025.pdb,100,103,2.2306724,False,True,False
9NFU,ensemble,9NFU_ensemble_seed025.pdb,101,104,2.628317,False,True,False
9NFU,ensemble,9NFU_ensemble_seed025.pdb,102,105,9.200301,False,False,False
9NFU,ensemble,9NFU_ensemble_seed025.pdb,103,106,9.597155,False,False,False
9NFU,ensemble,9NFU_ensemble_seed025.pdb,105,108,4.0745673,False,False,False
9NFU,ensemble,9NFU_ensemble_seed025.pdb,106,109,3.1931415,False,False,False
9NFU,ensemble,9NFU_ensemble_seed025.pdb,168,171,1.3187118,True,True,False
9NFU,ensemble,9NFU_ensemble_seed025.pdb,169,172,1.9403359,True,True,False
9NFU,ensemble,9NFU_ensemble_seed025.pdb,187,190,1.4520621,True,True,False
9NFU,ensemble,9NFU_ensemble_seed026.pdb,27,30,2.2438824,False,True,False
9NFU,ensemble,9NFU_ensemble_seed026.pdb,31,34,1.2083982,True,True,False
9NFU,ensemble,9NFU_ensemble_seed026.pdb,32,35,0.8507923,True,True,False
9NFU,ensemble,9NFU_ensemble_seed026.pdb,52,55,1.165293,True,True,False
9NFU,ensemble,9NFU_ensemble_seed026.pdb,98,101,0.7489535,True,True,False
9NFU,ensemble,9NFU_ensemble_seed026.pdb,100,103,2.391074,False,True,False
9NFU,ensemble,9NFU_ensemble_seed026.pdb,101,104,3.443852,False,False,False
9NFU,ensemble,9NFU_ensemble_seed026.pdb,102,105,5.535098,False,False,False
9NFU,ensemble,9NFU_ensemble_seed026.pdb,103,106,6.800273,False,False,False
9NFU,ensemble,9NFU_ensemble_seed026.pdb,105,108,0.9741221,True,True,False
9NFU,ensemble,9NFU_ensemble_seed026.pdb,106,109,4.516694,False,False,False
9NFU,ensemble,9NFU_ensemble_seed026.pdb,168,171,2.0528967,False,True,False
9NFU,ensemble,9NFU_ensemble_seed026.pdb,169,172,2.5486152,False,True,False
9NFU,ensemble,9NFU_ensemble_seed026.pdb,187,190,1.8642666,True,True,False
9NFU,ensemble,9NFU_ensemble_seed027.pdb,27,30,5.3461256,False,False,False
9NFU,ensemble,9NFU_ensemble_seed027.pdb,31,34,1.2596687,True,True,False
9NFU,ensemble,9NFU_ensemble_seed027.pdb,32,35,1.3510045,True,True,False
9NFU,ensemble,9NFU_ensemble_seed027.pdb,52,55,1.3872662,True,True,False
9NFU,ensemble,9NFU_ensemble_seed027.pdb,98,101,1.0722811,True,True,False
9NFU,ensemble,9NFU_ensemble_seed027.pdb,100,103,1.9346182,True,True,False
9NFU,ensemble,9NFU_ensemble_seed027.pdb,101,104,3.1256535,False,False,False
9NFU,ensemble,9NFU_ensemble_seed027.pdb,102,105,10.036984,False,False,False
9NFU,ensemble,9NFU_ensemble_seed027.pdb,103,106,9.91711,False,False,False
9NFU,ensemble,9NFU_ensemble_seed027.pdb,105,108,2.0912614,False,True,False
9NFU,ensemble,9NFU_ensemble_seed027.pdb,106,109,3.1291125,False,False,False
9NFU,ensemble,9NFU_ensemble_seed027.pdb,168,171,1.2466984,True,True,False
9NFU,ensemble,9NFU_ensemble_seed027.pdb,169,172,0.70799834,True,True,False
9NFU,ensemble,9NFU_ensemble_seed027.pdb,187,190,2.2115738,False,True,False
9NFU,ensemble,9NFU_ensemble_seed028.pdb,27,30,6.105698,False,False,False
9NFU,ensemble,9NFU_ensemble_seed028.pdb,31,34,2.5636115,False,True,False
9NFU,ensemble,9NFU_ensemble_seed028.pdb,32,35,1.5036274,True,True,False
9NFU,ensemble,9NFU_ensemble_seed028.pdb,52,55,1.3469473,True,True,False
9NFU,ensemble,9NFU_ensemble_seed028.pdb,98,101,1.139555,True,True,False
9NFU,ensemble,9NFU_ensemble_seed028.pdb,100,103,2.896489,False,True,False
9NFU,ensemble,9NFU_ensemble_seed028.pdb,101,104,4.200439,False,False,False
9NFU,ensemble,9NFU_ensemble_seed028.pdb,102,105,5.9639463,False,False,False
9NFU,ensemble,9NFU_ensemble_seed028.pdb,103,106,7.0672426,False,False,False
9NFU,ensemble,9NFU_ensemble_seed028.pdb,105,108,2.185571,False,True,False
9NFU,ensemble,9NFU_ensemble_seed028.pdb,106,109,2.4524114,False,True,False
9NFU,ensemble,9NFU_ensemble_seed028.pdb,168,171,1.0879532,True,True,False
9NFU,ensemble,9NFU_ensemble_seed028.pdb,169,172,0.8587334,True,True,False
9NFU,ensemble,9NFU_ensemble_seed028.pdb,187,190,2.0015664,False,True,False
9NFU,ensemble,9NFU_ensemble_seed029.pdb,27,30,5.498039,False,False,False
9NFU,ensemble,9NFU_ensemble_seed029.pdb,31,34,1.6150211,True,True,False
9NFU,ensemble,9NFU_ensemble_seed029.pdb,32,35,1.360187,True,True,False
9NFU,ensemble,9NFU_ensemble_seed029.pdb,52,55,1.410398,True,True,False
9NFU,ensemble,9NFU_ensemble_seed029.pdb,98,101,1.0102428,True,True,False
9NFU,ensemble,9NFU_ensemble_seed029.pdb,100,103,2.3207781,False,True,False
9NFU,ensemble,9NFU_ensemble_seed029.pdb,101,104,3.6736023,False,False,False
9NFU,ensemble,9NFU_ensemble_seed029.pdb,102,105,5.571831,False,False,False
9NFU,ensemble,9NFU_ensemble_seed029.pdb,103,106,6.481603,False,False,False
9NFU,ensemble,9NFU_ensemble_seed029.pdb,105,108,3.3829958,False,False,False
9NFU,ensemble,9NFU_ensemble_seed029.pdb,106,109,3.9747055,False,False,False
9NFU,ensemble,9NFU_ensemble_seed029.pdb,168,171,0.6668474,True,True,False
9NFU,ensemble,9NFU_ensemble_seed029.pdb,169,172,0.2866026,True,True,False
9NFU,ensemble,9NFU_ensemble_seed029.pdb,187,190,1.82984,True,True,False
9NFU,ensemble,9NFU_ensemble_seed030.pdb,27,30,5.0395827,False,False,False
9NFU,ensemble,9NFU_ensemble_seed030.pdb,31,34,1.0368268,True,True,False
9NFU,ensemble,9NFU_ensemble_seed030.pdb,32,35,1.2769803,True,True,False
9NFU,ensemble,9NFU_ensemble_seed030.pdb,52,55,1.0503719,True,True,False
9NFU,ensemble,9NFU_ensemble_seed030.pdb,98,101,1.0817395,True,True,False
9NFU,ensemble,9NFU_ensemble_seed030.pdb,100,103,2.4471302,False,True,False
9NFU,ensemble,9NFU_ensemble_seed030.pdb,101,104,2.6233444,False,True,False
9NFU,ensemble,9NFU_ensemble_seed030.pdb,102,105,7.006517,False,False,False
9NFU,ensemble,9NFU_ensemble_seed030.pdb,103,106,6.411448,False,False,False
9NFU,ensemble,9NFU_ensemble_seed030.pdb,105,108,4.026484,False,False,False
9NFU,ensemble,9NFU_ensemble_seed030.pdb,106,109,2.5794766,False,True,False
9NFU,ensemble,9NFU_ensemble_seed030.pdb,168,171,1.3139488,True,True,False
9NFU,ensemble,9NFU_ensemble_seed030.pdb,169,172,1.7876654,True,True,False
9NFU,ensemble,9NFU_ensemble_seed030.pdb,187,190,1.5880902,True,True,False
9NFU,ensemble,9NFU_ensemble_seed031.pdb,27,30,2.4703608,False,True,False
9NFU,ensemble,9NFU_ensemble_seed031.pdb,31,34,1.8676329,True,True,False
9NFU,ensemble,9NFU_ensemble_seed031.pdb,32,35,1.1741861,True,True,False
9NFU,ensemble,9NFU_ensemble_seed031.pdb,52,55,0.66902536,True,True,False
9NFU,ensemble,9NFU_ensemble_seed031.pdb,98,101,0.9813285,True,True,False
9NFU,ensemble,9NFU_ensemble_seed031.pdb,100,103,2.5066586,False,True,False
9NFU,ensemble,9NFU_ensemble_seed031.pdb,101,104,3.8130183,False,False,False
9NFU,ensemble,9NFU_ensemble_seed031.pdb,102,105,11.373969,False,False,False
9NFU,ensemble,9NFU_ensemble_seed031.pdb,103,106,11.4199,False,False,False
9NFU,ensemble,9NFU_ensemble_seed031.pdb,105,108,3.8287508,False,False,False
9NFU,ensemble,9NFU_ensemble_seed031.pdb,106,109,2.406618,False,True,False
9NFU,ensemble,9NFU_ensemble_seed031.pdb,168,171,1.6909345,True,True,False
9NFU,ensemble,9NFU_ensemble_seed031.pdb,169,172,2.5755284,False,True,False
9NFU,ensemble,9NFU_ensemble_seed031.pdb,187,190,1.4279963,True,True,False
9NFU,ensemble,9NFU_ensemble_seed032.pdb,27,30,5.2118244,False,False,False
9NFU,ensemble,9NFU_ensemble_seed032.pdb,31,34,2.0254788,False,True,False
9NFU,ensemble,9NFU_ensemble_seed032.pdb,32,35,1.4154428,True,True,False
9NFU,ensemble,9NFU_ensemble_seed032.pdb,52,55,1.4751499,True,True,False
9NFU,ensemble,9NFU_ensemble_seed032.pdb,98,101,1.0557402,True,True,False
9NFU,ensemble,9NFU_ensemble_seed032.pdb,100,103,1.9962796,True,True,False
9NFU,ensemble,9NFU_ensemble_seed032.pdb,101,104,2.7047856,False,True,False
9NFU,ensemble,9NFU_ensemble_seed032.pdb,102,105,3.7911527,False,False,False
9NFU,ensemble,9NFU_ensemble_seed032.pdb,103,106,5.0236683,False,False,False
9NFU,ensemble,9NFU_ensemble_seed032.pdb,105,108,3.6353335,False,False,False
9NFU,ensemble,9NFU_ensemble_seed032.pdb,106,109,4.354206,False,False,False
9NFU,ensemble,9NFU_ensemble_seed032.pdb,168,171,1.1662148,True,True,False
9NFU,ensemble,9NFU_ensemble_seed032.pdb,169,172,0.8382252,True,True,False
9NFU,ensemble,9NFU_ensemble_seed032.pdb,187,190,2.0486135,False,True,False
9NFU,ensemble,9NFU_ensemble_seed033.pdb,27,30,2.4496439,False,True,False
9NFU,ensemble,9NFU_ensemble_seed033.pdb,31,34,1.6348017,True,True,False
9NFU,ensemble,9NFU_ensemble_seed033.pdb,32,35,1.3479269,True,True,False
9NFU,ensemble,9NFU_ensemble_seed033.pdb,52,55,1.1858939,True,True,False
9NFU,ensemble,9NFU_ensemble_seed033.pdb,98,101,1.1264929,True,True,False
9NFU,ensemble,9NFU_ensemble_seed033.pdb,100,103,2.5038612,False,True,False
9NFU,ensemble,9NFU_ensemble_seed033.pdb,101,104,1.9105332,True,True,False
9NFU,ensemble,9NFU_ensemble_seed033.pdb,102,105,1.8457203,True,True,False
9NFU,ensemble,9NFU_ensemble_seed033.pdb,103,106,3.7471378,False,False,False
9NFU,ensemble,9NFU_ensemble_seed033.pdb,105,108,3.1909633,False,False,False
9NFU,ensemble,9NFU_ensemble_seed033.pdb,106,109,3.9877543,False,False,False
9NFU,ensemble,9NFU_ensemble_seed033.pdb,168,171,0.4957588,True,True,False
9NFU,ensemble,9NFU_ensemble_seed033.pdb,169,172,0.8219509,True,True,False
9NFU,ensemble,9NFU_ensemble_seed033.pdb,187,190,2.3898299,False,True,False
9NFU,ensemble,9NFU_ensemble_seed034.pdb,27,30,2.3226013,False,True,False
9NFU,ensemble,9NFU_ensemble_seed034.pdb,31,34,1.4545065,True,True,False
9NFU,ensemble,9NFU_ensemble_seed034.pdb,32,35,1.4840727,True,True,False
9NFU,ensemble,9NFU_ensemble_seed034.pdb,52,55,1.1460218,True,True,False
9NFU,ensemble,9NFU_ensemble_seed034.pdb,98,101,1.3673964,True,True,False
9NFU,ensemble,9NFU_ensemble_seed034.pdb,100,103,2.9252672,False,True,False
9NFU,ensemble,9NFU_ensemble_seed034.pdb,101,104,2.0659668,False,True,False
9NFU,ensemble,9NFU_ensemble_seed034.pdb,102,105,2.0771117,False,True,False
9NFU,ensemble,9NFU_ensemble_seed034.pdb,103,106,4.8188796,False,False,False
9NFU,ensemble,9NFU_ensemble_seed034.pdb,105,108,1.347516,True,True,False
9NFU,ensemble,9NFU_ensemble_seed034.pdb,106,109,1.5488194,True,True,False
9NFU,ensemble,9NFU_ensemble_seed034.pdb,168,171,2.0263157,False,True,False
9NFU,ensemble,9NFU_ensemble_seed034.pdb,169,172,2.3706007,False,True,False
9NFU,ensemble,9NFU_ensemble_seed034.pdb,187,190,1.7806078,True,True,False
9NFU,ensemble,9NFU_ensemble_seed035.pdb,27,30,2.5235195,False,True,False
9NFU,ensemble,9NFU_ensemble_seed035.pdb,31,34,1.4671746,True,True,False
9NFU,ensemble,9NFU_ensemble_seed035.pdb,32,35,1.1106769,True,True,False
9NFU,ensemble,9NFU_ensemble_seed035.pdb,52,55,0.850142,True,True,False
9NFU,ensemble,9NFU_ensemble_seed035.pdb,98,101,1.0027583,True,True,False
9NFU,ensemble,9NFU_ensemble_seed035.pdb,100,103,2.3323255,False,True,False
9NFU,ensemble,9NFU_ensemble_seed035.pdb,101,104,4.544233,False,False,False
9NFU,ensemble,9NFU_ensemble_seed035.pdb,102,105,9.658215,False,False,False
9NFU,ensemble,9NFU_ensemble_seed035.pdb,103,106,7.3729863,False,False,False
9NFU,ensemble,9NFU_ensemble_seed035.pdb,105,108,3.9646175,False,False,False
9NFU,ensemble,9NFU_ensemble_seed035.pdb,106,109,2.595602,False,True,False
9NFU,ensemble,9NFU_ensemble_seed035.pdb,168,171,0.73345697,True,True,False
9NFU,ensemble,9NFU_ensemble_seed035.pdb,169,172,0.55663335,True,True,False
9NFU,ensemble,9NFU_ensemble_seed035.pdb,187,190,1.2586918,True,True,False
9NFU,ensemble,9NFU_ensemble_seed036.pdb,27,30,2.4386766,False,True,False
9NFU,ensemble,9NFU_ensemble_seed036.pdb,31,34,1.7308246,True,True,False
9NFU,ensemble,9NFU_ensemble_seed036.pdb,32,35,1.1953784,True,True,False
9NFU,ensemble,9NFU_ensemble_seed036.pdb,52,55,0.99798214,True,True,False
9NFU,ensemble,9NFU_ensemble_seed036.pdb,98,101,1.0288805,True,True,False
9NFU,ensemble,9NFU_ensemble_seed036.pdb,100,103,2.2992322,False,True,False
9NFU,ensemble,9NFU_ensemble_seed036.pdb,101,104,2.4786315,False,True,False
9NFU,ensemble,9NFU_ensemble_seed036.pdb,102,105,8.116839,False,False,False
9NFU,ensemble,9NFU_ensemble_seed036.pdb,103,106,8.575816,False,False,False
9NFU,ensemble,9NFU_ensemble_seed036.pdb,105,108,2.7407675,False,True,False
9NFU,ensemble,9NFU_ensemble_seed036.pdb,106,109,2.2513845,False,True,False
9NFU,ensemble,9NFU_ensemble_seed036.pdb,168,171,1.897063,True,True,False
9NFU,ensemble,9NFU_ensemble_seed036.pdb,169,172,2.4809215,False,True,False
9NFU,ensemble,9NFU_ensemble_seed036.pdb,187,190,0.9928016,True,True,False
9NFU,ensemble,9NFU_ensemble_seed037.pdb,27,30,4.1121473,False,False,False
9NFU,ensemble,9NFU_ensemble_seed037.pdb,31,34,1.1516116,True,True,False
9NFU,ensemble,9NFU_ensemble_seed037.pdb,32,35,1.4537013,True,True,False
9NFU,ensemble,9NFU_ensemble_seed037.pdb,52,55,0.8356174,True,True,False
9NFU,ensemble,9NFU_ensemble_seed037.pdb,98,101,0.8989769,True,True,False
9NFU,ensemble,9NFU_ensemble_seed037.pdb,100,103,2.7125034,False,True,False
9NFU,ensemble,9NFU_ensemble_seed037.pdb,101,104,4.018147,False,False,False
9NFU,ensemble,9NFU_ensemble_seed037.pdb,102,105,11.3091345,False,False,False
9NFU,ensemble,9NFU_ensemble_seed037.pdb,103,106,10.432274,False,False,False
9NFU,ensemble,9NFU_ensemble_seed037.pdb,105,108,2.9160862,False,True,False
9NFU,ensemble,9NFU_ensemble_seed037.pdb,106,109,3.6794207,False,False,False
9NFU,ensemble,9NFU_ensemble_seed037.pdb,168,171,0.57853836,True,True,False
9NFU,ensemble,9NFU_ensemble_seed037.pdb,169,172,1.2584851,True,True,False
9NFU,ensemble,9NFU_ensemble_seed037.pdb,187,190,1.1365688,True,True,False
9NFU,ensemble,9NFU_ensemble_seed038.pdb,27,30,5.1429505,False,False,False
9NFU,ensemble,9NFU_ensemble_seed038.pdb,31,34,1.3207631,True,True,False
9NFU,ensemble,9NFU_ensemble_seed038.pdb,32,35,1.1209193,True,True,False
9NFU,ensemble,9NFU_ensemble_seed038.pdb,52,55,1.2364403,True,True,False
9NFU,ensemble,9NFU_ensemble_seed038.pdb,98,101,0.9724148,True,True,False
9NFU,ensemble,9NFU_ensemble_seed038.pdb,100,103,1.4300928,True,True,False
9NFU,ensemble,9NFU_ensemble_seed038.pdb,101,104,1.9816537,True,True,False
9NFU,ensemble,9NFU_ensemble_seed038.pdb,102,105,9.335032,False,False,False
9NFU,ensemble,9NFU_ensemble_seed038.pdb,103,106,8.757541,False,False,False
9NFU,ensemble,9NFU_ensemble_seed038.pdb,105,108,3.6290123,False,False,False
9NFU,ensemble,9NFU_ensemble_seed038.pdb,106,109,3.8300836,False,False,False
9NFU,ensemble,9NFU_ensemble_seed038.pdb,168,171,0.701774,True,True,False
9NFU,ensemble,9NFU_ensemble_seed038.pdb,169,172,0.45231417,True,True,False
9NFU,ensemble,9NFU_ensemble_seed038.pdb,187,190,2.714423,False,True,False
9NFU,ensemble,9NFU_ensemble_seed039.pdb,27,30,2.253117,False,True,False
9NFU,ensemble,9NFU_ensemble_seed039.pdb,31,34,1.2401141,True,True,False
9NFU,ensemble,9NFU_ensemble_seed039.pdb,32,35,1.0716959,True,True,False
9NFU,ensemble,9NFU_ensemble_seed039.pdb,52,55,1.0062219,True,True,False
9NFU,ensemble,9NFU_ensemble_seed039.pdb,98,101,1.0181339,True,True,False
9NFU,ensemble,9NFU_ensemble_seed039.pdb,100,103,2.2824266,False,True,False
9NFU,ensemble,9NFU_ensemble_seed039.pdb,101,104,3.4069264,False,False,False
9NFU,ensemble,9NFU_ensemble_seed039.pdb,102,105,10.692479,False,False,False
9NFU,ensemble,9NFU_ensemble_seed039.pdb,103,106,9.982715,False,False,False
9NFU,ensemble,9NFU_ensemble_seed039.pdb,105,108,3.1177092,False,False,False
9NFU,ensemble,9NFU_ensemble_seed039.pdb,106,109,3.2732546,False,False,False
9NFU,ensemble,9NFU_ensemble_seed039.pdb,168,171,1.7947445,True,True,False
9NFU,ensemble,9NFU_ensemble_seed039.pdb,169,172,2.412161,False,True,False
9NFU,ensemble,9NFU_ensemble_seed039.pdb,187,190,1.0183911,True,True,False
9NFU,ensemble,9NFU_ensemble_seed040.pdb,27,30,2.2003384,False,True,False
9NFU,ensemble,9NFU_ensemble_seed040.pdb,31,34,1.2454034,True,True,False
9NFU,ensemble,9NFU_ensemble_seed040.pdb,32,35,1.1239301,True,True,False
9NFU,ensemble,9NFU_ensemble_seed040.pdb,52,55,0.89187014,True,True,False
9NFU,ensemble,9NFU_ensemble_seed040.pdb,98,101,1.109895,True,True,False
9NFU,ensemble,9NFU_ensemble_seed040.pdb,100,103,2.0935478,False,True,False
9NFU,ensemble,9NFU_ensemble_seed040.pdb,101,104,1.7433305,True,True,False
9NFU,ensemble,9NFU_ensemble_seed040.pdb,102,105,7.7470374,False,False,False
9NFU,ensemble,9NFU_ensemble_seed040.pdb,103,106,8.508195,False,False,False
9NFU,ensemble,9NFU_ensemble_seed040.pdb,105,108,2.540118,False,True,False
9NFU,ensemble,9NFU_ensemble_seed040.pdb,106,109,1.731421,True,True,False
9NFU,ensemble,9NFU_ensemble_seed040.pdb,168,171,0.7150067,True,True,False
9NFU,ensemble,9NFU_ensemble_seed040.pdb,169,172,0.55367607,True,True,False
9NFU,ensemble,9NFU_ensemble_seed040.pdb,187,190,1.1979976,True,True,False
9NFU,ensemble,9NFU_ensemble_seed041.pdb,27,30,3.1236134,False,False,False
9NFU,ensemble,9NFU_ensemble_seed041.pdb,31,34,2.270888,False,True,False
9NFU,ensemble,9NFU_ensemble_seed041.pdb,32,35,1.998997,True,True,False
9NFU,ensemble,9NFU_ensemble_seed041.pdb,52,55,1.5654428,True,True,False
9NFU,ensemble,9NFU_ensemble_seed041.pdb,98,101,1.7859054,True,True,False
9NFU,ensemble,9NFU_ensemble_seed041.pdb,100,103,3.6362996,False,False,False
9NFU,ensemble,9NFU_ensemble_seed041.pdb,101,104,2.3095593,False,True,False
9NFU,ensemble,9NFU_ensemble_seed041.pdb,102,105,1.0768467,True,True,False
9NFU,ensemble,9NFU_ensemble_seed041.pdb,103,106,3.8367634,False,False,False
9NFU,ensemble,9NFU_ensemble_seed041.pdb,105,108,1.6133018,True,True,False
9NFU,ensemble,9NFU_ensemble_seed041.pdb,106,109,0.9439614,True,True,False
9NFU,ensemble,9NFU_ensemble_seed041.pdb,168,171,0.5478553,True,True,False
9NFU,ensemble,9NFU_ensemble_seed041.pdb,169,172,0.29948103,True,True,False
9NFU,ensemble,9NFU_ensemble_seed041.pdb,187,190,1.9227836,True,True,False
9NFU,ensemble,9NFU_ensemble_seed042.pdb,27,30,3.965278,False,False,False
9NFU,ensemble,9NFU_ensemble_seed042.pdb,31,34,4.562266,False,False,False
9NFU,ensemble,9NFU_ensemble_seed042.pdb,32,35,4.2393613,False,False,False
9NFU,ensemble,9NFU_ensemble_seed042.pdb,52,55,4.4236803,False,False,False
9NFU,ensemble,9NFU_ensemble_seed042.pdb,98,101,3.619234,False,False,False
9NFU,ensemble,9NFU_ensemble_seed042.pdb,100,103,5.6666617,False,False,False
9NFU,ensemble,9NFU_ensemble_seed042.pdb,101,104,4.8155217,False,False,False
9NFU,ensemble,9NFU_ensemble_seed042.pdb,102,105,3.4255245,False,False,False
9NFU,ensemble,9NFU_ensemble_seed042.pdb,103,106,5.0419,False,False,False
9NFU,ensemble,9NFU_ensemble_seed042.pdb,105,108,4.2601624,False,False,False
9NFU,ensemble,9NFU_ensemble_seed042.pdb,106,109,3.2424793,False,False,False
9NFU,ensemble,9NFU_ensemble_seed042.pdb,168,171,2.6812396,False,True,False
9NFU,ensemble,9NFU_ensemble_seed042.pdb,169,172,1.0946332,True,True,False
9NFU,ensemble,9NFU_ensemble_seed042.pdb,187,190,3.366082,False,False,False
9NFU,ensemble,9NFU_ensemble_seed043.pdb,27,30,4.8637214,False,False,False
9NFU,ensemble,9NFU_ensemble_seed043.pdb,31,34,2.4263742,False,True,False
9NFU,ensemble,9NFU_ensemble_seed043.pdb,32,35,0.8437613,True,True,False
9NFU,ensemble,9NFU_ensemble_seed043.pdb,52,55,1.1960388,True,True,False
9NFU,ensemble,9NFU_ensemble_seed043.pdb,98,101,0.897543,True,True,False
9NFU,ensemble,9NFU_ensemble_seed043.pdb,100,103,3.7000525,False,False,False
9NFU,ensemble,9NFU_ensemble_seed043.pdb,101,104,6.560403,False,False,False
9NFU,ensemble,9NFU_ensemble_seed043.pdb,102,105,8.33989,False,False,False
9NFU,ensemble,9NFU_ensemble_seed043.pdb,103,106,10.190629,False,False,False
9NFU,ensemble,9NFU_ensemble_seed043.pdb,105,108,2.3415794,False,True,False
9NFU,ensemble,9NFU_ensemble_seed043.pdb,106,109,2.6606395,False,True,False
9NFU,ensemble,9NFU_ensemble_seed043.pdb,168,171,1.0677719,True,True,False
9NFU,ensemble,9NFU_ensemble_seed043.pdb,169,172,0.6378433,True,True,False
9NFU,ensemble,9NFU_ensemble_seed043.pdb,187,190,1.7493399,True,True,False
9NFU,ensemble,9NFU_ensemble_seed044.pdb,27,30,2.6939054,False,True,False
9NFU,ensemble,9NFU_ensemble_seed044.pdb,31,34,1.8169804,True,True,False
9NFU,ensemble,9NFU_ensemble_seed044.pdb,32,35,1.5807496,True,True,False
9NFU,ensemble,9NFU_ensemble_seed044.pdb,52,55,1.4298608,True,True,False
9NFU,ensemble,9NFU_ensemble_seed044.pdb,98,101,1.4689761,True,True,False
9NFU,ensemble,9NFU_ensemble_seed044.pdb,100,103,3.255544,False,False,False
9NFU,ensemble,9NFU_ensemble_seed044.pdb,101,104,2.098369,False,True,False
9NFU,ensemble,9NFU_ensemble_seed044.pdb,102,105,1.4210478,True,True,False
9NFU,ensemble,9NFU_ensemble_seed044.pdb,103,106,3.7180521,False,False,False
9NFU,ensemble,9NFU_ensemble_seed044.pdb,105,108,2.828052,False,True,False
9NFU,ensemble,9NFU_ensemble_seed044.pdb,106,109,2.6153686,False,True,False
9NFU,ensemble,9NFU_ensemble_seed044.pdb,168,171,2.2172353,False,True,False
9NFU,ensemble,9NFU_ensemble_seed044.pdb,169,172,1.9160088,True,True,False
9NFU,ensemble,9NFU_ensemble_seed044.pdb,187,190,2.1503258,False,True,False
9NFU,ensemble,9NFU_ensemble_seed045.pdb,27,30,2.092964,False,True,False
9NFU,ensemble,9NFU_ensemble_seed045.pdb,31,34,1.2477149,True,True,False
9NFU,ensemble,9NFU_ensemble_seed045.pdb,32,35,1.2329136,True,True,False
9NFU,ensemble,9NFU_ensemble_seed045.pdb,52,55,0.607111,True,True,False
9NFU,ensemble,9NFU_ensemble_seed045.pdb,98,101,1.0382667,True,True,False
9NFU,ensemble,9NFU_ensemble_seed045.pdb,100,103,2.917675,False,True,False
9NFU,ensemble,9NFU_ensemble_seed045.pdb,101,104,4.817078,False,False,False
9NFU,ensemble,9NFU_ensemble_seed045.pdb,102,105,11.701605,False,False,False
9NFU,ensemble,9NFU_ensemble_seed045.pdb,103,106,10.377811,False,False,False
9NFU,ensemble,9NFU_ensemble_seed045.pdb,105,108,2.6088881,False,True,False
9NFU,ensemble,9NFU_ensemble_seed045.pdb,106,109,3.5236142,False,False,False
9NFU,ensemble,9NFU_ensemble_seed045.pdb,168,171,1.3817335,True,True,False
9NFU,ensemble,9NFU_ensemble_seed045.pdb,169,172,2.1657715,False,True,False
9NFU,ensemble,9NFU_ensemble_seed045.pdb,187,190,1.936812,True,True,False
9NFU,ensemble,9NFU_ensemble_seed046.pdb,27,30,5.610752,False,False,False
9NFU,ensemble,9NFU_ensemble_seed046.pdb,31,34,2.1085467,False,True,False
9NFU,ensemble,9NFU_ensemble_seed046.pdb,32,35,1.5934778,True,True,False
9NFU,ensemble,9NFU_ensemble_seed046.pdb,52,55,1.2807372,True,True,False
9NFU,ensemble,9NFU_ensemble_seed046.pdb,98,101,1.1524974,True,True,False
9NFU,ensemble,9NFU_ensemble_seed046.pdb,100,103,3.058882,False,False,False
9NFU,ensemble,9NFU_ensemble_seed046.pdb,101,104,4.0167193,False,False,False
9NFU,ensemble,9NFU_ensemble_seed046.pdb,102,105,5.1638017,False,False,False
9NFU,ensemble,9NFU_ensemble_seed046.pdb,103,106,6.829329,False,False,False
9NFU,ensemble,9NFU_ensemble_seed046.pdb,105,108,2.1347435,False,True,False
9NFU,ensemble,9NFU_ensemble_seed046.pdb,106,109,2.182128,False,True,False
9NFU,ensemble,9NFU_ensemble_seed046.pdb,168,171,1.2836347,True,True,False
9NFU,ensemble,9NFU_ensemble_seed046.pdb,169,172,0.83334917,True,True,False
9NFU,ensemble,9NFU_ensemble_seed046.pdb,187,190,1.811901,True,True,False
9NFU,ensemble,9NFU_ensemble_seed047.pdb,27,30,2.3266087,False,True,False
9NFU,ensemble,9NFU_ensemble_seed047.pdb,31,34,1.1725016,True,True,False
9NFU,ensemble,9NFU_ensemble_seed047.pdb,32,35,1.0081664,True,True,False
9NFU,ensemble,9NFU_ensemble_seed047.pdb,52,55,0.9390367,True,True,False
9NFU,ensemble,9NFU_ensemble_seed047.pdb,98,101,0.8034161,True,True,False
9NFU,ensemble,9NFU_ensemble_seed047.pdb,100,103,1.3394575,True,True,False
9NFU,ensemble,9NFU_ensemble_seed047.pdb,101,104,1.5420462,True,True,False
9NFU,ensemble,9NFU_ensemble_seed047.pdb,102,105,8.708772,False,False,False
9NFU,ensemble,9NFU_ensemble_seed047.pdb,103,106,9.552184,False,False,False
9NFU,ensemble,9NFU_ensemble_seed047.pdb,105,108,2.6648946,False,True,False
9NFU,ensemble,9NFU_ensemble_seed047.pdb,106,109,4.0798535,False,False,False
9NFU,ensemble,9NFU_ensemble_seed047.pdb,168,171,0.84655756,True,True,False
9NFU,ensemble,9NFU_ensemble_seed047.pdb,169,172,0.78575957,True,True,False
9NFU,ensemble,9NFU_ensemble_seed047.pdb,187,190,1.0880232,True,True,False
9NFU,ensemble,9NFU_ensemble_seed048.pdb,27,30,5.8280816,False,False,False
9NFU,ensemble,9NFU_ensemble_seed048.pdb,31,34,2.092591,False,True,False
9NFU,ensemble,9NFU_ensemble_seed048.pdb,32,35,1.7989771,True,True,False
9NFU,ensemble,9NFU_ensemble_seed048.pdb,52,55,0.70013964,True,True,False
9NFU,ensemble,9NFU_ensemble_seed048.pdb,98,101,1.112292,True,True,False
9NFU,ensemble,9NFU_ensemble_seed048.pdb,100,103,2.937515,False,True,False
9NFU,ensemble,9NFU_ensemble_seed048.pdb,101,104,2.7193663,False,True,False
9NFU,ensemble,9NFU_ensemble_seed048.pdb,102,105,3.099577,False,False,False
9NFU,ensemble,9NFU_ensemble_seed048.pdb,103,106,5.2760873,False,False,False
9NFU,ensemble,9NFU_ensemble_seed048.pdb,105,108,2.6377335,False,True,False
9NFU,ensemble,9NFU_ensemble_seed048.pdb,106,109,3.4153137,False,False,False
9NFU,ensemble,9NFU_ensemble_seed048.pdb,168,171,1.1381975,True,True,False
9NFU,ensemble,9NFU_ensemble_seed048.pdb,169,172,1.9708489,True,True,False
9NFU,ensemble,9NFU_ensemble_seed048.pdb,187,190,2.457001,False,True,False
9NFU,ensemble,9NFU_ensemble_seed049.pdb,27,30,4.389275,False,False,False
9NFU,ensemble,9NFU_ensemble_seed049.pdb,31,34,1.1517669,True,True,False
9NFU,ensemble,9NFU_ensemble_seed049.pdb,32,35,1.5044844,True,True,False
9NFU,ensemble,9NFU_ensemble_seed049.pdb,52,55,1.051468,True,True,False
9NFU,ensemble,9NFU_ensemble_seed049.pdb,98,101,0.77161163,True,True,False
9NFU,ensemble,9NFU_ensemble_seed049.pdb,100,103,1.7261648,True,True,False
9NFU,ensemble,9NFU_ensemble_seed049.pdb,101,104,2.632134,False,True,False
9NFU,ensemble,9NFU_ensemble_seed049.pdb,102,105,8.133086,False,False,False
9NFU,ensemble,9NFU_ensemble_seed049.pdb,103,106,8.688432,False,False,False
9NFU,ensemble,9NFU_ensemble_seed049.pdb,105,108,2.7895708,False,True,False
9NFU,ensemble,9NFU_ensemble_seed049.pdb,106,109,3.5724533,False,False,False
9NFU,ensemble,9NFU_ensemble_seed049.pdb,168,171,1.272416,True,True,False
9NFU,ensemble,9NFU_ensemble_seed049.pdb,169,172,1.8931899,True,True,False
9NFU,ensemble,9NFU_ensemble_seed049.pdb,187,190,1.3157501,True,True,False
9NFU,ensemble,9NFU_ensemble_seed050.pdb,27,30,5.450627,False,False,False
9NFU,ensemble,9NFU_ensemble_seed050.pdb,31,34,1.6501952,True,True,False
9NFU,ensemble,9NFU_ensemble_seed050.pdb,32,35,1.4268631,True,True,False
9NFU,ensemble,9NFU_ensemble_seed050.pdb,52,55,1.1427294,True,True,False
9NFU,ensemble,9NFU_ensemble_seed050.pdb,98,101,0.98343325,True,True,False
9NFU,ensemble,9NFU_ensemble_seed050.pdb,100,103,2.507026,False,True,False
9NFU,ensemble,9NFU_ensemble_seed050.pdb,101,104,3.029027,False,False,False
9NFU,ensemble,9NFU_ensemble_seed050.pdb,102,105,3.8549907,False,False,False
9NFU,ensemble,9NFU_ensemble_seed050.pdb,103,106,6.288934,False,False,False
9NFU,ensemble,9NFU_ensemble_seed050.pdb,105,108,2.4005578,False,True,False
9NFU,ensemble,9NFU_ensemble_seed050.pdb,106,109,2.6502705,False,True,False
9NFU,ensemble,9NFU_ensemble_seed050.pdb,168,171,1.0044088,True,True,False
9NFU,ensemble,9NFU_ensemble_seed050.pdb,169,172,1.7860082,True,True,False
9NFU,ensemble,9NFU_ensemble_seed050.pdb,187,190,2.2768595,False,True,False
9NFU,ensemble,9NFU_ensemble_seed051.pdb,27,30,2.1648638,False,True,False
9NFU,ensemble,9NFU_ensemble_seed051.pdb,31,34,2.3758476,False,True,False
9NFU,ensemble,9NFU_ensemble_seed051.pdb,32,35,1.5899192,True,True,False
9NFU,ensemble,9NFU_ensemble_seed051.pdb,52,55,1.2479284,True,True,False
9NFU,ensemble,9NFU_ensemble_seed051.pdb,98,101,1.2340149,True,True,False
9NFU,ensemble,9NFU_ensemble_seed051.pdb,100,103,2.60962,False,True,False
9NFU,ensemble,9NFU_ensemble_seed051.pdb,101,104,2.8188865,False,True,False
9NFU,ensemble,9NFU_ensemble_seed051.pdb,102,105,7.0145574,False,False,False
9NFU,ensemble,9NFU_ensemble_seed051.pdb,103,106,6.3376236,False,False,False
9NFU,ensemble,9NFU_ensemble_seed051.pdb,105,108,4.4184213,False,False,False
9NFU,ensemble,9NFU_ensemble_seed051.pdb,106,109,3.1454155,False,False,False
9NFU,ensemble,9NFU_ensemble_seed051.pdb,168,171,1.3103635,True,True,False
9NFU,ensemble,9NFU_ensemble_seed051.pdb,169,172,1.1207886,True,True,False
9NFU,ensemble,9NFU_ensemble_seed051.pdb,187,190,2.2455626,False,True,False
9NFU,ensemble,9NFU_ensemble_seed052.pdb,27,30,1.7938796,True,True,False
9NFU,ensemble,9NFU_ensemble_seed052.pdb,31,34,1.5056458,True,True,False
9NFU,ensemble,9NFU_ensemble_seed052.pdb,32,35,1.4895093,True,True,False
9NFU,ensemble,9NFU_ensemble_seed052.pdb,52,55,0.61711067,True,True,False
9NFU,ensemble,9NFU_ensemble_seed052.pdb,98,101,0.89846534,True,True,False
9NFU,ensemble,9NFU_ensemble_seed052.pdb,100,103,1.6401958,True,True,False
9NFU,ensemble,9NFU_ensemble_seed052.pdb,101,104,1.6653507,True,True,False
9NFU,ensemble,9NFU_ensemble_seed052.pdb,102,105,8.514922,False,False,False
9NFU,ensemble,9NFU_ensemble_seed052.pdb,103,106,9.817114,False,False,False
9NFU,ensemble,9NFU_ensemble_seed052.pdb,105,108,2.9974387,False,True,False
9NFU,ensemble,9NFU_ensemble_seed052.pdb,106,109,3.664124,False,False,False
9NFU,ensemble,9NFU_ensemble_seed052.pdb,168,171,0.38609067,True,True,False
9NFU,ensemble,9NFU_ensemble_seed052.pdb,169,172,0.45761883,True,True,False
9NFU,ensemble,9NFU_ensemble_seed052.pdb,187,190,1.0747855,True,True,False
9NFU,ensemble,9NFU_ensemble_seed053.pdb,27,30,2.3169692,False,True,False
9NFU,ensemble,9NFU_ensemble_seed053.pdb,31,34,1.2040542,True,True,False
9NFU,ensemble,9NFU_ensemble_seed053.pdb,32,35,1.1164492,True,True,False
9NFU,ensemble,9NFU_ensemble_seed053.pdb,52,55,1.2453732,True,True,False
9NFU,ensemble,9NFU_ensemble_seed053.pdb,98,101,1.0679196,True,True,False
9NFU,ensemble,9NFU_ensemble_seed053.pdb,100,103,1.9631314,True,True,False
9NFU,ensemble,9NFU_ensemble_seed053.pdb,101,104,2.2686844,False,True,False
9NFU,ensemble,9NFU_ensemble_seed053.pdb,102,105,6.8143845,False,False,False
9NFU,ensemble,9NFU_ensemble_seed053.pdb,103,106,5.5023994,False,False,False
9NFU,ensemble,9NFU_ensemble_seed053.pdb,105,108,2.5560565,False,True,False
9NFU,ensemble,9NFU_ensemble_seed053.pdb,106,109,3.986208,False,False,False
9NFU,ensemble,9NFU_ensemble_seed053.pdb,168,171,0.5670675,True,True,False
9NFU,ensemble,9NFU_ensemble_seed053.pdb,169,172,0.62399215,True,True,False
9NFU,ensemble,9NFU_ensemble_seed053.pdb,187,190,2.5518727,False,True,False
9NFU,ensemble,9NFU_ensemble_seed054.pdb,27,30,2.5036197,False,True,False
9NFU,ensemble,9NFU_ensemble_seed054.pdb,31,34,1.6571659,True,True,False
9NFU,ensemble,9NFU_ensemble_seed054.pdb,32,35,1.2295314,True,True,False
9NFU,ensemble,9NFU_ensemble_seed054.pdb,52,55,1.1789979,True,True,False
9NFU,ensemble,9NFU_ensemble_seed054.pdb,98,101,1.2165074,True,True,False
9NFU,ensemble,9NFU_ensemble_seed054.pdb,100,103,3.4512644,False,False,False
9NFU,ensemble,9NFU_ensemble_seed054.pdb,101,104,5.0369596,False,False,False
9NFU,ensemble,9NFU_ensemble_seed054.pdb,102,105,6.917952,False,False,False
9NFU,ensemble,9NFU_ensemble_seed054.pdb,103,106,8.74,False,False,False
9NFU,ensemble,9NFU_ensemble_seed054.pdb,105,108,2.3020825,False,True,False
9NFU,ensemble,9NFU_ensemble_seed054.pdb,106,109,1.7320372,True,True,False
9NFU,ensemble,9NFU_ensemble_seed054.pdb,168,171,1.6560395,True,True,False
9NFU,ensemble,9NFU_ensemble_seed054.pdb,169,172,2.2013025,False,True,False
9NFU,ensemble,9NFU_ensemble_seed054.pdb,187,190,1.3768849,True,True,False
9NFU,ensemble,9NFU_ensemble_seed055.pdb,27,30,5.885901,False,False,False
9NFU,ensemble,9NFU_ensemble_seed055.pdb,31,34,1.6315273,True,True,False
9NFU,ensemble,9NFU_ensemble_seed055.pdb,32,35,1.3120695,True,True,False
9NFU,ensemble,9NFU_ensemble_seed055.pdb,52,55,1.3628577,True,True,False
9NFU,ensemble,9NFU_ensemble_seed055.pdb,98,101,0.87270147,True,True,False
9NFU,ensemble,9NFU_ensemble_seed055.pdb,100,103,1.5748516,True,True,False
9NFU,ensemble,9NFU_ensemble_seed055.pdb,101,104,2.6482022,False,True,False
9NFU,ensemble,9NFU_ensemble_seed055.pdb,102,105,6.814118,False,False,False
9NFU,ensemble,9NFU_ensemble_seed055.pdb,103,106,5.826233,False,False,False
9NFU,ensemble,9NFU_ensemble_seed055.pdb,105,108,4.7326117,False,False,False
9NFU,ensemble,9NFU_ensemble_seed055.pdb,106,109,3.9442554,False,False,False
9NFU,ensemble,9NFU_ensemble_seed055.pdb,168,171,1.9356936,True,True,False
9NFU,ensemble,9NFU_ensemble_seed055.pdb,169,172,2.2967205,False,True,False
9NFU,ensemble,9NFU_ensemble_seed055.pdb,187,190,2.2331553,False,True,False
9NFU,ensemble,9NFU_ensemble_seed056.pdb,27,30,5.410503,False,False,False
9NFU,ensemble,9NFU_ensemble_seed056.pdb,31,34,0.77533597,True,True,False
9NFU,ensemble,9NFU_ensemble_seed056.pdb,32,35,1.1799076,True,True,False
9NFU,ensemble,9NFU_ensemble_seed056.pdb,52,55,1.3139604,True,True,False
9NFU,ensemble,9NFU_ensemble_seed056.pdb,98,101,0.92928755,True,True,False
9NFU,ensemble,9NFU_ensemble_seed056.pdb,100,103,1.5967823,True,True,False
9NFU,ensemble,9NFU_ensemble_seed056.pdb,101,104,2.1402428,False,True,False
9NFU,ensemble,9NFU_ensemble_seed056.pdb,102,105,9.158499,False,False,False
9NFU,ensemble,9NFU_ensemble_seed056.pdb,103,106,9.213903,False,False,False
9NFU,ensemble,9NFU_ensemble_seed056.pdb,105,108,4.181143,False,False,False
9NFU,ensemble,9NFU_ensemble_seed056.pdb,106,109,2.910023,False,True,False
9NFU,ensemble,9NFU_ensemble_seed056.pdb,168,171,1.1632866,True,True,False
9NFU,ensemble,9NFU_ensemble_seed056.pdb,169,172,0.7255245,True,True,False
9NFU,ensemble,9NFU_ensemble_seed056.pdb,187,190,1.8310497,True,True,False
9NFU,ensemble,9NFU_ensemble_seed057.pdb,27,30,1.9562118,True,True,False
9NFU,ensemble,9NFU_ensemble_seed057.pdb,31,34,1.2349867,True,True,False
9NFU,ensemble,9NFU_ensemble_seed057.pdb,32,35,1.337078,True,True,False
9NFU,ensemble,9NFU_ensemble_seed057.pdb,52,55,0.77315915,True,True,False
9NFU,ensemble,9NFU_ensemble_seed057.pdb,98,101,1.0961622,True,True,False
9NFU,ensemble,9NFU_ensemble_seed057.pdb,100,103,2.4560997,False,True,False
9NFU,ensemble,9NFU_ensemble_seed057.pdb,101,104,2.2742872,False,True,False
9NFU,ensemble,9NFU_ensemble_seed057.pdb,102,105,8.363909,False,False,False
9NFU,ensemble,9NFU_ensemble_seed057.pdb,103,106,8.582187,False,False,False
9NFU,ensemble,9NFU_ensemble_seed057.pdb,105,108,2.6418886,False,True,False
9NFU,ensemble,9NFU_ensemble_seed057.pdb,106,109,3.245347,False,False,False
9NFU,ensemble,9NFU_ensemble_seed057.pdb,168,171,0.5624231,True,True,False
9NFU,ensemble,9NFU_ensemble_seed057.pdb,169,172,0.30113253,True,True,False
9NFU,ensemble,9NFU_ensemble_seed057.pdb,187,190,1.4877605,True,True,False
9NFU,ensemble,9NFU_ensemble_seed058.pdb,27,30,2.2088158,False,True,False
9NFU,ensemble,9NFU_ensemble_seed058.pdb,31,34,1.4845804,True,True,False
9NFU,ensemble,9NFU_ensemble_seed058.pdb,32,35,1.0678871,True,True,False
9NFU,ensemble,9NFU_ensemble_seed058.pdb,52,55,1.1302902,True,True,False
9NFU,ensemble,9NFU_ensemble_seed058.pdb,98,101,1.1962404,True,True,False
9NFU,ensemble,9NFU_ensemble_seed058.pdb,100,103,3.0744715,False,False,False
9NFU,ensemble,9NFU_ensemble_seed058.pdb,101,104,4.9565535,False,False,False
9NFU,ensemble,9NFU_ensemble_seed058.pdb,102,105,12.354338,False,False,False
9NFU,ensemble,9NFU_ensemble_seed058.pdb,103,106,11.710974,False,False,False
9NFU,ensemble,9NFU_ensemble_seed058.pdb,105,108,4.7314925,False,False,False
9NFU,ensemble,9NFU_ensemble_seed058.pdb,106,109,3.537145,False,False,False
9NFU,ensemble,9NFU_ensemble_seed058.pdb,168,171,3.2428303,False,False,False
9NFU,ensemble,9NFU_ensemble_seed058.pdb,169,172,2.4565234,False,True,False
9NFU,ensemble,9NFU_ensemble_seed058.pdb,187,190,1.6709011,True,True,False
9NFU,ensemble,9NFU_ensemble_seed059.pdb,27,30,5.059926,False,False,False
9NFU,ensemble,9NFU_ensemble_seed059.pdb,31,34,1.378493,True,True,False
9NFU,ensemble,9NFU_ensemble_seed059.pdb,32,35,1.0028303,True,True,False
9NFU,ensemble,9NFU_ensemble_seed059.pdb,52,55,1.0592079,True,True,False
9NFU,ensemble,9NFU_ensemble_seed059.pdb,98,101,0.7639454,True,True,False
9NFU,ensemble,9NFU_ensemble_seed059.pdb,100,103,1.2703128,True,True,False
9NFU,ensemble,9NFU_ensemble_seed059.pdb,101,104,2.5968416,False,True,False
9NFU,ensemble,9NFU_ensemble_seed059.pdb,102,105,10.070394,False,False,False
9NFU,ensemble,9NFU_ensemble_seed059.pdb,103,106,10.981588,False,False,False
9NFU,ensemble,9NFU_ensemble_seed059.pdb,105,108,2.4156938,False,True,False
9NFU,ensemble,9NFU_ensemble_seed059.pdb,106,109,3.7383661,False,False,False
9NFU,ensemble,9NFU_ensemble_seed059.pdb,168,171,0.6414263,True,True,False
9NFU,ensemble,9NFU_ensemble_seed059.pdb,169,172,0.39639,True,True,False
9NFU,ensemble,9NFU_ensemble_seed059.pdb,187,190,1.3938171,True,True,False
9NFU,ensemble,9NFU_ensemble_seed060.pdb,27,30,4.3024178,False,False,False
9NFU,ensemble,9NFU_ensemble_seed060.pdb,31,34,0.9564647,True,True,False
9NFU,ensemble,9NFU_ensemble_seed060.pdb,32,35,1.1587532,True,True,False
9NFU,ensemble,9NFU_ensemble_seed060.pdb,52,55,0.9334756,True,True,False
9NFU,ensemble,9NFU_ensemble_seed060.pdb,98,101,0.8124358,True,True,False
9NFU,ensemble,9NFU_ensemble_seed060.pdb,100,103,1.5078236,True,True,False
9NFU,ensemble,9NFU_ensemble_seed060.pdb,101,104,2.241793,False,True,False
9NFU,ensemble,9NFU_ensemble_seed060.pdb,102,105,6.989291,False,False,False
9NFU,ensemble,9NFU_ensemble_seed060.pdb,103,106,5.491059,False,False,False
9NFU,ensemble,9NFU_ensemble_seed060.pdb,105,108,2.667406,False,True,False
9NFU,ensemble,9NFU_ensemble_seed060.pdb,106,109,3.4062843,False,False,False
9NFU,ensemble,9NFU_ensemble_seed060.pdb,168,171,0.56221634,True,True,False
9NFU,ensemble,9NFU_ensemble_seed060.pdb,169,172,0.3949608,True,True,False
9NFU,ensemble,9NFU_ensemble_seed060.pdb,187,190,1.290351,True,True,False
9NFU,ensemble,9NFU_ensemble_seed061.pdb,27,30,14.7213545,False,False,False
9NFU,ensemble,9NFU_ensemble_seed061.pdb,31,34,19.122234,False,False,False
9NFU,ensemble,9NFU_ensemble_seed061.pdb,32,35,18.20734,False,False,False
9NFU,ensemble,9NFU_ensemble_seed061.pdb,52,55,18.338005,False,False,False
9NFU,ensemble,9NFU_ensemble_seed061.pdb,98,101,16.304678,False,False,False
9NFU,ensemble,9NFU_ensemble_seed061.pdb,100,103,21.914232,False,False,False
9NFU,ensemble,9NFU_ensemble_seed061.pdb,101,104,24.168245,False,False,False
9NFU,ensemble,9NFU_ensemble_seed061.pdb,102,105,24.88299,False,False,False
9NFU,ensemble,9NFU_ensemble_seed061.pdb,103,106,27.998447,False,False,False
9NFU,ensemble,9NFU_ensemble_seed061.pdb,105,108,30.172724,False,False,False
9NFU,ensemble,9NFU_ensemble_seed061.pdb,106,109,28.188929,False,False,False
9NFU,ensemble,9NFU_ensemble_seed061.pdb,168,171,12.282873,False,False,False
9NFU,ensemble,9NFU_ensemble_seed061.pdb,169,172,12.624345,False,False,False
9NFU,ensemble,9NFU_ensemble_seed061.pdb,187,190,15.1735325,False,False,False
9NFU,ensemble,9NFU_ensemble_seed062.pdb,27,30,5.535716,False,False,False
9NFU,ensemble,9NFU_ensemble_seed062.pdb,31,34,1.4056351,True,True,False
9NFU,ensemble,9NFU_ensemble_seed062.pdb,32,35,1.0726848,True,True,False
9NFU,ensemble,9NFU_ensemble_seed062.pdb,52,55,1.2477746,True,True,False
9NFU,ensemble,9NFU_ensemble_seed062.pdb,98,101,1.0546777,True,True,False
9NFU,ensemble,9NFU_ensemble_seed062.pdb,100,103,2.1962872,False,True,False
9NFU,ensemble,9NFU_ensemble_seed062.pdb,101,104,3.258826,False,False,False
9NFU,ensemble,9NFU_ensemble_seed062.pdb,102,105,10.666711,False,False,False
9NFU,ensemble,9NFU_ensemble_seed062.pdb,103,106,11.4312935,False,False,False
9NFU,ensemble,9NFU_ensemble_seed062.pdb,105,108,3.094038,False,False,False
9NFU,ensemble,9NFU_ensemble_seed062.pdb,106,109,3.2992563,False,False,False
9NFU,ensemble,9NFU_ensemble_seed062.pdb,168,171,1.047417,True,True,False
9NFU,ensemble,9NFU_ensemble_seed062.pdb,169,172,0.57773525,True,True,False
9NFU,ensemble,9NFU_ensemble_seed062.pdb,187,190,1.8812214,True,True,False
9NFU,ensemble,9NFU_ensemble_seed063.pdb,27,30,5.8472266,False,False,False
9NFU,ensemble,9NFU_ensemble_seed063.pdb,31,34,2.48435,False,True,False
9NFU,ensemble,9NFU_ensemble_seed063.pdb,32,35,1.2405205,True,True,False
9NFU,ensemble,9NFU_ensemble_seed063.pdb,52,55,1.3984363,True,True,False
9NFU,ensemble,9NFU_ensemble_seed063.pdb,98,101,1.260187,True,True,False
9NFU,ensemble,9NFU_ensemble_seed063.pdb,100,103,1.9632145,True,True,False
9NFU,ensemble,9NFU_ensemble_seed063.pdb,101,104,2.9061909,False,True,False
9NFU,ensemble,9NFU_ensemble_seed063.pdb,102,105,10.322779,False,False,False
9NFU,ensemble,9NFU_ensemble_seed063.pdb,103,106,9.902148,False,False,False
9NFU,ensemble,9NFU_ensemble_seed063.pdb,105,108,3.2281883,False,False,False
9NFU,ensemble,9NFU_ensemble_seed063.pdb,106,109,3.4633212,False,False,False
9NFU,ensemble,9NFU_ensemble_seed063.pdb,168,171,1.3347628,True,True,False
9NFU,ensemble,9NFU_ensemble_seed063.pdb,169,172,1.9722316,True,True,False
9NFU,ensemble,9NFU_ensemble_seed063.pdb,187,190,1.8641407,True,True,False
9NFU,ensemble,9NFU_ensemble_seed064.pdb,27,30,2.4298768,False,True,False
9NFU,ensemble,9NFU_ensemble_seed064.pdb,31,34,2.1776454,False,True,False
9NFU,ensemble,9NFU_ensemble_seed064.pdb,32,35,1.4556442,True,True,False
9NFU,ensemble,9NFU_ensemble_seed064.pdb,52,55,1.5434047,True,True,False
9NFU,ensemble,9NFU_ensemble_seed064.pdb,98,101,1.1519094,True,True,False
9NFU,ensemble,9NFU_ensemble_seed064.pdb,100,103,1.7124983,True,True,False
9NFU,ensemble,9NFU_ensemble_seed064.pdb,101,104,3.4702144,False,False,False
9NFU,ensemble,9NFU_ensemble_seed064.pdb,102,105,10.9854,False,False,False
9NFU,ensemble,9NFU_ensemble_seed064.pdb,103,106,10.568321,False,False,False
9NFU,ensemble,9NFU_ensemble_seed064.pdb,105,108,2.8142178,False,True,False
9NFU,ensemble,9NFU_ensemble_seed064.pdb,106,109,3.8177047,False,False,False
9NFU,ensemble,9NFU_ensemble_seed064.pdb,168,171,1.2530769,True,True,False
9NFU,ensemble,9NFU_ensemble_seed064.pdb,169,172,0.80273557,True,True,False
9NFU,ensemble,9NFU_ensemble_seed064.pdb,187,190,2.1339343,False,True,False
9NFU,ensemble,9NFU_ensemble_seed065.pdb,27,30,2.5595655,False,True,False
9NFU,ensemble,9NFU_ensemble_seed065.pdb,31,34,1.1638393,True,True,False
9NFU,ensemble,9NFU_ensemble_seed065.pdb,32,35,1.1280931,True,True,False
9NFU,ensemble,9NFU_ensemble_seed065.pdb,52,55,1.0208269,True,True,False
9NFU,ensemble,9NFU_ensemble_seed065.pdb,98,101,1.1741587,True,True,False
9NFU,ensemble,9NFU_ensemble_seed065.pdb,100,103,2.4177856,False,True,False
9NFU,ensemble,9NFU_ensemble_seed065.pdb,101,104,2.7045987,False,True,False
9NFU,ensemble,9NFU_ensemble_seed065.pdb,102,105,7.647278,False,False,False
9NFU,ensemble,9NFU_ensemble_seed065.pdb,103,106,7.691993,False,False,False
9NFU,ensemble,9NFU_ensemble_seed065.pdb,105,108,5.8311625,False,False,False
9NFU,ensemble,9NFU_ensemble_seed065.pdb,106,109,1.9347627,True,True,False
9NFU,ensemble,9NFU_ensemble_seed065.pdb,168,171,1.1234553,True,True,False
9NFU,ensemble,9NFU_ensemble_seed065.pdb,169,172,0.7259426,True,True,False
9NFU,ensemble,9NFU_ensemble_seed065.pdb,187,190,1.4396986,True,True,False
9NFU,ensemble,9NFU_ensemble_seed066.pdb,27,30,4.898038,False,False,False
9NFU,ensemble,9NFU_ensemble_seed066.pdb,31,34,2.350565,False,True,False
9NFU,ensemble,9NFU_ensemble_seed066.pdb,32,35,1.6753418,True,True,False
9NFU,ensemble,9NFU_ensemble_seed066.pdb,52,55,1.7555236,True,True,False
9NFU,ensemble,9NFU_ensemble_seed066.pdb,98,101,1.1814562,True,True,False
9NFU,ensemble,9NFU_ensemble_seed066.pdb,100,103,1.5592538,True,True,False
9NFU,ensemble,9NFU_ensemble_seed066.pdb,101,104,2.59528,False,True,False
9NFU,ensemble,9NFU_ensemble_seed066.pdb,102,105,10.080508,False,False,False
9NFU,ensemble,9NFU_ensemble_seed066.pdb,103,106,9.687053,False,False,False
9NFU,ensemble,9NFU_ensemble_seed066.pdb,105,108,2.8921843,False,True,False
9NFU,ensemble,9NFU_ensemble_seed066.pdb,106,109,4.924344,False,False,False
9NFU,ensemble,9NFU_ensemble_seed066.pdb,168,171,1.605585,True,True,False
9NFU,ensemble,9NFU_ensemble_seed066.pdb,169,172,1.1347713,True,True,False
9NFU,ensemble,9NFU_ensemble_seed066.pdb,187,190,2.2101684,False,True,False
9NFU,ensemble,9NFU_ensemble_seed067.pdb,27,30,3.0700543,False,False,False
9NFU,ensemble,9NFU_ensemble_seed067.pdb,31,34,1.5194441,True,True,False
9NFU,ensemble,9NFU_ensemble_seed067.pdb,32,35,1.5908241,True,True,False
9NFU,ensemble,9NFU_ensemble_seed067.pdb,52,55,0.91020614,True,True,False
9NFU,ensemble,9NFU_ensemble_seed067.pdb,98,101,1.1356103,True,True,False
9NFU,ensemble,9NFU_ensemble_seed067.pdb,100,103,2.0707903,False,True,False
9NFU,ensemble,9NFU_ensemble_seed067.pdb,101,104,2.783747,False,True,False
9NFU,ensemble,9NFU_ensemble_seed067.pdb,102,105,7.6645627,False,False,False
9NFU,ensemble,9NFU_ensemble_seed067.pdb,103,106,6.0639796,False,False,False
9NFU,ensemble,9NFU_ensemble_seed067.pdb,105,108,3.5153313,False,False,False
9NFU,ensemble,9NFU_ensemble_seed067.pdb,106,109,2.6178744,False,True,False
9NFU,ensemble,9NFU_ensemble_seed067.pdb,168,171,1.8199465,True,True,False
9NFU,ensemble,9NFU_ensemble_seed067.pdb,169,172,2.415261,False,True,False
9NFU,ensemble,9NFU_ensemble_seed067.pdb,187,190,1.4607004,True,True,False
9NFU,ensemble,9NFU_ensemble_seed068.pdb,27,30,4.747118,False,False,False
9NFU,ensemble,9NFU_ensemble_seed068.pdb,31,34,1.2638215,True,True,False
9NFU,ensemble,9NFU_ensemble_seed068.pdb,32,35,0.99068296,True,True,False
9NFU,ensemble,9NFU_ensemble_seed068.pdb,52,55,0.9636796,True,True,False
9NFU,ensemble,9NFU_ensemble_seed068.pdb,98,101,0.68477005,True,True,False
9NFU,ensemble,9NFU_ensemble_seed068.pdb,100,103,1.3428656,True,True,False
9NFU,ensemble,9NFU_ensemble_seed068.pdb,101,104,1.119149,True,True,False
9NFU,ensemble,9NFU_ensemble_seed068.pdb,102,105,7.633797,False,False,False
9NFU,ensemble,9NFU_ensemble_seed068.pdb,103,106,7.7761316,False,False,False
9NFU,ensemble,9NFU_ensemble_seed068.pdb,105,108,1.453579,True,True,False
9NFU,ensemble,9NFU_ensemble_seed068.pdb,106,109,4.932699,False,False,False
9NFU,ensemble,9NFU_ensemble_seed068.pdb,168,171,0.73426324,True,True,False
9NFU,ensemble,9NFU_ensemble_seed068.pdb,169,172,0.7659921,True,True,False
9NFU,ensemble,9NFU_ensemble_seed068.pdb,187,190,1.1281488,True,True,False
9NFU,ensemble,9NFU_ensemble_seed069.pdb,27,30,2.7284305,False,True,False
9NFU,ensemble,9NFU_ensemble_seed069.pdb,31,34,1.815143,True,True,False
9NFU,ensemble,9NFU_ensemble_seed069.pdb,32,35,1.312602,True,True,False
9NFU,ensemble,9NFU_ensemble_seed069.pdb,52,55,1.1776898,True,True,False
9NFU,ensemble,9NFU_ensemble_seed069.pdb,98,101,1.2188894,True,True,False
9NFU,ensemble,9NFU_ensemble_seed069.pdb,100,103,2.067161,False,True,False
9NFU,ensemble,9NFU_ensemble_seed069.pdb,101,104,3.823899,False,False,False
9NFU,ensemble,9NFU_ensemble_seed069.pdb,102,105,11.238173,False,False,False
9NFU,ensemble,9NFU_ensemble_seed069.pdb,103,106,10.686505,False,False,False
9NFU,ensemble,9NFU_ensemble_seed069.pdb,105,108,3.969402,False,False,False
9NFU,ensemble,9NFU_ensemble_seed069.pdb,106,109,3.3563976,False,False,False
9NFU,ensemble,9NFU_ensemble_seed069.pdb,168,171,0.67401034,True,True,False
9NFU,ensemble,9NFU_ensemble_seed069.pdb,169,172,0.7861323,True,True,False
9NFU,ensemble,9NFU_ensemble_seed069.pdb,187,190,2.1585433,False,True,False
9NFU,ensemble,9NFU_ensemble_seed070.pdb,27,30,2.9400694,False,True,False
9NFU,ensemble,9NFU_ensemble_seed070.pdb,31,34,1.5605775,True,True,False
9NFU,ensemble,9NFU_ensemble_seed070.pdb,32,35,1.4168866,True,True,False
9NFU,ensemble,9NFU_ensemble_seed070.pdb,52,55,1.2016042,True,True,False
9NFU,ensemble,9NFU_ensemble_seed070.pdb,98,101,1.2907097,True,True,False
9NFU,ensemble,9NFU_ensemble_seed070.pdb,100,103,3.1943123,False,False,False
9NFU,ensemble,9NFU_ensemble_seed070.pdb,101,104,4.2167497,False,False,False
9NFU,ensemble,9NFU_ensemble_seed070.pdb,102,105,5.009101,False,False,False
9NFU,ensemble,9NFU_ensemble_seed070.pdb,103,106,6.8695593,False,False,False
9NFU,ensemble,9NFU_ensemble_seed070.pdb,105,108,1.5499754,True,True,False
9NFU,ensemble,9NFU_ensemble_seed070.pdb,106,109,1.4652699,True,True,False
9NFU,ensemble,9NFU_ensemble_seed070.pdb,168,171,1.9232441,True,True,False
9NFU,ensemble,9NFU_ensemble_seed070.pdb,169,172,2.2980912,False,True,False
9NFU,ensemble,9NFU_ensemble_seed070.pdb,187,190,1.6664618,True,True,False
9NFU,ensemble,9NFU_ensemble_seed071.pdb,27,30,2.856961,False,True,False
9NFU,ensemble,9NFU_ensemble_seed071.pdb,31,34,1.7674652,True,True,False
9NFU,ensemble,9NFU_ensemble_seed071.pdb,32,35,1.5144607,True,True,False
9NFU,ensemble,9NFU_ensemble_seed071.pdb,52,55,1.028647,True,True,False
9NFU,ensemble,9NFU_ensemble_seed071.pdb,98,101,0.7531932,True,True,False
9NFU,ensemble,9NFU_ensemble_seed071.pdb,100,103,3.200063,False,False,False
9NFU,ensemble,9NFU_ensemble_seed071.pdb,101,104,4.6106644,False,False,False
9NFU,ensemble,9NFU_ensemble_seed071.pdb,102,105,5.7354846,False,False,False
9NFU,ensemble,9NFU_ensemble_seed071.pdb,103,106,6.9824896,False,False,False
9NFU,ensemble,9NFU_ensemble_seed071.pdb,105,108,3.5766783,False,False,False
9NFU,ensemble,9NFU_ensemble_seed071.pdb,106,109,3.4011862,False,False,False
9NFU,ensemble,9NFU_ensemble_seed071.pdb,168,171,0.9182932,True,True,False
9NFU,ensemble,9NFU_ensemble_seed071.pdb,169,172,0.49068972,True,True,False
9NFU,ensemble,9NFU_ensemble_seed071.pdb,187,190,1.3488554,True,True,False
9NFU,ensemble,9NFU_ensemble_seed072.pdb,27,30,5.25098,False,False,False
9NFU,ensemble,9NFU_ensemble_seed072.pdb,31,34,6.40171,False,False,False
9NFU,ensemble,9NFU_ensemble_seed072.pdb,32,35,5.4068475,False,False,False
9NFU,ensemble,9NFU_ensemble_seed072.pdb,52,55,5.1952972,False,False,False
9NFU,ensemble,9NFU_ensemble_seed072.pdb,98,101,4.4355083,False,False,False
9NFU,ensemble,9NFU_ensemble_seed072.pdb,100,103,6.823269,False,False,False
9NFU,ensemble,9NFU_ensemble_seed072.pdb,101,104,5.7754574,False,False,False
9NFU,ensemble,9NFU_ensemble_seed072.pdb,102,105,4.408616,False,False,False
9NFU,ensemble,9NFU_ensemble_seed072.pdb,103,106,6.0460124,False,False,False
9NFU,ensemble,9NFU_ensemble_seed072.pdb,105,108,4.8805904,False,False,False
9NFU,ensemble,9NFU_ensemble_seed072.pdb,106,109,3.7386978,False,False,False
9NFU,ensemble,9NFU_ensemble_seed072.pdb,168,171,1.9550418,True,True,False
9NFU,ensemble,9NFU_ensemble_seed072.pdb,169,172,1.8817073,True,True,False
9NFU,ensemble,9NFU_ensemble_seed072.pdb,187,190,4.527929,False,False,False
9NFU,ensemble,9NFU_ensemble_seed073.pdb,27,30,2.826846,False,True,False
9NFU,ensemble,9NFU_ensemble_seed073.pdb,31,34,2.364619,False,True,False
9NFU,ensemble,9NFU_ensemble_seed073.pdb,32,35,1.653424,True,True,False
9NFU,ensemble,9NFU_ensemble_seed073.pdb,52,55,1.3361893,True,True,False
9NFU,ensemble,9NFU_ensemble_seed073.pdb,98,101,1.2166495,True,True,False
9NFU,ensemble,9NFU_ensemble_seed073.pdb,100,103,2.779277,False,True,False
9NFU,ensemble,9NFU_ensemble_seed073.pdb,101,104,3.962715,False,False,False
9NFU,ensemble,9NFU_ensemble_seed073.pdb,102,105,5.341344,False,False,False
9NFU,ensemble,9NFU_ensemble_seed073.pdb,103,106,6.4246545,False,False,False
9NFU,ensemble,9NFU_ensemble_seed073.pdb,105,108,2.9586601,False,True,False
9NFU,ensemble,9NFU_ensemble_seed073.pdb,106,109,3.6815948,False,False,False
9NFU,ensemble,9NFU_ensemble_seed073.pdb,168,171,1.015989,True,True,False
9NFU,ensemble,9NFU_ensemble_seed073.pdb,169,172,0.57958025,True,True,False
9NFU,ensemble,9NFU_ensemble_seed073.pdb,187,190,2.0833445,False,True,False
9NFU,ensemble,9NFU_ensemble_seed074.pdb,27,30,1.9798434,True,True,False
9NFU,ensemble,9NFU_ensemble_seed074.pdb,31,34,1.3069378,True,True,False
9NFU,ensemble,9NFU_ensemble_seed074.pdb,32,35,1.2571372,True,True,False
9NFU,ensemble,9NFU_ensemble_seed074.pdb,52,55,0.8494834,True,True,False
9NFU,ensemble,9NFU_ensemble_seed074.pdb,98,101,1.2422744,True,True,False
9NFU,ensemble,9NFU_ensemble_seed074.pdb,100,103,3.2456465,False,False,False
9NFU,ensemble,9NFU_ensemble_seed074.pdb,101,104,3.9146185,False,False,False
9NFU,ensemble,9NFU_ensemble_seed074.pdb,102,105,4.7707057,False,False,False
9NFU,ensemble,9NFU_ensemble_seed074.pdb,103,106,6.1658936,False,False,False
9NFU,ensemble,9NFU_ensemble_seed074.pdb,105,108,3.7931209,False,False,False
9NFU,ensemble,9NFU_ensemble_seed074.pdb,106,109,3.6086073,False,False,False
9NFU,ensemble,9NFU_ensemble_seed074.pdb,168,171,0.5966461,True,True,False
9NFU,ensemble,9NFU_ensemble_seed074.pdb,169,172,1.1557319,True,True,False
9NFU,ensemble,9NFU_ensemble_seed074.pdb,187,190,1.6891267,True,True,False
9NFU,ensemble,9NFU_ensemble_seed075.pdb,27,30,6.16946,False,False,False
9NFU,ensemble,9NFU_ensemble_seed075.pdb,31,34,2.0692916,False,True,False
9NFU,ensemble,9NFU_ensemble_seed075.pdb,32,35,1.8653158,True,True,False
9NFU,ensemble,9NFU_ensemble_seed075.pdb,52,55,1.7151017,True,True,False
9NFU,ensemble,9NFU_ensemble_seed075.pdb,98,101,1.537165,True,True,False
9NFU,ensemble,9NFU_ensemble_seed075.pdb,100,103,3.2055917,False,False,False
9NFU,ensemble,9NFU_ensemble_seed075.pdb,101,104,2.6591315,False,True,False
9NFU,ensemble,9NFU_ensemble_seed075.pdb,102,105,2.2302089,False,True,False
9NFU,ensemble,9NFU_ensemble_seed075.pdb,103,106,4.721483,False,False,False
9NFU,ensemble,9NFU_ensemble_seed075.pdb,105,108,0.9195113,True,True,False
9NFU,ensemble,9NFU_ensemble_seed075.pdb,106,109,1.4451697,True,True,False
9NFU,ensemble,9NFU_ensemble_seed075.pdb,168,171,1.4332056,True,True,False
9NFU,ensemble,9NFU_ensemble_seed075.pdb,169,172,1.6485332,True,True,False
9NFU,ensemble,9NFU_ensemble_seed075.pdb,187,190,1.8688293,True,True,False
9NFU,ensemble,9NFU_ensemble_seed076.pdb,27,30,2.5111756,False,True,False
9NFU,ensemble,9NFU_ensemble_seed076.pdb,31,34,1.0919108,True,True,False
9NFU,ensemble,9NFU_ensemble_seed076.pdb,32,35,1.1345501,True,True,False
9NFU,ensemble,9NFU_ensemble_seed076.pdb,52,55,0.6739133,True,True,False
9NFU,ensemble,9NFU_ensemble_seed076.pdb,98,101,1.023717,True,True,False
9NFU,ensemble,9NFU_ensemble_seed076.pdb,100,103,1.985936,True,True,False
9NFU,ensemble,9NFU_ensemble_seed076.pdb,101,104,2.402246,False,True,False
9NFU,ensemble,9NFU_ensemble_seed076.pdb,102,105,8.536693,False,False,False
9NFU,ensemble,9NFU_ensemble_seed076.pdb,103,106,9.274178,False,False,False
9NFU,ensemble,9NFU_ensemble_seed076.pdb,105,108,3.2522058,False,False,False
9NFU,ensemble,9NFU_ensemble_seed076.pdb,106,109,3.5138419,False,False,False
9NFU,ensemble,9NFU_ensemble_seed076.pdb,168,171,1.7770693,True,True,False
9NFU,ensemble,9NFU_ensemble_seed076.pdb,169,172,2.5391138,False,True,False
9NFU,ensemble,9NFU_ensemble_seed076.pdb,187,190,1.1851172,True,True,False
9NFU,ensemble,9NFU_ensemble_seed077.pdb,27,30,2.686006,False,True,False
9NFU,ensemble,9NFU_ensemble_seed077.pdb,31,34,1.5517986,True,True,False
9NFU,ensemble,9NFU_ensemble_seed077.pdb,32,35,1.3635229,True,True,False
9NFU,ensemble,9NFU_ensemble_seed077.pdb,52,55,1.3156252,True,True,False
9NFU,ensemble,9NFU_ensemble_seed077.pdb,98,101,1.2848465,True,True,False
9NFU,ensemble,9NFU_ensemble_seed077.pdb,100,103,2.66517,False,True,False
9NFU,ensemble,9NFU_ensemble_seed077.pdb,101,104,3.0341728,False,False,False
9NFU,ensemble,9NFU_ensemble_seed077.pdb,102,105,7.6767664,False,False,False
9NFU,ensemble,9NFU_ensemble_seed077.pdb,103,106,7.7915144,False,False,False
9NFU,ensemble,9NFU_ensemble_seed077.pdb,105,108,2.6940231,False,True,False
9NFU,ensemble,9NFU_ensemble_seed077.pdb,106,109,1.9511983,True,True,False
9NFU,ensemble,9NFU_ensemble_seed077.pdb,168,171,1.6011221,True,True,False
9NFU,ensemble,9NFU_ensemble_seed077.pdb,169,172,2.37432,False,True,False
9NFU,ensemble,9NFU_ensemble_seed077.pdb,187,190,1.2765326,True,True,False
9NFU,ensemble,9NFU_ensemble_seed078.pdb,27,30,1.7130243,True,True,False
9NFU,ensemble,9NFU_ensemble_seed078.pdb,31,34,0.92823166,True,True,False
9NFU,ensemble,9NFU_ensemble_seed078.pdb,32,35,1.0239887,True,True,False
9NFU,ensemble,9NFU_ensemble_seed078.pdb,52,55,0.94505167,True,True,False
9NFU,ensemble,9NFU_ensemble_seed078.pdb,98,101,0.6941425,True,True,False
9NFU,ensemble,9NFU_ensemble_seed078.pdb,100,103,1.7430549,True,True,False
9NFU,ensemble,9NFU_ensemble_seed078.pdb,101,104,2.687266,False,True,False
9NFU,ensemble,9NFU_ensemble_seed078.pdb,102,105,9.691711,False,False,False
9NFU,ensemble,9NFU_ensemble_seed078.pdb,103,106,10.565973,False,False,False
9NFU,ensemble,9NFU_ensemble_seed078.pdb,105,108,3.4885736,False,False,False
9NFU,ensemble,9NFU_ensemble_seed078.pdb,106,109,3.3427935,False,False,False
9NFU,ensemble,9NFU_ensemble_seed078.pdb,168,171,3.9499137,False,False,False
9NFU,ensemble,9NFU_ensemble_seed078.pdb,169,172,2.992595,False,True,False
9NFU,ensemble,9NFU_ensemble_seed078.pdb,187,190,1.0594375,True,True,False
9NFU,ensemble,9NFU_ensemble_seed079.pdb,27,30,1.9718423,True,True,False
9NFU,ensemble,9NFU_ensemble_seed079.pdb,31,34,1.3259559,True,True,False
9NFU,ensemble,9NFU_ensemble_seed079.pdb,32,35,1.1703352,True,True,False
9NFU,ensemble,9NFU_ensemble_seed079.pdb,52,55,1.2458348,True,True,False
9NFU,ensemble,9NFU_ensemble_seed079.pdb,98,101,1.0512311,True,True,False
9NFU,ensemble,9NFU_ensemble_seed079.pdb,100,103,2.3491478,False,True,False
9NFU,ensemble,9NFU_ensemble_seed079.pdb,101,104,2.5245442,False,True,False
9NFU,ensemble,9NFU_ensemble_seed079.pdb,102,105,6.5454497,False,False,False
9NFU,ensemble,9NFU_ensemble_seed079.pdb,103,106,6.818414,False,False,False
9NFU,ensemble,9NFU_ensemble_seed079.pdb,105,108,5.473879,False,False,False
9NFU,ensemble,9NFU_ensemble_seed079.pdb,106,109,2.3462641,False,True,False
9NFU,ensemble,9NFU_ensemble_seed079.pdb,168,171,1.1072433,True,True,False
9NFU,ensemble,9NFU_ensemble_seed079.pdb,169,172,0.9229022,True,True,False
9NFU,ensemble,9NFU_ensemble_seed079.pdb,187,190,2.1074977,False,True,False
9NFU,ensemble,9NFU_ensemble_seed080.pdb,27,30,2.347234,False,True,False
9NFU,ensemble,9NFU_ensemble_seed080.pdb,31,34,1.2918937,True,True,False
9NFU,ensemble,9NFU_ensemble_seed080.pdb,32,35,0.91464573,True,True,False
9NFU,ensemble,9NFU_ensemble_seed080.pdb,52,55,1.1373329,True,True,False
9NFU,ensemble,9NFU_ensemble_seed080.pdb,98,101,0.86113477,True,True,False
9NFU,ensemble,9NFU_ensemble_seed080.pdb,100,103,2.007931,False,True,False
9NFU,ensemble,9NFU_ensemble_seed080.pdb,101,104,3.5841403,False,False,False
9NFU,ensemble,9NFU_ensemble_seed080.pdb,102,105,10.990159,False,False,False
9NFU,ensemble,9NFU_ensemble_seed080.pdb,103,106,10.28974,False,False,False
9NFU,ensemble,9NFU_ensemble_seed080.pdb,105,108,2.34065,False,True,False
9NFU,ensemble,9NFU_ensemble_seed080.pdb,106,109,3.4146554,False,False,False
9NFU,ensemble,9NFU_ensemble_seed080.pdb,168,171,0.8335513,True,True,False
9NFU,ensemble,9NFU_ensemble_seed080.pdb,169,172,0.5884122,True,True,False
9NFU,ensemble,9NFU_ensemble_seed080.pdb,187,190,1.2887833,True,True,False
9NFU,ensemble,9NFU_ensemble_seed081.pdb,27,30,2.1117382,False,True,False
9NFU,ensemble,9NFU_ensemble_seed081.pdb,31,34,1.878129,True,True,False
9NFU,ensemble,9NFU_ensemble_seed081.pdb,32,35,0.9338895,True,True,False
9NFU,ensemble,9NFU_ensemble_seed081.pdb,52,55,0.5746393,True,True,False
9NFU,ensemble,9NFU_ensemble_seed081.pdb,98,101,0.873128,True,True,False
9NFU,ensemble,9NFU_ensemble_seed081.pdb,100,103,3.250016,False,False,False
9NFU,ensemble,9NFU_ensemble_seed081.pdb,101,104,5.4185452,False,False,False
9NFU,ensemble,9NFU_ensemble_seed081.pdb,102,105,12.228688,False,False,False
9NFU,ensemble,9NFU_ensemble_seed081.pdb,103,106,10.529794,False,False,False
9NFU,ensemble,9NFU_ensemble_seed081.pdb,105,108,2.5772228,False,True,False
9NFU,ensemble,9NFU_ensemble_seed081.pdb,106,109,3.4527378,False,False,False
9NFU,ensemble,9NFU_ensemble_seed081.pdb,168,171,1.8475949,True,True,False
9NFU,ensemble,9NFU_ensemble_seed081.pdb,169,172,2.5372837,False,True,False
9NFU,ensemble,9NFU_ensemble_seed081.pdb,187,190,1.2181524,True,True,False
9NFU,ensemble,9NFU_ensemble_seed082.pdb,27,30,5.6270475,False,False,False
9NFU,ensemble,9NFU_ensemble_seed082.pdb,31,34,1.4446753,True,True,False
9NFU,ensemble,9NFU_ensemble_seed082.pdb,32,35,1.5945412,True,True,False
9NFU,ensemble,9NFU_ensemble_seed082.pdb,52,55,1.2069063,True,True,False
9NFU,ensemble,9NFU_ensemble_seed082.pdb,98,101,1.4042791,True,True,False
9NFU,ensemble,9NFU_ensemble_seed082.pdb,100,103,2.8098712,False,True,False
9NFU,ensemble,9NFU_ensemble_seed082.pdb,101,104,3.325281,False,False,False
9NFU,ensemble,9NFU_ensemble_seed082.pdb,102,105,7.428697,False,False,False
9NFU,ensemble,9NFU_ensemble_seed082.pdb,103,106,8.044297,False,False,False
9NFU,ensemble,9NFU_ensemble_seed082.pdb,105,108,1.9485443,True,True,False
9NFU,ensemble,9NFU_ensemble_seed082.pdb,106,109,1.4856199,True,True,False
9NFU,ensemble,9NFU_ensemble_seed082.pdb,168,171,1.6331367,True,True,False
9NFU,ensemble,9NFU_ensemble_seed082.pdb,169,172,2.0508862,False,True,False
9NFU,ensemble,9NFU_ensemble_seed082.pdb,187,190,1.7963667,True,True,False
9NFU,ensemble,9NFU_ensemble_seed083.pdb,27,30,2.5709932,False,True,False
9NFU,ensemble,9NFU_ensemble_seed083.pdb,31,34,1.6603119,True,True,False
9NFU,ensemble,9NFU_ensemble_seed083.pdb,32,35,1.0148259,True,True,False
9NFU,ensemble,9NFU_ensemble_seed083.pdb,52,55,0.7598132,True,True,False
9NFU,ensemble,9NFU_ensemble_seed083.pdb,98,101,0.7934995,True,True,False
9NFU,ensemble,9NFU_ensemble_seed083.pdb,100,103,3.4724174,False,False,False
9NFU,ensemble,9NFU_ensemble_seed083.pdb,101,104,5.4417715,False,False,False
9NFU,ensemble,9NFU_ensemble_seed083.pdb,102,105,12.302784,False,False,False
9NFU,ensemble,9NFU_ensemble_seed083.pdb,103,106,10.946434,False,False,False
9NFU,ensemble,9NFU_ensemble_seed083.pdb,105,108,3.4201212,False,False,False
9NFU,ensemble,9NFU_ensemble_seed083.pdb,106,109,3.6857655,False,False,False
9NFU,ensemble,9NFU_ensemble_seed083.pdb,168,171,1.7832677,True,True,False
9NFU,ensemble,9NFU_ensemble_seed083.pdb,169,172,2.291055,False,True,False
9NFU,ensemble,9NFU_ensemble_seed083.pdb,187,190,1.1370138,True,True,False
9NFU,ensemble,9NFU_ensemble_seed084.pdb,27,30,11.036339,False,False,False
9NFU,ensemble,9NFU_ensemble_seed084.pdb,31,34,17.53354,False,False,False
9NFU,ensemble,9NFU_ensemble_seed084.pdb,32,35,16.230072,False,False,False
9NFU,ensemble,9NFU_ensemble_seed084.pdb,52,55,17.245892,False,False,False
9NFU,ensemble,9NFU_ensemble_seed084.pdb,98,101,13.883689,False,False,False
9NFU,ensemble,9NFU_ensemble_seed084.pdb,100,103,18.983412,False,False,False
9NFU,ensemble,9NFU_ensemble_seed084.pdb,101,104,21.251226,False,False,False
9NFU,ensemble,9NFU_ensemble_seed084.pdb,102,105,21.9348,False,False,False
9NFU,ensemble,9NFU_ensemble_seed084.pdb,103,106,24.595074,False,False,False
9NFU,ensemble,9NFU_ensemble_seed084.pdb,105,108,25.689888,False,False,False
9NFU,ensemble,9NFU_ensemble_seed084.pdb,106,109,23.468744,False,False,False
9NFU,ensemble,9NFU_ensemble_seed084.pdb,168,171,7.939954,False,False,False
9NFU,ensemble,9NFU_ensemble_seed084.pdb,169,172,10.233247,False,False,False
9NFU,ensemble,9NFU_ensemble_seed084.pdb,187,190,14.044332,False,False,False
9NFU,ensemble,9NFU_ensemble_seed085.pdb,27,30,2.4382634,False,True,False
9NFU,ensemble,9NFU_ensemble_seed085.pdb,31,34,1.5605733,True,True,False
9NFU,ensemble,9NFU_ensemble_seed085.pdb,32,35,1.2003775,True,True,False
9NFU,ensemble,9NFU_ensemble_seed085.pdb,52,55,0.9486921,True,True,False
9NFU,ensemble,9NFU_ensemble_seed085.pdb,98,101,1.0461377,True,True,False
9NFU,ensemble,9NFU_ensemble_seed085.pdb,100,103,2.2479877,False,True,False
9NFU,ensemble,9NFU_ensemble_seed085.pdb,101,104,1.9684188,True,True,False
9NFU,ensemble,9NFU_ensemble_seed085.pdb,102,105,8.329762,False,False,False
9NFU,ensemble,9NFU_ensemble_seed085.pdb,103,106,9.883348,False,False,False
9NFU,ensemble,9NFU_ensemble_seed085.pdb,105,108,6.035782,False,False,False
9NFU,ensemble,9NFU_ensemble_seed085.pdb,106,109,2.675843,False,True,False
9NFU,ensemble,9NFU_ensemble_seed085.pdb,168,171,0.9912876,True,True,False
9NFU,ensemble,9NFU_ensemble_seed085.pdb,169,172,0.6572981,True,True,False
9NFU,ensemble,9NFU_ensemble_seed085.pdb,187,190,0.970809,True,True,False
9NFU,ensemble,9NFU_ensemble_seed086.pdb,27,30,2.8037884,False,True,False
9NFU,ensemble,9NFU_ensemble_seed086.pdb,31,34,1.4951022,True,True,False
9NFU,ensemble,9NFU_ensemble_seed086.pdb,32,35,1.5287954,True,True,False
9NFU,ensemble,9NFU_ensemble_seed086.pdb,52,55,0.96306235,True,True,False
9NFU,ensemble,9NFU_ensemble_seed086.pdb,98,101,1.4379841,True,True,False
9NFU,ensemble,9NFU_ensemble_seed086.pdb,100,103,3.397399,False,False,False
9NFU,ensemble,9NFU_ensemble_seed086.pdb,101,104,3.9746194,False,False,False
9NFU,ensemble,9NFU_ensemble_seed086.pdb,102,105,5.160398,False,False,False
9NFU,ensemble,9NFU_ensemble_seed086.pdb,103,106,7.231473,False,False,False
9NFU,ensemble,9NFU_ensemble_seed086.pdb,105,108,2.5008922,False,True,False
9NFU,ensemble,9NFU_ensemble_seed086.pdb,106,109,3.19602,False,False,False
9NFU,ensemble,9NFU_ensemble_seed086.pdb,168,171,0.44453743,True,True,False
9NFU,ensemble,9NFU_ensemble_seed086.pdb,169,172,0.29739252,True,True,False
9NFU,ensemble,9NFU_ensemble_seed086.pdb,187,190,1.7063134,True,True,False
9NFU,ensemble,9NFU_ensemble_seed087.pdb,27,30,2.17339,False,True,False
9NFU,ensemble,9NFU_ensemble_seed087.pdb,31,34,2.0503874,False,True,False
9NFU,ensemble,9NFU_ensemble_seed087.pdb,32,35,1.111655,True,True,False
9NFU,ensemble,9NFU_ensemble_seed087.pdb,52,55,0.72382027,True,True,False
9NFU,ensemble,9NFU_ensemble_seed087.pdb,98,101,1.1557455,True,True,False
9NFU,ensemble,9NFU_ensemble_seed087.pdb,100,103,2.2335474,False,True,False
9NFU,ensemble,9NFU_ensemble_seed087.pdb,101,104,3.305795,False,False,False
9NFU,ensemble,9NFU_ensemble_seed087.pdb,102,105,10.834494,False,False,False
9NFU,ensemble,9NFU_ensemble_seed087.pdb,103,106,10.281974,False,False,False
9NFU,ensemble,9NFU_ensemble_seed087.pdb,105,108,2.145737,False,True,False
9NFU,ensemble,9NFU_ensemble_seed087.pdb,106,109,2.34647,False,True,False
9NFU,ensemble,9NFU_ensemble_seed087.pdb,168,171,0.8596513,True,True,False
9NFU,ensemble,9NFU_ensemble_seed087.pdb,169,172,0.5278866,True,True,False
9NFU,ensemble,9NFU_ensemble_seed087.pdb,187,190,1.4565219,True,True,False
9NFU,ensemble,9NFU_ensemble_seed088.pdb,27,30,2.3744974,False,True,False
9NFU,ensemble,9NFU_ensemble_seed088.pdb,31,34,2.094501,False,True,False
9NFU,ensemble,9NFU_ensemble_seed088.pdb,32,35,1.5736758,True,True,False
9NFU,ensemble,9NFU_ensemble_seed088.pdb,52,55,1.0963846,True,True,False
9NFU,ensemble,9NFU_ensemble_seed088.pdb,98,101,1.2322844,True,True,False
9NFU,ensemble,9NFU_ensemble_seed088.pdb,100,103,2.8622653,False,True,False
9NFU,ensemble,9NFU_ensemble_seed088.pdb,101,104,2.503066,False,True,False
9NFU,ensemble,9NFU_ensemble_seed088.pdb,102,105,2.5615,False,True,False
9NFU,ensemble,9NFU_ensemble_seed088.pdb,103,106,4.558151,False,False,False
9NFU,ensemble,9NFU_ensemble_seed088.pdb,105,108,1.9290999,True,True,False
9NFU,ensemble,9NFU_ensemble_seed088.pdb,106,109,1.3686583,True,True,False
9NFU,ensemble,9NFU_ensemble_seed088.pdb,168,171,3.5617335,False,False,False
9NFU,ensemble,9NFU_ensemble_seed088.pdb,169,172,2.274074,False,True,False
9NFU,ensemble,9NFU_ensemble_seed088.pdb,187,190,1.7025245,True,True,False
9NFU,ensemble,9NFU_ensemble_seed089.pdb,27,30,5.4620376,False,False,False
9NFU,ensemble,9NFU_ensemble_seed089.pdb,31,34,1.6639624,True,True,False
9NFU,ensemble,9NFU_ensemble_seed089.pdb,32,35,1.256162,True,True,False
9NFU,ensemble,9NFU_ensemble_seed089.pdb,52,55,1.4998711,True,True,False
9NFU,ensemble,9NFU_ensemble_seed089.pdb,98,101,0.9753247,True,True,False
9NFU,ensemble,9NFU_ensemble_seed089.pdb,100,103,1.451791,True,True,False
9NFU,ensemble,9NFU_ensemble_seed089.pdb,101,104,2.6490057,False,True,False
9NFU,ensemble,9NFU_ensemble_seed089.pdb,102,105,9.542461,False,False,False
9NFU,ensemble,9NFU_ensemble_seed089.pdb,103,106,9.814667,False,False,False
9NFU,ensemble,9NFU_ensemble_seed089.pdb,105,108,3.6493292,False,False,False
9NFU,ensemble,9NFU_ensemble_seed089.pdb,106,109,4.291848,False,False,False
9NFU,ensemble,9NFU_ensemble_seed089.pdb,168,171,1.2944238,True,True,False
9NFU,ensemble,9NFU_ensemble_seed089.pdb,169,172,1.0244489,True,True,False
9NFU,ensemble,9NFU_ensemble_seed089.pdb,187,190,1.9696862,True,True,False
9NFU,ensemble,9NFU_ensemble_seed090.pdb,27,30,5.68637,False,False,False
9NFU,ensemble,9NFU_ensemble_seed090.pdb,31,34,1.8254156,True,True,False
9NFU,ensemble,9NFU_ensemble_seed090.pdb,32,35,1.7582827,True,True,False
9NFU,ensemble,9NFU_ensemble_seed090.pdb,52,55,1.5093943,True,True,False
9NFU,ensemble,9NFU_ensemble_seed090.pdb,98,101,1.4143847,True,True,False
9NFU,ensemble,9NFU_ensemble_seed090.pdb,100,103,3.3419275,False,False,False
9NFU,ensemble,9NFU_ensemble_seed090.pdb,101,104,2.397167,False,True,False
9NFU,ensemble,9NFU_ensemble_seed090.pdb,102,105,1.4773445,True,True,False
9NFU,ensemble,9NFU_ensemble_seed090.pdb,103,106,4.1116695,False,False,False
9NFU,ensemble,9NFU_ensemble_seed090.pdb,105,108,1.0209819,True,True,False
9NFU,ensemble,9NFU_ensemble_seed090.pdb,106,109,1.6911625,True,True,False
9NFU,ensemble,9NFU_ensemble_seed090.pdb,168,171,1.6687533,True,True,False
9NFU,ensemble,9NFU_ensemble_seed090.pdb,169,172,1.9591227,True,True,False
9NFU,ensemble,9NFU_ensemble_seed090.pdb,187,190,2.5907319,False,True,False
9NFU,ensemble,9NFU_ensemble_seed091.pdb,27,30,2.0885978,False,True,False
9NFU,ensemble,9NFU_ensemble_seed091.pdb,31,34,1.2040353,True,True,False
9NFU,ensemble,9NFU_ensemble_seed091.pdb,32,35,0.97114396,True,True,False
9NFU,ensemble,9NFU_ensemble_seed091.pdb,52,55,1.0460107,True,True,False
9NFU,ensemble,9NFU_ensemble_seed091.pdb,98,101,0.7910266,True,True,False
9NFU,ensemble,9NFU_ensemble_seed091.pdb,100,103,1.482133,True,True,False
9NFU,ensemble,9NFU_ensemble_seed091.pdb,101,104,2.0097725,False,True,False
9NFU,ensemble,9NFU_ensemble_seed091.pdb,102,105,8.823193,False,False,False
9NFU,ensemble,9NFU_ensemble_seed091.pdb,103,106,8.603245,False,False,False
9NFU,ensemble,9NFU_ensemble_seed091.pdb,105,108,3.4158287,False,False,False
9NFU,ensemble,9NFU_ensemble_seed091.pdb,106,109,4.957827,False,False,False
9NFU,ensemble,9NFU_ensemble_seed091.pdb,168,171,1.5932298,True,True,False
9NFU,ensemble,9NFU_ensemble_seed091.pdb,169,172,2.1356573,False,True,False
9NFU,ensemble,9NFU_ensemble_seed091.pdb,187,190,1.7861058,True,True,False
9NFU,ensemble,9NFU_ensemble_seed092.pdb,27,30,2.4209552,False,True,False
9NFU,ensemble,9NFU_ensemble_seed092.pdb,31,34,1.1452668,True,True,False
9NFU,ensemble,9NFU_ensemble_seed092.pdb,32,35,1.2630646,True,True,False
9NFU,ensemble,9NFU_ensemble_seed092.pdb,52,55,0.89970684,True,True,False
9NFU,ensemble,9NFU_ensemble_seed092.pdb,98,101,1.1399863,True,True,False
9NFU,ensemble,9NFU_ensemble_seed092.pdb,100,103,2.417849,False,True,False
9NFU,ensemble,9NFU_ensemble_seed092.pdb,101,104,2.980107,False,True,False
9NFU,ensemble,9NFU_ensemble_seed092.pdb,102,105,7.0356607,False,False,False
9NFU,ensemble,9NFU_ensemble_seed092.pdb,103,106,5.848771,False,False,False
9NFU,ensemble,9NFU_ensemble_seed092.pdb,105,108,3.7326932,False,False,False
9NFU,ensemble,9NFU_ensemble_seed092.pdb,106,109,2.5859818,False,True,False
9NFU,ensemble,9NFU_ensemble_seed092.pdb,168,171,0.5673829,True,True,False
9NFU,ensemble,9NFU_ensemble_seed092.pdb,169,172,0.51286954,True,True,False
9NFU,ensemble,9NFU_ensemble_seed092.pdb,187,190,1.3907167,True,True,False
9NFU,ensemble,9NFU_ensemble_seed093.pdb,27,30,2.3259232,False,True,False
9NFU,ensemble,9NFU_ensemble_seed093.pdb,31,34,1.2387631,True,True,False
9NFU,ensemble,9NFU_ensemble_seed093.pdb,32,35,1.2732487,True,True,False
9NFU,ensemble,9NFU_ensemble_seed093.pdb,52,55,0.99535525,True,True,False
9NFU,ensemble,9NFU_ensemble_seed093.pdb,98,101,1.1678331,True,True,False
9NFU,ensemble,9NFU_ensemble_seed093.pdb,100,103,2.5708594,False,True,False
9NFU,ensemble,9NFU_ensemble_seed093.pdb,101,104,2.0615463,False,True,False
9NFU,ensemble,9NFU_ensemble_seed093.pdb,102,105,8.015213,False,False,False
9NFU,ensemble,9NFU_ensemble_seed093.pdb,103,106,8.174899,False,False,False
9NFU,ensemble,9NFU_ensemble_seed093.pdb,105,108,2.1867445,False,True,False
9NFU,ensemble,9NFU_ensemble_seed093.pdb,106,109,4.0004206,False,False,False
9NFU,ensemble,9NFU_ensemble_seed093.pdb,168,171,0.62213326,True,True,False
9NFU,ensemble,9NFU_ensemble_seed093.pdb,169,172,0.58707905,True,True,False
9NFU,ensemble,9NFU_ensemble_seed093.pdb,187,190,1.3542776,True,True,False
9NFU,ensemble,9NFU_ensemble_seed094.pdb,27,30,5.7730384,False,False,False
9NFU,ensemble,9NFU_ensemble_seed094.pdb,31,34,2.8244796,False,True,False
9NFU,ensemble,9NFU_ensemble_seed094.pdb,32,35,1.6335855,True,True,False
9NFU,ensemble,9NFU_ensemble_seed094.pdb,52,55,1.5902206,True,True,False
9NFU,ensemble,9NFU_ensemble_seed094.pdb,98,101,1.128902,True,True,False
9NFU,ensemble,9NFU_ensemble_seed094.pdb,100,103,2.5177643,False,True,False
9NFU,ensemble,9NFU_ensemble_seed094.pdb,101,104,3.7033558,False,False,False
9NFU,ensemble,9NFU_ensemble_seed094.pdb,102,105,5.127901,False,False,False
9NFU,ensemble,9NFU_ensemble_seed094.pdb,103,106,6.311422,False,False,False
9NFU,ensemble,9NFU_ensemble_seed094.pdb,105,108,2.717679,False,True,False
9NFU,ensemble,9NFU_ensemble_seed094.pdb,106,109,3.791683,False,False,False
9NFU,ensemble,9NFU_ensemble_seed094.pdb,168,171,1.2885591,True,True,False
9NFU,ensemble,9NFU_ensemble_seed094.pdb,169,172,0.92591566,True,True,False
9NFU,ensemble,9NFU_ensemble_seed094.pdb,187,190,1.912669,True,True,False
9NFU,ensemble,9NFU_ensemble_seed095.pdb,27,30,2.1989062,False,True,False
9NFU,ensemble,9NFU_ensemble_seed095.pdb,31,34,0.9280981,True,True,False
9NFU,ensemble,9NFU_ensemble_seed095.pdb,32,35,1.1584983,True,True,False
9NFU,ensemble,9NFU_ensemble_seed095.pdb,52,55,0.9758571,True,True,False
9NFU,ensemble,9NFU_ensemble_seed095.pdb,98,101,1.135498,True,True,False
9NFU,ensemble,9NFU_ensemble_seed095.pdb,100,103,2.4647706,False,True,False
9NFU,ensemble,9NFU_ensemble_seed095.pdb,101,104,2.580338,False,True,False
9NFU,ensemble,9NFU_ensemble_seed095.pdb,102,105,6.9644156,False,False,False
9NFU,ensemble,9NFU_ensemble_seed095.pdb,103,106,6.631754,False,False,False
9NFU,ensemble,9NFU_ensemble_seed095.pdb,105,108,3.5334036,False,False,False
9NFU,ensemble,9NFU_ensemble_seed095.pdb,106,109,2.2081158,False,True,False
9NFU,ensemble,9NFU_ensemble_seed095.pdb,168,171,1.0247023,True,True,False
9NFU,ensemble,9NFU_ensemble_seed095.pdb,169,172,0.6216064,True,True,False
9NFU,ensemble,9NFU_ensemble_seed095.pdb,187,190,1.5109093,True,True,False
9NFU,ensemble,9NFU_ensemble_seed096.pdb,27,30,2.0558584,False,True,False
9NFU,ensemble,9NFU_ensemble_seed096.pdb,31,34,1.1162375,True,True,False
9NFU,ensemble,9NFU_ensemble_seed096.pdb,32,35,1.2315623,True,True,False
9NFU,ensemble,9NFU_ensemble_seed096.pdb,52,55,0.98682296,True,True,False
9NFU,ensemble,9NFU_ensemble_seed096.pdb,98,101,0.942513,True,True,False
9NFU,ensemble,9NFU_ensemble_seed096.pdb,100,103,2.1282408,False,True,False
9NFU,ensemble,9NFU_ensemble_seed096.pdb,101,104,0.80091107,True,True,False
9NFU,ensemble,9NFU_ensemble_seed096.pdb,102,105,0.67748135,True,True,False
9NFU,ensemble,9NFU_ensemble_seed096.pdb,103,106,2.1791365,False,True,False
9NFU,ensemble,9NFU_ensemble_seed096.pdb,105,108,1.9802557,True,True,False
9NFU,ensemble,9NFU_ensemble_seed096.pdb,106,109,5.3907046,False,False,False
9NFU,ensemble,9NFU_ensemble_seed096.pdb,168,171,0.3860918,True,True,False
9NFU,ensemble,9NFU_ensemble_seed096.pdb,169,172,0.20811401,True,True,False
9NFU,ensemble,9NFU_ensemble_seed096.pdb,187,190,1.3932887,True,True,False
9NFU,ensemble,9NFU_ensemble_seed097.pdb,27,30,2.5197642,False,True,False
9NFU,ensemble,9NFU_ensemble_seed097.pdb,31,34,1.8633845,True,True,False
9NFU,ensemble,9NFU_ensemble_seed097.pdb,32,35,1.4244553,True,True,False
9NFU,ensemble,9NFU_ensemble_seed097.pdb,52,55,1.4000019,True,True,False
9NFU,ensemble,9NFU_ensemble_seed097.pdb,98,101,1.3737365,True,True,False
9NFU,ensemble,9NFU_ensemble_seed097.pdb,100,103,2.5563853,False,True,False
9NFU,ensemble,9NFU_ensemble_seed097.pdb,101,104,3.6516018,False,False,False
9NFU,ensemble,9NFU_ensemble_seed097.pdb,102,105,5.093635,False,False,False
9NFU,ensemble,9NFU_ensemble_seed097.pdb,103,106,6.4797096,False,False,False
9NFU,ensemble,9NFU_ensemble_seed097.pdb,105,108,2.33439,False,True,False
9NFU,ensemble,9NFU_ensemble_seed097.pdb,106,109,3.1582193,False,False,False
9NFU,ensemble,9NFU_ensemble_seed097.pdb,168,171,1.0594301,True,True,False
9NFU,ensemble,9NFU_ensemble_seed097.pdb,169,172,0.7200935,True,True,False
9NFU,ensemble,9NFU_ensemble_seed097.pdb,187,190,1.6815015,True,True,False
9NFU,ensemble,9NFU_ensemble_seed098.pdb,27,30,2.6024742,False,True,False
9NFU,ensemble,9NFU_ensemble_seed098.pdb,31,34,1.4435217,True,True,False
9NFU,ensemble,9NFU_ensemble_seed098.pdb,32,35,1.3396734,True,True,False
9NFU,ensemble,9NFU_ensemble_seed098.pdb,52,55,1.0839388,True,True,False
9NFU,ensemble,9NFU_ensemble_seed098.pdb,98,101,1.177684,True,True,False
9NFU,ensemble,9NFU_ensemble_seed098.pdb,100,103,2.212775,False,True,False
9NFU,ensemble,9NFU_ensemble_seed098.pdb,101,104,3.646315,False,False,False
9NFU,ensemble,9NFU_ensemble_seed098.pdb,102,105,10.897177,False,False,False
9NFU,ensemble,9NFU_ensemble_seed098.pdb,103,106,10.179822,False,False,False
9NFU,ensemble,9NFU_ensemble_seed098.pdb,105,108,1.8351152,True,True,False
9NFU,ensemble,9NFU_ensemble_seed098.pdb,106,109,2.505544,False,True,False
9NFU,ensemble,9NFU_ensemble_seed098.pdb,168,171,1.717883,True,True,False
9NFU,ensemble,9NFU_ensemble_seed098.pdb,169,172,2.2141278,False,True,False
9NFU,ensemble,9NFU_ensemble_seed098.pdb,187,190,2.5914075,False,True,False
9NFU,ensemble,9NFU_ensemble_seed099.pdb,27,30,5.5542464,False,False,False
9NFU,ensemble,9NFU_ensemble_seed099.pdb,31,34,0.7277038,True,True,False
9NFU,ensemble,9NFU_ensemble_seed099.pdb,32,35,1.0370592,True,True,False
9NFU,ensemble,9NFU_ensemble_seed099.pdb,52,55,0.8861657,True,True,False
9NFU,ensemble,9NFU_ensemble_seed099.pdb,98,101,0.66211313,True,True,False
9NFU,ensemble,9NFU_ensemble_seed099.pdb,100,103,1.6421847,True,True,False
9NFU,ensemble,9NFU_ensemble_seed099.pdb,101,104,2.9176738,False,True,False
9NFU,ensemble,9NFU_ensemble_seed099.pdb,102,105,10.104551,False,False,False
9NFU,ensemble,9NFU_ensemble_seed099.pdb,103,106,9.538777,False,False,False
9NFU,ensemble,9NFU_ensemble_seed099.pdb,105,108,2.7721007,False,True,False
9NFU,ensemble,9NFU_ensemble_seed099.pdb,106,109,4.5681744,False,False,False
9NFU,ensemble,9NFU_ensemble_seed099.pdb,168,171,0.57622516,True,True,False
9NFU,ensemble,9NFU_ensemble_seed099.pdb,169,172,0.46085337,True,True,False
9NFU,ensemble,9NFU_ensemble_seed099.pdb,187,190,1.1554617,True,True,False
9NH7,baseline,9NH7_baseline_001.pdb,27,26,4.295777,False,False,False
9NH7,baseline,9NH7_baseline_001.pdb,28,27,4.674165,False,False,False
9NH7,baseline,9NH7_baseline_001.pdb,30,29,4.0141525,False,False,False
9NH7,baseline,9NH7_baseline_001.pdb,31,30,1.8373212,True,True,False
9NH7,baseline,9NH7_baseline_001.pdb,99,98,1.3601314,True,True,False
9NH7,baseline,9NH7_baseline_001.pdb,100,99,1.6527336,True,True,False
9NH7,baseline,9NH7_baseline_001.pdb,101,100,1.470542,True,True,False
9NH7,baseline,9NH7_baseline_001.pdb,102,101,0.32897842,True,True,False
9NH7,baseline,9NH7_baseline_001.pdb,103,102,0.98416394,True,True,False
9NH7,baseline,9NH7_baseline_001.pdb,105,104,0.98695755,True,True,False
9NH7,baseline,9NH7_baseline_001.pdb,106,105,2.0251343,False,True,False
9NH7,baseline,9NH7_baseline_001.pdb,107,106,1.7488204,True,True,False
9NH7,baseline,9NH7_baseline_001.pdb,108,107,1.304948,True,True,False
9NH7,baseline,9NH7_baseline_001.pdb,109,108,1.5471854,True,True,False
9NH7,baseline,9NH7_baseline_001.pdb,110,109,2.1927803,False,True,False
9NH7,baseline,9NH7_baseline_002.pdb,27,26,3.5050182,False,False,False
9NH7,baseline,9NH7_baseline_002.pdb,28,27,2.672611,False,True,False
9NH7,baseline,9NH7_baseline_002.pdb,30,29,3.7894142,False,False,False
9NH7,baseline,9NH7_baseline_002.pdb,31,30,1.1141688,True,True,False
9NH7,baseline,9NH7_baseline_002.pdb,99,98,0.9941231,True,True,False
9NH7,baseline,9NH7_baseline_002.pdb,100,99,1.1176671,True,True,False
9NH7,baseline,9NH7_baseline_002.pdb,101,100,0.9098489,True,True,False
9NH7,baseline,9NH7_baseline_002.pdb,102,101,0.18542589,True,True,False
9NH7,baseline,9NH7_baseline_002.pdb,103,102,0.52897364,True,True,False
9NH7,baseline,9NH7_baseline_002.pdb,105,104,0.5670661,True,True,False
9NH7,baseline,9NH7_baseline_002.pdb,106,105,1.2714442,True,True,False
9NH7,baseline,9NH7_baseline_002.pdb,107,106,1.0859175,True,True,False
9NH7,baseline,9NH7_baseline_002.pdb,108,107,0.78929466,True,True,False
9NH7,baseline,9NH7_baseline_002.pdb,109,108,1.0751401,True,True,False
9NH7,baseline,9NH7_baseline_002.pdb,110,109,1.5358202,True,True,False
9NH7,baseline,9NH7_baseline_003.pdb,27,26,3.5130637,False,False,False
9NH7,baseline,9NH7_baseline_003.pdb,28,27,2.77623,False,True,False
9NH7,baseline,9NH7_baseline_003.pdb,30,29,3.8466008,False,False,False
9NH7,baseline,9NH7_baseline_003.pdb,31,30,0.84728336,True,True,False
9NH7,baseline,9NH7_baseline_003.pdb,99,98,1.1769521,True,True,False
9NH7,baseline,9NH7_baseline_003.pdb,100,99,1.4013638,True,True,False
9NH7,baseline,9NH7_baseline_003.pdb,101,100,2.2994344,False,True,False
9NH7,baseline,9NH7_baseline_003.pdb,102,101,1.7929696,True,True,False
9NH7,baseline,9NH7_baseline_003.pdb,103,102,1.0389729,True,True,False
9NH7,baseline,9NH7_baseline_003.pdb,105,104,0.79141223,True,True,False
9NH7,baseline,9NH7_baseline_003.pdb,106,105,1.7209533,True,True,False
9NH7,baseline,9NH7_baseline_003.pdb,107,106,1.6760083,True,True,False
9NH7,baseline,9NH7_baseline_003.pdb,108,107,1.118469,True,True,False
9NH7,baseline,9NH7_baseline_003.pdb,109,108,1.4874036,True,True,False
9NH7,baseline,9NH7_baseline_003.pdb,110,109,2.4032338,False,True,False
9NH7,baseline,9NH7_baseline_004.pdb,27,26,4.4681416,False,False,False
9NH7,baseline,9NH7_baseline_004.pdb,28,27,5.0318832,False,False,False
9NH7,baseline,9NH7_baseline_004.pdb,30,29,4.2889805,False,False,False
9NH7,baseline,9NH7_baseline_004.pdb,31,30,2.0696077,False,True,False
9NH7,baseline,9NH7_baseline_004.pdb,99,98,1.3113072,True,True,False
9NH7,baseline,9NH7_baseline_004.pdb,100,99,1.6763872,True,True,False
9NH7,baseline,9NH7_baseline_004.pdb,101,100,1.7015787,True,True,False
9NH7,baseline,9NH7_baseline_004.pdb,102,101,1.084062,True,True,False
9NH7,baseline,9NH7_baseline_004.pdb,103,102,1.5667943,True,True,False
9NH7,baseline,9NH7_baseline_004.pdb,105,104,1.3865554,True,True,False
9NH7,baseline,9NH7_baseline_004.pdb,106,105,1.9646966,True,True,False
9NH7,baseline,9NH7_baseline_004.pdb,107,106,1.9670616,True,True,False
9NH7,baseline,9NH7_baseline_004.pdb,108,107,1.3400255,True,True,False
9NH7,baseline,9NH7_baseline_004.pdb,109,108,1.5056111,True,True,False
9NH7,baseline,9NH7_baseline_004.pdb,110,109,2.0369155,False,True,False
9NH7,baseline,9NH7_baseline_005.pdb,27,26,4.5287614,False,False,False
9NH7,baseline,9NH7_baseline_005.pdb,28,27,5.0533614,False,False,False
9NH7,baseline,9NH7_baseline_005.pdb,30,29,4.3994846,False,False,False
9NH7,baseline,9NH7_baseline_005.pdb,31,30,2.1307034,False,True,False
9NH7,baseline,9NH7_baseline_005.pdb,99,98,1.3527929,True,True,False
9NH7,baseline,9NH7_baseline_005.pdb,100,99,1.8116208,True,True,False
9NH7,baseline,9NH7_baseline_005.pdb,101,100,2.0581007,False,True,False
9NH7,baseline,9NH7_baseline_005.pdb,102,101,1.5019549,True,True,False
9NH7,baseline,9NH7_baseline_005.pdb,103,102,2.1035044,False,True,False
9NH7,baseline,9NH7_baseline_005.pdb,105,104,1.7025657,True,True,False
9NH7,baseline,9NH7_baseline_005.pdb,106,105,2.1221023,False,True,False
9NH7,baseline,9NH7_baseline_005.pdb,107,106,2.0924132,False,True,False
9NH7,baseline,9NH7_baseline_005.pdb,108,107,1.5686607,True,True,False
9NH7,baseline,9NH7_baseline_005.pdb,109,108,1.5202117,True,True,False
9NH7,baseline,9NH7_baseline_005.pdb,110,109,2.1248987,False,True,False
9NH7,baseline,9NH7_baseline_006.pdb,27,26,4.5794115,False,False,False
9NH7,baseline,9NH7_baseline_006.pdb,28,27,5.1459813,False,False,False
9NH7,baseline,9NH7_baseline_006.pdb,30,29,4.3090487,False,False,False
9NH7,baseline,9NH7_baseline_006.pdb,31,30,2.2451084,False,True,False
9NH7,baseline,9NH7_baseline_006.pdb,99,98,1.5329041,True,True,False
9NH7,baseline,9NH7_baseline_006.pdb,100,99,1.8272582,True,True,False
9NH7,baseline,9NH7_baseline_006.pdb,101,100,1.5765595,True,True,False
9NH7,baseline,9NH7_baseline_006.pdb,102,101,0.5516826,True,True,False
9NH7,baseline,9NH7_baseline_006.pdb,103,102,0.9720557,True,True,False
9NH7,baseline,9NH7_baseline_006.pdb,105,104,1.0030055,True,True,False
9NH7,baseline,9NH7_baseline_006.pdb,106,105,1.9158546,True,True,False
9NH7,baseline,9NH7_baseline_006.pdb,107,106,1.7275432,True,True,False
9NH7,baseline,9NH7_baseline_006.pdb,108,107,1.2745688,True,True,False
9NH7,baseline,9NH7_baseline_006.pdb,109,108,1.6592283,True,True,False
9NH7,baseline,9NH7_baseline_006.pdb,110,109,2.2860878,False,True,False
9NH7,baseline,9NH7_baseline_007.pdb,27,26,4.3720713,False,False,False
9NH7,baseline,9NH7_baseline_007.pdb,28,27,4.7238226,False,False,False
9NH7,baseline,9NH7_baseline_007.pdb,30,29,4.2110934,False,False,False
9NH7,baseline,9NH7_baseline_007.pdb,31,30,2.0756996,False,True,False
9NH7,baseline,9NH7_baseline_007.pdb,99,98,1.5222219,True,True,False
9NH7,baseline,9NH7_baseline_007.pdb,100,99,1.8838736,True,True,False
9NH7,baseline,9NH7_baseline_007.pdb,101,100,1.7206074,True,True,False
9NH7,baseline,9NH7_baseline_007.pdb,102,101,0.80822545,True,True,False
9NH7,baseline,9NH7_baseline_007.pdb,103,102,1.1962517,True,True,False
9NH7,baseline,9NH7_baseline_007.pdb,105,104,1.0923958,True,True,False
9NH7,baseline,9NH7_baseline_007.pdb,106,105,1.9024999,True,True,False
9NH7,baseline,9NH7_baseline_007.pdb,107,106,1.6875993,True,True,False
9NH7,baseline,9NH7_baseline_007.pdb,108,107,1.2821212,True,True,False
9NH7,baseline,9NH7_baseline_007.pdb,109,108,1.5938469,True,True,False
9NH7,baseline,9NH7_baseline_007.pdb,110,109,2.1506028,False,True,False
9NH7,baseline,9NH7_baseline_008.pdb,27,26,4.591845,False,False,False
9NH7,baseline,9NH7_baseline_008.pdb,28,27,5.1402693,False,False,False
9NH7,baseline,9NH7_baseline_008.pdb,30,29,4.291782,False,False,False
9NH7,baseline,9NH7_baseline_008.pdb,31,30,2.1671913,False,True,False
9NH7,baseline,9NH7_baseline_008.pdb,99,98,1.4620187,True,True,False
9NH7,baseline,9NH7_baseline_008.pdb,100,99,1.6511793,True,True,False
9NH7,baseline,9NH7_baseline_008.pdb,101,100,1.346009,True,True,False
9NH7,baseline,9NH7_baseline_008.pdb,102,101,0.5254672,True,True,False
9NH7,baseline,9NH7_baseline_008.pdb,103,102,1.144712,True,True,False
9NH7,baseline,9NH7_baseline_008.pdb,105,104,1.2400254,True,True,False
9NH7,baseline,9NH7_baseline_008.pdb,106,105,2.1443527,False,True,False
9NH7,baseline,9NH7_baseline_008.pdb,107,106,1.6744816,True,True,False
9NH7,baseline,9NH7_baseline_008.pdb,108,107,0.8439682,True,True,False
9NH7,baseline,9NH7_baseline_008.pdb,109,108,1.5384526,True,True,False
9NH7,baseline,9NH7_baseline_008.pdb,110,109,2.2748294,False,True,False
9NH7,baseline,9NH7_baseline_009.pdb,27,26,4.62078,False,False,False
9NH7,baseline,9NH7_baseline_009.pdb,28,27,5.21604,False,False,False
9NH7,baseline,9NH7_baseline_009.pdb,30,29,4.3849344,False,False,False
9NH7,baseline,9NH7_baseline_009.pdb,31,30,2.1474247,False,True,False
9NH7,baseline,9NH7_baseline_009.pdb,99,98,1.4224695,True,True,False
9NH7,baseline,9NH7_baseline_009.pdb,100,99,1.6070939,True,True,False
9NH7,baseline,9NH7_baseline_009.pdb,101,100,1.3190562,True,True,False
9NH7,baseline,9NH7_baseline_009.pdb,102,101,0.4827585,True,True,False
9NH7,baseline,9NH7_baseline_009.pdb,103,102,1.0962931,True,True,False
9NH7,baseline,9NH7_baseline_009.pdb,105,104,1.1947299,True,True,False
9NH7,baseline,9NH7_baseline_009.pdb,106,105,2.0714562,False,True,False
9NH7,baseline,9NH7_baseline_009.pdb,107,106,1.5385059,True,True,False
9NH7,baseline,9NH7_baseline_009.pdb,108,107,0.75937617,True,True,False
9NH7,baseline,9NH7_baseline_009.pdb,109,108,1.4712197,True,True,False
9NH7,baseline,9NH7_baseline_009.pdb,110,109,2.1351006,False,True,False
9NH7,baseline,9NH7_baseline_010.pdb,27,26,1.7206347,True,True,False
9NH7,baseline,9NH7_baseline_010.pdb,28,27,0.54912466,True,True,False
9NH7,baseline,9NH7_baseline_010.pdb,30,29,1.5027649,True,True,False
9NH7,baseline,9NH7_baseline_010.pdb,31,30,1.3019463,True,True,False
9NH7,baseline,9NH7_baseline_010.pdb,99,98,1.4453804,True,True,False
9NH7,baseline,9NH7_baseline_010.pdb,100,99,1.8351502,True,True,False
9NH7,baseline,9NH7_baseline_010.pdb,101,100,1.981706,True,True,False
9NH7,baseline,9NH7_baseline_010.pdb,102,101,1.5914538,True,True,False
9NH7,baseline,9NH7_baseline_010.pdb,103,102,1.186015,True,True,False
9NH7,baseline,9NH7_baseline_010.pdb,105,104,0.8476123,True,True,False
9NH7,baseline,9NH7_baseline_010.pdb,106,105,1.8651215,True,True,False
9NH7,baseline,9NH7_baseline_010.pdb,107,106,1.7752423,True,True,False
9NH7,baseline,9NH7_baseline_010.pdb,108,107,1.3257549,True,True,False
9NH7,baseline,9NH7_baseline_010.pdb,109,108,1.5944041,True,True,False
9NH7,baseline,9NH7_baseline_010.pdb,110,109,2.350796,False,True,False
9NH7,baseline,9NH7_baseline_011.pdb,27,26,3.3941224,False,False,False
9NH7,baseline,9NH7_baseline_011.pdb,28,27,2.7718596,False,True,False
9NH7,baseline,9NH7_baseline_011.pdb,30,29,3.8391232,False,False,False
9NH7,baseline,9NH7_baseline_011.pdb,31,30,0.8603762,True,True,False
9NH7,baseline,9NH7_baseline_011.pdb,99,98,1.0002482,True,True,False
9NH7,baseline,9NH7_baseline_011.pdb,100,99,1.0818466,True,True,False
9NH7,baseline,9NH7_baseline_011.pdb,101,100,1.4188201,True,True,False
9NH7,baseline,9NH7_baseline_011.pdb,102,101,1.1515007,True,True,False
9NH7,baseline,9NH7_baseline_011.pdb,103,102,1.054798,True,True,False
9NH7,baseline,9NH7_baseline_011.pdb,105,104,0.8289221,True,True,False
9NH7,baseline,9NH7_baseline_011.pdb,106,105,1.6781455,True,True,False
9NH7,baseline,9NH7_baseline_011.pdb,107,106,1.5071484,True,True,False
9NH7,baseline,9NH7_baseline_011.pdb,108,107,0.9284966,True,True,False
9NH7,baseline,9NH7_baseline_011.pdb,109,108,1.285031,True,True,False
9NH7,baseline,9NH7_baseline_011.pdb,110,109,2.1088936,False,True,False
9NH7,baseline,9NH7_baseline_012.pdb,27,26,4.556102,False,False,False
9NH7,baseline,9NH7_baseline_012.pdb,28,27,2.1395836,False,True,False
9NH7,baseline,9NH7_baseline_012.pdb,30,29,7.18381,False,False,False
9NH7,baseline,9NH7_baseline_012.pdb,31,30,3.0462046,False,False,False
9NH7,baseline,9NH7_baseline_012.pdb,99,98,0.68989545,True,True,False
9NH7,baseline,9NH7_baseline_012.pdb,100,99,1.2506843,True,True,False
9NH7,baseline,9NH7_baseline_012.pdb,101,100,1.836982,True,True,False
9NH7,baseline,9NH7_baseline_012.pdb,102,101,1.8499649,True,True,False
9NH7,baseline,9NH7_baseline_012.pdb,103,102,2.069025,False,True,False
9NH7,baseline,9NH7_baseline_012.pdb,105,104,1.3570194,True,True,False
9NH7,baseline,9NH7_baseline_012.pdb,106,105,1.6897483,True,True,False
9NH7,baseline,9NH7_baseline_012.pdb,107,106,1.6790315,True,True,False
9NH7,baseline,9NH7_baseline_012.pdb,108,107,1.0714976,True,True,False
9NH7,baseline,9NH7_baseline_012.pdb,109,108,1.1418333,True,True,False
9NH7,baseline,9NH7_baseline_012.pdb,110,109,1.6839054,True,True,False
9NH7,baseline,9NH7_baseline_013.pdb,27,26,4.1462464,False,False,False
9NH7,baseline,9NH7_baseline_013.pdb,28,27,2.3904772,False,True,False
9NH7,baseline,9NH7_baseline_013.pdb,30,29,4.083175,False,False,False
9NH7,baseline,9NH7_baseline_013.pdb,31,30,1.2205786,True,True,False
9NH7,baseline,9NH7_baseline_013.pdb,99,98,0.8661612,True,True,False
9NH7,baseline,9NH7_baseline_013.pdb,100,99,0.88550603,True,True,False
9NH7,baseline,9NH7_baseline_013.pdb,101,100,0.84870577,True,True,False
9NH7,baseline,9NH7_baseline_013.pdb,102,101,0.27141857,True,True,False
9NH7,baseline,9NH7_baseline_013.pdb,103,102,0.5009112,True,True,False
9NH7,baseline,9NH7_baseline_013.pdb,105,104,0.4957224,True,True,False
9NH7,baseline,9NH7_baseline_013.pdb,106,105,1.2045033,True,True,False
9NH7,baseline,9NH7_baseline_013.pdb,107,106,0.91276187,True,True,False
9NH7,baseline,9NH7_baseline_013.pdb,108,107,0.6809956,True,True,False
9NH7,baseline,9NH7_baseline_013.pdb,109,108,1.0175179,True,True,False
9NH7,baseline,9NH7_baseline_013.pdb,110,109,1.4702238,True,True,False
9NH7,baseline,9NH7_baseline_014.pdb,27,26,4.560805,False,False,False
9NH7,baseline,9NH7_baseline_014.pdb,28,27,5.121632,False,False,False
9NH7,baseline,9NH7_baseline_014.pdb,30,29,4.364711,False,False,False
9NH7,baseline,9NH7_baseline_014.pdb,31,30,2.1679032,False,True,False
9NH7,baseline,9NH7_baseline_014.pdb,99,98,1.5181586,True,True,False
9NH7,baseline,9NH7_baseline_014.pdb,100,99,2.0602117,False,True,False
9NH7,baseline,9NH7_baseline_014.pdb,101,100,2.1852107,False,True,False
9NH7,baseline,9NH7_baseline_014.pdb,102,101,1.4607105,True,True,False
9NH7,baseline,9NH7_baseline_014.pdb,103,102,1.8710463,True,True,False
9NH7,baseline,9NH7_baseline_014.pdb,105,104,1.5538402,True,True,False
9NH7,baseline,9NH7_baseline_014.pdb,106,105,2.1284184,False,True,False
9NH7,baseline,9NH7_baseline_014.pdb,107,106,2.0924592,False,True,False
9NH7,baseline,9NH7_baseline_014.pdb,108,107,1.5945385,True,True,False
9NH7,baseline,9NH7_baseline_014.pdb,109,108,1.6301675,True,True,False
9NH7,baseline,9NH7_baseline_014.pdb,110,109,2.2329428,False,True,False
9NH7,baseline,9NH7_baseline_015.pdb,27,26,4.6049347,False,False,False
9NH7,baseline,9NH7_baseline_015.pdb,28,27,5.1615543,False,False,False
9NH7,baseline,9NH7_baseline_015.pdb,30,29,4.4798512,False,False,False
9NH7,baseline,9NH7_baseline_015.pdb,31,30,2.2827895,False,True,False
9NH7,baseline,9NH7_baseline_015.pdb,99,98,1.4975915,True,True,False
9NH7,baseline,9NH7_baseline_015.pdb,100,99,2.0716166,False,True,False
9NH7,baseline,9NH7_baseline_015.pdb,101,100,2.418837,False,True,False
9NH7,baseline,9NH7_baseline_015.pdb,102,101,2.0856586,False,True,False
9NH7,baseline,9NH7_baseline_015.pdb,103,102,2.6406093,False,True,False
9NH7,baseline,9NH7_baseline_015.pdb,105,104,2.0078628,False,True,False
9NH7,baseline,9NH7_baseline_015.pdb,106,105,2.1975195,False,True,False
9NH7,baseline,9NH7_baseline_015.pdb,107,106,2.2009406,False,True,False
9NH7,baseline,9NH7_baseline_015.pdb,108,107,1.7369376,True,True,False
9NH7,baseline,9NH7_baseline_015.pdb,109,108,1.6745057,True,True,False
9NH7,baseline,9NH7_baseline_015.pdb,110,109,2.2368135,False,True,False
9NH7,baseline,9NH7_baseline_016.pdb,27,26,4.5542564,False,False,False
9NH7,baseline,9NH7_baseline_016.pdb,28,27,5.073397,False,False,False
9NH7,baseline,9NH7_baseline_016.pdb,30,29,4.2699165,False,False,False
9NH7,baseline,9NH7_baseline_016.pdb,31,30,2.04326,False,True,False
9NH7,baseline,9NH7_baseline_016.pdb,99,98,1.497884,True,True,False
9NH7,baseline,9NH7_baseline_016.pdb,100,99,1.9044902,True,True,False
9NH7,baseline,9NH7_baseline_016.pdb,101,100,1.7831868,True,True,False
9NH7,baseline,9NH7_baseline_016.pdb,102,101,0.8753564,True,True,False
9NH7,baseline,9NH7_baseline_016.pdb,103,102,1.4068009,True,True,False
9NH7,baseline,9NH7_baseline_016.pdb,105,104,1.3713715,True,True,False
9NH7,baseline,9NH7_baseline_016.pdb,106,105,2.1787388,False,True,False
9NH7,baseline,9NH7_baseline_016.pdb,107,106,1.8582379,True,True,False
9NH7,baseline,9NH7_baseline_016.pdb,108,107,1.0228167,True,True,False
9NH7,baseline,9NH7_baseline_016.pdb,109,108,1.5288604,True,True,False
9NH7,baseline,9NH7_baseline_016.pdb,110,109,2.2626154,False,True,False
9NH7,baseline,9NH7_baseline_017.pdb,27,26,4.570639,False,False,False
9NH7,baseline,9NH7_baseline_017.pdb,28,27,5.1149573,False,False,False
9NH7,baseline,9NH7_baseline_017.pdb,30,29,4.3972006,False,False,False
9NH7,baseline,9NH7_baseline_017.pdb,31,30,2.262686,False,True,False
9NH7,baseline,9NH7_baseline_017.pdb,99,98,1.4978918,True,True,False
9NH7,baseline,9NH7_baseline_017.pdb,100,99,1.8751343,True,True,False
9NH7,baseline,9NH7_baseline_017.pdb,101,100,1.8491439,True,True,False
9NH7,baseline,9NH7_baseline_017.pdb,102,101,0.8483011,True,True,False
9NH7,baseline,9NH7_baseline_017.pdb,103,102,1.2019285,True,True,False
9NH7,baseline,9NH7_baseline_017.pdb,105,104,1.1602075,True,True,False
9NH7,baseline,9NH7_baseline_017.pdb,106,105,1.9509599,True,True,False
9NH7,baseline,9NH7_baseline_017.pdb,107,106,1.920964,True,True,False
9NH7,baseline,9NH7_baseline_017.pdb,108,107,1.4926412,True,True,False
9NH7,baseline,9NH7_baseline_017.pdb,109,108,1.6471277,True,True,False
9NH7,baseline,9NH7_baseline_017.pdb,110,109,2.237394,False,True,False
9NH7,baseline,9NH7_baseline_018.pdb,27,26,4.534344,False,False,False
9NH7,baseline,9NH7_baseline_018.pdb,28,27,5.111312,False,False,False
9NH7,baseline,9NH7_baseline_018.pdb,30,29,4.377599,False,False,False
9NH7,baseline,9NH7_baseline_018.pdb,31,30,2.2552857,False,True,False
9NH7,baseline,9NH7_baseline_018.pdb,99,98,1.335351,True,True,False
9NH7,baseline,9NH7_baseline_018.pdb,100,99,1.6064343,True,True,False
9NH7,baseline,9NH7_baseline_018.pdb,101,100,1.6294931,True,True,False
9NH7,baseline,9NH7_baseline_018.pdb,102,101,0.621368,True,True,False
9NH7,baseline,9NH7_baseline_018.pdb,103,102,1.063907,True,True,False
9NH7,baseline,9NH7_baseline_018.pdb,105,104,1.0267545,True,True,False
9NH7,baseline,9NH7_baseline_018.pdb,106,105,1.8264947,True,True,False
9NH7,baseline,9NH7_baseline_018.pdb,107,106,1.778632,True,True,False
9NH7,baseline,9NH7_baseline_018.pdb,108,107,1.3346773,True,True,False
9NH7,baseline,9NH7_baseline_018.pdb,109,108,1.5153823,True,True,False
9NH7,baseline,9NH7_baseline_018.pdb,110,109,2.1146247,False,True,False
9NH7,baseline,9NH7_baseline_019.pdb,27,26,4.4475746,False,False,False
9NH7,baseline,9NH7_baseline_019.pdb,28,27,2.4870083,False,True,False
9NH7,baseline,9NH7_baseline_019.pdb,30,29,4.133019,False,False,False
9NH7,baseline,9NH7_baseline_019.pdb,31,30,1.1706547,True,True,False
9NH7,baseline,9NH7_baseline_019.pdb,99,98,1.2524347,True,True,False
9NH7,baseline,9NH7_baseline_019.pdb,100,99,1.4680319,True,True,False
9NH7,baseline,9NH7_baseline_019.pdb,101,100,1.1244637,True,True,False
9NH7,baseline,9NH7_baseline_019.pdb,102,101,0.18303418,True,True,False
9NH7,baseline,9NH7_baseline_019.pdb,103,102,0.755591,True,True,False
9NH7,baseline,9NH7_baseline_019.pdb,105,104,0.9454799,True,True,False
9NH7,baseline,9NH7_baseline_019.pdb,106,105,1.8333883,True,True,False
9NH7,baseline,9NH7_baseline_019.pdb,107,106,1.2516266,True,True,False
9NH7,baseline,9NH7_baseline_019.pdb,108,107,0.6968402,True,True,False
9NH7,baseline,9NH7_baseline_019.pdb,109,108,1.3490707,True,True,False
9NH7,baseline,9NH7_baseline_019.pdb,110,109,1.93147,True,True,False
9NH7,baseline,9NH7_baseline_020.pdb,27,26,4.5188828,False,False,False
9NH7,baseline,9NH7_baseline_020.pdb,28,27,5.064072,False,False,False
9NH7,baseline,9NH7_baseline_020.pdb,30,29,4.3466563,False,False,False
9NH7,baseline,9NH7_baseline_020.pdb,31,30,2.0890815,False,True,False
9NH7,baseline,9NH7_baseline_020.pdb,99,98,1.2744169,True,True,False
9NH7,baseline,9NH7_baseline_020.pdb,100,99,1.6006418,True,True,False
9NH7,baseline,9NH7_baseline_020.pdb,101,100,1.6204541,True,True,False
9NH7,baseline,9NH7_baseline_020.pdb,102,101,0.64092785,True,True,False
9NH7,baseline,9NH7_baseline_020.pdb,103,102,1.3761927,True,True,False
9NH7,baseline,9NH7_baseline_020.pdb,105,104,1.1412311,True,True,False
9NH7,baseline,9NH7_baseline_020.pdb,106,105,1.9134878,True,True,False
9NH7,baseline,9NH7_baseline_020.pdb,107,106,1.6790245,True,True,False
9NH7,baseline,9NH7_baseline_020.pdb,108,107,1.13313,True,True,False
9NH7,baseline,9NH7_baseline_020.pdb,109,108,1.4197379,True,True,False
9NH7,baseline,9NH7_baseline_020.pdb,110,109,2.0399823,False,True,False
9NH7,baseline,9NH7_baseline_021.pdb,27,26,3.4774008,False,False,False
9NH7,baseline,9NH7_baseline_021.pdb,28,27,2.7555413,False,True,False
9NH7,baseline,9NH7_baseline_021.pdb,30,29,3.7799761,False,False,False
9NH7,baseline,9NH7_baseline_021.pdb,31,30,1.0279295,True,True,False
9NH7,baseline,9NH7_baseline_021.pdb,99,98,1.1514686,True,True,False
9NH7,baseline,9NH7_baseline_021.pdb,100,99,1.3340832,True,True,False
9NH7,baseline,9NH7_baseline_021.pdb,101,100,1.3801762,True,True,False
9NH7,baseline,9NH7_baseline_021.pdb,102,101,0.91542315,True,True,False
9NH7,baseline,9NH7_baseline_021.pdb,103,102,0.78681123,True,True,False
9NH7,baseline,9NH7_baseline_021.pdb,105,104,0.59963673,True,True,False
9NH7,baseline,9NH7_baseline_021.pdb,106,105,1.6403323,True,True,False
9NH7,baseline,9NH7_baseline_021.pdb,107,106,1.4419734,True,True,False
9NH7,baseline,9NH7_baseline_021.pdb,108,107,1.1733531,True,True,False
9NH7,baseline,9NH7_baseline_021.pdb,109,108,1.3431716,True,True,False
9NH7,baseline,9NH7_baseline_021.pdb,110,109,1.9031372,True,True,False
9NH7,baseline,9NH7_baseline_022.pdb,27,26,4.68238,False,False,False
9NH7,baseline,9NH7_baseline_022.pdb,28,27,5.3035026,False,False,False
9NH7,baseline,9NH7_baseline_022.pdb,30,29,4.502102,False,False,False
9NH7,baseline,9NH7_baseline_022.pdb,31,30,2.263498,False,True,False
9NH7,baseline,9NH7_baseline_022.pdb,99,98,1.4630097,True,True,False
9NH7,baseline,9NH7_baseline_022.pdb,100,99,1.8859289,True,True,False
9NH7,baseline,9NH7_baseline_022.pdb,101,100,1.9760914,True,True,False
9NH7,baseline,9NH7_baseline_022.pdb,102,101,1.2209969,True,True,False
9NH7,baseline,9NH7_baseline_022.pdb,103,102,1.9994514,True,True,False
9NH7,baseline,9NH7_baseline_022.pdb,105,104,1.763839,True,True,False
9NH7,baseline,9NH7_baseline_022.pdb,106,105,2.308306,False,True,False
9NH7,baseline,9NH7_baseline_022.pdb,107,106,2.289619,False,True,False
9NH7,baseline,9NH7_baseline_022.pdb,108,107,1.8229728,True,True,False
9NH7,baseline,9NH7_baseline_022.pdb,109,108,1.6719676,True,True,False
9NH7,baseline,9NH7_baseline_022.pdb,110,109,2.2666185,False,True,False
9NH7,baseline,9NH7_baseline_023.pdb,27,26,4.5794115,False,False,False
9NH7,baseline,9NH7_baseline_023.pdb,28,27,5.1459813,False,False,False
9NH7,baseline,9NH7_baseline_023.pdb,30,29,4.3090487,False,False,False
9NH7,baseline,9NH7_baseline_023.pdb,31,30,2.2451084,False,True,False
9NH7,baseline,9NH7_baseline_023.pdb,99,98,1.5329041,True,True,False
9NH7,baseline,9NH7_baseline_023.pdb,100,99,1.8272582,True,True,False
9NH7,baseline,9NH7_baseline_023.pdb,101,100,1.5765595,True,True,False
9NH7,baseline,9NH7_baseline_023.pdb,102,101,0.5516826,True,True,False
9NH7,baseline,9NH7_baseline_023.pdb,103,102,0.9720557,True,True,False
9NH7,baseline,9NH7_baseline_023.pdb,105,104,1.0030055,True,True,False
9NH7,baseline,9NH7_baseline_023.pdb,106,105,1.9158546,True,True,False
9NH7,baseline,9NH7_baseline_023.pdb,107,106,1.7275432,True,True,False
9NH7,baseline,9NH7_baseline_023.pdb,108,107,1.2745688,True,True,False
9NH7,baseline,9NH7_baseline_023.pdb,109,108,1.6592283,True,True,False
9NH7,baseline,9NH7_baseline_023.pdb,110,109,2.2860878,False,True,False
9NH7,baseline,9NH7_baseline_024.pdb,27,26,3.0896082,False,False,False
9NH7,baseline,9NH7_baseline_024.pdb,28,27,2.57025,False,True,False
9NH7,baseline,9NH7_baseline_024.pdb,30,29,3.6048918,False,False,False
9NH7,baseline,9NH7_baseline_024.pdb,31,30,1.3405885,True,True,False
9NH7,baseline,9NH7_baseline_024.pdb,99,98,1.3116171,True,True,False
9NH7,baseline,9NH7_baseline_024.pdb,100,99,1.5051388,True,True,False
9NH7,baseline,9NH7_baseline_024.pdb,101,100,1.6683314,True,True,False
9NH7,baseline,9NH7_baseline_024.pdb,102,101,1.0352384,True,True,False
9NH7,baseline,9NH7_baseline_024.pdb,103,102,0.6139356,True,True,False
9NH7,baseline,9NH7_baseline_024.pdb,105,104,0.8424678,True,True,False
9NH7,baseline,9NH7_baseline_024.pdb,106,105,1.6826926,True,True,False
9NH7,baseline,9NH7_baseline_024.pdb,107,106,1.7374269,True,True,False
9NH7,baseline,9NH7_baseline_024.pdb,108,107,1.2964904,True,True,False
9NH7,baseline,9NH7_baseline_024.pdb,109,108,1.5229058,True,True,False
9NH7,baseline,9NH7_baseline_024.pdb,110,109,2.2782347,False,True,False
9NH7,baseline,9NH7_baseline_025.pdb,27,26,3.300004,False,False,False
9NH7,baseline,9NH7_baseline_025.pdb,28,27,2.8255992,False,True,False
9NH7,baseline,9NH7_baseline_025.pdb,30,29,3.8076253,False,False,False
9NH7,baseline,9NH7_baseline_025.pdb,31,30,0.81094134,True,True,False
9NH7,baseline,9NH7_baseline_025.pdb,99,98,1.0282391,True,True,False
9NH7,baseline,9NH7_baseline_025.pdb,100,99,1.0927325,True,True,False
9NH7,baseline,9NH7_baseline_025.pdb,101,100,1.5026181,True,True,False
9NH7,baseline,9NH7_baseline_025.pdb,102,101,1.1819524,True,True,False
9NH7,baseline,9NH7_baseline_025.pdb,103,102,1.0637548,True,True,False
9NH7,baseline,9NH7_baseline_025.pdb,105,104,0.8228121,True,True,False
9NH7,baseline,9NH7_baseline_025.pdb,106,105,1.6661968,True,True,False
9NH7,baseline,9NH7_baseline_025.pdb,107,106,1.4907002,True,True,False
9NH7,baseline,9NH7_baseline_025.pdb,108,107,0.9122395,True,True,False
9NH7,baseline,9NH7_baseline_025.pdb,109,108,1.2804061,True,True,False
9NH7,baseline,9NH7_baseline_025.pdb,110,109,2.1167395,False,True,False
9NH7,baseline,9NH7_baseline_026.pdb,27,26,4.597314,False,False,False
9NH7,baseline,9NH7_baseline_026.pdb,28,27,5.143505,False,False,False
9NH7,baseline,9NH7_baseline_026.pdb,30,29,4.4427624,False,False,False
9NH7,baseline,9NH7_baseline_026.pdb,31,30,2.151674,False,True,False
9NH7,baseline,9NH7_baseline_026.pdb,99,98,1.3637735,True,True,False
9NH7,baseline,9NH7_baseline_026.pdb,100,99,1.7593286,True,True,False
9NH7,baseline,9NH7_baseline_026.pdb,101,100,1.7340044,True,True,False
9NH7,baseline,9NH7_baseline_026.pdb,102,101,0.7509505,True,True,False
9NH7,baseline,9NH7_baseline_026.pdb,103,102,1.5549688,True,True,False
9NH7,baseline,9NH7_baseline_026.pdb,105,104,1.3576713,True,True,False
9NH7,baseline,9NH7_baseline_026.pdb,106,105,2.0895693,False,True,False
9NH7,baseline,9NH7_baseline_026.pdb,107,106,1.9440409,True,True,False
9NH7,baseline,9NH7_baseline_026.pdb,108,107,1.1937034,True,True,False
9NH7,baseline,9NH7_baseline_026.pdb,109,108,1.5378401,True,True,False
9NH7,baseline,9NH7_baseline_026.pdb,110,109,2.180079,False,True,False
9NH7,baseline,9NH7_baseline_027.pdb,27,26,4.664602,False,False,False
9NH7,baseline,9NH7_baseline_027.pdb,28,27,5.308606,False,False,False
9NH7,baseline,9NH7_baseline_027.pdb,30,29,4.3973722,False,False,False
9NH7,baseline,9NH7_baseline_027.pdb,31,30,2.189099,False,True,False
9NH7,baseline,9NH7_baseline_027.pdb,99,98,1.3822149,True,True,False
9NH7,baseline,9NH7_baseline_027.pdb,100,99,1.7735757,True,True,False
9NH7,baseline,9NH7_baseline_027.pdb,101,100,1.7782514,True,True,False
9NH7,baseline,9NH7_baseline_027.pdb,102,101,0.84857637,True,True,False
9NH7,baseline,9NH7_baseline_027.pdb,103,102,1.54773,True,True,False
9NH7,baseline,9NH7_baseline_027.pdb,105,104,1.6640052,True,True,False
9NH7,baseline,9NH7_baseline_027.pdb,106,105,2.3227038,False,True,False
9NH7,baseline,9NH7_baseline_027.pdb,107,106,2.4047441,False,True,False
9NH7,baseline,9NH7_baseline_027.pdb,108,107,1.6580112,True,True,False
9NH7,baseline,9NH7_baseline_027.pdb,109,108,1.7335329,True,True,False
9NH7,baseline,9NH7_baseline_027.pdb,110,109,2.3065326,False,True,False
9NH7,baseline,9NH7_baseline_028.pdb,27,26,4.5898213,False,False,False
9NH7,baseline,9NH7_baseline_028.pdb,28,27,5.1336794,False,False,False
9NH7,baseline,9NH7_baseline_028.pdb,30,29,4.403763,False,False,False
9NH7,baseline,9NH7_baseline_028.pdb,31,30,2.1520028,False,True,False
9NH7,baseline,9NH7_baseline_028.pdb,99,98,1.6691383,True,True,False
9NH7,baseline,9NH7_baseline_028.pdb,100,99,2.5845933,False,True,False
9NH7,baseline,9NH7_baseline_028.pdb,101,100,3.189827,False,False,False
9NH7,baseline,9NH7_baseline_028.pdb,102,101,3.178209,False,False,False
9NH7,baseline,9NH7_baseline_028.pdb,103,102,3.4596534,False,False,False
9NH7,baseline,9NH7_baseline_028.pdb,105,104,2.5011983,False,True,False
9NH7,baseline,9NH7_baseline_028.pdb,106,105,2.3435674,False,True,False
9NH7,baseline,9NH7_baseline_028.pdb,107,106,2.1394882,False,True,False
9NH7,baseline,9NH7_baseline_028.pdb,108,107,2.0312757,False,True,False
9NH7,baseline,9NH7_baseline_028.pdb,109,108,1.793999,True,True,False
9NH7,baseline,9NH7_baseline_028.pdb,110,109,2.2858355,False,True,False
9NH7,baseline,9NH7_baseline_029.pdb,27,26,4.5216537,False,False,False
9NH7,baseline,9NH7_baseline_029.pdb,28,27,5.07917,False,False,False
9NH7,baseline,9NH7_baseline_029.pdb,30,29,4.3592706,False,False,False
9NH7,baseline,9NH7_baseline_029.pdb,31,30,2.137629,False,True,False
9NH7,baseline,9NH7_baseline_029.pdb,99,98,1.4749005,True,True,False
9NH7,baseline,9NH7_baseline_029.pdb,100,99,2.243227,False,True,False
9NH7,baseline,9NH7_baseline_029.pdb,101,100,2.761625,False,True,False
9NH7,baseline,9NH7_baseline_029.pdb,102,101,2.2943144,False,True,False
9NH7,baseline,9NH7_baseline_029.pdb,103,102,2.6270766,False,True,False
9NH7,baseline,9NH7_baseline_029.pdb,105,104,1.903977,True,True,False
9NH7,baseline,9NH7_baseline_029.pdb,106,105,2.1028059,False,True,False
9NH7,baseline,9NH7_baseline_029.pdb,107,106,2.0559661,False,True,False
9NH7,baseline,9NH7_baseline_029.pdb,108,107,1.7350878,True,True,False
9NH7,baseline,9NH7_baseline_029.pdb,109,108,1.6140255,True,True,False
9NH7,baseline,9NH7_baseline_029.pdb,110,109,2.1631603,False,True,False
9NH7,baseline,9NH7_baseline_030.pdb,27,26,4.570639,False,False,False
9NH7,baseline,9NH7_baseline_030.pdb,28,27,5.1149573,False,False,False
9NH7,baseline,9NH7_baseline_030.pdb,30,29,4.3972006,False,False,False
9NH7,baseline,9NH7_baseline_030.pdb,31,30,2.262686,False,True,False
9NH7,baseline,9NH7_baseline_030.pdb,99,98,1.4978918,True,True,False
9NH7,baseline,9NH7_baseline_030.pdb,100,99,1.8751343,True,True,False
9NH7,baseline,9NH7_baseline_030.pdb,101,100,1.8491439,True,True,False
9NH7,baseline,9NH7_baseline_030.pdb,102,101,0.8483011,True,True,False
9NH7,baseline,9NH7_baseline_030.pdb,103,102,1.2019285,True,True,False
9NH7,baseline,9NH7_baseline_030.pdb,105,104,1.1602075,True,True,False
9NH7,baseline,9NH7_baseline_030.pdb,106,105,1.9509599,True,True,False
9NH7,baseline,9NH7_baseline_030.pdb,107,106,1.920964,True,True,False
9NH7,baseline,9NH7_baseline_030.pdb,108,107,1.4926412,True,True,False
9NH7,baseline,9NH7_baseline_030.pdb,109,108,1.6471277,True,True,False
9NH7,baseline,9NH7_baseline_030.pdb,110,109,2.237394,False,True,False
9NH7,baseline,9NH7_baseline_031.pdb,27,26,4.5635633,False,False,False
9NH7,baseline,9NH7_baseline_031.pdb,28,27,5.0434585,False,False,False
9NH7,baseline,9NH7_baseline_031.pdb,30,29,4.2795563,False,False,False
9NH7,baseline,9NH7_baseline_031.pdb,31,30,2.0925798,False,True,False
9NH7,baseline,9NH7_baseline_031.pdb,99,98,1.4964458,True,True,False
9NH7,baseline,9NH7_baseline_031.pdb,100,99,1.7028185,True,True,False
9NH7,baseline,9NH7_baseline_031.pdb,101,100,1.38933,True,True,False
9NH7,baseline,9NH7_baseline_031.pdb,102,101,0.6868245,True,True,False
9NH7,baseline,9NH7_baseline_031.pdb,103,102,1.2155828,True,True,False
9NH7,baseline,9NH7_baseline_031.pdb,105,104,1.2551816,True,True,False
9NH7,baseline,9NH7_baseline_031.pdb,106,105,2.1235824,False,True,False
9NH7,baseline,9NH7_baseline_031.pdb,107,106,1.621219,True,True,False
9NH7,baseline,9NH7_baseline_031.pdb,108,107,0.81178457,True,True,False
9NH7,baseline,9NH7_baseline_031.pdb,109,108,1.4850229,True,True,False
9NH7,baseline,9NH7_baseline_031.pdb,110,109,2.160136,False,True,False
9NH7,baseline,9NH7_baseline_032.pdb,27,26,4.6414566,False,False,False
9NH7,baseline,9NH7_baseline_032.pdb,28,27,5.265573,False,False,False
9NH7,baseline,9NH7_baseline_032.pdb,30,29,4.449012,False,False,False
9NH7,baseline,9NH7_baseline_032.pdb,31,30,2.3667731,False,True,False
9NH7,baseline,9NH7_baseline_032.pdb,99,98,1.3422292,True,True,False
9NH7,baseline,9NH7_baseline_032.pdb,100,99,1.5521908,True,True,False
9NH7,baseline,9NH7_baseline_032.pdb,101,100,1.7388877,True,True,False
9NH7,baseline,9NH7_baseline_032.pdb,102,101,0.20622283,True,True,False
9NH7,baseline,9NH7_baseline_032.pdb,103,102,1.2388691,True,True,False
9NH7,baseline,9NH7_baseline_032.pdb,105,104,1.2100015,True,True,False
9NH7,baseline,9NH7_baseline_032.pdb,106,105,2.124389,False,True,False
9NH7,baseline,9NH7_baseline_032.pdb,107,106,2.0179472,False,True,False
9NH7,baseline,9NH7_baseline_032.pdb,108,107,1.2691325,True,True,False
9NH7,baseline,9NH7_baseline_032.pdb,109,108,1.6676251,True,True,False
9NH7,baseline,9NH7_baseline_032.pdb,110,109,2.4601066,False,True,False
9NH7,baseline,9NH7_baseline_033.pdb,27,26,4.5696836,False,False,False
9NH7,baseline,9NH7_baseline_033.pdb,28,27,5.1079726,False,False,False
9NH7,baseline,9NH7_baseline_033.pdb,30,29,4.4258304,False,False,False
9NH7,baseline,9NH7_baseline_033.pdb,31,30,2.1444256,False,True,False
9NH7,baseline,9NH7_baseline_033.pdb,99,98,1.3306205,True,True,False
9NH7,baseline,9NH7_baseline_033.pdb,100,99,1.6600301,True,True,False
9NH7,baseline,9NH7_baseline_033.pdb,101,100,1.5758313,True,True,False
9NH7,baseline,9NH7_baseline_033.pdb,102,101,0.58166033,True,True,False
9NH7,baseline,9NH7_baseline_033.pdb,103,102,1.3672823,True,True,False
9NH7,baseline,9NH7_baseline_033.pdb,105,104,1.17159,True,True,False
9NH7,baseline,9NH7_baseline_033.pdb,106,105,1.9692463,True,True,False
9NH7,baseline,9NH7_baseline_033.pdb,107,106,1.720577,True,True,False
9NH7,baseline,9NH7_baseline_033.pdb,108,107,1.1434473,True,True,False
9NH7,baseline,9NH7_baseline_033.pdb,109,108,1.447763,True,True,False
9NH7,baseline,9NH7_baseline_033.pdb,110,109,2.0777464,False,True,False
9NH7,baseline,9NH7_baseline_034.pdb,27,26,4.138249,False,False,False
9NH7,baseline,9NH7_baseline_034.pdb,28,27,2.5664995,False,True,False
9NH7,baseline,9NH7_baseline_034.pdb,30,29,3.9414458,False,False,False
9NH7,baseline,9NH7_baseline_034.pdb,31,30,1.0269538,True,True,False
9NH7,baseline,9NH7_baseline_034.pdb,99,98,1.0165371,True,True,False
9NH7,baseline,9NH7_baseline_034.pdb,100,99,1.0767579,True,True,False
9NH7,baseline,9NH7_baseline_034.pdb,101,100,1.0324976,True,True,False
9NH7,baseline,9NH7_baseline_034.pdb,102,101,0.4035429,True,True,False
9NH7,baseline,9NH7_baseline_034.pdb,103,102,0.5296094,True,True,False
9NH7,baseline,9NH7_baseline_034.pdb,105,104,0.5299961,True,True,False
9NH7,baseline,9NH7_baseline_034.pdb,106,105,1.3106618,True,True,False
9NH7,baseline,9NH7_baseline_034.pdb,107,106,1.0877019,True,True,False
9NH7,baseline,9NH7_baseline_034.pdb,108,107,0.8773476,True,True,False
9NH7,baseline,9NH7_baseline_034.pdb,109,108,1.1881336,True,True,False
9NH7,baseline,9NH7_baseline_034.pdb,110,109,1.6728904,True,True,False
9NH7,baseline,9NH7_baseline_035.pdb,27,26,4.5175543,False,False,False
9NH7,baseline,9NH7_baseline_035.pdb,28,27,5.0543194,False,False,False
9NH7,baseline,9NH7_baseline_035.pdb,30,29,4.329643,False,False,False
9NH7,baseline,9NH7_baseline_035.pdb,31,30,2.126691,False,True,False
9NH7,baseline,9NH7_baseline_035.pdb,99,98,1.4229093,True,True,False
9NH7,baseline,9NH7_baseline_035.pdb,100,99,1.7176661,True,True,False
9NH7,baseline,9NH7_baseline_035.pdb,101,100,1.5276788,True,True,False
9NH7,baseline,9NH7_baseline_035.pdb,102,101,0.5456991,True,True,False
9NH7,baseline,9NH7_baseline_035.pdb,103,102,0.9614913,True,True,False
9NH7,baseline,9NH7_baseline_035.pdb,105,104,0.97664696,True,True,False
9NH7,baseline,9NH7_baseline_035.pdb,106,105,1.9789158,True,True,False
9NH7,baseline,9NH7_baseline_035.pdb,107,106,1.718046,True,True,False
9NH7,baseline,9NH7_baseline_035.pdb,108,107,1.4470096,True,True,False
9NH7,baseline,9NH7_baseline_035.pdb,109,108,1.5917667,True,True,False
9NH7,baseline,9NH7_baseline_035.pdb,110,109,2.1359088,False,True,False
9NH7,baseline,9NH7_baseline_036.pdb,27,26,3.7242837,False,False,False
9NH7,baseline,9NH7_baseline_036.pdb,28,27,2.9484177,False,True,False
9NH7,baseline,9NH7_baseline_036.pdb,30,29,3.8605263,False,False,False
9NH7,baseline,9NH7_baseline_036.pdb,31,30,0.954745,True,True,False
9NH7,baseline,9NH7_baseline_036.pdb,99,98,0.9140623,True,True,False
9NH7,baseline,9NH7_baseline_036.pdb,100,99,0.98345697,True,True,False
9NH7,baseline,9NH7_baseline_036.pdb,101,100,1.1359259,True,True,False
9NH7,baseline,9NH7_baseline_036.pdb,102,101,0.8058971,True,True,False
9NH7,baseline,9NH7_baseline_036.pdb,103,102,0.8071212,True,True,False
9NH7,baseline,9NH7_baseline_036.pdb,105,104,0.6358813,True,True,False
9NH7,baseline,9NH7_baseline_036.pdb,106,105,1.4277889,True,True,False
9NH7,baseline,9NH7_baseline_036.pdb,107,106,1.2422775,True,True,False
9NH7,baseline,9NH7_baseline_036.pdb,108,107,0.83429205,True,True,False
9NH7,baseline,9NH7_baseline_036.pdb,109,108,1.0507033,True,True,False
9NH7,baseline,9NH7_baseline_036.pdb,110,109,1.4088817,True,True,False
9NH7,baseline,9NH7_baseline_037.pdb,27,26,4.5910935,False,False,False
9NH7,baseline,9NH7_baseline_037.pdb,28,27,5.175189,False,False,False
9NH7,baseline,9NH7_baseline_037.pdb,30,29,4.4017706,False,False,False
9NH7,baseline,9NH7_baseline_037.pdb,31,30,2.339522,False,True,False
9NH7,baseline,9NH7_baseline_037.pdb,99,98,1.4316269,True,True,False
9NH7,baseline,9NH7_baseline_037.pdb,100,99,1.7254778,True,True,False
9NH7,baseline,9NH7_baseline_037.pdb,101,100,1.5394455,True,True,False
9NH7,baseline,9NH7_baseline_037.pdb,102,101,0.38766778,True,True,False
9NH7,baseline,9NH7_baseline_037.pdb,103,102,1.0653813,True,True,False
9NH7,baseline,9NH7_baseline_037.pdb,105,104,0.9327588,True,True,False
9NH7,baseline,9NH7_baseline_037.pdb,106,105,1.8393792,True,True,False
9NH7,baseline,9NH7_baseline_037.pdb,107,106,1.588019,True,True,False
9NH7,baseline,9NH7_baseline_037.pdb,108,107,1.1171892,True,True,False
9NH7,baseline,9NH7_baseline_037.pdb,109,108,1.5240874,True,True,False
9NH7,baseline,9NH7_baseline_037.pdb,110,109,2.1791375,False,True,False
9NH7,baseline,9NH7_baseline_038.pdb,27,26,4.5798497,False,False,False
9NH7,baseline,9NH7_baseline_038.pdb,28,27,5.0873427,False,False,False
9NH7,baseline,9NH7_baseline_038.pdb,30,29,4.341161,False,False,False
9NH7,baseline,9NH7_baseline_038.pdb,31,30,2.1069727,False,True,False
9NH7,baseline,9NH7_baseline_038.pdb,99,98,1.461659,True,True,False
9NH7,baseline,9NH7_baseline_038.pdb,100,99,1.6666375,True,True,False
9NH7,baseline,9NH7_baseline_038.pdb,101,100,1.3766248,True,True,False
9NH7,baseline,9NH7_baseline_038.pdb,102,101,0.55371416,True,True,False
9NH7,baseline,9NH7_baseline_038.pdb,103,102,1.1042374,True,True,False
9NH7,baseline,9NH7_baseline_038.pdb,105,104,1.1635916,True,True,False
9NH7,baseline,9NH7_baseline_038.pdb,106,105,2.1565337,False,True,False
9NH7,baseline,9NH7_baseline_038.pdb,107,106,1.5903789,True,True,False
9NH7,baseline,9NH7_baseline_038.pdb,108,107,1.0936356,True,True,False
9NH7,baseline,9NH7_baseline_038.pdb,109,108,1.5629382,True,True,False
9NH7,baseline,9NH7_baseline_038.pdb,110,109,2.2237682,False,True,False
9NH7,baseline,9NH7_baseline_039.pdb,27,26,4.4057436,False,False,False
9NH7,baseline,9NH7_baseline_039.pdb,28,27,4.93777,False,False,False
9NH7,baseline,9NH7_baseline_039.pdb,30,29,4.1811833,False,False,False
9NH7,baseline,9NH7_baseline_039.pdb,31,30,1.9770592,True,True,False
9NH7,baseline,9NH7_baseline_039.pdb,99,98,1.231751,True,True,False
9NH7,baseline,9NH7_baseline_039.pdb,100,99,1.4209949,True,True,False
9NH7,baseline,9NH7_baseline_039.pdb,101,100,1.2460293,True,True,False
9NH7,baseline,9NH7_baseline_039.pdb,102,101,0.5215147,True,True,False
9NH7,baseline,9NH7_baseline_039.pdb,103,102,0.7639016,True,True,False
9NH7,baseline,9NH7_baseline_039.pdb,105,104,0.75239646,True,True,False
9NH7,baseline,9NH7_baseline_039.pdb,106,105,1.5288002,True,True,False
9NH7,baseline,9NH7_baseline_039.pdb,107,106,1.4576486,True,True,False
9NH7,baseline,9NH7_baseline_039.pdb,108,107,1.068016,True,True,False
9NH7,baseline,9NH7_baseline_039.pdb,109,108,1.3024428,True,True,False
9NH7,baseline,9NH7_baseline_039.pdb,110,109,1.6303328,True,True,False
9NH7,baseline,9NH7_baseline_040.pdb,27,26,3.2912354,False,False,False
9NH7,baseline,9NH7_baseline_040.pdb,28,27,2.7759378,False,True,False
9NH7,baseline,9NH7_baseline_040.pdb,30,29,3.7607405,False,False,False
9NH7,baseline,9NH7_baseline_040.pdb,31,30,0.97006726,True,True,False
9NH7,baseline,9NH7_baseline_040.pdb,99,98,1.2727333,True,True,False
9NH7,baseline,9NH7_baseline_040.pdb,100,99,1.4114745,True,True,False
9NH7,baseline,9NH7_baseline_040.pdb,101,100,1.3516232,True,True,False
9NH7,baseline,9NH7_baseline_040.pdb,102,101,0.42703667,True,True,False
9NH7,baseline,9NH7_baseline_040.pdb,103,102,0.72474796,True,True,False
9NH7,baseline,9NH7_baseline_040.pdb,105,104,0.7518187,True,True,False
9NH7,baseline,9NH7_baseline_040.pdb,106,105,1.7026439,True,True,False
9NH7,baseline,9NH7_baseline_040.pdb,107,106,1.5287976,True,True,False
9NH7,baseline,9NH7_baseline_040.pdb,108,107,1.1505657,True,True,False
9NH7,baseline,9NH7_baseline_040.pdb,109,108,1.4765713,True,True,False
9NH7,baseline,9NH7_baseline_040.pdb,110,109,2.1201699,False,True,False
9NH7,baseline,9NH7_baseline_041.pdb,27,26,3.2615986,False,False,False
9NH7,baseline,9NH7_baseline_041.pdb,28,27,2.6849008,False,True,False
9NH7,baseline,9NH7_baseline_041.pdb,30,29,3.7198036,False,False,False
9NH7,baseline,9NH7_baseline_041.pdb,31,30,1.0065902,True,True,False
9NH7,baseline,9NH7_baseline_041.pdb,99,98,1.0419474,True,True,False
9NH7,baseline,9NH7_baseline_041.pdb,100,99,1.1393466,True,True,False
9NH7,baseline,9NH7_baseline_041.pdb,101,100,1.1774315,True,True,False
9NH7,baseline,9NH7_baseline_041.pdb,102,101,0.69774735,True,True,False
9NH7,baseline,9NH7_baseline_041.pdb,103,102,0.68793046,True,True,False
9NH7,baseline,9NH7_baseline_041.pdb,105,104,0.57762265,True,True,False
9NH7,baseline,9NH7_baseline_041.pdb,106,105,1.3830268,True,True,False
9NH7,baseline,9NH7_baseline_041.pdb,107,106,1.2919945,True,True,False
9NH7,baseline,9NH7_baseline_041.pdb,108,107,0.9473479,True,True,False
9NH7,baseline,9NH7_baseline_041.pdb,109,108,1.1592774,True,True,False
9NH7,baseline,9NH7_baseline_041.pdb,110,109,1.696534,True,True,False
9NH7,baseline,9NH7_baseline_042.pdb,27,26,4.4071436,False,False,False
9NH7,baseline,9NH7_baseline_042.pdb,28,27,4.9498897,False,False,False
9NH7,baseline,9NH7_baseline_042.pdb,30,29,4.171075,False,False,False
9NH7,baseline,9NH7_baseline_042.pdb,31,30,1.9067457,True,True,False
9NH7,baseline,9NH7_baseline_042.pdb,99,98,1.2817345,True,True,False
9NH7,baseline,9NH7_baseline_042.pdb,100,99,1.5908537,True,True,False
9NH7,baseline,9NH7_baseline_042.pdb,101,100,1.4690478,True,True,False
9NH7,baseline,9NH7_baseline_042.pdb,102,101,0.69631153,True,True,False
9NH7,baseline,9NH7_baseline_042.pdb,103,102,1.2197875,True,True,False
9NH7,baseline,9NH7_baseline_042.pdb,105,104,1.1170788,True,True,False
9NH7,baseline,9NH7_baseline_042.pdb,106,105,1.8675343,True,True,False
9NH7,baseline,9NH7_baseline_042.pdb,107,106,1.6919194,True,True,False
9NH7,baseline,9NH7_baseline_042.pdb,108,107,1.1940613,True,True,False
9NH7,baseline,9NH7_baseline_042.pdb,109,108,1.4090617,True,True,False
9NH7,baseline,9NH7_baseline_042.pdb,110,109,1.8860774,True,True,False
9NH7,baseline,9NH7_baseline_043.pdb,27,26,3.5770457,False,False,False
9NH7,baseline,9NH7_baseline_043.pdb,28,27,2.829517,False,True,False
9NH7,baseline,9NH7_baseline_043.pdb,30,29,4.039114,False,False,False
9NH7,baseline,9NH7_baseline_043.pdb,31,30,1.1432819,True,True,False
9NH7,baseline,9NH7_baseline_043.pdb,99,98,1.1723531,True,True,False
9NH7,baseline,9NH7_baseline_043.pdb,100,99,1.2870674,True,True,False
9NH7,baseline,9NH7_baseline_043.pdb,101,100,1.3922409,True,True,False
9NH7,baseline,9NH7_baseline_043.pdb,102,101,0.757989,True,True,False
9NH7,baseline,9NH7_baseline_043.pdb,103,102,0.7136593,True,True,False
9NH7,baseline,9NH7_baseline_043.pdb,105,104,0.531655,True,True,False
9NH7,baseline,9NH7_baseline_043.pdb,106,105,1.5862678,True,True,False
9NH7,baseline,9NH7_baseline_043.pdb,107,106,1.3903602,True,True,False
9NH7,baseline,9NH7_baseline_043.pdb,108,107,1.1559889,True,True,False
9NH7,baseline,9NH7_baseline_043.pdb,109,108,1.3801608,True,True,False
9NH7,baseline,9NH7_baseline_043.pdb,110,109,1.9359366,True,True,False
9NH7,baseline,9NH7_baseline_044.pdb,27,26,4.587678,False,False,False
9NH7,baseline,9NH7_baseline_044.pdb,28,27,5.1284647,False,False,False
9NH7,baseline,9NH7_baseline_044.pdb,30,29,4.4606023,False,False,False
9NH7,baseline,9NH7_baseline_044.pdb,31,30,2.122797,False,True,False
9NH7,baseline,9NH7_baseline_044.pdb,99,98,1.2874789,True,True,False
9NH7,baseline,9NH7_baseline_044.pdb,100,99,1.594297,True,True,False
9NH7,baseline,9NH7_baseline_044.pdb,101,100,1.4742081,True,True,False
9NH7,baseline,9NH7_baseline_044.pdb,102,101,0.68179256,True,True,False
9NH7,baseline,9NH7_baseline_044.pdb,103,102,1.3892474,True,True,False
9NH7,baseline,9NH7_baseline_044.pdb,105,104,1.178108,True,True,False
9NH7,baseline,9NH7_baseline_044.pdb,106,105,1.9297084,True,True,False
9NH7,baseline,9NH7_baseline_044.pdb,107,106,1.6445532,True,True,False
9NH7,baseline,9NH7_baseline_044.pdb,108,107,1.0457191,True,True,False
9NH7,baseline,9NH7_baseline_044.pdb,109,108,1.4008578,True,True,False
9NH7,baseline,9NH7_baseline_044.pdb,110,109,2.0160136,False,True,False
9NH7,baseline,9NH7_baseline_045.pdb,27,26,3.0008457,False,False,False
9NH7,baseline,9NH7_baseline_045.pdb,28,27,2.6446538,False,True,False
9NH7,baseline,9NH7_baseline_045.pdb,30,29,3.247149,False,False,False
9NH7,baseline,9NH7_baseline_045.pdb,31,30,1.171879,True,True,False
9NH7,baseline,9NH7_baseline_045.pdb,99,98,1.5391402,True,True,False
9NH7,baseline,9NH7_baseline_045.pdb,100,99,1.9085966,True,True,False
9NH7,baseline,9NH7_baseline_045.pdb,101,100,1.6247923,True,True,False
9NH7,baseline,9NH7_baseline_045.pdb,102,101,0.8420236,True,True,False
9NH7,baseline,9NH7_baseline_045.pdb,103,102,0.73623174,True,True,False
9NH7,baseline,9NH7_baseline_045.pdb,105,104,0.73036397,True,True,False
9NH7,baseline,9NH7_baseline_045.pdb,106,105,1.5851449,True,True,False
9NH7,baseline,9NH7_baseline_045.pdb,107,106,1.6611173,True,True,False
9NH7,baseline,9NH7_baseline_045.pdb,108,107,1.3896425,True,True,False
9NH7,baseline,9NH7_baseline_045.pdb,109,108,1.6403675,True,True,False
9NH7,baseline,9NH7_baseline_045.pdb,110,109,2.2989902,False,True,False
9NH7,baseline,9NH7_baseline_046.pdb,27,26,4.6869426,False,False,False
9NH7,baseline,9NH7_baseline_046.pdb,28,27,5.287917,False,False,False
9NH7,baseline,9NH7_baseline_046.pdb,30,29,4.5219626,False,False,False
9NH7,baseline,9NH7_baseline_046.pdb,31,30,2.3816667,False,True,False
9NH7,baseline,9NH7_baseline_046.pdb,99,98,1.6566145,True,True,False
9NH7,baseline,9NH7_baseline_046.pdb,100,99,2.461074,False,True,False
9NH7,baseline,9NH7_baseline_046.pdb,101,100,3.0222652,False,False,False
9NH7,baseline,9NH7_baseline_046.pdb,102,101,2.581432,False,True,False
9NH7,baseline,9NH7_baseline_046.pdb,103,102,2.8587403,False,True,False
9NH7,baseline,9NH7_baseline_046.pdb,105,104,2.1857111,False,True,False
9NH7,baseline,9NH7_baseline_046.pdb,106,105,2.2898943,False,True,False
9NH7,baseline,9NH7_baseline_046.pdb,107,106,2.216265,False,True,False
9NH7,baseline,9NH7_baseline_046.pdb,108,107,1.9527427,True,True,False
9NH7,baseline,9NH7_baseline_046.pdb,109,108,1.8172995,True,True,False
9NH7,baseline,9NH7_baseline_046.pdb,110,109,2.3689132,False,True,False
9NH7,baseline,9NH7_baseline_047.pdb,27,26,4.183685,False,False,False
9NH7,baseline,9NH7_baseline_047.pdb,28,27,2.253526,False,True,False
9NH7,baseline,9NH7_baseline_047.pdb,30,29,3.9193053,False,False,False
9NH7,baseline,9NH7_baseline_047.pdb,31,30,1.0995181,True,True,False
9NH7,baseline,9NH7_baseline_047.pdb,99,98,0.9764394,True,True,False
9NH7,baseline,9NH7_baseline_047.pdb,100,99,1.0316648,True,True,False
9NH7,baseline,9NH7_baseline_047.pdb,101,100,1.0106082,True,True,False
9NH7,baseline,9NH7_baseline_047.pdb,102,101,0.3537387,True,True,False
9NH7,baseline,9NH7_baseline_047.pdb,103,102,0.5001636,True,True,False
9NH7,baseline,9NH7_baseline_047.pdb,105,104,0.51927423,True,True,False
9NH7,baseline,9NH7_baseline_047.pdb,106,105,1.4042966,True,True,False
9NH7,baseline,9NH7_baseline_047.pdb,107,106,1.1106569,True,True,False
9NH7,baseline,9NH7_baseline_047.pdb,108,107,1.0076317,True,True,False
9NH7,baseline,9NH7_baseline_047.pdb,109,108,1.1598579,True,True,False
9NH7,baseline,9NH7_baseline_047.pdb,110,109,1.5401639,True,True,False
9NH7,baseline,9NH7_baseline_048.pdb,27,26,4.5342317,False,False,False
9NH7,baseline,9NH7_baseline_048.pdb,28,27,5.114834,False,False,False
9NH7,baseline,9NH7_baseline_048.pdb,30,29,4.3315644,False,False,False
9NH7,baseline,9NH7_baseline_048.pdb,31,30,2.1152084,False,True,False
9NH7,baseline,9NH7_baseline_048.pdb,99,98,1.265206,True,True,False
9NH7,baseline,9NH7_baseline_048.pdb,100,99,1.5651124,True,True,False
9NH7,baseline,9NH7_baseline_048.pdb,101,100,1.7610469,True,True,False
9NH7,baseline,9NH7_baseline_048.pdb,102,101,0.52310103,True,True,False
9NH7,baseline,9NH7_baseline_048.pdb,103,102,1.4439088,True,True,False
9NH7,baseline,9NH7_baseline_048.pdb,105,104,1.2351637,True,True,False
9NH7,baseline,9NH7_baseline_048.pdb,106,105,2.050504,False,True,False
9NH7,baseline,9NH7_baseline_048.pdb,107,106,1.8894024,True,True,False
9NH7,baseline,9NH7_baseline_048.pdb,108,107,1.2508205,True,True,False
9NH7,baseline,9NH7_baseline_048.pdb,109,108,1.5406183,True,True,False
9NH7,baseline,9NH7_baseline_048.pdb,110,109,2.333532,False,True,False
9NH7,baseline,9NH7_baseline_049.pdb,27,26,3.341605,False,False,False
9NH7,baseline,9NH7_baseline_049.pdb,28,27,2.6894016,False,True,False
9NH7,baseline,9NH7_baseline_049.pdb,30,29,3.8199832,False,False,False
9NH7,baseline,9NH7_baseline_049.pdb,31,30,1.1181885,True,True,False
9NH7,baseline,9NH7_baseline_049.pdb,99,98,1.1324807,True,True,False
9NH7,baseline,9NH7_baseline_049.pdb,100,99,1.2732737,True,True,False
9NH7,baseline,9NH7_baseline_049.pdb,101,100,1.2687968,True,True,False
9NH7,baseline,9NH7_baseline_049.pdb,102,101,0.73700494,True,True,False
9NH7,baseline,9NH7_baseline_049.pdb,103,102,0.70677125,True,True,False
9NH7,baseline,9NH7_baseline_049.pdb,105,104,0.5931288,True,True,False
9NH7,baseline,9NH7_baseline_049.pdb,106,105,1.4516426,True,True,False
9NH7,baseline,9NH7_baseline_049.pdb,107,106,1.3874419,True,True,False
9NH7,baseline,9NH7_baseline_049.pdb,108,107,1.044681,True,True,False
9NH7,baseline,9NH7_baseline_049.pdb,109,108,1.2501901,True,True,False
9NH7,baseline,9NH7_baseline_049.pdb,110,109,1.8043307,True,True,False
9NH7,baseline,9NH7_baseline_050.pdb,27,26,4.4009924,False,False,False
9NH7,baseline,9NH7_baseline_050.pdb,28,27,2.4949508,False,True,False
9NH7,baseline,9NH7_baseline_050.pdb,30,29,3.92689,False,False,False
9NH7,baseline,9NH7_baseline_050.pdb,31,30,1.052699,True,True,False
9NH7,baseline,9NH7_baseline_050.pdb,99,98,1.2235196,True,True,False
9NH7,baseline,9NH7_baseline_050.pdb,100,99,1.3797672,True,True,False
9NH7,baseline,9NH7_baseline_050.pdb,101,100,1.2789218,True,True,False
9NH7,baseline,9NH7_baseline_050.pdb,102,101,0.5580383,True,True,False
9NH7,baseline,9NH7_baseline_050.pdb,103,102,0.6420165,True,True,False
9NH7,baseline,9NH7_baseline_050.pdb,105,104,0.67103136,True,True,False
9NH7,baseline,9NH7_baseline_050.pdb,106,105,1.504868,True,True,False
9NH7,baseline,9NH7_baseline_050.pdb,107,106,1.3386408,True,True,False
9NH7,baseline,9NH7_baseline_050.pdb,108,107,1.1342921,True,True,False
9NH7,baseline,9NH7_baseline_050.pdb,109,108,1.4092284,True,True,False
9NH7,baseline,9NH7_baseline_050.pdb,110,109,1.9081998,True,True,False
9NH7,baseline,9NH7_baseline_051.pdb,27,26,4.6021395,False,False,False
9NH7,baseline,9NH7_baseline_051.pdb,28,27,5.1449294,False,False,False
9NH7,baseline,9NH7_baseline_051.pdb,30,29,4.429314,False,False,False
9NH7,baseline,9NH7_baseline_051.pdb,31,30,2.1807597,False,True,False
9NH7,baseline,9NH7_baseline_051.pdb,99,98,1.5739034,True,True,False
9NH7,baseline,9NH7_baseline_051.pdb,100,99,2.1417804,False,True,False
9NH7,baseline,9NH7_baseline_051.pdb,101,100,2.3180485,False,True,False
9NH7,baseline,9NH7_baseline_051.pdb,102,101,1.7499552,True,True,False
9NH7,baseline,9NH7_baseline_051.pdb,103,102,2.1447527,False,True,False
9NH7,baseline,9NH7_baseline_051.pdb,105,104,1.8119808,True,True,False
9NH7,baseline,9NH7_baseline_051.pdb,106,105,2.214582,False,True,False
9NH7,baseline,9NH7_baseline_051.pdb,107,106,2.2495158,False,True,False
9NH7,baseline,9NH7_baseline_051.pdb,108,107,1.7526706,True,True,False
9NH7,baseline,9NH7_baseline_051.pdb,109,108,1.7311293,True,True,False
9NH7,baseline,9NH7_baseline_051.pdb,110,109,2.313962,False,True,False
9NH7,baseline,9NH7_baseline_052.pdb,27,26,4.677653,False,False,False
9NH7,baseline,9NH7_baseline_052.pdb,28,27,5.2752504,False,False,False
9NH7,baseline,9NH7_baseline_052.pdb,30,29,4.5023494,False,False,False
9NH7,baseline,9NH7_baseline_052.pdb,31,30,2.3478062,False,True,False
9NH7,baseline,9NH7_baseline_052.pdb,99,98,1.4989716,True,True,False
9NH7,baseline,9NH7_baseline_052.pdb,100,99,2.024645,False,True,False
9NH7,baseline,9NH7_baseline_052.pdb,101,100,2.27477,False,True,False
9NH7,baseline,9NH7_baseline_052.pdb,102,101,1.0930333,True,True,False
9NH7,baseline,9NH7_baseline_052.pdb,103,102,1.8125746,True,True,False
9NH7,baseline,9NH7_baseline_052.pdb,105,104,1.4651203,True,True,False
9NH7,baseline,9NH7_baseline_052.pdb,106,105,2.2259967,False,True,False
9NH7,baseline,9NH7_baseline_052.pdb,107,106,2.1394727,False,True,False
9NH7,baseline,9NH7_baseline_052.pdb,108,107,1.5987667,True,True,False
9NH7,baseline,9NH7_baseline_052.pdb,109,108,1.7511597,True,True,False
9NH7,baseline,9NH7_baseline_052.pdb,110,109,2.509416,False,True,False
9NH7,baseline,9NH7_baseline_053.pdb,27,26,4.654666,False,False,False
9NH7,baseline,9NH7_baseline_053.pdb,28,27,5.260708,False,False,False
9NH7,baseline,9NH7_baseline_053.pdb,30,29,4.462672,False,False,False
9NH7,baseline,9NH7_baseline_053.pdb,31,30,2.3499622,False,True,False
9NH7,baseline,9NH7_baseline_053.pdb,99,98,1.3967029,True,True,False
9NH7,baseline,9NH7_baseline_053.pdb,100,99,1.6511976,True,True,False
9NH7,baseline,9NH7_baseline_053.pdb,101,100,1.5937054,True,True,False
9NH7,baseline,9NH7_baseline_053.pdb,102,101,0.26971197,True,True,False
9NH7,baseline,9NH7_baseline_053.pdb,103,102,1.0756919,True,True,False
9NH7,baseline,9NH7_baseline_053.pdb,105,104,1.0652086,True,True,False
9NH7,baseline,9NH7_baseline_053.pdb,106,105,1.983048,True,True,False
9NH7,baseline,9NH7_baseline_053.pdb,107,106,1.8406869,True,True,False
9NH7,baseline,9NH7_baseline_053.pdb,108,107,1.2302662,True,True,False
9NH7,baseline,9NH7_baseline_053.pdb,109,108,1.6332281,True,True,False
9NH7,baseline,9NH7_baseline_053.pdb,110,109,2.3261685,False,True,False
9NH7,baseline,9NH7_baseline_054.pdb,27,26,2.8819358,False,True,False
9NH7,baseline,9NH7_baseline_054.pdb,28,27,2.1776478,False,True,False
9NH7,baseline,9NH7_baseline_054.pdb,30,29,3.4823449,False,False,False
9NH7,baseline,9NH7_baseline_054.pdb,31,30,1.202168,True,True,False
9NH7,baseline,9NH7_baseline_054.pdb,99,98,1.2743745,True,True,False
9NH7,baseline,9NH7_baseline_054.pdb,100,99,1.4701036,True,True,False
9NH7,baseline,9NH7_baseline_054.pdb,101,100,1.8719876,True,True,False
9NH7,baseline,9NH7_baseline_054.pdb,102,101,1.383312,True,True,False
9NH7,baseline,9NH7_baseline_054.pdb,103,102,0.8920964,True,True,False
9NH7,baseline,9NH7_baseline_054.pdb,105,104,0.82023233,True,True,False
9NH7,baseline,9NH7_baseline_054.pdb,106,105,1.7457486,True,True,False
9NH7,baseline,9NH7_baseline_054.pdb,107,106,1.6873629,True,True,False
9NH7,baseline,9NH7_baseline_054.pdb,108,107,1.1363595,True,True,False
9NH7,baseline,9NH7_baseline_054.pdb,109,108,1.5152303,True,True,False
9NH7,baseline,9NH7_baseline_054.pdb,110,109,2.4055264,False,True,False
9NH7,baseline,9NH7_baseline_055.pdb,27,26,4.60013,False,False,False
9NH7,baseline,9NH7_baseline_055.pdb,28,27,5.1300507,False,False,False
9NH7,baseline,9NH7_baseline_055.pdb,30,29,4.3952956,False,False,False
9NH7,baseline,9NH7_baseline_055.pdb,31,30,2.1781669,False,True,False
9NH7,baseline,9NH7_baseline_055.pdb,99,98,1.7254217,True,True,False
9NH7,baseline,9NH7_baseline_055.pdb,100,99,2.5202699,False,True,False
9NH7,baseline,9NH7_baseline_055.pdb,101,100,2.928094,False,True,False
9NH7,baseline,9NH7_baseline_055.pdb,102,101,2.5761955,False,True,False
9NH7,baseline,9NH7_baseline_055.pdb,103,102,2.9328158,False,True,False
9NH7,baseline,9NH7_baseline_055.pdb,105,104,2.2573845,False,True,False
9NH7,baseline,9NH7_baseline_055.pdb,106,105,2.311495,False,True,False
9NH7,baseline,9NH7_baseline_055.pdb,107,106,2.2434914,False,True,False
9NH7,baseline,9NH7_baseline_055.pdb,108,107,2.0137963,False,True,False
9NH7,baseline,9NH7_baseline_055.pdb,109,108,1.8241454,True,True,False
9NH7,baseline,9NH7_baseline_055.pdb,110,109,2.3178463,False,True,False
9NH7,baseline,9NH7_baseline_056.pdb,27,26,3.3975153,False,False,False
9NH7,baseline,9NH7_baseline_056.pdb,28,27,2.8561742,False,True,False
9NH7,baseline,9NH7_baseline_056.pdb,30,29,3.5365598,False,False,False
9NH7,baseline,9NH7_baseline_056.pdb,31,30,0.8430093,True,True,False
9NH7,baseline,9NH7_baseline_056.pdb,99,98,0.9907361,True,True,False
9NH7,baseline,9NH7_baseline_056.pdb,100,99,1.0127275,True,True,False
9NH7,baseline,9NH7_baseline_056.pdb,101,100,0.90954685,True,True,False
9NH7,baseline,9NH7_baseline_056.pdb,102,101,0.436282,True,True,False
9NH7,baseline,9NH7_baseline_056.pdb,103,102,0.9852797,True,True,False
9NH7,baseline,9NH7_baseline_056.pdb,105,104,1.19518,True,True,False
9NH7,baseline,9NH7_baseline_056.pdb,106,105,1.8713465,True,True,False
9NH7,baseline,9NH7_baseline_056.pdb,107,106,1.3778695,True,True,False
9NH7,baseline,9NH7_baseline_056.pdb,108,107,0.47946963,True,True,False
9NH7,baseline,9NH7_baseline_056.pdb,109,108,1.1369153,True,True,False
9NH7,baseline,9NH7_baseline_056.pdb,110,109,1.7001816,True,True,False
9NH7,baseline,9NH7_baseline_057.pdb,27,26,3.5751073,False,False,False
9NH7,baseline,9NH7_baseline_057.pdb,28,27,2.9539914,False,True,False
9NH7,baseline,9NH7_baseline_057.pdb,30,29,3.8751655,False,False,False
9NH7,baseline,9NH7_baseline_057.pdb,31,30,1.1551999,True,True,False
9NH7,baseline,9NH7_baseline_057.pdb,99,98,0.87768036,True,True,False
9NH7,baseline,9NH7_baseline_057.pdb,100,99,0.9425216,True,True,False
9NH7,baseline,9NH7_baseline_057.pdb,101,100,0.9344049,True,True,False
9NH7,baseline,9NH7_baseline_057.pdb,102,101,0.6810828,True,True,False
9NH7,baseline,9NH7_baseline_057.pdb,103,102,1.2495904,True,True,False
9NH7,baseline,9NH7_baseline_057.pdb,105,104,1.3419311,True,True,False
9NH7,baseline,9NH7_baseline_057.pdb,106,105,1.9472108,True,True,False
9NH7,baseline,9NH7_baseline_057.pdb,107,106,1.3960996,True,True,False
9NH7,baseline,9NH7_baseline_057.pdb,108,107,0.4944887,True,True,False
9NH7,baseline,9NH7_baseline_057.pdb,109,108,1.033141,True,True,False
9NH7,baseline,9NH7_baseline_057.pdb,110,109,1.6633586,True,True,False
9NH7,baseline,9NH7_baseline_058.pdb,27,26,3.0405078,False,False,False
9NH7,baseline,9NH7_baseline_058.pdb,28,27,2.3329513,False,True,False
9NH7,baseline,9NH7_baseline_058.pdb,30,29,3.7433493,False,False,False
9NH7,baseline,9NH7_baseline_058.pdb,31,30,1.1811966,True,True,False
9NH7,baseline,9NH7_baseline_058.pdb,99,98,1.1645277,True,True,False
9NH7,baseline,9NH7_baseline_058.pdb,100,99,1.3008869,True,True,False
9NH7,baseline,9NH7_baseline_058.pdb,101,100,1.4108461,True,True,False
9NH7,baseline,9NH7_baseline_058.pdb,102,101,0.75545794,True,True,False
9NH7,baseline,9NH7_baseline_058.pdb,103,102,0.72746485,True,True,False
9NH7,baseline,9NH7_baseline_058.pdb,105,104,0.6668073,True,True,False
9NH7,baseline,9NH7_baseline_058.pdb,106,105,1.5342381,True,True,False
9NH7,baseline,9NH7_baseline_058.pdb,107,106,1.4095924,True,True,False
9NH7,baseline,9NH7_baseline_058.pdb,108,107,1.0256038,True,True,False
9NH7,baseline,9NH7_baseline_058.pdb,109,108,1.3918561,True,True,False
9NH7,baseline,9NH7_baseline_058.pdb,110,109,2.0323389,False,True,False
9NH7,baseline,9NH7_baseline_059.pdb,27,26,4.6714544,False,False,False
9NH7,baseline,9NH7_baseline_059.pdb,28,27,5.25383,False,False,False
9NH7,baseline,9NH7_baseline_059.pdb,30,29,4.488014,False,False,False
9NH7,baseline,9NH7_baseline_059.pdb,31,30,2.3206139,False,True,False
9NH7,baseline,9NH7_baseline_059.pdb,99,98,1.515493,True,True,False
9NH7,baseline,9NH7_baseline_059.pdb,100,99,1.954182,True,True,False
9NH7,baseline,9NH7_baseline_059.pdb,101,100,1.9013002,True,True,False
9NH7,baseline,9NH7_baseline_059.pdb,102,101,0.741929,True,True,False
9NH7,baseline,9NH7_baseline_059.pdb,103,102,1.550817,True,True,False
9NH7,baseline,9NH7_baseline_059.pdb,105,104,1.409854,True,True,False
9NH7,baseline,9NH7_baseline_059.pdb,106,105,2.196985,False,True,False
9NH7,baseline,9NH7_baseline_059.pdb,107,106,2.0951228,False,True,False
9NH7,baseline,9NH7_baseline_059.pdb,108,107,1.3767129,True,True,False
9NH7,baseline,9NH7_baseline_059.pdb,109,108,1.7084522,True,True,False
9NH7,baseline,9NH7_baseline_059.pdb,110,109,2.3765306,False,True,False
9NH7,baseline,9NH7_baseline_060.pdb,27,26,2.9742541,False,True,False
9NH7,baseline,9NH7_baseline_060.pdb,28,27,2.4217184,False,True,False
9NH7,baseline,9NH7_baseline_060.pdb,30,29,3.6061437,False,False,False
9NH7,baseline,9NH7_baseline_060.pdb,31,30,1.1422381,True,True,False
9NH7,baseline,9NH7_baseline_060.pdb,99,98,1.1441675,True,True,False
9NH7,baseline,9NH7_baseline_060.pdb,100,99,1.2743804,True,True,False
9NH7,baseline,9NH7_baseline_060.pdb,101,100,1.3954557,True,True,False
9NH7,baseline,9NH7_baseline_060.pdb,102,101,0.78382295,True,True,False
9NH7,baseline,9NH7_baseline_060.pdb,103,102,0.7749719,True,True,False
9NH7,baseline,9NH7_baseline_060.pdb,105,104,0.5790766,True,True,False
9NH7,baseline,9NH7_baseline_060.pdb,106,105,1.4413,True,True,False
9NH7,baseline,9NH7_baseline_060.pdb,107,106,1.2605137,True,True,False
9NH7,baseline,9NH7_baseline_060.pdb,108,107,0.98989093,True,True,False
9NH7,baseline,9NH7_baseline_060.pdb,109,108,1.2695224,True,True,False
9NH7,baseline,9NH7_baseline_060.pdb,110,109,1.7911361,True,True,False
9NH7,baseline,9NH7_baseline_061.pdb,27,26,3.5611646,False,False,False
9NH7,baseline,9NH7_baseline_061.pdb,28,27,1.7866068,True,True,False
9NH7,baseline,9NH7_baseline_061.pdb,30,29,5.109104,False,False,False
9NH7,baseline,9NH7_baseline_061.pdb,31,30,2.4046643,False,True,False
9NH7,baseline,9NH7_baseline_061.pdb,99,98,1.2873785,True,True,False
9NH7,baseline,9NH7_baseline_061.pdb,100,99,3.6571746,False,False,False
9NH7,baseline,9NH7_baseline_061.pdb,101,100,7.6791673,False,False,False
9NH7,baseline,9NH7_baseline_061.pdb,102,101,14.211221,False,False,False
9NH7,baseline,9NH7_baseline_061.pdb,103,102,18.726467,False,False,False
9NH7,baseline,9NH7_baseline_061.pdb,105,104,20.505186,False,False,False
9NH7,baseline,9NH7_baseline_061.pdb,106,105,19.09353,False,False,False
9NH7,baseline,9NH7_baseline_061.pdb,107,106,13.0266485,False,False,False
9NH7,baseline,9NH7_baseline_061.pdb,108,107,7.16471,False,False,False
9NH7,baseline,9NH7_baseline_061.pdb,109,108,6.3777432,False,False,False
9NH7,baseline,9NH7_baseline_061.pdb,110,109,2.3310337,False,True,False
9NH7,baseline,9NH7_baseline_062.pdb,27,26,4.119639,False,False,False
9NH7,baseline,9NH7_baseline_062.pdb,28,27,2.3572204,False,True,False
9NH7,baseline,9NH7_baseline_062.pdb,30,29,3.9926124,False,False,False
9NH7,baseline,9NH7_baseline_062.pdb,31,30,1.120105,True,True,False
9NH7,baseline,9NH7_baseline_062.pdb,99,98,0.96369284,True,True,False
9NH7,baseline,9NH7_baseline_062.pdb,100,99,1.008475,True,True,False
9NH7,baseline,9NH7_baseline_062.pdb,101,100,0.9690697,True,True,False
9NH7,baseline,9NH7_baseline_062.pdb,102,101,0.30011347,True,True,False
9NH7,baseline,9NH7_baseline_062.pdb,103,102,0.5174032,True,True,False
9NH7,baseline,9NH7_baseline_062.pdb,105,104,0.542556,True,True,False
9NH7,baseline,9NH7_baseline_062.pdb,106,105,1.3204486,True,True,False
9NH7,baseline,9NH7_baseline_062.pdb,107,106,1.0615201,True,True,False
9NH7,baseline,9NH7_baseline_062.pdb,108,107,0.7941888,True,True,False
9NH7,baseline,9NH7_baseline_062.pdb,109,108,1.1615735,True,True,False
9NH7,baseline,9NH7_baseline_062.pdb,110,109,1.6624975,True,True,False
9NH7,baseline,9NH7_baseline_063.pdb,27,26,4.6738963,False,False,False
9NH7,baseline,9NH7_baseline_063.pdb,28,27,5.2567105,False,False,False
9NH7,baseline,9NH7_baseline_063.pdb,30,29,4.4756765,False,False,False
9NH7,baseline,9NH7_baseline_063.pdb,31,30,2.237408,False,True,False
9NH7,baseline,9NH7_baseline_063.pdb,99,98,1.4106857,True,True,False
9NH7,baseline,9NH7_baseline_063.pdb,100,99,1.7046204,True,True,False
9NH7,baseline,9NH7_baseline_063.pdb,101,100,1.6446656,True,True,False
9NH7,baseline,9NH7_baseline_063.pdb,102,101,0.6544885,True,True,False
9NH7,baseline,9NH7_baseline_063.pdb,103,102,1.5762932,True,True,False
9NH7,baseline,9NH7_baseline_063.pdb,105,104,1.4282445,True,True,False
9NH7,baseline,9NH7_baseline_063.pdb,106,105,2.2517955,False,True,False
9NH7,baseline,9NH7_baseline_063.pdb,107,106,1.7830844,True,True,False
9NH7,baseline,9NH7_baseline_063.pdb,108,107,0.93291146,True,True,False
9NH7,baseline,9NH7_baseline_063.pdb,109,108,1.4964218,True,True,False
9NH7,baseline,9NH7_baseline_063.pdb,110,109,2.2229307,False,True,False
9NH7,baseline,9NH7_baseline_064.pdb,27,26,4.587689,False,False,False
9NH7,baseline,9NH7_baseline_064.pdb,28,27,5.122932,False,False,False
9NH7,baseline,9NH7_baseline_064.pdb,30,29,4.3555994,False,False,False
9NH7,baseline,9NH7_baseline_064.pdb,31,30,2.1252975,False,True,False
9NH7,baseline,9NH7_baseline_064.pdb,99,98,1.4461871,True,True,False
9NH7,baseline,9NH7_baseline_064.pdb,100,99,1.6654825,True,True,False
9NH7,baseline,9NH7_baseline_064.pdb,101,100,1.4197079,True,True,False
9NH7,baseline,9NH7_baseline_064.pdb,102,101,0.68712044,True,True,False
9NH7,baseline,9NH7_baseline_064.pdb,103,102,1.3111625,True,True,False
9NH7,baseline,9NH7_baseline_064.pdb,105,104,1.3508147,True,True,False
9NH7,baseline,9NH7_baseline_064.pdb,106,105,2.1725276,False,True,False
9NH7,baseline,9NH7_baseline_064.pdb,107,106,1.7843012,True,True,False
9NH7,baseline,9NH7_baseline_064.pdb,108,107,0.8590278,True,True,False
9NH7,baseline,9NH7_baseline_064.pdb,109,108,1.5606146,True,True,False
9NH7,baseline,9NH7_baseline_064.pdb,110,109,2.2744398,False,True,False
9NH7,baseline,9NH7_baseline_065.pdb,27,26,4.0493274,False,False,False
9NH7,baseline,9NH7_baseline_065.pdb,28,27,2.854862,False,True,False
9NH7,baseline,9NH7_baseline_065.pdb,30,29,4.062947,False,False,False
9NH7,baseline,9NH7_baseline_065.pdb,31,30,1.002421,True,True,False
9NH7,baseline,9NH7_baseline_065.pdb,99,98,0.86917603,True,True,False
9NH7,baseline,9NH7_baseline_065.pdb,100,99,0.9805096,True,True,False
9NH7,baseline,9NH7_baseline_065.pdb,101,100,1.3320618,True,True,False
9NH7,baseline,9NH7_baseline_065.pdb,102,101,1.1375332,True,True,False
9NH7,baseline,9NH7_baseline_065.pdb,103,102,1.1669844,True,True,False
9NH7,baseline,9NH7_baseline_065.pdb,105,104,0.93232584,True,True,False
9NH7,baseline,9NH7_baseline_065.pdb,106,105,1.5903776,True,True,False
9NH7,baseline,9NH7_baseline_065.pdb,107,106,1.416888,True,True,False
9NH7,baseline,9NH7_baseline_065.pdb,108,107,0.7210744,True,True,False
9NH7,baseline,9NH7_baseline_065.pdb,109,108,1.0716443,True,True,False
9NH7,baseline,9NH7_baseline_065.pdb,110,109,1.5160594,True,True,False
9NH7,baseline,9NH7_baseline_066.pdb,27,26,4.5287614,False,False,False
9NH7,baseline,9NH7_baseline_066.pdb,28,27,5.0533614,False,False,False
9NH7,baseline,9NH7_baseline_066.pdb,30,29,4.3994846,False,False,False
9NH7,baseline,9NH7_baseline_066.pdb,31,30,2.1307034,False,True,False
9NH7,baseline,9NH7_baseline_066.pdb,99,98,1.3527929,True,True,False
9NH7,baseline,9NH7_baseline_066.pdb,100,99,1.8116208,True,True,False
9NH7,baseline,9NH7_baseline_066.pdb,101,100,2.0581007,False,True,False
9NH7,baseline,9NH7_baseline_066.pdb,102,101,1.5019549,True,True,False
9NH7,baseline,9NH7_baseline_066.pdb,103,102,2.1035044,False,True,False
9NH7,baseline,9NH7_baseline_066.pdb,105,104,1.7025657,True,True,False
9NH7,baseline,9NH7_baseline_066.pdb,106,105,2.1221023,False,True,False
9NH7,baseline,9NH7_baseline_066.pdb,107,106,2.0924132,False,True,False
9NH7,baseline,9NH7_baseline_066.pdb,108,107,1.5686607,True,True,False
9NH7,baseline,9NH7_baseline_066.pdb,109,108,1.5202117,True,True,False
9NH7,baseline,9NH7_baseline_066.pdb,110,109,2.1248987,False,True,False
9NH7,baseline,9NH7_baseline_067.pdb,27,26,3.1357226,False,False,False
9NH7,baseline,9NH7_baseline_067.pdb,28,27,2.5478437,False,True,False
9NH7,baseline,9NH7_baseline_067.pdb,30,29,3.8494618,False,False,False
9NH7,baseline,9NH7_baseline_067.pdb,31,30,1.2624106,True,True,False
9NH7,baseline,9NH7_baseline_067.pdb,99,98,1.1049746,True,True,False
9NH7,baseline,9NH7_baseline_067.pdb,100,99,1.2386445,True,True,False
9NH7,baseline,9NH7_baseline_067.pdb,101,100,1.4743737,True,True,False
9NH7,baseline,9NH7_baseline_067.pdb,102,101,1.0748366,True,True,False
9NH7,baseline,9NH7_baseline_067.pdb,103,102,0.70113033,True,True,False
9NH7,baseline,9NH7_baseline_067.pdb,105,104,0.7115402,True,True,False
9NH7,baseline,9NH7_baseline_067.pdb,106,105,1.5423529,True,True,False
9NH7,baseline,9NH7_baseline_067.pdb,107,106,1.4294325,True,True,False
9NH7,baseline,9NH7_baseline_067.pdb,108,107,0.9814649,True,True,False
9NH7,baseline,9NH7_baseline_067.pdb,109,108,1.2706811,True,True,False
9NH7,baseline,9NH7_baseline_067.pdb,110,109,1.8993759,True,True,False
9NH7,baseline,9NH7_baseline_068.pdb,27,26,3.7032094,False,False,False
9NH7,baseline,9NH7_baseline_068.pdb,28,27,3.4685824,False,False,False
9NH7,baseline,9NH7_baseline_068.pdb,30,29,5.506725,False,False,False
9NH7,baseline,9NH7_baseline_068.pdb,31,30,3.1027873,False,False,False
9NH7,baseline,9NH7_baseline_068.pdb,99,98,0.9316666,True,True,False
9NH7,baseline,9NH7_baseline_068.pdb,100,99,2.94499,False,True,False
9NH7,baseline,9NH7_baseline_068.pdb,101,100,4.0526123,False,False,False
9NH7,baseline,9NH7_baseline_068.pdb,102,101,4.194778,False,False,False
9NH7,baseline,9NH7_baseline_068.pdb,103,102,3.9935434,False,False,False
9NH7,baseline,9NH7_baseline_068.pdb,105,104,2.158082,False,True,False
9NH7,baseline,9NH7_baseline_068.pdb,106,105,1.8048369,True,True,False
9NH7,baseline,9NH7_baseline_068.pdb,107,106,1.4166214,True,True,False
9NH7,baseline,9NH7_baseline_068.pdb,108,107,1.5343189,True,True,False
9NH7,baseline,9NH7_baseline_068.pdb,109,108,1.0983374,True,True,False
9NH7,baseline,9NH7_baseline_068.pdb,110,109,1.0229049,True,True,False
9NH7,baseline,9NH7_baseline_069.pdb,27,26,3.4153185,False,False,False
9NH7,baseline,9NH7_baseline_069.pdb,28,27,2.6675684,False,True,False
9NH7,baseline,9NH7_baseline_069.pdb,30,29,3.8033876,False,False,False
9NH7,baseline,9NH7_baseline_069.pdb,31,30,1.1225594,True,True,False
9NH7,baseline,9NH7_baseline_069.pdb,99,98,1.0728455,True,True,False
9NH7,baseline,9NH7_baseline_069.pdb,100,99,1.1855414,True,True,False
9NH7,baseline,9NH7_baseline_069.pdb,101,100,1.1607375,True,True,False
9NH7,baseline,9NH7_baseline_069.pdb,102,101,0.7100275,True,True,False
9NH7,baseline,9NH7_baseline_069.pdb,103,102,0.69023764,True,True,False
9NH7,baseline,9NH7_baseline_069.pdb,105,104,0.5617218,True,True,False
9NH7,baseline,9NH7_baseline_069.pdb,106,105,1.3778666,True,True,False
9NH7,baseline,9NH7_baseline_069.pdb,107,106,1.3049557,True,True,False
9NH7,baseline,9NH7_baseline_069.pdb,108,107,0.9739783,True,True,False
9NH7,baseline,9NH7_baseline_069.pdb,109,108,1.1882746,True,True,False
9NH7,baseline,9NH7_baseline_069.pdb,110,109,1.7607962,True,True,False
9NH7,baseline,9NH7_baseline_070.pdb,27,26,4.741037,False,False,False
9NH7,baseline,9NH7_baseline_070.pdb,28,27,5.315345,False,False,False
9NH7,baseline,9NH7_baseline_070.pdb,30,29,4.545183,False,False,False
9NH7,baseline,9NH7_baseline_070.pdb,31,30,2.3352704,False,True,False
9NH7,baseline,9NH7_baseline_070.pdb,99,98,1.6190097,True,True,False
9NH7,baseline,9NH7_baseline_070.pdb,100,99,2.208607,False,True,False
9NH7,baseline,9NH7_baseline_070.pdb,101,100,2.3979664,False,True,False
9NH7,baseline,9NH7_baseline_070.pdb,102,101,1.2669148,True,True,False
9NH7,baseline,9NH7_baseline_070.pdb,103,102,2.168025,False,True,False
9NH7,baseline,9NH7_baseline_070.pdb,105,104,1.7796437,True,True,False
9NH7,baseline,9NH7_baseline_070.pdb,106,105,2.4200647,False,True,False
9NH7,baseline,9NH7_baseline_070.pdb,107,106,2.2983115,False,True,False
9NH7,baseline,9NH7_baseline_070.pdb,108,107,1.4519982,True,True,False
9NH7,baseline,9NH7_baseline_070.pdb,109,108,1.6985332,True,True,False
9NH7,baseline,9NH7_baseline_070.pdb,110,109,2.5762556,False,True,False
9NH7,baseline,9NH7_baseline_071.pdb,27,26,3.334068,False,False,False
9NH7,baseline,9NH7_baseline_071.pdb,28,27,2.622388,False,True,False
9NH7,baseline,9NH7_baseline_071.pdb,30,29,3.836897,False,False,False
9NH7,baseline,9NH7_baseline_071.pdb,31,30,1.1581653,True,True,False
9NH7,baseline,9NH7_baseline_071.pdb,99,98,0.8870097,True,True,False
9NH7,baseline,9NH7_baseline_071.pdb,100,99,0.9730805,True,True,False
9NH7,baseline,9NH7_baseline_071.pdb,101,100,1.0068996,True,True,False
9NH7,baseline,9NH7_baseline_071.pdb,102,101,0.74572384,True,True,False
9NH7,baseline,9NH7_baseline_071.pdb,103,102,1.3707671,True,True,False
9NH7,baseline,9NH7_baseline_071.pdb,105,104,1.408148,True,True,False
9NH7,baseline,9NH7_baseline_071.pdb,106,105,2.0032604,False,True,False
9NH7,baseline,9NH7_baseline_071.pdb,107,106,1.4961036,True,True,False
9NH7,baseline,9NH7_baseline_071.pdb,108,107,0.5681102,True,True,False
9NH7,baseline,9NH7_baseline_071.pdb,109,108,1.0599089,True,True,False
9NH7,baseline,9NH7_baseline_071.pdb,110,109,1.7104242,True,True,False
9NH7,baseline,9NH7_baseline_072.pdb,27,26,3.653734,False,False,False
9NH7,baseline,9NH7_baseline_072.pdb,28,27,2.8607736,False,True,False
9NH7,baseline,9NH7_baseline_072.pdb,30,29,3.8879595,False,False,False
9NH7,baseline,9NH7_baseline_072.pdb,31,30,0.8908188,True,True,False
9NH7,baseline,9NH7_baseline_072.pdb,99,98,1.1135101,True,True,False
9NH7,baseline,9NH7_baseline_072.pdb,100,99,1.2650105,True,True,False
9NH7,baseline,9NH7_baseline_072.pdb,101,100,1.8190858,True,True,False
9NH7,baseline,9NH7_baseline_072.pdb,102,101,1.3740368,True,True,False
9NH7,baseline,9NH7_baseline_072.pdb,103,102,1.0430005,True,True,False
9NH7,baseline,9NH7_baseline_072.pdb,105,104,0.86068493,True,True,False
9NH7,baseline,9NH7_baseline_072.pdb,106,105,1.7573086,True,True,False
9NH7,baseline,9NH7_baseline_072.pdb,107,106,1.6798971,True,True,False
9NH7,baseline,9NH7_baseline_072.pdb,108,107,1.0517902,True,True,False
9NH7,baseline,9NH7_baseline_072.pdb,109,108,1.463655,True,True,False
9NH7,baseline,9NH7_baseline_072.pdb,110,109,2.3221035,False,True,False
9NH7,baseline,9NH7_baseline_073.pdb,27,26,4.527654,False,False,False
9NH7,baseline,9NH7_baseline_073.pdb,28,27,5.052948,False,False,False
9NH7,baseline,9NH7_baseline_073.pdb,30,29,4.3856196,False,False,False
9NH7,baseline,9NH7_baseline_073.pdb,31,30,2.0541213,False,True,False
9NH7,baseline,9NH7_baseline_073.pdb,99,98,1.2876916,True,True,False
9NH7,baseline,9NH7_baseline_073.pdb,100,99,1.7632318,True,True,False
9NH7,baseline,9NH7_baseline_073.pdb,101,100,2.153513,False,True,False
9NH7,baseline,9NH7_baseline_073.pdb,102,101,2.081732,False,True,False
9NH7,baseline,9NH7_baseline_073.pdb,103,102,2.6785717,False,True,False
9NH7,baseline,9NH7_baseline_073.pdb,105,104,2.0368674,False,True,False
9NH7,baseline,9NH7_baseline_073.pdb,106,105,2.0684361,False,True,False
9NH7,baseline,9NH7_baseline_073.pdb,107,106,2.1664016,False,True,False
9NH7,baseline,9NH7_baseline_073.pdb,108,107,1.5046945,True,True,False
9NH7,baseline,9NH7_baseline_073.pdb,109,108,1.472214,True,True,False
9NH7,baseline,9NH7_baseline_073.pdb,110,109,2.0014107,False,True,False
9NH7,baseline,9NH7_baseline_074.pdb,27,26,3.0498776,False,False,False
9NH7,baseline,9NH7_baseline_074.pdb,28,27,2.5211492,False,True,False
9NH7,baseline,9NH7_baseline_074.pdb,30,29,3.525745,False,False,False
9NH7,baseline,9NH7_baseline_074.pdb,31,30,0.95859927,True,True,False
9NH7,baseline,9NH7_baseline_074.pdb,99,98,0.99915725,True,True,False
9NH7,baseline,9NH7_baseline_074.pdb,100,99,1.1101093,True,True,False
9NH7,baseline,9NH7_baseline_074.pdb,101,100,1.2449654,True,True,False
9NH7,baseline,9NH7_baseline_074.pdb,102,101,0.8692794,True,True,False
9NH7,baseline,9NH7_baseline_074.pdb,103,102,0.6604983,True,True,False
9NH7,baseline,9NH7_baseline_074.pdb,105,104,0.82066333,True,True,False
9NH7,baseline,9NH7_baseline_074.pdb,106,105,1.5253978,True,True,False
9NH7,baseline,9NH7_baseline_074.pdb,107,106,1.5019097,True,True,False
9NH7,baseline,9NH7_baseline_074.pdb,108,107,0.9669505,True,True,False
9NH7,baseline,9NH7_baseline_074.pdb,109,108,1.2018176,True,True,False
9NH7,baseline,9NH7_baseline_074.pdb,110,109,1.9153696,True,True,False
9NH7,baseline,9NH7_baseline_075.pdb,27,26,3.3388584,False,False,False
9NH7,baseline,9NH7_baseline_075.pdb,28,27,2.6178188,False,True,False
9NH7,baseline,9NH7_baseline_075.pdb,30,29,4.0668116,False,False,False
9NH7,baseline,9NH7_baseline_075.pdb,31,30,1.5023255,True,True,False
9NH7,baseline,9NH7_baseline_075.pdb,99,98,0.98355937,True,True,False
9NH7,baseline,9NH7_baseline_075.pdb,100,99,1.0748225,True,True,False
9NH7,baseline,9NH7_baseline_075.pdb,101,100,1.1510451,True,True,False
9NH7,baseline,9NH7_baseline_075.pdb,102,101,0.95378196,True,True,False
9NH7,baseline,9NH7_baseline_075.pdb,103,102,1.4605141,True,True,False
9NH7,baseline,9NH7_baseline_075.pdb,105,104,1.4350237,True,True,False
9NH7,baseline,9NH7_baseline_075.pdb,106,105,1.9884602,True,True,False
9NH7,baseline,9NH7_baseline_075.pdb,107,106,1.5252334,True,True,False
9NH7,baseline,9NH7_baseline_075.pdb,108,107,0.6392512,True,True,False
9NH7,baseline,9NH7_baseline_075.pdb,109,108,0.9767673,True,True,False
9NH7,baseline,9NH7_baseline_075.pdb,110,109,1.4981532,True,True,False
9NH7,baseline,9NH7_baseline_076.pdb,27,26,3.4777796,False,False,False
9NH7,baseline,9NH7_baseline_076.pdb,28,27,3.0024264,False,False,False
9NH7,baseline,9NH7_baseline_076.pdb,30,29,3.618097,False,False,False
9NH7,baseline,9NH7_baseline_076.pdb,31,30,0.8738147,True,True,False
9NH7,baseline,9NH7_baseline_076.pdb,99,98,1.3188839,True,True,False
9NH7,baseline,9NH7_baseline_076.pdb,100,99,1.4396216,True,True,False
9NH7,baseline,9NH7_baseline_076.pdb,101,100,1.253342,True,True,False
9NH7,baseline,9NH7_baseline_076.pdb,102,101,0.31248474,True,True,False
9NH7,baseline,9NH7_baseline_076.pdb,103,102,0.64059305,True,True,False
9NH7,baseline,9NH7_baseline_076.pdb,105,104,0.8179469,True,True,False
9NH7,baseline,9NH7_baseline_076.pdb,106,105,1.9025775,True,True,False
9NH7,baseline,9NH7_baseline_076.pdb,107,106,1.3169543,True,True,False
9NH7,baseline,9NH7_baseline_076.pdb,108,107,1.0779307,True,True,False
9NH7,baseline,9NH7_baseline_076.pdb,109,108,1.4825974,True,True,False
9NH7,baseline,9NH7_baseline_076.pdb,110,109,2.0143213,False,True,False
9NH7,baseline,9NH7_baseline_077.pdb,27,26,3.0470397,False,False,False
9NH7,baseline,9NH7_baseline_077.pdb,28,27,2.582276,False,True,False
9NH7,baseline,9NH7_baseline_077.pdb,30,29,3.4698577,False,False,False
9NH7,baseline,9NH7_baseline_077.pdb,31,30,1.0726327,True,True,False
9NH7,baseline,9NH7_baseline_077.pdb,99,98,1.1047298,True,True,False
9NH7,baseline,9NH7_baseline_077.pdb,100,99,1.2539017,True,True,False
9NH7,baseline,9NH7_baseline_077.pdb,101,100,1.3962638,True,True,False
9NH7,baseline,9NH7_baseline_077.pdb,102,101,0.8737257,True,True,False
9NH7,baseline,9NH7_baseline_077.pdb,103,102,0.87838936,True,True,False
9NH7,baseline,9NH7_baseline_077.pdb,105,104,0.69796693,True,True,False
9NH7,baseline,9NH7_baseline_077.pdb,106,105,1.5587705,True,True,False
9NH7,baseline,9NH7_baseline_077.pdb,107,106,1.3369186,True,True,False
9NH7,baseline,9NH7_baseline_077.pdb,108,107,0.9013248,True,True,False
9NH7,baseline,9NH7_baseline_077.pdb,109,108,1.25755,True,True,False
9NH7,baseline,9NH7_baseline_077.pdb,110,109,1.8358675,True,True,False
9NH7,baseline,9NH7_baseline_078.pdb,27,26,3.486778,False,False,False
9NH7,baseline,9NH7_baseline_078.pdb,28,27,2.9686239,False,True,False
9NH7,baseline,9NH7_baseline_078.pdb,30,29,3.7773938,False,False,False
9NH7,baseline,9NH7_baseline_078.pdb,31,30,1.1700461,True,True,False
9NH7,baseline,9NH7_baseline_078.pdb,99,98,0.9742707,True,True,False
9NH7,baseline,9NH7_baseline_078.pdb,100,99,1.0933979,True,True,False
9NH7,baseline,9NH7_baseline_078.pdb,101,100,1.2133186,True,True,False
9NH7,baseline,9NH7_baseline_078.pdb,102,101,0.5393385,True,True,False
9NH7,baseline,9NH7_baseline_078.pdb,103,102,0.69104004,True,True,False
9NH7,baseline,9NH7_baseline_078.pdb,105,104,0.7287853,True,True,False
9NH7,baseline,9NH7_baseline_078.pdb,106,105,1.452769,True,True,False
9NH7,baseline,9NH7_baseline_078.pdb,107,106,1.4232138,True,True,False
9NH7,baseline,9NH7_baseline_078.pdb,108,107,0.95297945,True,True,False
9NH7,baseline,9NH7_baseline_078.pdb,109,108,1.0833637,True,True,False
9NH7,baseline,9NH7_baseline_078.pdb,110,109,1.4398812,True,True,False
9NH7,baseline,9NH7_baseline_079.pdb,27,26,3.5358994,False,False,False
9NH7,baseline,9NH7_baseline_079.pdb,28,27,3.4293556,False,False,False
9NH7,baseline,9NH7_baseline_079.pdb,30,29,3.5874712,False,False,False
9NH7,baseline,9NH7_baseline_079.pdb,31,30,1.2035941,True,True,False
9NH7,baseline,9NH7_baseline_079.pdb,99,98,1.3580594,True,True,False
9NH7,baseline,9NH7_baseline_079.pdb,100,99,1.5772314,True,True,False
9NH7,baseline,9NH7_baseline_079.pdb,101,100,1.3613098,True,True,False
9NH7,baseline,9NH7_baseline_079.pdb,102,101,0.34982115,True,True,False
9NH7,baseline,9NH7_baseline_079.pdb,103,102,0.78330153,True,True,False
9NH7,baseline,9NH7_baseline_079.pdb,105,104,0.89848626,True,True,False
9NH7,baseline,9NH7_baseline_079.pdb,106,105,1.8365883,True,True,False
9NH7,baseline,9NH7_baseline_079.pdb,107,106,1.2841791,True,True,False
9NH7,baseline,9NH7_baseline_079.pdb,108,107,0.7870055,True,True,False
9NH7,baseline,9NH7_baseline_079.pdb,109,108,1.3535618,True,True,False
9NH7,baseline,9NH7_baseline_079.pdb,110,109,1.6972098,True,True,False
9NH7,baseline,9NH7_baseline_080.pdb,27,26,4.659211,False,False,False
9NH7,baseline,9NH7_baseline_080.pdb,28,27,5.2374663,False,False,False
9NH7,baseline,9NH7_baseline_080.pdb,30,29,4.468109,False,False,False
9NH7,baseline,9NH7_baseline_080.pdb,31,30,2.3230553,False,True,False
9NH7,baseline,9NH7_baseline_080.pdb,99,98,1.5269856,True,True,False
9NH7,baseline,9NH7_baseline_080.pdb,100,99,1.8946326,True,True,False
9NH7,baseline,9NH7_baseline_080.pdb,101,100,1.8278481,True,True,False
9NH7,baseline,9NH7_baseline_080.pdb,102,101,0.65238416,True,True,False
9NH7,baseline,9NH7_baseline_080.pdb,103,102,1.2602248,True,True,False
9NH7,baseline,9NH7_baseline_080.pdb,105,104,1.2007538,True,True,False
9NH7,baseline,9NH7_baseline_080.pdb,106,105,2.2464619,False,True,False
9NH7,baseline,9NH7_baseline_080.pdb,107,106,2.0343592,False,True,False
9NH7,baseline,9NH7_baseline_080.pdb,108,107,1.5713277,True,True,False
9NH7,baseline,9NH7_baseline_080.pdb,109,108,1.7136276,True,True,False
9NH7,baseline,9NH7_baseline_080.pdb,110,109,2.340091,False,True,False
9NH7,baseline,9NH7_baseline_081.pdb,27,26,3.4790015,False,False,False
9NH7,baseline,9NH7_baseline_081.pdb,28,27,3.2706525,False,False,False
9NH7,baseline,9NH7_baseline_081.pdb,30,29,3.718704,False,False,False
9NH7,baseline,9NH7_baseline_081.pdb,31,30,1.4897314,True,True,False
9NH7,baseline,9NH7_baseline_081.pdb,99,98,1.1378988,True,True,False
9NH7,baseline,9NH7_baseline_081.pdb,100,99,1.3188397,True,True,False
9NH7,baseline,9NH7_baseline_081.pdb,101,100,1.4577789,True,True,False
9NH7,baseline,9NH7_baseline_081.pdb,102,101,0.58944696,True,True,False
9NH7,baseline,9NH7_baseline_081.pdb,103,102,1.1028496,True,True,False
9NH7,baseline,9NH7_baseline_081.pdb,105,104,0.99767643,True,True,False
9NH7,baseline,9NH7_baseline_081.pdb,106,105,1.8191063,True,True,False
9NH7,baseline,9NH7_baseline_081.pdb,107,106,1.6334672,True,True,False
9NH7,baseline,9NH7_baseline_081.pdb,108,107,1.0301301,True,True,False
9NH7,baseline,9NH7_baseline_081.pdb,109,108,1.3665923,True,True,False
9NH7,baseline,9NH7_baseline_081.pdb,110,109,1.9984028,True,True,False
9NH7,baseline,9NH7_baseline_082.pdb,27,26,4.667738,False,False,False
9NH7,baseline,9NH7_baseline_082.pdb,28,27,5.2745943,False,False,False
9NH7,baseline,9NH7_baseline_082.pdb,30,29,4.3764653,False,False,False
9NH7,baseline,9NH7_baseline_082.pdb,31,30,2.356305,False,True,False
9NH7,baseline,9NH7_baseline_082.pdb,99,98,1.5230141,True,True,False
9NH7,baseline,9NH7_baseline_082.pdb,100,99,1.8401703,True,True,False
9NH7,baseline,9NH7_baseline_082.pdb,101,100,1.7828903,True,True,False
9NH7,baseline,9NH7_baseline_082.pdb,102,101,0.9021022,True,True,False
9NH7,baseline,9NH7_baseline_082.pdb,103,102,1.1800689,True,True,False
9NH7,baseline,9NH7_baseline_082.pdb,105,104,1.2487231,True,True,False
9NH7,baseline,9NH7_baseline_082.pdb,106,105,1.9997919,True,True,False
9NH7,baseline,9NH7_baseline_082.pdb,107,106,2.0438612,False,True,False
9NH7,baseline,9NH7_baseline_082.pdb,108,107,1.5554112,True,True,False
9NH7,baseline,9NH7_baseline_082.pdb,109,108,1.6891086,True,True,False
9NH7,baseline,9NH7_baseline_082.pdb,110,109,2.2863016,False,True,False
9NH7,baseline,9NH7_baseline_083.pdb,27,26,3.326194,False,False,False
9NH7,baseline,9NH7_baseline_083.pdb,28,27,2.7124293,False,True,False
9NH7,baseline,9NH7_baseline_083.pdb,30,29,3.7155747,False,False,False
9NH7,baseline,9NH7_baseline_083.pdb,31,30,1.0774622,True,True,False
9NH7,baseline,9NH7_baseline_083.pdb,99,98,1.1813474,True,True,False
9NH7,baseline,9NH7_baseline_083.pdb,100,99,1.360923,True,True,False
9NH7,baseline,9NH7_baseline_083.pdb,101,100,1.3856927,True,True,False
9NH7,baseline,9NH7_baseline_083.pdb,102,101,0.80834633,True,True,False
9NH7,baseline,9NH7_baseline_083.pdb,103,102,0.7425191,True,True,False
9NH7,baseline,9NH7_baseline_083.pdb,105,104,0.5678404,True,True,False
9NH7,baseline,9NH7_baseline_083.pdb,106,105,1.6006576,True,True,False
9NH7,baseline,9NH7_baseline_083.pdb,107,106,1.3968374,True,True,False
9NH7,baseline,9NH7_baseline_083.pdb,108,107,1.1796818,True,True,False
9NH7,baseline,9NH7_baseline_083.pdb,109,108,1.34479,True,True,False
9NH7,baseline,9NH7_baseline_083.pdb,110,109,1.8671393,True,True,False
9NH7,baseline,9NH7_baseline_084.pdb,27,26,4.1432343,False,False,False
9NH7,baseline,9NH7_baseline_084.pdb,28,27,2.4706986,False,True,False
9NH7,baseline,9NH7_baseline_084.pdb,30,29,3.9612198,False,False,False
9NH7,baseline,9NH7_baseline_084.pdb,31,30,1.1321224,True,True,False
9NH7,baseline,9NH7_baseline_084.pdb,99,98,1.0157268,True,True,False
9NH7,baseline,9NH7_baseline_084.pdb,100,99,1.0741129,True,True,False
9NH7,baseline,9NH7_baseline_084.pdb,101,100,0.9813116,True,True,False
9NH7,baseline,9NH7_baseline_084.pdb,102,101,0.21477532,True,True,False
9NH7,baseline,9NH7_baseline_084.pdb,103,102,0.60615146,True,True,False
9NH7,baseline,9NH7_baseline_084.pdb,105,104,0.659188,True,True,False
9NH7,baseline,9NH7_baseline_084.pdb,106,105,1.3961372,True,True,False
9NH7,baseline,9NH7_baseline_084.pdb,107,106,1.1788936,True,True,False
9NH7,baseline,9NH7_baseline_084.pdb,108,107,0.8212037,True,True,False
9NH7,baseline,9NH7_baseline_084.pdb,109,108,1.2522333,True,True,False
9NH7,baseline,9NH7_baseline_084.pdb,110,109,1.8059664,True,True,False
9NH7,baseline,9NH7_baseline_085.pdb,27,26,4.62757,False,False,False
9NH7,baseline,9NH7_baseline_085.pdb,28,27,5.1987042,False,False,False
9NH7,baseline,9NH7_baseline_085.pdb,30,29,4.416617,False,False,False
9NH7,baseline,9NH7_baseline_085.pdb,31,30,2.1785197,False,True,False
9NH7,baseline,9NH7_baseline_085.pdb,99,98,1.5317131,True,True,False
9NH7,baseline,9NH7_baseline_085.pdb,100,99,2.0662458,False,True,False
9NH7,baseline,9NH7_baseline_085.pdb,101,100,2.2437596,False,True,False
9NH7,baseline,9NH7_baseline_085.pdb,102,101,1.6459861,True,True,False
9NH7,baseline,9NH7_baseline_085.pdb,103,102,2.0531144,False,True,False
9NH7,baseline,9NH7_baseline_085.pdb,105,104,1.7516781,True,True,False
9NH7,baseline,9NH7_baseline_085.pdb,106,105,2.1865811,False,True,False
9NH7,baseline,9NH7_baseline_085.pdb,107,106,2.2099478,False,True,False
9NH7,baseline,9NH7_baseline_085.pdb,108,107,1.7008611,True,True,False
9NH7,baseline,9NH7_baseline_085.pdb,109,108,1.7029663,True,True,False
9NH7,baseline,9NH7_baseline_085.pdb,110,109,2.29384,False,True,False
9NH7,baseline,9NH7_baseline_086.pdb,27,26,4.570639,False,False,False
9NH7,baseline,9NH7_baseline_086.pdb,28,27,5.1149573,False,False,False
9NH7,baseline,9NH7_baseline_086.pdb,30,29,4.3972006,False,False,False
9NH7,baseline,9NH7_baseline_086.pdb,31,30,2.262686,False,True,False
9NH7,baseline,9NH7_baseline_086.pdb,99,98,1.4978918,True,True,False
9NH7,baseline,9NH7_baseline_086.pdb,100,99,1.8751343,True,True,False
9NH7,baseline,9NH7_baseline_086.pdb,101,100,1.8491439,True,True,False
9NH7,baseline,9NH7_baseline_086.pdb,102,101,0.8483011,True,True,False
9NH7,baseline,9NH7_baseline_086.pdb,103,102,1.2019285,True,True,False
9NH7,baseline,9NH7_baseline_086.pdb,105,104,1.1602075,True,True,False
9NH7,baseline,9NH7_baseline_086.pdb,106,105,1.9509599,True,True,False
9NH7,baseline,9NH7_baseline_086.pdb,107,106,1.920964,True,True,False
9NH7,baseline,9NH7_baseline_086.pdb,108,107,1.4926412,True,True,False
9NH7,baseline,9NH7_baseline_086.pdb,109,108,1.6471277,True,True,False
9NH7,baseline,9NH7_baseline_086.pdb,110,109,2.237394,False,True,False
9NH7,baseline,9NH7_baseline_087.pdb,27,26,4.627506,False,False,False
9NH7,baseline,9NH7_baseline_087.pdb,28,27,5.1957784,False,False,False
9NH7,baseline,9NH7_baseline_087.pdb,30,29,4.3363557,False,False,False
9NH7,baseline,9NH7_baseline_087.pdb,31,30,2.1288097,False,True,False
9NH7,baseline,9NH7_baseline_087.pdb,99,98,1.4303749,True,True,False
9NH7,baseline,9NH7_baseline_087.pdb,100,99,1.6272767,True,True,False
9NH7,baseline,9NH7_baseline_087.pdb,101,100,1.3800408,True,True,False
9NH7,baseline,9NH7_baseline_087.pdb,102,101,0.7025518,True,True,False
9NH7,baseline,9NH7_baseline_087.pdb,103,102,1.2528132,True,True,False
9NH7,baseline,9NH7_baseline_087.pdb,105,104,1.2794222,True,True,False
9NH7,baseline,9NH7_baseline_087.pdb,106,105,2.1740575,False,True,False
9NH7,baseline,9NH7_baseline_087.pdb,107,106,1.6213715,True,True,False
9NH7,baseline,9NH7_baseline_087.pdb,108,107,1.0071845,True,True,False
9NH7,baseline,9NH7_baseline_087.pdb,109,108,1.5132555,True,True,False
9NH7,baseline,9NH7_baseline_087.pdb,110,109,2.2145925,False,True,False
9NH7,baseline,9NH7_baseline_088.pdb,27,26,3.7566264,False,False,False
9NH7,baseline,9NH7_baseline_088.pdb,28,27,2.4921625,False,True,False
9NH7,baseline,9NH7_baseline_088.pdb,30,29,3.8614013,False,False,False
9NH7,baseline,9NH7_baseline_088.pdb,31,30,1.0841036,True,True,False
9NH7,baseline,9NH7_baseline_088.pdb,99,98,1.0102931,True,True,False
9NH7,baseline,9NH7_baseline_088.pdb,100,99,1.1319482,True,True,False
9NH7,baseline,9NH7_baseline_088.pdb,101,100,1.2601352,True,True,False
9NH7,baseline,9NH7_baseline_088.pdb,102,101,0.77174646,True,True,False
9NH7,baseline,9NH7_baseline_088.pdb,103,102,0.75514007,True,True,False
9NH7,baseline,9NH7_baseline_088.pdb,105,104,0.5326742,True,True,False
9NH7,baseline,9NH7_baseline_088.pdb,106,105,1.4929173,True,True,False
9NH7,baseline,9NH7_baseline_088.pdb,107,106,1.2509986,True,True,False
9NH7,baseline,9NH7_baseline_088.pdb,108,107,1.0505791,True,True,False
9NH7,baseline,9NH7_baseline_088.pdb,109,108,1.2129374,True,True,False
9NH7,baseline,9NH7_baseline_088.pdb,110,109,1.68196,True,True,False
9NH7,baseline,9NH7_baseline_089.pdb,27,26,4.6884465,False,False,False
9NH7,baseline,9NH7_baseline_089.pdb,28,27,5.258297,False,False,False
9NH7,baseline,9NH7_baseline_089.pdb,30,29,4.516089,False,False,False
9NH7,baseline,9NH7_baseline_089.pdb,31,30,2.3579218,False,True,False
9NH7,baseline,9NH7_baseline_089.pdb,99,98,1.5899148,True,True,False
9NH7,baseline,9NH7_baseline_089.pdb,100,99,2.1847863,False,True,False
9NH7,baseline,9NH7_baseline_089.pdb,101,100,2.5452347,False,True,False
9NH7,baseline,9NH7_baseline_089.pdb,102,101,2.359317,False,True,False
9NH7,baseline,9NH7_baseline_089.pdb,103,102,3.0886896,False,False,False
9NH7,baseline,9NH7_baseline_089.pdb,105,104,2.1414702,False,True,False
9NH7,baseline,9NH7_baseline_089.pdb,106,105,2.2534873,False,True,False
9NH7,baseline,9NH7_baseline_089.pdb,107,106,2.3707464,False,True,False
9NH7,baseline,9NH7_baseline_089.pdb,108,107,1.817921,True,True,False
9NH7,baseline,9NH7_baseline_089.pdb,109,108,1.8036073,True,True,False
9NH7,baseline,9NH7_baseline_089.pdb,110,109,2.364831,False,True,False
9NH7,baseline,9NH7_baseline_090.pdb,27,26,2.8153913,False,True,False
9NH7,baseline,9NH7_baseline_090.pdb,28,27,2.0958338,False,True,False
9NH7,baseline,9NH7_baseline_090.pdb,30,29,3.3411348,False,False,False
9NH7,baseline,9NH7_baseline_090.pdb,31,30,1.2233931,True,True,False
9NH7,baseline,9NH7_baseline_090.pdb,99,98,1.2313199,True,True,False
9NH7,baseline,9NH7_baseline_090.pdb,100,99,1.3940314,True,True,False
9NH7,baseline,9NH7_baseline_090.pdb,101,100,1.5477365,True,True,False
9NH7,baseline,9NH7_baseline_090.pdb,102,101,1.0942564,True,True,False
9NH7,baseline,9NH7_baseline_090.pdb,103,102,0.94022226,True,True,False
9NH7,baseline,9NH7_baseline_090.pdb,105,104,0.7440067,True,True,False
9NH7,baseline,9NH7_baseline_090.pdb,106,105,1.7150172,True,True,False
9NH7,baseline,9NH7_baseline_090.pdb,107,106,1.5688442,True,True,False
9NH7,baseline,9NH7_baseline_090.pdb,108,107,1.0666426,True,True,False
9NH7,baseline,9NH7_baseline_090.pdb,109,108,1.4544598,True,True,False
9NH7,baseline,9NH7_baseline_090.pdb,110,109,2.2995217,False,True,False
9NH7,baseline,9NH7_baseline_091.pdb,27,26,4.666603,False,False,False
9NH7,baseline,9NH7_baseline_091.pdb,28,27,5.277245,False,False,False
9NH7,baseline,9NH7_baseline_091.pdb,30,29,4.404487,False,False,False
9NH7,baseline,9NH7_baseline_091.pdb,31,30,2.3312914,False,True,False
9NH7,baseline,9NH7_baseline_091.pdb,99,98,1.5953664,True,True,False
9NH7,baseline,9NH7_baseline_091.pdb,100,99,2.1558926,False,True,False
9NH7,baseline,9NH7_baseline_091.pdb,101,100,2.3899262,False,True,False
9NH7,baseline,9NH7_baseline_091.pdb,102,101,1.801436,True,True,False
9NH7,baseline,9NH7_baseline_091.pdb,103,102,2.3146117,False,True,False
9NH7,baseline,9NH7_baseline_091.pdb,105,104,1.8285835,True,True,False
9NH7,baseline,9NH7_baseline_091.pdb,106,105,2.1994112,False,True,False
9NH7,baseline,9NH7_baseline_091.pdb,107,106,2.2185035,False,True,False
9NH7,baseline,9NH7_baseline_091.pdb,108,107,1.799887,True,True,False
9NH7,baseline,9NH7_baseline_091.pdb,109,108,1.7637949,True,True,False
9NH7,baseline,9NH7_baseline_091.pdb,110,109,2.34871,False,True,False
9NH7,baseline,9NH7_baseline_092.pdb,27,26,4.535036,False,False,False
9NH7,baseline,9NH7_baseline_092.pdb,28,27,5.1031737,False,False,False
9NH7,baseline,9NH7_baseline_092.pdb,30,29,4.324343,False,False,False
9NH7,baseline,9NH7_baseline_092.pdb,31,30,2.1634443,False,True,False
9NH7,baseline,9NH7_baseline_092.pdb,99,98,1.398107,True,True,False
9NH7,baseline,9NH7_baseline_092.pdb,100,99,1.8558524,True,True,False
9NH7,baseline,9NH7_baseline_092.pdb,101,100,1.8701272,True,True,False
9NH7,baseline,9NH7_baseline_092.pdb,102,101,0.85841346,True,True,False
9NH7,baseline,9NH7_baseline_092.pdb,103,102,1.5571238,True,True,False
9NH7,baseline,9NH7_baseline_092.pdb,105,104,1.2172037,True,True,False
9NH7,baseline,9NH7_baseline_092.pdb,106,105,2.0738885,False,True,False
9NH7,baseline,9NH7_baseline_092.pdb,107,106,1.7527478,True,True,False
9NH7,baseline,9NH7_baseline_092.pdb,108,107,1.14442,True,True,False
9NH7,baseline,9NH7_baseline_092.pdb,109,108,1.5311637,True,True,False
9NH7,baseline,9NH7_baseline_092.pdb,110,109,2.2335854,False,True,False
9NH7,baseline,9NH7_baseline_093.pdb,27,26,3.5037434,False,False,False
9NH7,baseline,9NH7_baseline_093.pdb,28,27,2.3839378,False,True,False
9NH7,baseline,9NH7_baseline_093.pdb,30,29,3.9179873,False,False,False
9NH7,baseline,9NH7_baseline_093.pdb,31,30,1.131158,True,True,False
9NH7,baseline,9NH7_baseline_093.pdb,99,98,0.94497454,True,True,False
9NH7,baseline,9NH7_baseline_093.pdb,100,99,1.0654552,True,True,False
9NH7,baseline,9NH7_baseline_093.pdb,101,100,1.293391,True,True,False
9NH7,baseline,9NH7_baseline_093.pdb,102,101,1.1296926,True,True,False
9NH7,baseline,9NH7_baseline_093.pdb,103,102,1.0001478,True,True,False
9NH7,baseline,9NH7_baseline_093.pdb,105,104,0.8556654,True,True,False
9NH7,baseline,9NH7_baseline_093.pdb,106,105,1.5997156,True,True,False
9NH7,baseline,9NH7_baseline_093.pdb,107,106,1.4466375,True,True,False
9NH7,baseline,9NH7_baseline_093.pdb,108,107,0.82602346,True,True,False
9NH7,baseline,9NH7_baseline_093.pdb,109,108,1.2328368,True,True,False
9NH7,baseline,9NH7_baseline_093.pdb,110,109,1.9324695,True,True,False
9NH7,baseline,9NH7_baseline_094.pdb,27,26,3.5772192,False,False,False
9NH7,baseline,9NH7_baseline_094.pdb,28,27,2.8473108,False,True,False
9NH7,baseline,9NH7_baseline_094.pdb,30,29,3.7449281,False,False,False
9NH7,baseline,9NH7_baseline_094.pdb,31,30,1.0654383,True,True,False
9NH7,baseline,9NH7_baseline_094.pdb,99,98,1.1022081,True,True,False
9NH7,baseline,9NH7_baseline_094.pdb,100,99,1.2333745,True,True,False
9NH7,baseline,9NH7_baseline_094.pdb,101,100,1.2626219,True,True,False
9NH7,baseline,9NH7_baseline_094.pdb,102,101,0.7876403,True,True,False
9NH7,baseline,9NH7_baseline_094.pdb,103,102,0.69792783,True,True,False
9NH7,baseline,9NH7_baseline_094.pdb,105,104,0.51948386,True,True,False
9NH7,baseline,9NH7_baseline_094.pdb,106,105,1.3607235,True,True,False
9NH7,baseline,9NH7_baseline_094.pdb,107,106,1.3608701,True,True,False
9NH7,baseline,9NH7_baseline_094.pdb,108,107,1.0747995,True,True,False
9NH7,baseline,9NH7_baseline_094.pdb,109,108,1.1980302,True,True,False
9NH7,baseline,9NH7_baseline_094.pdb,110,109,1.590665,True,True,False
9NH7,baseline,9NH7_baseline_095.pdb,27,26,4.59544,False,False,False
9NH7,baseline,9NH7_baseline_095.pdb,28,27,5.1643615,False,False,False
9NH7,baseline,9NH7_baseline_095.pdb,30,29,4.3918996,False,False,False
9NH7,baseline,9NH7_baseline_095.pdb,31,30,2.2753386,False,True,False
9NH7,baseline,9NH7_baseline_095.pdb,99,98,1.4262751,True,True,False
9NH7,baseline,9NH7_baseline_095.pdb,100,99,1.6686337,True,True,False
9NH7,baseline,9NH7_baseline_095.pdb,101,100,1.540452,True,True,False
9NH7,baseline,9NH7_baseline_095.pdb,102,101,0.44284362,True,True,False
9NH7,baseline,9NH7_baseline_095.pdb,103,102,0.8277013,True,True,False
9NH7,baseline,9NH7_baseline_095.pdb,105,104,0.8650345,True,True,False
9NH7,baseline,9NH7_baseline_095.pdb,106,105,1.7667806,True,True,False
9NH7,baseline,9NH7_baseline_095.pdb,107,106,1.7124835,True,True,False
9NH7,baseline,9NH7_baseline_095.pdb,108,107,1.318392,True,True,False
9NH7,baseline,9NH7_baseline_095.pdb,109,108,1.570165,True,True,False
9NH7,baseline,9NH7_baseline_095.pdb,110,109,2.1585805,False,True,False
9NH7,baseline,9NH7_baseline_096.pdb,27,26,3.618144,False,False,False
9NH7,baseline,9NH7_baseline_096.pdb,28,27,2.8009992,False,True,False
9NH7,baseline,9NH7_baseline_096.pdb,30,29,3.7472162,False,False,False
9NH7,baseline,9NH7_baseline_096.pdb,31,30,1.0668662,True,True,False
9NH7,baseline,9NH7_baseline_096.pdb,99,98,0.98262054,True,True,False
9NH7,baseline,9NH7_baseline_096.pdb,100,99,1.0460707,True,True,False
9NH7,baseline,9NH7_baseline_096.pdb,101,100,1.0613731,True,True,False
9NH7,baseline,9NH7_baseline_096.pdb,102,101,0.6351985,True,True,False
9NH7,baseline,9NH7_baseline_096.pdb,103,102,0.65098494,True,True,False
9NH7,baseline,9NH7_baseline_096.pdb,105,104,0.5193069,True,True,False
9NH7,baseline,9NH7_baseline_096.pdb,106,105,1.2917496,True,True,False
9NH7,baseline,9NH7_baseline_096.pdb,107,106,1.1962606,True,True,False
9NH7,baseline,9NH7_baseline_096.pdb,108,107,0.8883297,True,True,False
9NH7,baseline,9NH7_baseline_096.pdb,109,108,1.0678599,True,True,False
9NH7,baseline,9NH7_baseline_096.pdb,110,109,1.5391909,True,True,False
9NH7,baseline,9NH7_baseline_097.pdb,27,26,4.618344,False,False,False
9NH7,baseline,9NH7_baseline_097.pdb,28,27,5.2060947,False,False,False
9NH7,baseline,9NH7_baseline_097.pdb,30,29,4.3991556,False,False,False
9NH7,baseline,9NH7_baseline_097.pdb,31,30,2.1657999,False,True,False
9NH7,baseline,9NH7_baseline_097.pdb,99,98,1.257924,True,True,False
9NH7,baseline,9NH7_baseline_097.pdb,100,99,1.4878021,True,True,False
9NH7,baseline,9NH7_baseline_097.pdb,101,100,1.5772885,True,True,False
9NH7,baseline,9NH7_baseline_097.pdb,102,101,0.5173176,True,True,False
9NH7,baseline,9NH7_baseline_097.pdb,103,102,1.5702591,True,True,False
9NH7,baseline,9NH7_baseline_097.pdb,105,104,1.5063815,True,True,False
9NH7,baseline,9NH7_baseline_097.pdb,106,105,2.2973557,False,True,False
9NH7,baseline,9NH7_baseline_097.pdb,107,106,1.928702,True,True,False
9NH7,baseline,9NH7_baseline_097.pdb,108,107,1.0153985,True,True,False
9NH7,baseline,9NH7_baseline_097.pdb,109,108,1.4922503,True,True,False
9NH7,baseline,9NH7_baseline_097.pdb,110,109,2.3189027,False,True,False
9NH7,baseline,9NH7_baseline_098.pdb,27,26,4.6505575,False,False,False
9NH7,baseline,9NH7_baseline_098.pdb,28,27,5.236956,False,False,False
9NH7,baseline,9NH7_baseline_098.pdb,30,29,4.467808,False,False,False
9NH7,baseline,9NH7_baseline_098.pdb,31,30,2.2687585,False,True,False
9NH7,baseline,9NH7_baseline_098.pdb,99,98,1.3425397,True,True,False
9NH7,baseline,9NH7_baseline_098.pdb,100,99,1.6136558,True,True,False
9NH7,baseline,9NH7_baseline_098.pdb,101,100,1.6790566,True,True,False
9NH7,baseline,9NH7_baseline_098.pdb,102,101,0.49039355,True,True,False
9NH7,baseline,9NH7_baseline_098.pdb,103,102,1.5711752,True,True,False
9NH7,baseline,9NH7_baseline_098.pdb,105,104,1.4752337,True,True,False
9NH7,baseline,9NH7_baseline_098.pdb,106,105,2.3157628,False,True,False
9NH7,baseline,9NH7_baseline_098.pdb,107,106,1.9257069,True,True,False
9NH7,baseline,9NH7_baseline_098.pdb,108,107,1.0479906,True,True,False
9NH7,baseline,9NH7_baseline_098.pdb,109,108,1.552983,True,True,False
9NH7,baseline,9NH7_baseline_098.pdb,110,109,2.368227,False,True,False
9NH7,baseline,9NH7_baseline_099.pdb,27,26,4.670014,False,False,False
9NH7,baseline,9NH7_baseline_099.pdb,28,27,5.262931,False,False,False
9NH7,baseline,9NH7_baseline_099.pdb,30,29,4.4516087,False,False,False
9NH7,baseline,9NH7_baseline_099.pdb,31,30,2.2588348,False,True,False
9NH7,baseline,9NH7_baseline_099.pdb,99,98,1.4272109,True,True,False
9NH7,baseline,9NH7_baseline_099.pdb,100,99,1.7407782,True,True,False
9NH7,baseline,9NH7_baseline_099.pdb,101,100,1.6786091,True,True,False
9NH7,baseline,9NH7_baseline_099.pdb,102,101,0.70366406,True,True,False
9NH7,baseline,9NH7_baseline_099.pdb,103,102,1.5557584,True,True,False
9NH7,baseline,9NH7_baseline_099.pdb,105,104,1.4042481,True,True,False
9NH7,baseline,9NH7_baseline_099.pdb,106,105,2.2592719,False,True,False
9NH7,baseline,9NH7_baseline_099.pdb,107,106,1.7750057,True,True,False
9NH7,baseline,9NH7_baseline_099.pdb,108,107,0.94341344,True,True,False
9NH7,baseline,9NH7_baseline_099.pdb,109,108,1.5376368,True,True,False
9NH7,baseline,9NH7_baseline_099.pdb,110,109,2.2812011,False,True,False
9NH7,baseline,9NH7_baseline_100.pdb,27,26,4.487293,False,False,False
9NH7,baseline,9NH7_baseline_100.pdb,28,27,5.000773,False,False,False
9NH7,baseline,9NH7_baseline_100.pdb,30,29,4.275751,False,False,False
9NH7,baseline,9NH7_baseline_100.pdb,31,30,2.0794117,False,True,False
9NH7,baseline,9NH7_baseline_100.pdb,99,98,1.4806612,True,True,False
9NH7,baseline,9NH7_baseline_100.pdb,100,99,1.9885104,True,True,False
9NH7,baseline,9NH7_baseline_100.pdb,101,100,2.178188,False,True,False
9NH7,baseline,9NH7_baseline_100.pdb,102,101,1.7461822,True,True,False
9NH7,baseline,9NH7_baseline_100.pdb,103,102,2.1573248,False,True,False
9NH7,baseline,9NH7_baseline_100.pdb,105,104,1.7530559,True,True,False
9NH7,baseline,9NH7_baseline_100.pdb,106,105,2.116169,False,True,False
9NH7,baseline,9NH7_baseline_100.pdb,107,106,2.0962956,False,True,False
9NH7,baseline,9NH7_baseline_100.pdb,108,107,1.6097314,True,True,False
9NH7,baseline,9NH7_baseline_100.pdb,109,108,1.6174643,True,True,False
9NH7,baseline,9NH7_baseline_100.pdb,110,109,2.1717577,False,True,False
9NH7,ensemble,9NH7_ensemble_seed000.pdb,27,26,6.8870673,False,False,False
9NH7,ensemble,9NH7_ensemble_seed000.pdb,28,27,5.2736063,False,False,False
9NH7,ensemble,9NH7_ensemble_seed000.pdb,30,29,4.4617114,False,False,False
9NH7,ensemble,9NH7_ensemble_seed000.pdb,31,30,3.1186488,False,False,False
9NH7,ensemble,9NH7_ensemble_seed000.pdb,99,98,0.855473,True,True,False
9NH7,ensemble,9NH7_ensemble_seed000.pdb,100,99,0.87960976,True,True,False
9NH7,ensemble,9NH7_ensemble_seed000.pdb,101,100,0.96676546,True,True,False
9NH7,ensemble,9NH7_ensemble_seed000.pdb,102,101,0.27957514,True,True,False
9NH7,ensemble,9NH7_ensemble_seed000.pdb,103,102,0.8672286,True,True,False
9NH7,ensemble,9NH7_ensemble_seed000.pdb,105,104,1.1007758,True,True,False
9NH7,ensemble,9NH7_ensemble_seed000.pdb,106,105,1.5596459,True,True,False
9NH7,ensemble,9NH7_ensemble_seed000.pdb,107,106,0.64590675,True,True,False
9NH7,ensemble,9NH7_ensemble_seed000.pdb,108,107,0.49570757,True,True,False
9NH7,ensemble,9NH7_ensemble_seed000.pdb,109,108,0.87353957,True,True,False
9NH7,ensemble,9NH7_ensemble_seed000.pdb,110,109,1.3527018,True,True,False
9NH7,ensemble,9NH7_ensemble_seed001.pdb,27,26,5.377149,False,False,False
9NH7,ensemble,9NH7_ensemble_seed001.pdb,28,27,3.347665,False,False,False
9NH7,ensemble,9NH7_ensemble_seed001.pdb,30,29,1.9068478,True,True,False
9NH7,ensemble,9NH7_ensemble_seed001.pdb,31,30,1.8526096,True,True,False
9NH7,ensemble,9NH7_ensemble_seed001.pdb,99,98,4.206334,False,False,False
9NH7,ensemble,9NH7_ensemble_seed001.pdb,100,99,7.9356184,False,False,False
9NH7,ensemble,9NH7_ensemble_seed001.pdb,101,100,13.43156,False,False,False
9NH7,ensemble,9NH7_ensemble_seed001.pdb,102,101,18.302917,False,False,False
9NH7,ensemble,9NH7_ensemble_seed001.pdb,103,102,23.914373,False,False,False
9NH7,ensemble,9NH7_ensemble_seed001.pdb,105,104,25.27496,False,False,False
9NH7,ensemble,9NH7_ensemble_seed001.pdb,106,105,24.003016,False,False,False
9NH7,ensemble,9NH7_ensemble_seed001.pdb,107,106,18.858435,False,False,False
9NH7,ensemble,9NH7_ensemble_seed001.pdb,108,107,12.291958,False,False,False
9NH7,ensemble,9NH7_ensemble_seed001.pdb,109,108,9.255116,False,False,False
9NH7,ensemble,9NH7_ensemble_seed001.pdb,110,109,4.293676,False,False,False
9NH7,ensemble,9NH7_ensemble_seed002.pdb,27,26,5.7072,False,False,False
9NH7,ensemble,9NH7_ensemble_seed002.pdb,28,27,4.8560266,False,False,False
9NH7,ensemble,9NH7_ensemble_seed002.pdb,30,29,4.1745477,False,False,False
9NH7,ensemble,9NH7_ensemble_seed002.pdb,31,30,0.7443252,True,True,False
9NH7,ensemble,9NH7_ensemble_seed002.pdb,99,98,0.930196,True,True,False
9NH7,ensemble,9NH7_ensemble_seed002.pdb,100,99,0.9245326,True,True,False
9NH7,ensemble,9NH7_ensemble_seed002.pdb,101,100,0.8656602,True,True,False
9NH7,ensemble,9NH7_ensemble_seed002.pdb,102,101,0.5359482,True,True,False
9NH7,ensemble,9NH7_ensemble_seed002.pdb,103,102,1.1381816,True,True,False
9NH7,ensemble,9NH7_ensemble_seed002.pdb,105,104,1.1524156,True,True,False
9NH7,ensemble,9NH7_ensemble_seed002.pdb,106,105,1.8000684,True,True,False
9NH7,ensemble,9NH7_ensemble_seed002.pdb,107,106,1.112986,True,True,False
9NH7,ensemble,9NH7_ensemble_seed002.pdb,108,107,0.79033333,True,True,False
9NH7,ensemble,9NH7_ensemble_seed002.pdb,109,108,0.9147852,True,True,False
9NH7,ensemble,9NH7_ensemble_seed002.pdb,110,109,1.2032169,True,True,False
9NH7,ensemble,9NH7_ensemble_seed003.pdb,27,26,3.7720273,False,False,False
9NH7,ensemble,9NH7_ensemble_seed003.pdb,28,27,3.1348832,False,False,False
9NH7,ensemble,9NH7_ensemble_seed003.pdb,30,29,2.182494,False,True,False
9NH7,ensemble,9NH7_ensemble_seed003.pdb,31,30,0.3240773,True,True,False
9NH7,ensemble,9NH7_ensemble_seed003.pdb,99,98,1.1053605,True,True,False
9NH7,ensemble,9NH7_ensemble_seed003.pdb,100,99,2.1303065,False,True,False
9NH7,ensemble,9NH7_ensemble_seed003.pdb,101,100,2.6041944,False,True,False
9NH7,ensemble,9NH7_ensemble_seed003.pdb,102,101,2.1347797,False,True,False
9NH7,ensemble,9NH7_ensemble_seed003.pdb,103,102,4.0323253,False,False,False
9NH7,ensemble,9NH7_ensemble_seed003.pdb,105,104,5.0001698,False,False,False
9NH7,ensemble,9NH7_ensemble_seed003.pdb,106,105,8.61588,False,False,False
9NH7,ensemble,9NH7_ensemble_seed003.pdb,107,106,4.050136,False,False,False
9NH7,ensemble,9NH7_ensemble_seed003.pdb,108,107,6.203737,False,False,False
9NH7,ensemble,9NH7_ensemble_seed003.pdb,109,108,5.5378103,False,False,False
9NH7,ensemble,9NH7_ensemble_seed003.pdb,110,109,1.6990459,True,True,False
9NH7,ensemble,9NH7_ensemble_seed004.pdb,27,26,7.416986,False,False,False
9NH7,ensemble,9NH7_ensemble_seed004.pdb,28,27,4.8408575,False,False,False
9NH7,ensemble,9NH7_ensemble_seed004.pdb,30,29,3.4510071,False,False,False
9NH7,ensemble,9NH7_ensemble_seed004.pdb,31,30,0.59445685,True,True,False
9NH7,ensemble,9NH7_ensemble_seed004.pdb,99,98,0.76613575,True,True,False
9NH7,ensemble,9NH7_ensemble_seed004.pdb,100,99,0.87251014,True,True,False
9NH7,ensemble,9NH7_ensemble_seed004.pdb,101,100,0.7025476,True,True,False
9NH7,ensemble,9NH7_ensemble_seed004.pdb,102,101,0.1646759,True,True,False
9NH7,ensemble,9NH7_ensemble_seed004.pdb,103,102,0.5231515,True,True,False
9NH7,ensemble,9NH7_ensemble_seed004.pdb,105,104,0.39878127,True,True,False
9NH7,ensemble,9NH7_ensemble_seed004.pdb,106,105,0.97713155,True,True,False
9NH7,ensemble,9NH7_ensemble_seed004.pdb,107,106,0.5920021,True,True,False
9NH7,ensemble,9NH7_ensemble_seed004.pdb,108,107,0.5867523,True,True,False
9NH7,ensemble,9NH7_ensemble_seed004.pdb,109,108,0.66932744,True,True,False
9NH7,ensemble,9NH7_ensemble_seed004.pdb,110,109,0.6668322,True,True,False
9NH7,ensemble,9NH7_ensemble_seed005.pdb,27,26,8.188072,False,False,False
9NH7,ensemble,9NH7_ensemble_seed005.pdb,28,27,6.9344535,False,False,False
9NH7,ensemble,9NH7_ensemble_seed005.pdb,30,29,6.100943,False,False,False
9NH7,ensemble,9NH7_ensemble_seed005.pdb,31,30,3.2770343,False,False,False
9NH7,ensemble,9NH7_ensemble_seed005.pdb,99,98,0.53480697,True,True,False
9NH7,ensemble,9NH7_ensemble_seed005.pdb,100,99,0.88105714,True,True,False
9NH7,ensemble,9NH7_ensemble_seed005.pdb,101,100,1.3097565,True,True,False
9NH7,ensemble,9NH7_ensemble_seed005.pdb,102,101,1.663855,True,True,False
9NH7,ensemble,9NH7_ensemble_seed005.pdb,103,102,2.4388907,False,True,False
9NH7,ensemble,9NH7_ensemble_seed005.pdb,105,104,1.8575962,True,True,False
9NH7,ensemble,9NH7_ensemble_seed005.pdb,106,105,1.8497453,True,True,False
9NH7,ensemble,9NH7_ensemble_seed005.pdb,107,106,1.7792063,True,True,False
9NH7,ensemble,9NH7_ensemble_seed005.pdb,108,107,1.4171473,True,True,False
9NH7,ensemble,9NH7_ensemble_seed005.pdb,109,108,0.68590605,True,True,False
9NH7,ensemble,9NH7_ensemble_seed005.pdb,110,109,1.2556947,True,True,False
9NH7,ensemble,9NH7_ensemble_seed006.pdb,27,26,8.333021,False,False,False
9NH7,ensemble,9NH7_ensemble_seed006.pdb,28,27,7.16532,False,False,False
9NH7,ensemble,9NH7_ensemble_seed006.pdb,30,29,3.1376698,False,False,False
9NH7,ensemble,9NH7_ensemble_seed006.pdb,31,30,2.6902134,False,True,False
9NH7,ensemble,9NH7_ensemble_seed006.pdb,99,98,0.8671431,True,True,False
9NH7,ensemble,9NH7_ensemble_seed006.pdb,100,99,1.1249775,True,True,False
9NH7,ensemble,9NH7_ensemble_seed006.pdb,101,100,1.377894,True,True,False
9NH7,ensemble,9NH7_ensemble_seed006.pdb,102,101,1.1924636,True,True,False
9NH7,ensemble,9NH7_ensemble_seed006.pdb,103,102,1.978802,True,True,False
9NH7,ensemble,9NH7_ensemble_seed006.pdb,105,104,2.1159756,False,True,False
9NH7,ensemble,9NH7_ensemble_seed006.pdb,106,105,2.8029392,False,True,False
9NH7,ensemble,9NH7_ensemble_seed006.pdb,107,106,2.1387806,False,True,False
9NH7,ensemble,9NH7_ensemble_seed006.pdb,108,107,1.778053,True,True,False
9NH7,ensemble,9NH7_ensemble_seed006.pdb,109,108,1.5117799,True,True,False
9NH7,ensemble,9NH7_ensemble_seed006.pdb,110,109,2.9736233,False,True,False
9NH7,ensemble,9NH7_ensemble_seed007.pdb,27,26,8.063908,False,False,False
9NH7,ensemble,9NH7_ensemble_seed007.pdb,28,27,6.672788,False,False,False
9NH7,ensemble,9NH7_ensemble_seed007.pdb,30,29,4.04194,False,False,False
9NH7,ensemble,9NH7_ensemble_seed007.pdb,31,30,3.569106,False,False,False
9NH7,ensemble,9NH7_ensemble_seed007.pdb,99,98,0.86559564,True,True,False
9NH7,ensemble,9NH7_ensemble_seed007.pdb,100,99,3.0001845,False,False,False
9NH7,ensemble,9NH7_ensemble_seed007.pdb,101,100,6.09428,False,False,False
9NH7,ensemble,9NH7_ensemble_seed007.pdb,102,101,13.127316,False,False,False
9NH7,ensemble,9NH7_ensemble_seed007.pdb,103,102,15.809511,False,False,False
9NH7,ensemble,9NH7_ensemble_seed007.pdb,105,104,18.710915,False,False,False
9NH7,ensemble,9NH7_ensemble_seed007.pdb,106,105,16.418476,False,False,False
9NH7,ensemble,9NH7_ensemble_seed007.pdb,107,106,10.685546,False,False,False
9NH7,ensemble,9NH7_ensemble_seed007.pdb,108,107,5.279268,False,False,False
9NH7,ensemble,9NH7_ensemble_seed007.pdb,109,108,5.7984796,False,False,False
9NH7,ensemble,9NH7_ensemble_seed007.pdb,110,109,1.8651432,True,True,False
9NH7,ensemble,9NH7_ensemble_seed008.pdb,27,26,7.6092267,False,False,False
9NH7,ensemble,9NH7_ensemble_seed008.pdb,28,27,6.6092553,False,False,False
9NH7,ensemble,9NH7_ensemble_seed008.pdb,30,29,3.872708,False,False,False
9NH7,ensemble,9NH7_ensemble_seed008.pdb,31,30,2.9429083,False,True,False
9NH7,ensemble,9NH7_ensemble_seed008.pdb,99,98,0.96287096,True,True,False
9NH7,ensemble,9NH7_ensemble_seed008.pdb,100,99,1.5100615,True,True,False
9NH7,ensemble,9NH7_ensemble_seed008.pdb,101,100,1.9154528,True,True,False
9NH7,ensemble,9NH7_ensemble_seed008.pdb,102,101,1.6037827,True,True,False
9NH7,ensemble,9NH7_ensemble_seed008.pdb,103,102,2.2324562,False,True,False
9NH7,ensemble,9NH7_ensemble_seed008.pdb,105,104,1.2624377,True,True,False
9NH7,ensemble,9NH7_ensemble_seed008.pdb,106,105,1.6140819,True,True,False
9NH7,ensemble,9NH7_ensemble_seed008.pdb,107,106,1.5106894,True,True,False
9NH7,ensemble,9NH7_ensemble_seed008.pdb,108,107,1.5017965,True,True,False
9NH7,ensemble,9NH7_ensemble_seed008.pdb,109,108,1.1598705,True,True,False
9NH7,ensemble,9NH7_ensemble_seed008.pdb,110,109,2.1832962,False,True,False
9NH7,ensemble,9NH7_ensemble_seed009.pdb,27,26,8.092912,False,False,False
9NH7,ensemble,9NH7_ensemble_seed009.pdb,28,27,6.850612,False,False,False
9NH7,ensemble,9NH7_ensemble_seed009.pdb,30,29,4.753594,False,False,False
9NH7,ensemble,9NH7_ensemble_seed009.pdb,31,30,2.9962165,False,True,False
9NH7,ensemble,9NH7_ensemble_seed009.pdb,99,98,1.2836077,True,True,False
9NH7,ensemble,9NH7_ensemble_seed009.pdb,100,99,3.525336,False,False,False
9NH7,ensemble,9NH7_ensemble_seed009.pdb,101,100,6.890408,False,False,False
9NH7,ensemble,9NH7_ensemble_seed009.pdb,102,101,10.16621,False,False,False
9NH7,ensemble,9NH7_ensemble_seed009.pdb,103,102,16.279243,False,False,False
9NH7,ensemble,9NH7_ensemble_seed009.pdb,105,104,22.458311,False,False,False
9NH7,ensemble,9NH7_ensemble_seed009.pdb,106,105,19.772009,False,False,False
9NH7,ensemble,9NH7_ensemble_seed009.pdb,107,106,13.80877,False,False,False
9NH7,ensemble,9NH7_ensemble_seed009.pdb,108,107,10.778585,False,False,False
9NH7,ensemble,9NH7_ensemble_seed009.pdb,109,108,7.0795903,False,False,False
9NH7,ensemble,9NH7_ensemble_seed009.pdb,110,109,1.699278,True,True,False
9NH7,ensemble,9NH7_ensemble_seed010.pdb,27,26,4.5721765,False,False,False
9NH7,ensemble,9NH7_ensemble_seed010.pdb,28,27,3.585644,False,False,False
9NH7,ensemble,9NH7_ensemble_seed010.pdb,30,29,2.0234725,False,True,False
9NH7,ensemble,9NH7_ensemble_seed010.pdb,31,30,1.1459874,True,True,False
9NH7,ensemble,9NH7_ensemble_seed010.pdb,99,98,1.0712143,True,True,False
9NH7,ensemble,9NH7_ensemble_seed010.pdb,100,99,1.0185481,True,True,False
9NH7,ensemble,9NH7_ensemble_seed010.pdb,101,100,1.1671101,True,True,False
9NH7,ensemble,9NH7_ensemble_seed010.pdb,102,101,0.97868645,True,True,False
9NH7,ensemble,9NH7_ensemble_seed010.pdb,103,102,0.7236834,True,True,False
9NH7,ensemble,9NH7_ensemble_seed010.pdb,105,104,1.575027,True,True,False
9NH7,ensemble,9NH7_ensemble_seed010.pdb,106,105,5.4572268,False,False,False
9NH7,ensemble,9NH7_ensemble_seed010.pdb,107,106,1.8467103,True,True,False
9NH7,ensemble,9NH7_ensemble_seed010.pdb,108,107,2.084837,False,True,False
9NH7,ensemble,9NH7_ensemble_seed010.pdb,109,108,1.0549281,True,True,False
9NH7,ensemble,9NH7_ensemble_seed010.pdb,110,109,2.124625,False,True,False
9NH7,ensemble,9NH7_ensemble_seed011.pdb,27,26,8.097509,False,False,False
9NH7,ensemble,9NH7_ensemble_seed011.pdb,28,27,6.968836,False,False,False
9NH7,ensemble,9NH7_ensemble_seed011.pdb,30,29,3.6327531,False,False,False
9NH7,ensemble,9NH7_ensemble_seed011.pdb,31,30,2.9568095,False,True,False
9NH7,ensemble,9NH7_ensemble_seed011.pdb,99,98,0.98382187,True,True,False
9NH7,ensemble,9NH7_ensemble_seed011.pdb,100,99,2.3907347,False,True,False
9NH7,ensemble,9NH7_ensemble_seed011.pdb,101,100,5.439223,False,False,False
9NH7,ensemble,9NH7_ensemble_seed011.pdb,102,101,12.390302,False,False,False
9NH7,ensemble,9NH7_ensemble_seed011.pdb,103,102,15.535085,False,False,False
9NH7,ensemble,9NH7_ensemble_seed011.pdb,105,104,17.68689,False,False,False
9NH7,ensemble,9NH7_ensemble_seed011.pdb,106,105,16.11214,False,False,False
9NH7,ensemble,9NH7_ensemble_seed011.pdb,107,106,10.148725,False,False,False
9NH7,ensemble,9NH7_ensemble_seed011.pdb,108,107,4.816706,False,False,False
9NH7,ensemble,9NH7_ensemble_seed011.pdb,109,108,5.4085975,False,False,False
9NH7,ensemble,9NH7_ensemble_seed011.pdb,110,109,2.135376,False,True,False
9NH7,ensemble,9NH7_ensemble_seed012.pdb,27,26,7.76731,False,False,False
9NH7,ensemble,9NH7_ensemble_seed012.pdb,28,27,6.242449,False,False,False
9NH7,ensemble,9NH7_ensemble_seed012.pdb,30,29,4.557783,False,False,False
9NH7,ensemble,9NH7_ensemble_seed012.pdb,31,30,2.7907524,False,True,False
9NH7,ensemble,9NH7_ensemble_seed012.pdb,99,98,1.0395349,True,True,False
9NH7,ensemble,9NH7_ensemble_seed012.pdb,100,99,3.3431416,False,False,False
9NH7,ensemble,9NH7_ensemble_seed012.pdb,101,100,6.8043356,False,False,False
9NH7,ensemble,9NH7_ensemble_seed012.pdb,102,101,13.475409,False,False,False
9NH7,ensemble,9NH7_ensemble_seed012.pdb,103,102,17.368328,False,False,False
9NH7,ensemble,9NH7_ensemble_seed012.pdb,105,104,19.681341,False,False,False
9NH7,ensemble,9NH7_ensemble_seed012.pdb,106,105,18.084158,False,False,False
9NH7,ensemble,9NH7_ensemble_seed012.pdb,107,106,12.028254,False,False,False
9NH7,ensemble,9NH7_ensemble_seed012.pdb,108,107,6.275672,False,False,False
9NH7,ensemble,9NH7_ensemble_seed012.pdb,109,108,5.802314,False,False,False
9NH7,ensemble,9NH7_ensemble_seed012.pdb,110,109,2.1511536,False,True,False
9NH7,ensemble,9NH7_ensemble_seed013.pdb,27,26,7.988059,False,False,False
9NH7,ensemble,9NH7_ensemble_seed013.pdb,28,27,6.6746593,False,False,False
9NH7,ensemble,9NH7_ensemble_seed013.pdb,30,29,3.9236348,False,False,False
9NH7,ensemble,9NH7_ensemble_seed013.pdb,31,30,2.6208827,False,True,False
9NH7,ensemble,9NH7_ensemble_seed013.pdb,99,98,1.5791054,True,True,False
9NH7,ensemble,9NH7_ensemble_seed013.pdb,100,99,3.7117012,False,False,False
9NH7,ensemble,9NH7_ensemble_seed013.pdb,101,100,6.884751,False,False,False
9NH7,ensemble,9NH7_ensemble_seed013.pdb,102,101,9.858367,False,False,False
9NH7,ensemble,9NH7_ensemble_seed013.pdb,103,102,15.928213,False,False,False
9NH7,ensemble,9NH7_ensemble_seed013.pdb,105,104,20.223526,False,False,False
9NH7,ensemble,9NH7_ensemble_seed013.pdb,106,105,17.431948,False,False,False
9NH7,ensemble,9NH7_ensemble_seed013.pdb,107,106,11.139534,False,False,False
9NH7,ensemble,9NH7_ensemble_seed013.pdb,108,107,5.686117,False,False,False
9NH7,ensemble,9NH7_ensemble_seed013.pdb,109,108,5.752337,False,False,False
9NH7,ensemble,9NH7_ensemble_seed013.pdb,110,109,1.8144404,True,True,False
9NH7,ensemble,9NH7_ensemble_seed014.pdb,27,26,3.4096086,False,False,False
9NH7,ensemble,9NH7_ensemble_seed014.pdb,28,27,2.1544123,False,True,False
9NH7,ensemble,9NH7_ensemble_seed014.pdb,30,29,3.3458397,False,False,False
9NH7,ensemble,9NH7_ensemble_seed014.pdb,31,30,3.1079803,False,False,False
9NH7,ensemble,9NH7_ensemble_seed014.pdb,99,98,1.4269264,True,True,False
9NH7,ensemble,9NH7_ensemble_seed014.pdb,100,99,4.1239295,False,False,False
9NH7,ensemble,9NH7_ensemble_seed014.pdb,101,100,7.329811,False,False,False
9NH7,ensemble,9NH7_ensemble_seed014.pdb,102,101,12.560499,False,False,False
9NH7,ensemble,9NH7_ensemble_seed014.pdb,103,102,16.185368,False,False,False
9NH7,ensemble,9NH7_ensemble_seed014.pdb,105,104,18.051039,False,False,False
9NH7,ensemble,9NH7_ensemble_seed014.pdb,106,105,15.516617,False,False,False
9NH7,ensemble,9NH7_ensemble_seed014.pdb,107,106,10.62953,False,False,False
9NH7,ensemble,9NH7_ensemble_seed014.pdb,108,107,5.1309953,False,False,False
9NH7,ensemble,9NH7_ensemble_seed014.pdb,109,108,5.864235,False,False,False
9NH7,ensemble,9NH7_ensemble_seed014.pdb,110,109,1.9321127,True,True,False
9NH7,ensemble,9NH7_ensemble_seed015.pdb,27,26,8.361013,False,False,False
9NH7,ensemble,9NH7_ensemble_seed015.pdb,28,27,7.3968983,False,False,False
9NH7,ensemble,9NH7_ensemble_seed015.pdb,30,29,3.0123363,False,False,False
9NH7,ensemble,9NH7_ensemble_seed015.pdb,31,30,2.2710133,False,True,False
9NH7,ensemble,9NH7_ensemble_seed015.pdb,99,98,0.95694363,True,True,False
9NH7,ensemble,9NH7_ensemble_seed015.pdb,100,99,0.9519017,True,True,False
9NH7,ensemble,9NH7_ensemble_seed015.pdb,101,100,0.9317567,True,True,False
9NH7,ensemble,9NH7_ensemble_seed015.pdb,102,101,0.45290416,True,True,False
9NH7,ensemble,9NH7_ensemble_seed015.pdb,103,102,0.9698261,True,True,False
9NH7,ensemble,9NH7_ensemble_seed015.pdb,105,104,1.0558319,True,True,False
9NH7,ensemble,9NH7_ensemble_seed015.pdb,106,105,1.8966697,True,True,False
9NH7,ensemble,9NH7_ensemble_seed015.pdb,107,106,1.3301783,True,True,False
9NH7,ensemble,9NH7_ensemble_seed015.pdb,108,107,0.9709648,True,True,False
9NH7,ensemble,9NH7_ensemble_seed015.pdb,109,108,1.1622893,True,True,False
9NH7,ensemble,9NH7_ensemble_seed015.pdb,110,109,1.5552422,True,True,False
9NH7,ensemble,9NH7_ensemble_seed016.pdb,27,26,7.5508485,False,False,False
9NH7,ensemble,9NH7_ensemble_seed016.pdb,28,27,5.1612086,False,False,False
9NH7,ensemble,9NH7_ensemble_seed016.pdb,30,29,3.2114193,False,False,False
9NH7,ensemble,9NH7_ensemble_seed016.pdb,31,30,1.3690842,True,True,False
9NH7,ensemble,9NH7_ensemble_seed016.pdb,99,98,0.97805285,True,True,False
9NH7,ensemble,9NH7_ensemble_seed016.pdb,100,99,0.9872663,True,True,False
9NH7,ensemble,9NH7_ensemble_seed016.pdb,101,100,0.91573626,True,True,False
9NH7,ensemble,9NH7_ensemble_seed016.pdb,102,101,0.6395407,True,True,False
9NH7,ensemble,9NH7_ensemble_seed016.pdb,103,102,1.1283927,True,True,False
9NH7,ensemble,9NH7_ensemble_seed016.pdb,105,104,1.1283234,True,True,False
9NH7,ensemble,9NH7_ensemble_seed016.pdb,106,105,1.711882,True,True,False
9NH7,ensemble,9NH7_ensemble_seed016.pdb,107,106,1.0614295,True,True,False
9NH7,ensemble,9NH7_ensemble_seed016.pdb,108,107,0.7432977,True,True,False
9NH7,ensemble,9NH7_ensemble_seed016.pdb,109,108,0.9128235,True,True,False
9NH7,ensemble,9NH7_ensemble_seed016.pdb,110,109,1.2371379,True,True,False
9NH7,ensemble,9NH7_ensemble_seed017.pdb,27,26,8.009791,False,False,False
9NH7,ensemble,9NH7_ensemble_seed017.pdb,28,27,6.7852955,False,False,False
9NH7,ensemble,9NH7_ensemble_seed017.pdb,30,29,3.5118861,False,False,False
9NH7,ensemble,9NH7_ensemble_seed017.pdb,31,30,2.6896813,False,True,False
9NH7,ensemble,9NH7_ensemble_seed017.pdb,99,98,1.1393275,True,True,False
9NH7,ensemble,9NH7_ensemble_seed017.pdb,100,99,1.1583751,True,True,False
9NH7,ensemble,9NH7_ensemble_seed017.pdb,101,100,1.153341,True,True,False
9NH7,ensemble,9NH7_ensemble_seed017.pdb,102,101,0.6523588,True,True,False
9NH7,ensemble,9NH7_ensemble_seed017.pdb,103,102,1.1340452,True,True,False
9NH7,ensemble,9NH7_ensemble_seed017.pdb,105,104,1.1119698,True,True,False
9NH7,ensemble,9NH7_ensemble_seed017.pdb,106,105,1.957484,True,True,False
9NH7,ensemble,9NH7_ensemble_seed017.pdb,107,106,1.3346975,True,True,False
9NH7,ensemble,9NH7_ensemble_seed017.pdb,108,107,0.9921191,True,True,False
9NH7,ensemble,9NH7_ensemble_seed017.pdb,109,108,1.2344729,True,True,False
9NH7,ensemble,9NH7_ensemble_seed017.pdb,110,109,1.8613932,True,True,False
9NH7,ensemble,9NH7_ensemble_seed018.pdb,27,26,7.549559,False,False,False
9NH7,ensemble,9NH7_ensemble_seed018.pdb,28,27,5.353665,False,False,False
9NH7,ensemble,9NH7_ensemble_seed018.pdb,30,29,2.981438,False,True,False
9NH7,ensemble,9NH7_ensemble_seed018.pdb,31,30,1.3411251,True,True,False
9NH7,ensemble,9NH7_ensemble_seed018.pdb,99,98,1.0215007,True,True,False
9NH7,ensemble,9NH7_ensemble_seed018.pdb,100,99,1.2258039,True,True,False
9NH7,ensemble,9NH7_ensemble_seed018.pdb,101,100,1.2292374,True,True,False
9NH7,ensemble,9NH7_ensemble_seed018.pdb,102,101,0.23199011,True,True,False
9NH7,ensemble,9NH7_ensemble_seed018.pdb,103,102,0.9923404,True,True,False
9NH7,ensemble,9NH7_ensemble_seed018.pdb,105,104,0.69003326,True,True,False
9NH7,ensemble,9NH7_ensemble_seed018.pdb,106,105,1.1846727,True,True,False
9NH7,ensemble,9NH7_ensemble_seed018.pdb,107,106,0.9517534,True,True,False
9NH7,ensemble,9NH7_ensemble_seed018.pdb,108,107,0.5400365,True,True,False
9NH7,ensemble,9NH7_ensemble_seed018.pdb,109,108,0.8654979,True,True,False
9NH7,ensemble,9NH7_ensemble_seed018.pdb,110,109,1.011919,True,True,False
9NH7,ensemble,9NH7_ensemble_seed019.pdb,27,26,2.2693212,False,True,False
9NH7,ensemble,9NH7_ensemble_seed019.pdb,28,27,3.245032,False,False,False
9NH7,ensemble,9NH7_ensemble_seed019.pdb,30,29,4.5896125,False,False,False
9NH7,ensemble,9NH7_ensemble_seed019.pdb,31,30,2.9543858,False,True,False
9NH7,ensemble,9NH7_ensemble_seed019.pdb,99,98,1.3564645,True,True,False
9NH7,ensemble,9NH7_ensemble_seed019.pdb,100,99,3.9735641,False,False,False
9NH7,ensemble,9NH7_ensemble_seed019.pdb,101,100,7.8028164,False,False,False
9NH7,ensemble,9NH7_ensemble_seed019.pdb,102,101,14.155265,False,False,False
9NH7,ensemble,9NH7_ensemble_seed019.pdb,103,102,18.082592,False,False,False
9NH7,ensemble,9NH7_ensemble_seed019.pdb,105,104,21.821121,False,False,False
9NH7,ensemble,9NH7_ensemble_seed019.pdb,106,105,19.808393,False,False,False
9NH7,ensemble,9NH7_ensemble_seed019.pdb,107,106,14.3783045,False,False,False
9NH7,ensemble,9NH7_ensemble_seed019.pdb,108,107,7.99802,False,False,False
9NH7,ensemble,9NH7_ensemble_seed019.pdb,109,108,7.3524365,False,False,False
9NH7,ensemble,9NH7_ensemble_seed019.pdb,110,109,2.3173501,False,True,False
9NH7,ensemble,9NH7_ensemble_seed020.pdb,27,26,8.991324,False,False,False
9NH7,ensemble,9NH7_ensemble_seed020.pdb,28,27,7.657148,False,False,False
9NH7,ensemble,9NH7_ensemble_seed020.pdb,30,29,4.336003,False,False,False
9NH7,ensemble,9NH7_ensemble_seed020.pdb,31,30,2.3188748,False,True,False
9NH7,ensemble,9NH7_ensemble_seed020.pdb,99,98,1.7862035,True,True,False
9NH7,ensemble,9NH7_ensemble_seed020.pdb,100,99,3.1634371,False,False,False
9NH7,ensemble,9NH7_ensemble_seed020.pdb,101,100,7.0851307,False,False,False
9NH7,ensemble,9NH7_ensemble_seed020.pdb,102,101,11.039019,False,False,False
9NH7,ensemble,9NH7_ensemble_seed020.pdb,103,102,11.566726,False,False,False
9NH7,ensemble,9NH7_ensemble_seed020.pdb,105,104,8.778482,False,False,False
9NH7,ensemble,9NH7_ensemble_seed020.pdb,106,105,7.5575433,False,False,False
9NH7,ensemble,9NH7_ensemble_seed020.pdb,107,106,9.70418,False,False,False
9NH7,ensemble,9NH7_ensemble_seed020.pdb,108,107,9.822885,False,False,False
9NH7,ensemble,9NH7_ensemble_seed020.pdb,109,108,9.7591095,False,False,False
9NH7,ensemble,9NH7_ensemble_seed020.pdb,110,109,9.026687,False,False,False
9NH7,ensemble,9NH7_ensemble_seed021.pdb,27,26,7.8503532,False,False,False
9NH7,ensemble,9NH7_ensemble_seed021.pdb,28,27,6.3825016,False,False,False
9NH7,ensemble,9NH7_ensemble_seed021.pdb,30,29,4.195718,False,False,False
9NH7,ensemble,9NH7_ensemble_seed021.pdb,31,30,2.7877471,False,True,False
9NH7,ensemble,9NH7_ensemble_seed021.pdb,99,98,1.3317645,True,True,False
9NH7,ensemble,9NH7_ensemble_seed021.pdb,100,99,3.7445638,False,False,False
9NH7,ensemble,9NH7_ensemble_seed021.pdb,101,100,6.929815,False,False,False
9NH7,ensemble,9NH7_ensemble_seed021.pdb,102,101,10.435526,False,False,False
9NH7,ensemble,9NH7_ensemble_seed021.pdb,103,102,16.434332,False,False,False
9NH7,ensemble,9NH7_ensemble_seed021.pdb,105,104,20.925655,False,False,False
9NH7,ensemble,9NH7_ensemble_seed021.pdb,106,105,17.838083,False,False,False
9NH7,ensemble,9NH7_ensemble_seed021.pdb,107,106,11.510201,False,False,False
9NH7,ensemble,9NH7_ensemble_seed021.pdb,108,107,6.063228,False,False,False
9NH7,ensemble,9NH7_ensemble_seed021.pdb,109,108,5.7956953,False,False,False
9NH7,ensemble,9NH7_ensemble_seed021.pdb,110,109,1.6369214,True,True,False
9NH7,ensemble,9NH7_ensemble_seed022.pdb,27,26,7.6767993,False,False,False
9NH7,ensemble,9NH7_ensemble_seed022.pdb,28,27,6.2568026,False,False,False
9NH7,ensemble,9NH7_ensemble_seed022.pdb,30,29,4.499767,False,False,False
9NH7,ensemble,9NH7_ensemble_seed022.pdb,31,30,2.7561653,False,True,False
9NH7,ensemble,9NH7_ensemble_seed022.pdb,99,98,0.8272056,True,True,False
9NH7,ensemble,9NH7_ensemble_seed022.pdb,100,99,0.8829963,True,True,False
9NH7,ensemble,9NH7_ensemble_seed022.pdb,101,100,0.9783407,True,True,False
9NH7,ensemble,9NH7_ensemble_seed022.pdb,102,101,0.72456175,True,True,False
9NH7,ensemble,9NH7_ensemble_seed022.pdb,103,102,1.1902051,True,True,False
9NH7,ensemble,9NH7_ensemble_seed022.pdb,105,104,1.1932402,True,True,False
9NH7,ensemble,9NH7_ensemble_seed022.pdb,106,105,1.9111383,True,True,False
9NH7,ensemble,9NH7_ensemble_seed022.pdb,107,106,1.3668871,True,True,False
9NH7,ensemble,9NH7_ensemble_seed022.pdb,108,107,0.9318858,True,True,False
9NH7,ensemble,9NH7_ensemble_seed022.pdb,109,108,1.0833439,True,True,False
9NH7,ensemble,9NH7_ensemble_seed022.pdb,110,109,1.6091912,True,True,False
9NH7,ensemble,9NH7_ensemble_seed023.pdb,27,26,7.4363775,False,False,False
9NH7,ensemble,9NH7_ensemble_seed023.pdb,28,27,5.3115406,False,False,False
9NH7,ensemble,9NH7_ensemble_seed023.pdb,30,29,2.9255116,False,True,False
9NH7,ensemble,9NH7_ensemble_seed023.pdb,31,30,1.2721801,True,True,False
9NH7,ensemble,9NH7_ensemble_seed023.pdb,99,98,1.1692605,True,True,False
9NH7,ensemble,9NH7_ensemble_seed023.pdb,100,99,1.676532,True,True,False
9NH7,ensemble,9NH7_ensemble_seed023.pdb,101,100,1.9154155,True,True,False
9NH7,ensemble,9NH7_ensemble_seed023.pdb,102,101,0.5039548,True,True,False
9NH7,ensemble,9NH7_ensemble_seed023.pdb,103,102,1.2217606,True,True,False
9NH7,ensemble,9NH7_ensemble_seed023.pdb,105,104,0.7888834,True,True,False
9NH7,ensemble,9NH7_ensemble_seed023.pdb,106,105,1.3108963,True,True,False
9NH7,ensemble,9NH7_ensemble_seed023.pdb,107,106,1.081079,True,True,False
9NH7,ensemble,9NH7_ensemble_seed023.pdb,108,107,0.705342,True,True,False
9NH7,ensemble,9NH7_ensemble_seed023.pdb,109,108,0.9512479,True,True,False
9NH7,ensemble,9NH7_ensemble_seed023.pdb,110,109,1.2718378,True,True,False
9NH7,ensemble,9NH7_ensemble_seed024.pdb,27,26,5.034593,False,False,False
9NH7,ensemble,9NH7_ensemble_seed024.pdb,28,27,2.5860984,False,True,False
9NH7,ensemble,9NH7_ensemble_seed024.pdb,30,29,2.5304375,False,True,False
9NH7,ensemble,9NH7_ensemble_seed024.pdb,31,30,0.2548522,True,True,False
9NH7,ensemble,9NH7_ensemble_seed024.pdb,99,98,0.73391354,True,True,False
9NH7,ensemble,9NH7_ensemble_seed024.pdb,100,99,0.71432084,True,True,False
9NH7,ensemble,9NH7_ensemble_seed024.pdb,101,100,0.79302955,True,True,False
9NH7,ensemble,9NH7_ensemble_seed024.pdb,102,101,2.268535,False,True,False
9NH7,ensemble,9NH7_ensemble_seed024.pdb,103,102,2.1695418,False,True,False
9NH7,ensemble,9NH7_ensemble_seed024.pdb,105,104,1.772954,True,True,False
9NH7,ensemble,9NH7_ensemble_seed024.pdb,106,105,1.5693159,True,True,False
9NH7,ensemble,9NH7_ensemble_seed024.pdb,107,106,1.2460021,True,True,False
9NH7,ensemble,9NH7_ensemble_seed024.pdb,108,107,0.6836678,True,True,False
9NH7,ensemble,9NH7_ensemble_seed024.pdb,109,108,0.5585497,True,True,False
9NH7,ensemble,9NH7_ensemble_seed024.pdb,110,109,1.0570654,True,True,False
9NH7,ensemble,9NH7_ensemble_seed025.pdb,27,26,7.808475,False,False,False
9NH7,ensemble,9NH7_ensemble_seed025.pdb,28,27,6.6470084,False,False,False
9NH7,ensemble,9NH7_ensemble_seed025.pdb,30,29,3.7730725,False,False,False
9NH7,ensemble,9NH7_ensemble_seed025.pdb,31,30,2.761094,False,True,False
9NH7,ensemble,9NH7_ensemble_seed025.pdb,99,98,1.4333913,True,True,False
9NH7,ensemble,9NH7_ensemble_seed025.pdb,100,99,3.9166548,False,False,False
9NH7,ensemble,9NH7_ensemble_seed025.pdb,101,100,7.545633,False,False,False
9NH7,ensemble,9NH7_ensemble_seed025.pdb,102,101,12.71174,False,False,False
9NH7,ensemble,9NH7_ensemble_seed025.pdb,103,102,13.68737,False,False,False
9NH7,ensemble,9NH7_ensemble_seed025.pdb,105,104,11.77669,False,False,False
9NH7,ensemble,9NH7_ensemble_seed025.pdb,106,105,11.36691,False,False,False
9NH7,ensemble,9NH7_ensemble_seed025.pdb,107,106,5.934765,False,False,False
9NH7,ensemble,9NH7_ensemble_seed025.pdb,108,107,1.8784535,True,True,False
9NH7,ensemble,9NH7_ensemble_seed025.pdb,109,108,1.4834373,True,True,False
9NH7,ensemble,9NH7_ensemble_seed025.pdb,110,109,2.2076297,False,True,False
9NH7,ensemble,9NH7_ensemble_seed026.pdb,27,26,7.918904,False,False,False
9NH7,ensemble,9NH7_ensemble_seed026.pdb,28,27,4.867824,False,False,False
9NH7,ensemble,9NH7_ensemble_seed026.pdb,30,29,3.7910838,False,False,False
9NH7,ensemble,9NH7_ensemble_seed026.pdb,31,30,1.5008059,True,True,False
9NH7,ensemble,9NH7_ensemble_seed026.pdb,99,98,0.98103255,True,True,False
9NH7,ensemble,9NH7_ensemble_seed026.pdb,100,99,1.169937,True,True,False
9NH7,ensemble,9NH7_ensemble_seed026.pdb,101,100,1.1785505,True,True,False
9NH7,ensemble,9NH7_ensemble_seed026.pdb,102,101,2.0993583,False,True,False
9NH7,ensemble,9NH7_ensemble_seed026.pdb,103,102,3.4212098,False,False,False
9NH7,ensemble,9NH7_ensemble_seed026.pdb,105,104,3.1109197,False,False,False
9NH7,ensemble,9NH7_ensemble_seed026.pdb,106,105,5.1496196,False,False,False
9NH7,ensemble,9NH7_ensemble_seed026.pdb,107,106,3.4797692,False,False,False
9NH7,ensemble,9NH7_ensemble_seed026.pdb,108,107,5.998886,False,False,False
9NH7,ensemble,9NH7_ensemble_seed026.pdb,109,108,4.559106,False,False,False
9NH7,ensemble,9NH7_ensemble_seed026.pdb,110,109,2.0148213,False,True,False
9NH7,ensemble,9NH7_ensemble_seed027.pdb,27,26,7.773142,False,False,False
9NH7,ensemble,9NH7_ensemble_seed027.pdb,28,27,6.2455535,False,False,False
9NH7,ensemble,9NH7_ensemble_seed027.pdb,30,29,4.288256,False,False,False
9NH7,ensemble,9NH7_ensemble_seed027.pdb,31,30,3.0364723,False,False,False
9NH7,ensemble,9NH7_ensemble_seed027.pdb,99,98,0.7933198,True,True,False
9NH7,ensemble,9NH7_ensemble_seed027.pdb,100,99,0.76635176,True,True,False
9NH7,ensemble,9NH7_ensemble_seed027.pdb,101,100,0.9066234,True,True,False
9NH7,ensemble,9NH7_ensemble_seed027.pdb,102,101,0.72405434,True,True,False
9NH7,ensemble,9NH7_ensemble_seed027.pdb,103,102,0.91669625,True,True,False
9NH7,ensemble,9NH7_ensemble_seed027.pdb,105,104,0.9067385,True,True,False
9NH7,ensemble,9NH7_ensemble_seed027.pdb,106,105,1.706615,True,True,False
9NH7,ensemble,9NH7_ensemble_seed027.pdb,107,106,1.0750866,True,True,False
9NH7,ensemble,9NH7_ensemble_seed027.pdb,108,107,0.81036055,True,True,False
9NH7,ensemble,9NH7_ensemble_seed027.pdb,109,108,1.1107137,True,True,False
9NH7,ensemble,9NH7_ensemble_seed027.pdb,110,109,1.6869025,True,True,False
9NH7,ensemble,9NH7_ensemble_seed028.pdb,27,26,7.2963552,False,False,False
9NH7,ensemble,9NH7_ensemble_seed028.pdb,28,27,5.049005,False,False,False
9NH7,ensemble,9NH7_ensemble_seed028.pdb,30,29,3.1088674,False,False,False
9NH7,ensemble,9NH7_ensemble_seed028.pdb,31,30,1.1661462,True,True,False
9NH7,ensemble,9NH7_ensemble_seed028.pdb,99,98,0.92671233,True,True,False
9NH7,ensemble,9NH7_ensemble_seed028.pdb,100,99,3.539269,False,False,False
9NH7,ensemble,9NH7_ensemble_seed028.pdb,101,100,6.423696,False,False,False
9NH7,ensemble,9NH7_ensemble_seed028.pdb,102,101,13.47786,False,False,False
9NH7,ensemble,9NH7_ensemble_seed028.pdb,103,102,16.938543,False,False,False
9NH7,ensemble,9NH7_ensemble_seed028.pdb,105,104,18.472725,False,False,False
9NH7,ensemble,9NH7_ensemble_seed028.pdb,106,105,16.63832,False,False,False
9NH7,ensemble,9NH7_ensemble_seed028.pdb,107,106,10.414341,False,False,False
9NH7,ensemble,9NH7_ensemble_seed028.pdb,108,107,5.1334453,False,False,False
9NH7,ensemble,9NH7_ensemble_seed028.pdb,109,108,5.728569,False,False,False
9NH7,ensemble,9NH7_ensemble_seed028.pdb,110,109,1.8224778,True,True,False
9NH7,ensemble,9NH7_ensemble_seed029.pdb,27,26,8.65558,False,False,False
9NH7,ensemble,9NH7_ensemble_seed029.pdb,28,27,7.229027,False,False,False
9NH7,ensemble,9NH7_ensemble_seed029.pdb,30,29,4.041236,False,False,False
9NH7,ensemble,9NH7_ensemble_seed029.pdb,31,30,2.8231592,False,True,False
9NH7,ensemble,9NH7_ensemble_seed029.pdb,99,98,1.7131422,True,True,False
9NH7,ensemble,9NH7_ensemble_seed029.pdb,100,99,4.0643916,False,False,False
9NH7,ensemble,9NH7_ensemble_seed029.pdb,101,100,7.844694,False,False,False
9NH7,ensemble,9NH7_ensemble_seed029.pdb,102,101,12.684912,False,False,False
9NH7,ensemble,9NH7_ensemble_seed029.pdb,103,102,13.355579,False,False,False
9NH7,ensemble,9NH7_ensemble_seed029.pdb,105,104,14.128665,False,False,False
9NH7,ensemble,9NH7_ensemble_seed029.pdb,106,105,11.980023,False,False,False
9NH7,ensemble,9NH7_ensemble_seed029.pdb,107,106,6.477187,False,False,False
9NH7,ensemble,9NH7_ensemble_seed029.pdb,108,107,2.1441114,False,True,False
9NH7,ensemble,9NH7_ensemble_seed029.pdb,109,108,1.6794101,True,True,False
9NH7,ensemble,9NH7_ensemble_seed029.pdb,110,109,2.5421555,False,True,False
9NH7,ensemble,9NH7_ensemble_seed030.pdb,27,26,6.2229013,False,False,False
9NH7,ensemble,9NH7_ensemble_seed030.pdb,28,27,6.6491356,False,False,False
9NH7,ensemble,9NH7_ensemble_seed030.pdb,30,29,3.4118543,False,False,False
9NH7,ensemble,9NH7_ensemble_seed030.pdb,31,30,2.9252946,False,True,False
9NH7,ensemble,9NH7_ensemble_seed030.pdb,99,98,1.0912071,True,True,False
9NH7,ensemble,9NH7_ensemble_seed030.pdb,100,99,1.9651378,True,True,False
9NH7,ensemble,9NH7_ensemble_seed030.pdb,101,100,3.4682195,False,False,False
9NH7,ensemble,9NH7_ensemble_seed030.pdb,102,101,4.294507,False,False,False
9NH7,ensemble,9NH7_ensemble_seed030.pdb,103,102,5.95127,False,False,False
9NH7,ensemble,9NH7_ensemble_seed030.pdb,105,104,4.854939,False,False,False
9NH7,ensemble,9NH7_ensemble_seed030.pdb,106,105,3.7823212,False,False,False
9NH7,ensemble,9NH7_ensemble_seed030.pdb,107,106,4.2119765,False,False,False
9NH7,ensemble,9NH7_ensemble_seed030.pdb,108,107,5.2271376,False,False,False
9NH7,ensemble,9NH7_ensemble_seed030.pdb,109,108,5.0081153,False,False,False
9NH7,ensemble,9NH7_ensemble_seed030.pdb,110,109,2.0566397,False,True,False
9NH7,ensemble,9NH7_ensemble_seed031.pdb,27,26,5.034325,False,False,False
9NH7,ensemble,9NH7_ensemble_seed031.pdb,28,27,4.714454,False,False,False
9NH7,ensemble,9NH7_ensemble_seed031.pdb,30,29,4.558488,False,False,False
9NH7,ensemble,9NH7_ensemble_seed031.pdb,31,30,3.085764,False,False,False
9NH7,ensemble,9NH7_ensemble_seed031.pdb,99,98,0.7778557,True,True,False
9NH7,ensemble,9NH7_ensemble_seed031.pdb,100,99,0.72827816,True,True,False
9NH7,ensemble,9NH7_ensemble_seed031.pdb,101,100,0.78244156,True,True,False
9NH7,ensemble,9NH7_ensemble_seed031.pdb,102,101,0.376907,True,True,False
9NH7,ensemble,9NH7_ensemble_seed031.pdb,103,102,1.0697442,True,True,False
9NH7,ensemble,9NH7_ensemble_seed031.pdb,105,104,1.2917392,True,True,False
9NH7,ensemble,9NH7_ensemble_seed031.pdb,106,105,2.0107577,False,True,False
9NH7,ensemble,9NH7_ensemble_seed031.pdb,107,106,1.1509899,True,True,False
9NH7,ensemble,9NH7_ensemble_seed031.pdb,108,107,0.7942295,True,True,False
9NH7,ensemble,9NH7_ensemble_seed031.pdb,109,108,1.0633408,True,True,False
9NH7,ensemble,9NH7_ensemble_seed031.pdb,110,109,1.5743945,True,True,False
9NH7,ensemble,9NH7_ensemble_seed032.pdb,27,26,6.5124664,False,False,False
9NH7,ensemble,9NH7_ensemble_seed032.pdb,28,27,5.239771,False,False,False
9NH7,ensemble,9NH7_ensemble_seed032.pdb,30,29,5.089065,False,False,False
9NH7,ensemble,9NH7_ensemble_seed032.pdb,31,30,3.0780704,False,False,False
9NH7,ensemble,9NH7_ensemble_seed032.pdb,99,98,1.3335968,True,True,False
9NH7,ensemble,9NH7_ensemble_seed032.pdb,100,99,3.8374486,False,False,False
9NH7,ensemble,9NH7_ensemble_seed032.pdb,101,100,6.963698,False,False,False
9NH7,ensemble,9NH7_ensemble_seed032.pdb,102,101,12.231988,False,False,False
9NH7,ensemble,9NH7_ensemble_seed032.pdb,103,102,12.847706,False,False,False
9NH7,ensemble,9NH7_ensemble_seed032.pdb,105,104,14.845149,False,False,False
9NH7,ensemble,9NH7_ensemble_seed032.pdb,106,105,12.686172,False,False,False
9NH7,ensemble,9NH7_ensemble_seed032.pdb,107,106,7.6899185,False,False,False
9NH7,ensemble,9NH7_ensemble_seed032.pdb,108,107,3.1090622,False,False,False
9NH7,ensemble,9NH7_ensemble_seed032.pdb,109,108,4.9346533,False,False,False
9NH7,ensemble,9NH7_ensemble_seed032.pdb,110,109,1.7437158,True,True,False
9NH7,ensemble,9NH7_ensemble_seed033.pdb,27,26,5.078901,False,False,False
9NH7,ensemble,9NH7_ensemble_seed033.pdb,28,27,4.8996897,False,False,False
9NH7,ensemble,9NH7_ensemble_seed033.pdb,30,29,4.4692574,False,False,False
9NH7,ensemble,9NH7_ensemble_seed033.pdb,31,30,3.1262147,False,False,False
9NH7,ensemble,9NH7_ensemble_seed033.pdb,99,98,0.90461963,True,True,False
9NH7,ensemble,9NH7_ensemble_seed033.pdb,100,99,0.98551655,True,True,False
9NH7,ensemble,9NH7_ensemble_seed033.pdb,101,100,1.1210871,True,True,False
9NH7,ensemble,9NH7_ensemble_seed033.pdb,102,101,0.3700396,True,True,False
9NH7,ensemble,9NH7_ensemble_seed033.pdb,103,102,1.0602336,True,True,False
9NH7,ensemble,9NH7_ensemble_seed033.pdb,105,104,1.2252859,True,True,False
9NH7,ensemble,9NH7_ensemble_seed033.pdb,106,105,1.8052747,True,True,False
9NH7,ensemble,9NH7_ensemble_seed033.pdb,107,106,0.9382616,True,True,False
9NH7,ensemble,9NH7_ensemble_seed033.pdb,108,107,0.6882615,True,True,False
9NH7,ensemble,9NH7_ensemble_seed033.pdb,109,108,0.9341605,True,True,False
9NH7,ensemble,9NH7_ensemble_seed033.pdb,110,109,1.3774626,True,True,False
9NH7,ensemble,9NH7_ensemble_seed034.pdb,27,26,3.5111785,False,False,False
9NH7,ensemble,9NH7_ensemble_seed034.pdb,28,27,1.4355781,True,True,False
9NH7,ensemble,9NH7_ensemble_seed034.pdb,30,29,2.5398424,False,True,False
9NH7,ensemble,9NH7_ensemble_seed034.pdb,31,30,2.0769281,False,True,False
9NH7,ensemble,9NH7_ensemble_seed034.pdb,99,98,0.7566932,True,True,False
9NH7,ensemble,9NH7_ensemble_seed034.pdb,100,99,0.77476794,True,True,False
9NH7,ensemble,9NH7_ensemble_seed034.pdb,101,100,0.7495753,True,True,False
9NH7,ensemble,9NH7_ensemble_seed034.pdb,102,101,0.71649885,True,True,False
9NH7,ensemble,9NH7_ensemble_seed034.pdb,103,102,1.2909472,True,True,False
9NH7,ensemble,9NH7_ensemble_seed034.pdb,105,104,1.0965922,True,True,False
9NH7,ensemble,9NH7_ensemble_seed034.pdb,106,105,1.5276253,True,True,False
9NH7,ensemble,9NH7_ensemble_seed034.pdb,107,106,1.3259499,True,True,False
9NH7,ensemble,9NH7_ensemble_seed034.pdb,108,107,0.8267784,True,True,False
9NH7,ensemble,9NH7_ensemble_seed034.pdb,109,108,0.9301211,True,True,False
9NH7,ensemble,9NH7_ensemble_seed034.pdb,110,109,1.5839417,True,True,False
9NH7,ensemble,9NH7_ensemble_seed035.pdb,27,26,4.016053,False,False,False
9NH7,ensemble,9NH7_ensemble_seed035.pdb,28,27,1.6320624,True,True,False
9NH7,ensemble,9NH7_ensemble_seed035.pdb,30,29,1.8326259,True,True,False
9NH7,ensemble,9NH7_ensemble_seed035.pdb,31,30,0.8999605,True,True,False
9NH7,ensemble,9NH7_ensemble_seed035.pdb,99,98,1.0629152,True,True,False
9NH7,ensemble,9NH7_ensemble_seed035.pdb,100,99,2.2861545,False,True,False
9NH7,ensemble,9NH7_ensemble_seed035.pdb,101,100,2.8127048,False,True,False
9NH7,ensemble,9NH7_ensemble_seed035.pdb,102,101,1.9115686,True,True,False
9NH7,ensemble,9NH7_ensemble_seed035.pdb,103,102,3.979887,False,False,False
9NH7,ensemble,9NH7_ensemble_seed035.pdb,105,104,5.359648,False,False,False
9NH7,ensemble,9NH7_ensemble_seed035.pdb,106,105,5.56155,False,False,False
9NH7,ensemble,9NH7_ensemble_seed035.pdb,107,106,5.485912,False,False,False
9NH7,ensemble,9NH7_ensemble_seed035.pdb,108,107,4.639436,False,False,False
9NH7,ensemble,9NH7_ensemble_seed035.pdb,109,108,5.619754,False,False,False
9NH7,ensemble,9NH7_ensemble_seed035.pdb,110,109,1.6210965,True,True,False
9NH7,ensemble,9NH7_ensemble_seed036.pdb,27,26,7.789416,False,False,False
9NH7,ensemble,9NH7_ensemble_seed036.pdb,28,27,5.107712,False,False,False
9NH7,ensemble,9NH7_ensemble_seed036.pdb,30,29,6.8475676,False,False,False
9NH7,ensemble,9NH7_ensemble_seed036.pdb,31,30,5.086675,False,False,False
9NH7,ensemble,9NH7_ensemble_seed036.pdb,99,98,0.46372733,True,True,False
9NH7,ensemble,9NH7_ensemble_seed036.pdb,100,99,0.523743,True,True,False
9NH7,ensemble,9NH7_ensemble_seed036.pdb,101,100,0.5390818,True,True,False
9NH7,ensemble,9NH7_ensemble_seed036.pdb,102,101,0.8020758,True,True,False
9NH7,ensemble,9NH7_ensemble_seed036.pdb,103,102,0.6888201,True,True,False
9NH7,ensemble,9NH7_ensemble_seed036.pdb,105,104,1.1780521,True,True,False
9NH7,ensemble,9NH7_ensemble_seed036.pdb,106,105,2.004766,False,True,False
9NH7,ensemble,9NH7_ensemble_seed036.pdb,107,106,1.5137618,True,True,False
9NH7,ensemble,9NH7_ensemble_seed036.pdb,108,107,1.8357166,True,True,False
9NH7,ensemble,9NH7_ensemble_seed036.pdb,109,108,1.3403908,True,True,False
9NH7,ensemble,9NH7_ensemble_seed036.pdb,110,109,2.524999,False,True,False
9NH7,ensemble,9NH7_ensemble_seed037.pdb,27,26,6.416599,False,False,False
9NH7,ensemble,9NH7_ensemble_seed037.pdb,28,27,4.5627403,False,False,False
9NH7,ensemble,9NH7_ensemble_seed037.pdb,30,29,3.4959624,False,False,False
9NH7,ensemble,9NH7_ensemble_seed037.pdb,31,30,3.0669923,False,False,False
9NH7,ensemble,9NH7_ensemble_seed037.pdb,99,98,1.4578744,True,True,False
9NH7,ensemble,9NH7_ensemble_seed037.pdb,100,99,3.512058,False,False,False
9NH7,ensemble,9NH7_ensemble_seed037.pdb,101,100,6.512119,False,False,False
9NH7,ensemble,9NH7_ensemble_seed037.pdb,102,101,12.057396,False,False,False
9NH7,ensemble,9NH7_ensemble_seed037.pdb,103,102,17.509684,False,False,False
9NH7,ensemble,9NH7_ensemble_seed037.pdb,105,104,21.30893,False,False,False
9NH7,ensemble,9NH7_ensemble_seed037.pdb,106,105,18.598354,False,False,False
9NH7,ensemble,9NH7_ensemble_seed037.pdb,107,106,12.003789,False,False,False
9NH7,ensemble,9NH7_ensemble_seed037.pdb,108,107,7.176435,False,False,False
9NH7,ensemble,9NH7_ensemble_seed037.pdb,109,108,7.0902133,False,False,False
9NH7,ensemble,9NH7_ensemble_seed037.pdb,110,109,2.25556,False,True,False
9NH7,ensemble,9NH7_ensemble_seed038.pdb,27,26,8.33974,False,False,False
9NH7,ensemble,9NH7_ensemble_seed038.pdb,28,27,6.533932,False,False,False
9NH7,ensemble,9NH7_ensemble_seed038.pdb,30,29,5.841457,False,False,False
9NH7,ensemble,9NH7_ensemble_seed038.pdb,31,30,3.885042,False,False,False
9NH7,ensemble,9NH7_ensemble_seed038.pdb,99,98,0.7433637,True,True,False
9NH7,ensemble,9NH7_ensemble_seed038.pdb,100,99,0.7027966,True,True,False
9NH7,ensemble,9NH7_ensemble_seed038.pdb,101,100,0.52666706,True,True,False
9NH7,ensemble,9NH7_ensemble_seed038.pdb,102,101,1.3940386,True,True,False
9NH7,ensemble,9NH7_ensemble_seed038.pdb,103,102,1.6780378,True,True,False
9NH7,ensemble,9NH7_ensemble_seed038.pdb,105,104,1.5182382,True,True,False
9NH7,ensemble,9NH7_ensemble_seed038.pdb,106,105,1.9566929,True,True,False
9NH7,ensemble,9NH7_ensemble_seed038.pdb,107,106,1.5060732,True,True,False
9NH7,ensemble,9NH7_ensemble_seed038.pdb,108,107,0.80079556,True,True,False
9NH7,ensemble,9NH7_ensemble_seed038.pdb,109,108,1.0599704,True,True,False
9NH7,ensemble,9NH7_ensemble_seed038.pdb,110,109,1.6037462,True,True,False
9NH7,ensemble,9NH7_ensemble_seed039.pdb,27,26,7.8515615,False,False,False
9NH7,ensemble,9NH7_ensemble_seed039.pdb,28,27,6.544905,False,False,False
9NH7,ensemble,9NH7_ensemble_seed039.pdb,30,29,4.231093,False,False,False
9NH7,ensemble,9NH7_ensemble_seed039.pdb,31,30,2.6057072,False,True,False
9NH7,ensemble,9NH7_ensemble_seed039.pdb,99,98,1.0924599,True,True,False
9NH7,ensemble,9NH7_ensemble_seed039.pdb,100,99,1.5326436,True,True,False
9NH7,ensemble,9NH7_ensemble_seed039.pdb,101,100,2.049549,False,True,False
9NH7,ensemble,9NH7_ensemble_seed039.pdb,102,101,1.9819416,True,True,False
9NH7,ensemble,9NH7_ensemble_seed039.pdb,103,102,2.5339768,False,True,False
9NH7,ensemble,9NH7_ensemble_seed039.pdb,105,104,1.8822699,True,True,False
9NH7,ensemble,9NH7_ensemble_seed039.pdb,106,105,2.2961917,False,True,False
9NH7,ensemble,9NH7_ensemble_seed039.pdb,107,106,2.1356182,False,True,False
9NH7,ensemble,9NH7_ensemble_seed039.pdb,108,107,1.273031,True,True,False
9NH7,ensemble,9NH7_ensemble_seed039.pdb,109,108,1.2175056,True,True,False
9NH7,ensemble,9NH7_ensemble_seed039.pdb,110,109,1.757671,True,True,False
9NH7,ensemble,9NH7_ensemble_seed040.pdb,27,26,3.2520885,False,False,False
9NH7,ensemble,9NH7_ensemble_seed040.pdb,28,27,3.095663,False,False,False
9NH7,ensemble,9NH7_ensemble_seed040.pdb,30,29,1.8581709,True,True,False
9NH7,ensemble,9NH7_ensemble_seed040.pdb,31,30,1.110649,True,True,False
9NH7,ensemble,9NH7_ensemble_seed040.pdb,99,98,0.97120833,True,True,False
9NH7,ensemble,9NH7_ensemble_seed040.pdb,100,99,1.1169606,True,True,False
9NH7,ensemble,9NH7_ensemble_seed040.pdb,101,100,0.8527411,True,True,False
9NH7,ensemble,9NH7_ensemble_seed040.pdb,102,101,1.5061109,True,True,False
9NH7,ensemble,9NH7_ensemble_seed040.pdb,103,102,1.3815196,True,True,False
9NH7,ensemble,9NH7_ensemble_seed040.pdb,105,104,0.9881206,True,True,False
9NH7,ensemble,9NH7_ensemble_seed040.pdb,106,105,1.1294498,True,True,False
9NH7,ensemble,9NH7_ensemble_seed040.pdb,107,106,0.6632713,True,True,False
9NH7,ensemble,9NH7_ensemble_seed040.pdb,108,107,0.6213193,True,True,False
9NH7,ensemble,9NH7_ensemble_seed040.pdb,109,108,0.16502889,True,True,False
9NH7,ensemble,9NH7_ensemble_seed040.pdb,110,109,1.6464528,True,True,False
9NH7,ensemble,9NH7_ensemble_seed041.pdb,27,26,7.834613,False,False,False
9NH7,ensemble,9NH7_ensemble_seed041.pdb,28,27,6.810703,False,False,False
9NH7,ensemble,9NH7_ensemble_seed041.pdb,30,29,3.9102929,False,False,False
9NH7,ensemble,9NH7_ensemble_seed041.pdb,31,30,2.597294,False,True,False
9NH7,ensemble,9NH7_ensemble_seed041.pdb,99,98,1.4825243,True,True,False
9NH7,ensemble,9NH7_ensemble_seed041.pdb,100,99,3.4510465,False,False,False
9NH7,ensemble,9NH7_ensemble_seed041.pdb,101,100,6.9092803,False,False,False
9NH7,ensemble,9NH7_ensemble_seed041.pdb,102,101,13.475755,False,False,False
9NH7,ensemble,9NH7_ensemble_seed041.pdb,103,102,17.166864,False,False,False
9NH7,ensemble,9NH7_ensemble_seed041.pdb,105,104,20.585669,False,False,False
9NH7,ensemble,9NH7_ensemble_seed041.pdb,106,105,18.647593,False,False,False
9NH7,ensemble,9NH7_ensemble_seed041.pdb,107,106,13.228312,False,False,False
9NH7,ensemble,9NH7_ensemble_seed041.pdb,108,107,7.2827682,False,False,False
9NH7,ensemble,9NH7_ensemble_seed041.pdb,109,108,7.3809466,False,False,False
9NH7,ensemble,9NH7_ensemble_seed041.pdb,110,109,2.4043434,False,True,False
9NH7,ensemble,9NH7_ensemble_seed042.pdb,27,26,2.3928382,False,True,False
9NH7,ensemble,9NH7_ensemble_seed042.pdb,28,27,1.6966678,True,True,False
9NH7,ensemble,9NH7_ensemble_seed042.pdb,30,29,1.8916056,True,True,False
9NH7,ensemble,9NH7_ensemble_seed042.pdb,31,30,0.31073502,True,True,False
9NH7,ensemble,9NH7_ensemble_seed042.pdb,99,98,0.74507266,True,True,False
9NH7,ensemble,9NH7_ensemble_seed042.pdb,100,99,0.9638138,True,True,False
9NH7,ensemble,9NH7_ensemble_seed042.pdb,101,100,2.0378795,False,True,False
9NH7,ensemble,9NH7_ensemble_seed042.pdb,102,101,2.534457,False,True,False
9NH7,ensemble,9NH7_ensemble_seed042.pdb,103,102,1.995007,True,True,False
9NH7,ensemble,9NH7_ensemble_seed042.pdb,105,104,1.5533862,True,True,False
9NH7,ensemble,9NH7_ensemble_seed042.pdb,106,105,1.8276157,True,True,False
9NH7,ensemble,9NH7_ensemble_seed042.pdb,107,106,1.4139231,True,True,False
9NH7,ensemble,9NH7_ensemble_seed042.pdb,108,107,0.35960642,True,True,False
9NH7,ensemble,9NH7_ensemble_seed042.pdb,109,108,0.9124751,True,True,False
9NH7,ensemble,9NH7_ensemble_seed042.pdb,110,109,1.2930856,True,True,False
9NH7,ensemble,9NH7_ensemble_seed043.pdb,27,26,7.951617,False,False,False
9NH7,ensemble,9NH7_ensemble_seed043.pdb,28,27,6.7900386,False,False,False
9NH7,ensemble,9NH7_ensemble_seed043.pdb,30,29,3.455573,False,False,False
9NH7,ensemble,9NH7_ensemble_seed043.pdb,31,30,2.7475467,False,True,False
9NH7,ensemble,9NH7_ensemble_seed043.pdb,99,98,1.0539507,True,True,False
9NH7,ensemble,9NH7_ensemble_seed043.pdb,100,99,1.3350036,True,True,False
9NH7,ensemble,9NH7_ensemble_seed043.pdb,101,100,1.897413,True,True,False
9NH7,ensemble,9NH7_ensemble_seed043.pdb,102,101,2.0540726,False,True,False
9NH7,ensemble,9NH7_ensemble_seed043.pdb,103,102,2.5743945,False,True,False
9NH7,ensemble,9NH7_ensemble_seed043.pdb,105,104,1.8118161,True,True,False
9NH7,ensemble,9NH7_ensemble_seed043.pdb,106,105,1.9849039,True,True,False
9NH7,ensemble,9NH7_ensemble_seed043.pdb,107,106,1.8748358,True,True,False
9NH7,ensemble,9NH7_ensemble_seed043.pdb,108,107,1.4643961,True,True,False
9NH7,ensemble,9NH7_ensemble_seed043.pdb,109,108,1.0878352,True,True,False
9NH7,ensemble,9NH7_ensemble_seed043.pdb,110,109,1.9889573,True,True,False
9NH7,ensemble,9NH7_ensemble_seed044.pdb,27,26,4.643184,False,False,False
9NH7,ensemble,9NH7_ensemble_seed044.pdb,28,27,2.4309921,False,True,False
9NH7,ensemble,9NH7_ensemble_seed044.pdb,30,29,2.0102205,False,True,False
9NH7,ensemble,9NH7_ensemble_seed044.pdb,31,30,1.357921,True,True,False
9NH7,ensemble,9NH7_ensemble_seed044.pdb,99,98,0.98579055,True,True,False
9NH7,ensemble,9NH7_ensemble_seed044.pdb,100,99,3.9370143,False,False,False
9NH7,ensemble,9NH7_ensemble_seed044.pdb,101,100,6.357757,False,False,False
9NH7,ensemble,9NH7_ensemble_seed044.pdb,102,101,9.125517,False,False,False
9NH7,ensemble,9NH7_ensemble_seed044.pdb,103,102,14.700215,False,False,False
9NH7,ensemble,9NH7_ensemble_seed044.pdb,105,104,15.713504,False,False,False
9NH7,ensemble,9NH7_ensemble_seed044.pdb,106,105,12.423296,False,False,False
9NH7,ensemble,9NH7_ensemble_seed044.pdb,107,106,7.570271,False,False,False
9NH7,ensemble,9NH7_ensemble_seed044.pdb,108,107,3.638142,False,False,False
9NH7,ensemble,9NH7_ensemble_seed044.pdb,109,108,5.307934,False,False,False
9NH7,ensemble,9NH7_ensemble_seed044.pdb,110,109,1.8632821,True,True,False
9NH7,ensemble,9NH7_ensemble_seed045.pdb,27,26,4.3612733,False,False,False
9NH7,ensemble,9NH7_ensemble_seed045.pdb,28,27,4.063493,False,False,False
9NH7,ensemble,9NH7_ensemble_seed045.pdb,30,29,3.9377358,False,False,False
9NH7,ensemble,9NH7_ensemble_seed045.pdb,31,30,1.1591498,True,True,False
9NH7,ensemble,9NH7_ensemble_seed045.pdb,99,98,0.87376213,True,True,False
9NH7,ensemble,9NH7_ensemble_seed045.pdb,100,99,0.85922986,True,True,False
9NH7,ensemble,9NH7_ensemble_seed045.pdb,101,100,0.738684,True,True,False
9NH7,ensemble,9NH7_ensemble_seed045.pdb,102,101,0.49498695,True,True,False
9NH7,ensemble,9NH7_ensemble_seed045.pdb,103,102,0.9493791,True,True,False
9NH7,ensemble,9NH7_ensemble_seed045.pdb,105,104,1.0797496,True,True,False
9NH7,ensemble,9NH7_ensemble_seed045.pdb,106,105,1.7610372,True,True,False
9NH7,ensemble,9NH7_ensemble_seed045.pdb,107,106,1.0897145,True,True,False
9NH7,ensemble,9NH7_ensemble_seed045.pdb,108,107,0.750326,True,True,False
9NH7,ensemble,9NH7_ensemble_seed045.pdb,109,108,1.0279547,True,True,False
9NH7,ensemble,9NH7_ensemble_seed045.pdb,110,109,1.3850988,True,True,False
9NH7,ensemble,9NH7_ensemble_seed046.pdb,27,26,1.2429696,True,True,False
9NH7,ensemble,9NH7_ensemble_seed046.pdb,28,27,2.8470223,False,True,False
9NH7,ensemble,9NH7_ensemble_seed046.pdb,30,29,5.089357,False,False,False
9NH7,ensemble,9NH7_ensemble_seed046.pdb,31,30,2.7823877,False,True,False
9NH7,ensemble,9NH7_ensemble_seed046.pdb,99,98,0.8397246,True,True,False
9NH7,ensemble,9NH7_ensemble_seed046.pdb,100,99,0.8436021,True,True,False
9NH7,ensemble,9NH7_ensemble_seed046.pdb,101,100,1.0946176,True,True,False
9NH7,ensemble,9NH7_ensemble_seed046.pdb,102,101,0.06727525,True,True,False
9NH7,ensemble,9NH7_ensemble_seed046.pdb,103,102,0.64897007,True,True,False
9NH7,ensemble,9NH7_ensemble_seed046.pdb,105,104,0.35039854,True,True,False
9NH7,ensemble,9NH7_ensemble_seed046.pdb,106,105,1.10681,True,True,False
9NH7,ensemble,9NH7_ensemble_seed046.pdb,107,106,0.7559854,True,True,False
9NH7,ensemble,9NH7_ensemble_seed046.pdb,108,107,0.82937795,True,True,False
9NH7,ensemble,9NH7_ensemble_seed046.pdb,109,108,0.8640922,True,True,False
9NH7,ensemble,9NH7_ensemble_seed046.pdb,110,109,1.105346,True,True,False
9NH7,ensemble,9NH7_ensemble_seed047.pdb,27,26,7.140207,False,False,False
9NH7,ensemble,9NH7_ensemble_seed047.pdb,28,27,6.7457175,False,False,False
9NH7,ensemble,9NH7_ensemble_seed047.pdb,30,29,3.4943373,False,False,False
9NH7,ensemble,9NH7_ensemble_seed047.pdb,31,30,2.9098825,False,True,False
9NH7,ensemble,9NH7_ensemble_seed047.pdb,99,98,0.83125633,True,True,False
9NH7,ensemble,9NH7_ensemble_seed047.pdb,100,99,0.73021394,True,True,False
9NH7,ensemble,9NH7_ensemble_seed047.pdb,101,100,0.8035057,True,True,False
9NH7,ensemble,9NH7_ensemble_seed047.pdb,102,101,0.35027722,True,True,False
9NH7,ensemble,9NH7_ensemble_seed047.pdb,103,102,0.5102169,True,True,False
9NH7,ensemble,9NH7_ensemble_seed047.pdb,105,104,0.3593289,True,True,False
9NH7,ensemble,9NH7_ensemble_seed047.pdb,106,105,0.9388144,True,True,False
9NH7,ensemble,9NH7_ensemble_seed047.pdb,107,106,0.67129624,True,True,False
9NH7,ensemble,9NH7_ensemble_seed047.pdb,108,107,0.5832069,True,True,False
9NH7,ensemble,9NH7_ensemble_seed047.pdb,109,108,0.84647995,True,True,False
9NH7,ensemble,9NH7_ensemble_seed047.pdb,110,109,0.96265894,True,True,False
9NH7,ensemble,9NH7_ensemble_seed048.pdb,27,26,8.07717,False,False,False
9NH7,ensemble,9NH7_ensemble_seed048.pdb,28,27,6.9197197,False,False,False
9NH7,ensemble,9NH7_ensemble_seed048.pdb,30,29,5.446511,False,False,False
9NH7,ensemble,9NH7_ensemble_seed048.pdb,31,30,2.1614614,False,True,False
9NH7,ensemble,9NH7_ensemble_seed048.pdb,99,98,1.9409368,True,True,False
9NH7,ensemble,9NH7_ensemble_seed048.pdb,100,99,3.4795837,False,False,False
9NH7,ensemble,9NH7_ensemble_seed048.pdb,101,100,6.162699,False,False,False
9NH7,ensemble,9NH7_ensemble_seed048.pdb,102,101,12.1789,False,False,False
9NH7,ensemble,9NH7_ensemble_seed048.pdb,103,102,15.542804,False,False,False
9NH7,ensemble,9NH7_ensemble_seed048.pdb,105,104,21.634697,False,False,False
9NH7,ensemble,9NH7_ensemble_seed048.pdb,106,105,19.395975,False,False,False
9NH7,ensemble,9NH7_ensemble_seed048.pdb,107,106,15.0981245,False,False,False
9NH7,ensemble,9NH7_ensemble_seed048.pdb,108,107,8.678892,False,False,False
9NH7,ensemble,9NH7_ensemble_seed048.pdb,109,108,8.433598,False,False,False
9NH7,ensemble,9NH7_ensemble_seed048.pdb,110,109,3.3924656,False,False,False
9NH7,ensemble,9NH7_ensemble_seed049.pdb,27,26,3.6553197,False,False,False
9NH7,ensemble,9NH7_ensemble_seed049.pdb,28,27,3.0363257,False,False,False
9NH7,ensemble,9NH7_ensemble_seed049.pdb,30,29,2.7659416,False,True,False
9NH7,ensemble,9NH7_ensemble_seed049.pdb,31,30,1.5866021,True,True,False
9NH7,ensemble,9NH7_ensemble_seed049.pdb,99,98,0.80179375,True,True,False
9NH7,ensemble,9NH7_ensemble_seed049.pdb,100,99,1.4638464,True,True,False
9NH7,ensemble,9NH7_ensemble_seed049.pdb,101,100,1.7226756,True,True,False
9NH7,ensemble,9NH7_ensemble_seed049.pdb,102,101,0.9818573,True,True,False
9NH7,ensemble,9NH7_ensemble_seed049.pdb,103,102,2.0831134,False,True,False
9NH7,ensemble,9NH7_ensemble_seed049.pdb,105,104,1.4233242,True,True,False
9NH7,ensemble,9NH7_ensemble_seed049.pdb,106,105,1.7512143,True,True,False
9NH7,ensemble,9NH7_ensemble_seed049.pdb,107,106,1.6322182,True,True,False
9NH7,ensemble,9NH7_ensemble_seed049.pdb,108,107,1.4233637,True,True,False
9NH7,ensemble,9NH7_ensemble_seed049.pdb,109,108,1.0224662,True,True,False
9NH7,ensemble,9NH7_ensemble_seed049.pdb,110,109,1.1214867,True,True,False
9NH7,ensemble,9NH7_ensemble_seed050.pdb,27,26,7.8286176,False,False,False
9NH7,ensemble,9NH7_ensemble_seed050.pdb,28,27,6.7734046,False,False,False
9NH7,ensemble,9NH7_ensemble_seed050.pdb,30,29,3.7016418,False,False,False
9NH7,ensemble,9NH7_ensemble_seed050.pdb,31,30,2.7186477,False,True,False
9NH7,ensemble,9NH7_ensemble_seed050.pdb,99,98,1.4858147,True,True,False
9NH7,ensemble,9NH7_ensemble_seed050.pdb,100,99,3.9255579,False,False,False
9NH7,ensemble,9NH7_ensemble_seed050.pdb,101,100,7.5688787,False,False,False
9NH7,ensemble,9NH7_ensemble_seed050.pdb,102,101,12.689166,False,False,False
9NH7,ensemble,9NH7_ensemble_seed050.pdb,103,102,13.720008,False,False,False
9NH7,ensemble,9NH7_ensemble_seed050.pdb,105,104,12.434708,False,False,False
9NH7,ensemble,9NH7_ensemble_seed050.pdb,106,105,11.404004,False,False,False
9NH7,ensemble,9NH7_ensemble_seed050.pdb,107,106,5.916489,False,False,False
9NH7,ensemble,9NH7_ensemble_seed050.pdb,108,107,1.85967,True,True,False
9NH7,ensemble,9NH7_ensemble_seed050.pdb,109,108,1.5034536,True,True,False
9NH7,ensemble,9NH7_ensemble_seed050.pdb,110,109,2.2249715,False,True,False
9NH7,ensemble,9NH7_ensemble_seed051.pdb,27,26,5.385004,False,False,False
9NH7,ensemble,9NH7_ensemble_seed051.pdb,28,27,2.3336694,False,True,False
9NH7,ensemble,9NH7_ensemble_seed051.pdb,30,29,2.0836132,False,True,False
9NH7,ensemble,9NH7_ensemble_seed051.pdb,31,30,3.0494955,False,False,False
9NH7,ensemble,9NH7_ensemble_seed051.pdb,99,98,1.5421258,True,True,False
9NH7,ensemble,9NH7_ensemble_seed051.pdb,100,99,4.855754,False,False,False
9NH7,ensemble,9NH7_ensemble_seed051.pdb,101,100,8.2533865,False,False,False
9NH7,ensemble,9NH7_ensemble_seed051.pdb,102,101,9.88456,False,False,False
9NH7,ensemble,9NH7_ensemble_seed051.pdb,103,102,15.8794985,False,False,False
9NH7,ensemble,9NH7_ensemble_seed051.pdb,105,104,17.678846,False,False,False
9NH7,ensemble,9NH7_ensemble_seed051.pdb,106,105,15.254895,False,False,False
9NH7,ensemble,9NH7_ensemble_seed051.pdb,107,106,7.9893403,False,False,False
9NH7,ensemble,9NH7_ensemble_seed051.pdb,108,107,5.362988,False,False,False
9NH7,ensemble,9NH7_ensemble_seed051.pdb,109,108,5.7419086,False,False,False
9NH7,ensemble,9NH7_ensemble_seed051.pdb,110,109,1.7981786,True,True,False
9NH7,ensemble,9NH7_ensemble_seed052.pdb,27,26,8.052107,False,False,False
9NH7,ensemble,9NH7_ensemble_seed052.pdb,28,27,6.1816645,False,False,False
9NH7,ensemble,9NH7_ensemble_seed052.pdb,30,29,5.2659454,False,False,False
9NH7,ensemble,9NH7_ensemble_seed052.pdb,31,30,2.381169,False,True,False
9NH7,ensemble,9NH7_ensemble_seed052.pdb,99,98,0.9398664,True,True,False
9NH7,ensemble,9NH7_ensemble_seed052.pdb,100,99,2.323601,False,True,False
9NH7,ensemble,9NH7_ensemble_seed052.pdb,101,100,5.2207885,False,False,False
9NH7,ensemble,9NH7_ensemble_seed052.pdb,102,101,12.274036,False,False,False
9NH7,ensemble,9NH7_ensemble_seed052.pdb,103,102,15.223669,False,False,False
9NH7,ensemble,9NH7_ensemble_seed052.pdb,105,104,18.474438,False,False,False
9NH7,ensemble,9NH7_ensemble_seed052.pdb,106,105,16.426258,False,False,False
9NH7,ensemble,9NH7_ensemble_seed052.pdb,107,106,10.840965,False,False,False
9NH7,ensemble,9NH7_ensemble_seed052.pdb,108,107,5.3461084,False,False,False
9NH7,ensemble,9NH7_ensemble_seed052.pdb,109,108,6.060676,False,False,False
9NH7,ensemble,9NH7_ensemble_seed052.pdb,110,109,2.0239222,False,True,False
9NH7,ensemble,9NH7_ensemble_seed053.pdb,27,26,7.4708037,False,False,False
9NH7,ensemble,9NH7_ensemble_seed053.pdb,28,27,5.051258,False,False,False
9NH7,ensemble,9NH7_ensemble_seed053.pdb,30,29,3.3532908,False,False,False
9NH7,ensemble,9NH7_ensemble_seed053.pdb,31,30,0.8620989,True,True,False
9NH7,ensemble,9NH7_ensemble_seed053.pdb,99,98,0.8621611,True,True,False
9NH7,ensemble,9NH7_ensemble_seed053.pdb,100,99,1.048447,True,True,False
9NH7,ensemble,9NH7_ensemble_seed053.pdb,101,100,1.1213069,True,True,False
9NH7,ensemble,9NH7_ensemble_seed053.pdb,102,101,0.26322728,True,True,False
9NH7,ensemble,9NH7_ensemble_seed053.pdb,103,102,0.853957,True,True,False
9NH7,ensemble,9NH7_ensemble_seed053.pdb,105,104,0.54208964,True,True,False
9NH7,ensemble,9NH7_ensemble_seed053.pdb,106,105,1.495445,True,True,False
9NH7,ensemble,9NH7_ensemble_seed053.pdb,107,106,1.3495,True,True,False
9NH7,ensemble,9NH7_ensemble_seed053.pdb,108,107,1.242773,True,True,False
9NH7,ensemble,9NH7_ensemble_seed053.pdb,109,108,1.0085756,True,True,False
9NH7,ensemble,9NH7_ensemble_seed053.pdb,110,109,1.4333673,True,True,False
9NH7,ensemble,9NH7_ensemble_seed054.pdb,27,26,7.886914,False,False,False
9NH7,ensemble,9NH7_ensemble_seed054.pdb,28,27,6.729283,False,False,False
9NH7,ensemble,9NH7_ensemble_seed054.pdb,30,29,3.6820974,False,False,False
9NH7,ensemble,9NH7_ensemble_seed054.pdb,31,30,2.46458,False,True,False
9NH7,ensemble,9NH7_ensemble_seed054.pdb,99,98,1.0736296,True,True,False
9NH7,ensemble,9NH7_ensemble_seed054.pdb,100,99,1.1467559,True,True,False
9NH7,ensemble,9NH7_ensemble_seed054.pdb,101,100,1.2333711,True,True,False
9NH7,ensemble,9NH7_ensemble_seed054.pdb,102,101,0.8111296,True,True,False
9NH7,ensemble,9NH7_ensemble_seed054.pdb,103,102,1.4586997,True,True,False
9NH7,ensemble,9NH7_ensemble_seed054.pdb,105,104,1.3079478,True,True,False
9NH7,ensemble,9NH7_ensemble_seed054.pdb,106,105,2.0530314,False,True,False
9NH7,ensemble,9NH7_ensemble_seed054.pdb,107,106,1.5219483,True,True,False
9NH7,ensemble,9NH7_ensemble_seed054.pdb,108,107,1.1014925,True,True,False
9NH7,ensemble,9NH7_ensemble_seed054.pdb,109,108,1.1871974,True,True,False
9NH7,ensemble,9NH7_ensemble_seed054.pdb,110,109,1.7180188,True,True,False
9NH7,ensemble,9NH7_ensemble_seed055.pdb,27,26,4.0302324,False,False,False
9NH7,ensemble,9NH7_ensemble_seed055.pdb,28,27,4.4805107,False,False,False
9NH7,ensemble,9NH7_ensemble_seed055.pdb,30,29,4.6325064,False,False,False
9NH7,ensemble,9NH7_ensemble_seed055.pdb,31,30,3.3867528,False,False,False
9NH7,ensemble,9NH7_ensemble_seed055.pdb,99,98,0.72975284,True,True,False
9NH7,ensemble,9NH7_ensemble_seed055.pdb,100,99,2.022944,False,True,False
9NH7,ensemble,9NH7_ensemble_seed055.pdb,101,100,2.7395625,False,True,False
9NH7,ensemble,9NH7_ensemble_seed055.pdb,102,101,2.9692404,False,True,False
9NH7,ensemble,9NH7_ensemble_seed055.pdb,103,102,4.413615,False,False,False
9NH7,ensemble,9NH7_ensemble_seed055.pdb,105,104,4.311229,False,False,False
9NH7,ensemble,9NH7_ensemble_seed055.pdb,106,105,6.610467,False,False,False
9NH7,ensemble,9NH7_ensemble_seed055.pdb,107,106,3.5493073,False,False,False
9NH7,ensemble,9NH7_ensemble_seed055.pdb,108,107,6.4801264,False,False,False
9NH7,ensemble,9NH7_ensemble_seed055.pdb,109,108,5.032287,False,False,False
9NH7,ensemble,9NH7_ensemble_seed055.pdb,110,109,1.8049655,True,True,False
9NH7,ensemble,9NH7_ensemble_seed056.pdb,27,26,8.343501,False,False,False
9NH7,ensemble,9NH7_ensemble_seed056.pdb,28,27,7.125169,False,False,False
9NH7,ensemble,9NH7_ensemble_seed056.pdb,30,29,5.6871743,False,False,False
9NH7,ensemble,9NH7_ensemble_seed056.pdb,31,30,2.4284794,False,True,False
9NH7,ensemble,9NH7_ensemble_seed056.pdb,99,98,2.0009563,False,True,False
9NH7,ensemble,9NH7_ensemble_seed056.pdb,100,99,3.3092425,False,False,False
9NH7,ensemble,9NH7_ensemble_seed056.pdb,101,100,4.5826464,False,False,False
9NH7,ensemble,9NH7_ensemble_seed056.pdb,102,101,10.473999,False,False,False
9NH7,ensemble,9NH7_ensemble_seed056.pdb,103,102,14.835617,False,False,False
9NH7,ensemble,9NH7_ensemble_seed056.pdb,105,104,18.761448,False,False,False
9NH7,ensemble,9NH7_ensemble_seed056.pdb,106,105,17.844793,False,False,False
9NH7,ensemble,9NH7_ensemble_seed056.pdb,107,106,11.835461,False,False,False
9NH7,ensemble,9NH7_ensemble_seed056.pdb,108,107,6.666974,False,False,False
9NH7,ensemble,9NH7_ensemble_seed056.pdb,109,108,6.161921,False,False,False
9NH7,ensemble,9NH7_ensemble_seed056.pdb,110,109,2.2629185,False,True,False
9NH7,ensemble,9NH7_ensemble_seed057.pdb,27,26,5.4431877,False,False,False
9NH7,ensemble,9NH7_ensemble_seed057.pdb,28,27,4.2106185,False,False,False
9NH7,ensemble,9NH7_ensemble_seed057.pdb,30,29,3.6271303,False,False,False
9NH7,ensemble,9NH7_ensemble_seed057.pdb,31,30,0.6429043,True,True,False
9NH7,ensemble,9NH7_ensemble_seed057.pdb,99,98,0.9240017,True,True,False
9NH7,ensemble,9NH7_ensemble_seed057.pdb,100,99,0.97108436,True,True,False
9NH7,ensemble,9NH7_ensemble_seed057.pdb,101,100,0.807833,True,True,False
9NH7,ensemble,9NH7_ensemble_seed057.pdb,102,101,0.34787902,True,True,False
9NH7,ensemble,9NH7_ensemble_seed057.pdb,103,102,0.94921154,True,True,False
9NH7,ensemble,9NH7_ensemble_seed057.pdb,105,104,1.004585,True,True,False
9NH7,ensemble,9NH7_ensemble_seed057.pdb,106,105,1.7305748,True,True,False
9NH7,ensemble,9NH7_ensemble_seed057.pdb,107,106,1.0498406,True,True,False
9NH7,ensemble,9NH7_ensemble_seed057.pdb,108,107,0.74709195,True,True,False
9NH7,ensemble,9NH7_ensemble_seed057.pdb,109,108,1.0097557,True,True,False
9NH7,ensemble,9NH7_ensemble_seed057.pdb,110,109,1.4007025,True,True,False
9NH7,ensemble,9NH7_ensemble_seed058.pdb,27,26,2.700155,False,True,False
9NH7,ensemble,9NH7_ensemble_seed058.pdb,28,27,3.2934618,False,False,False
9NH7,ensemble,9NH7_ensemble_seed058.pdb,30,29,4.1657243,False,False,False
9NH7,ensemble,9NH7_ensemble_seed058.pdb,31,30,2.7916439,False,True,False
9NH7,ensemble,9NH7_ensemble_seed058.pdb,99,98,2.203215,False,True,False
9NH7,ensemble,9NH7_ensemble_seed058.pdb,100,99,4.6539435,False,False,False
9NH7,ensemble,9NH7_ensemble_seed058.pdb,101,100,8.688393,False,False,False
9NH7,ensemble,9NH7_ensemble_seed058.pdb,102,101,14.709526,False,False,False
9NH7,ensemble,9NH7_ensemble_seed058.pdb,103,102,19.034044,False,False,False
9NH7,ensemble,9NH7_ensemble_seed058.pdb,105,104,22.123686,False,False,False
9NH7,ensemble,9NH7_ensemble_seed058.pdb,106,105,20.18574,False,False,False
9NH7,ensemble,9NH7_ensemble_seed058.pdb,107,106,14.8331585,False,False,False
9NH7,ensemble,9NH7_ensemble_seed058.pdb,108,107,8.453056,False,False,False
9NH7,ensemble,9NH7_ensemble_seed058.pdb,109,108,7.5222917,False,False,False
9NH7,ensemble,9NH7_ensemble_seed058.pdb,110,109,2.5329764,False,True,False
9NH7,ensemble,9NH7_ensemble_seed059.pdb,27,26,7.7900887,False,False,False
9NH7,ensemble,9NH7_ensemble_seed059.pdb,28,27,6.6638017,False,False,False
9NH7,ensemble,9NH7_ensemble_seed059.pdb,30,29,3.9360945,False,False,False
9NH7,ensemble,9NH7_ensemble_seed059.pdb,31,30,2.4871728,False,True,False
9NH7,ensemble,9NH7_ensemble_seed059.pdb,99,98,1.5600206,True,True,False
9NH7,ensemble,9NH7_ensemble_seed059.pdb,100,99,3.846632,False,False,False
9NH7,ensemble,9NH7_ensemble_seed059.pdb,101,100,7.2694893,False,False,False
9NH7,ensemble,9NH7_ensemble_seed059.pdb,102,101,13.565639,False,False,False
9NH7,ensemble,9NH7_ensemble_seed059.pdb,103,102,18.050798,False,False,False
9NH7,ensemble,9NH7_ensemble_seed059.pdb,105,104,20.231245,False,False,False
9NH7,ensemble,9NH7_ensemble_seed059.pdb,106,105,18.31959,False,False,False
9NH7,ensemble,9NH7_ensemble_seed059.pdb,107,106,13.015467,False,False,False
9NH7,ensemble,9NH7_ensemble_seed059.pdb,108,107,7.0719414,False,False,False
9NH7,ensemble,9NH7_ensemble_seed059.pdb,109,108,7.1230383,False,False,False
9NH7,ensemble,9NH7_ensemble_seed059.pdb,110,109,2.4186826,False,True,False
9NH7,ensemble,9NH7_ensemble_seed060.pdb,27,26,7.776942,False,False,False
9NH7,ensemble,9NH7_ensemble_seed060.pdb,28,27,6.8260927,False,False,False
9NH7,ensemble,9NH7_ensemble_seed060.pdb,30,29,3.9170456,False,False,False
9NH7,ensemble,9NH7_ensemble_seed060.pdb,31,30,2.6036234,False,True,False
9NH7,ensemble,9NH7_ensemble_seed060.pdb,99,98,1.3856336,True,True,False
9NH7,ensemble,9NH7_ensemble_seed060.pdb,100,99,3.4813077,False,False,False
9NH7,ensemble,9NH7_ensemble_seed060.pdb,101,100,6.8481426,False,False,False
9NH7,ensemble,9NH7_ensemble_seed060.pdb,102,101,13.313955,False,False,False
9NH7,ensemble,9NH7_ensemble_seed060.pdb,103,102,16.810827,False,False,False
9NH7,ensemble,9NH7_ensemble_seed060.pdb,105,104,20.66498,False,False,False
9NH7,ensemble,9NH7_ensemble_seed060.pdb,106,105,18.558376,False,False,False
9NH7,ensemble,9NH7_ensemble_seed060.pdb,107,106,13.424976,False,False,False
9NH7,ensemble,9NH7_ensemble_seed060.pdb,108,107,7.39282,False,False,False
9NH7,ensemble,9NH7_ensemble_seed060.pdb,109,108,7.298126,False,False,False
9NH7,ensemble,9NH7_ensemble_seed060.pdb,110,109,2.3273046,False,True,False
9NH7,ensemble,9NH7_ensemble_seed061.pdb,27,26,7.6995525,False,False,False
9NH7,ensemble,9NH7_ensemble_seed061.pdb,28,27,4.692426,False,False,False
9NH7,ensemble,9NH7_ensemble_seed061.pdb,30,29,3.3249753,False,False,False
9NH7,ensemble,9NH7_ensemble_seed061.pdb,31,30,0.90648335,True,True,False
9NH7,ensemble,9NH7_ensemble_seed061.pdb,99,98,0.8834407,True,True,False
9NH7,ensemble,9NH7_ensemble_seed061.pdb,100,99,1.0229946,True,True,False
9NH7,ensemble,9NH7_ensemble_seed061.pdb,101,100,0.7913328,True,True,False
9NH7,ensemble,9NH7_ensemble_seed061.pdb,102,101,0.18602887,True,True,False
9NH7,ensemble,9NH7_ensemble_seed061.pdb,103,102,0.39830637,True,True,False
9NH7,ensemble,9NH7_ensemble_seed061.pdb,105,104,0.32135376,True,True,False
9NH7,ensemble,9NH7_ensemble_seed061.pdb,106,105,0.9776455,True,True,False
9NH7,ensemble,9NH7_ensemble_seed061.pdb,107,106,0.61150765,True,True,False
9NH7,ensemble,9NH7_ensemble_seed061.pdb,108,107,0.6065705,True,True,False
9NH7,ensemble,9NH7_ensemble_seed061.pdb,109,108,0.8075881,True,True,False
9NH7,ensemble,9NH7_ensemble_seed061.pdb,110,109,0.91163313,True,True,False
9NH7,ensemble,9NH7_ensemble_seed062.pdb,27,26,2.9742365,False,True,False
9NH7,ensemble,9NH7_ensemble_seed062.pdb,28,27,3.5117593,False,False,False
9NH7,ensemble,9NH7_ensemble_seed062.pdb,30,29,2.338955,False,True,False
9NH7,ensemble,9NH7_ensemble_seed062.pdb,31,30,0.3545598,True,True,False
9NH7,ensemble,9NH7_ensemble_seed062.pdb,99,98,0.82863355,True,True,False
9NH7,ensemble,9NH7_ensemble_seed062.pdb,100,99,1.0991325,True,True,False
9NH7,ensemble,9NH7_ensemble_seed062.pdb,101,100,1.6623356,True,True,False
9NH7,ensemble,9NH7_ensemble_seed062.pdb,102,101,2.383781,False,True,False
9NH7,ensemble,9NH7_ensemble_seed062.pdb,103,102,2.0546525,False,True,False
9NH7,ensemble,9NH7_ensemble_seed062.pdb,105,104,1.6233417,True,True,False
9NH7,ensemble,9NH7_ensemble_seed062.pdb,106,105,1.8097967,True,True,False
9NH7,ensemble,9NH7_ensemble_seed062.pdb,107,106,1.4027215,True,True,False
9NH7,ensemble,9NH7_ensemble_seed062.pdb,108,107,0.5010463,True,True,False
9NH7,ensemble,9NH7_ensemble_seed062.pdb,109,108,0.8360142,True,True,False
9NH7,ensemble,9NH7_ensemble_seed062.pdb,110,109,1.245339,True,True,False
9NH7,ensemble,9NH7_ensemble_seed063.pdb,27,26,8.06445,False,False,False
9NH7,ensemble,9NH7_ensemble_seed063.pdb,28,27,6.794797,False,False,False
9NH7,ensemble,9NH7_ensemble_seed063.pdb,30,29,3.750779,False,False,False
9NH7,ensemble,9NH7_ensemble_seed063.pdb,31,30,2.934743,False,True,False
9NH7,ensemble,9NH7_ensemble_seed063.pdb,99,98,0.97183335,True,True,False
9NH7,ensemble,9NH7_ensemble_seed063.pdb,100,99,2.3682215,False,True,False
9NH7,ensemble,9NH7_ensemble_seed063.pdb,101,100,5.31802,False,False,False
9NH7,ensemble,9NH7_ensemble_seed063.pdb,102,101,12.352285,False,False,False
9NH7,ensemble,9NH7_ensemble_seed063.pdb,103,102,15.591795,False,False,False
9NH7,ensemble,9NH7_ensemble_seed063.pdb,105,104,17.630903,False,False,False
9NH7,ensemble,9NH7_ensemble_seed063.pdb,106,105,15.952925,False,False,False
9NH7,ensemble,9NH7_ensemble_seed063.pdb,107,106,10.060908,False,False,False
9NH7,ensemble,9NH7_ensemble_seed063.pdb,108,107,4.8534665,False,False,False
9NH7,ensemble,9NH7_ensemble_seed063.pdb,109,108,5.4505844,False,False,False
9NH7,ensemble,9NH7_ensemble_seed063.pdb,110,109,2.2652466,False,True,False
9NH7,ensemble,9NH7_ensemble_seed064.pdb,27,26,7.8805847,False,False,False
9NH7,ensemble,9NH7_ensemble_seed064.pdb,28,27,6.637834,False,False,False
9NH7,ensemble,9NH7_ensemble_seed064.pdb,30,29,3.740115,False,False,False
9NH7,ensemble,9NH7_ensemble_seed064.pdb,31,30,2.8272057,False,True,False
9NH7,ensemble,9NH7_ensemble_seed064.pdb,99,98,0.912591,True,True,False
9NH7,ensemble,9NH7_ensemble_seed064.pdb,100,99,0.7366605,True,True,False
9NH7,ensemble,9NH7_ensemble_seed064.pdb,101,100,0.99406207,True,True,False
9NH7,ensemble,9NH7_ensemble_seed064.pdb,102,101,0.31973237,True,True,False
9NH7,ensemble,9NH7_ensemble_seed064.pdb,103,102,0.4633401,True,True,False
9NH7,ensemble,9NH7_ensemble_seed064.pdb,105,104,0.43760678,True,True,False
9NH7,ensemble,9NH7_ensemble_seed064.pdb,106,105,1.161355,True,True,False
9NH7,ensemble,9NH7_ensemble_seed064.pdb,107,106,0.9824509,True,True,False
9NH7,ensemble,9NH7_ensemble_seed064.pdb,108,107,0.739219,True,True,False
9NH7,ensemble,9NH7_ensemble_seed064.pdb,109,108,0.96582705,True,True,False
9NH7,ensemble,9NH7_ensemble_seed064.pdb,110,109,1.1731093,True,True,False
9NH7,ensemble,9NH7_ensemble_seed065.pdb,27,26,7.7523193,False,False,False
9NH7,ensemble,9NH7_ensemble_seed065.pdb,28,27,6.5963736,False,False,False
9NH7,ensemble,9NH7_ensemble_seed065.pdb,30,29,3.989558,False,False,False
9NH7,ensemble,9NH7_ensemble_seed065.pdb,31,30,2.7351363,False,True,False
9NH7,ensemble,9NH7_ensemble_seed065.pdb,99,98,0.5847846,True,True,False
9NH7,ensemble,9NH7_ensemble_seed065.pdb,100,99,0.8200219,True,True,False
9NH7,ensemble,9NH7_ensemble_seed065.pdb,101,100,1.1400143,True,True,False
9NH7,ensemble,9NH7_ensemble_seed065.pdb,102,101,1.5940934,True,True,False
9NH7,ensemble,9NH7_ensemble_seed065.pdb,103,102,2.3871448,False,True,False
9NH7,ensemble,9NH7_ensemble_seed065.pdb,105,104,1.8790647,True,True,False
9NH7,ensemble,9NH7_ensemble_seed065.pdb,106,105,1.9495449,True,True,False
9NH7,ensemble,9NH7_ensemble_seed065.pdb,107,106,1.9420991,True,True,False
9NH7,ensemble,9NH7_ensemble_seed065.pdb,108,107,1.2463709,True,True,False
9NH7,ensemble,9NH7_ensemble_seed065.pdb,109,108,0.8591167,True,True,False
9NH7,ensemble,9NH7_ensemble_seed065.pdb,110,109,1.492918,True,True,False
9NH7,ensemble,9NH7_ensemble_seed066.pdb,27,26,7.2959466,False,False,False
9NH7,ensemble,9NH7_ensemble_seed066.pdb,28,27,6.1147776,False,False,False
9NH7,ensemble,9NH7_ensemble_seed066.pdb,30,29,4.566013,False,False,False
9NH7,ensemble,9NH7_ensemble_seed066.pdb,31,30,2.843991,False,True,False
9NH7,ensemble,9NH7_ensemble_seed066.pdb,99,98,0.7169441,True,True,False
9NH7,ensemble,9NH7_ensemble_seed066.pdb,100,99,1.4386322,True,True,False
9NH7,ensemble,9NH7_ensemble_seed066.pdb,101,100,1.8292105,True,True,False
9NH7,ensemble,9NH7_ensemble_seed066.pdb,102,101,1.7348657,True,True,False
9NH7,ensemble,9NH7_ensemble_seed066.pdb,103,102,2.3716047,False,True,False
9NH7,ensemble,9NH7_ensemble_seed066.pdb,105,104,1.7234186,True,True,False
9NH7,ensemble,9NH7_ensemble_seed066.pdb,106,105,2.005417,False,True,False
9NH7,ensemble,9NH7_ensemble_seed066.pdb,107,106,1.9145048,True,True,False
9NH7,ensemble,9NH7_ensemble_seed066.pdb,108,107,1.5163841,True,True,False
9NH7,ensemble,9NH7_ensemble_seed066.pdb,109,108,1.0558656,True,True,False
9NH7,ensemble,9NH7_ensemble_seed066.pdb,110,109,2.015206,False,True,False
9NH7,ensemble,9NH7_ensemble_seed067.pdb,27,26,2.983239,False,True,False
9NH7,ensemble,9NH7_ensemble_seed067.pdb,28,27,2.3891683,False,True,False
9NH7,ensemble,9NH7_ensemble_seed067.pdb,30,29,0.6960089,True,True,False
9NH7,ensemble,9NH7_ensemble_seed067.pdb,31,30,0.18487047,True,True,False
9NH7,ensemble,9NH7_ensemble_seed067.pdb,99,98,0.71223223,True,True,False
9NH7,ensemble,9NH7_ensemble_seed067.pdb,100,99,0.8217002,True,True,False
9NH7,ensemble,9NH7_ensemble_seed067.pdb,101,100,1.2065386,True,True,False
9NH7,ensemble,9NH7_ensemble_seed067.pdb,102,101,1.7899241,True,True,False
9NH7,ensemble,9NH7_ensemble_seed067.pdb,103,102,1.8341901,True,True,False
9NH7,ensemble,9NH7_ensemble_seed067.pdb,105,104,0.94108754,True,True,False
9NH7,ensemble,9NH7_ensemble_seed067.pdb,106,105,1.5578551,True,True,False
9NH7,ensemble,9NH7_ensemble_seed067.pdb,107,106,1.595979,True,True,False
9NH7,ensemble,9NH7_ensemble_seed067.pdb,108,107,1.6589866,True,True,False
9NH7,ensemble,9NH7_ensemble_seed067.pdb,109,108,4.103642,False,False,False
9NH7,ensemble,9NH7_ensemble_seed067.pdb,110,109,1.6962568,True,True,False
9NH7,ensemble,9NH7_ensemble_seed068.pdb,27,26,4.159717,False,False,False
9NH7,ensemble,9NH7_ensemble_seed068.pdb,28,27,3.2997816,False,False,False
9NH7,ensemble,9NH7_ensemble_seed068.pdb,30,29,2.0091136,False,True,False
9NH7,ensemble,9NH7_ensemble_seed068.pdb,31,30,1.572419,True,True,False
9NH7,ensemble,9NH7_ensemble_seed068.pdb,99,98,1.6000667,True,True,False
9NH7,ensemble,9NH7_ensemble_seed068.pdb,100,99,4.6005588,False,False,False
9NH7,ensemble,9NH7_ensemble_seed068.pdb,101,100,8.199969,False,False,False
9NH7,ensemble,9NH7_ensemble_seed068.pdb,102,101,14.972802,False,False,False
9NH7,ensemble,9NH7_ensemble_seed068.pdb,103,102,18.688448,False,False,False
9NH7,ensemble,9NH7_ensemble_seed068.pdb,105,104,21.318007,False,False,False
9NH7,ensemble,9NH7_ensemble_seed068.pdb,106,105,19.095062,False,False,False
9NH7,ensemble,9NH7_ensemble_seed068.pdb,107,106,13.315214,False,False,False
9NH7,ensemble,9NH7_ensemble_seed068.pdb,108,107,7.5338426,False,False,False
9NH7,ensemble,9NH7_ensemble_seed068.pdb,109,108,6.899479,False,False,False
9NH7,ensemble,9NH7_ensemble_seed068.pdb,110,109,1.821845,True,True,False
9NH7,ensemble,9NH7_ensemble_seed069.pdb,27,26,6.210565,False,False,False
9NH7,ensemble,9NH7_ensemble_seed069.pdb,28,27,5.2000203,False,False,False
9NH7,ensemble,9NH7_ensemble_seed069.pdb,30,29,4.0817356,False,False,False
9NH7,ensemble,9NH7_ensemble_seed069.pdb,31,30,2.810933,False,True,False
9NH7,ensemble,9NH7_ensemble_seed069.pdb,99,98,1.536561,True,True,False
9NH7,ensemble,9NH7_ensemble_seed069.pdb,100,99,3.5858262,False,False,False
9NH7,ensemble,9NH7_ensemble_seed069.pdb,101,100,6.8435035,False,False,False
9NH7,ensemble,9NH7_ensemble_seed069.pdb,102,101,10.820872,False,False,False
9NH7,ensemble,9NH7_ensemble_seed069.pdb,103,102,16.836897,False,False,False
9NH7,ensemble,9NH7_ensemble_seed069.pdb,105,104,20.25983,False,False,False
9NH7,ensemble,9NH7_ensemble_seed069.pdb,106,105,17.666954,False,False,False
9NH7,ensemble,9NH7_ensemble_seed069.pdb,107,106,11.558275,False,False,False
9NH7,ensemble,9NH7_ensemble_seed069.pdb,108,107,5.8162374,False,False,False
9NH7,ensemble,9NH7_ensemble_seed069.pdb,109,108,6.35727,False,False,False
9NH7,ensemble,9NH7_ensemble_seed069.pdb,110,109,2.060434,False,True,False
9NH7,ensemble,9NH7_ensemble_seed070.pdb,27,26,2.221647,False,True,False
9NH7,ensemble,9NH7_ensemble_seed070.pdb,28,27,1.7126865,True,True,False
9NH7,ensemble,9NH7_ensemble_seed070.pdb,30,29,4.1382103,False,False,False
9NH7,ensemble,9NH7_ensemble_seed070.pdb,31,30,3.3553529,False,False,False
9NH7,ensemble,9NH7_ensemble_seed070.pdb,99,98,0.8214905,True,True,False
9NH7,ensemble,9NH7_ensemble_seed070.pdb,100,99,2.1428745,False,True,False
9NH7,ensemble,9NH7_ensemble_seed070.pdb,101,100,3.0905693,False,False,False
9NH7,ensemble,9NH7_ensemble_seed070.pdb,102,101,3.1873071,False,False,False
9NH7,ensemble,9NH7_ensemble_seed070.pdb,103,102,3.8557408,False,False,False
9NH7,ensemble,9NH7_ensemble_seed070.pdb,105,104,3.103925,False,False,False
9NH7,ensemble,9NH7_ensemble_seed070.pdb,106,105,3.2067518,False,False,False
9NH7,ensemble,9NH7_ensemble_seed070.pdb,107,106,2.9856305,False,True,False
9NH7,ensemble,9NH7_ensemble_seed070.pdb,108,107,2.903224,False,True,False
9NH7,ensemble,9NH7_ensemble_seed070.pdb,109,108,4.963263,False,False,False
9NH7,ensemble,9NH7_ensemble_seed070.pdb,110,109,1.7154677,True,True,False
9NH7,ensemble,9NH7_ensemble_seed071.pdb,27,26,1.0822163,True,True,False
9NH7,ensemble,9NH7_ensemble_seed071.pdb,28,27,2.8957534,False,True,False
9NH7,ensemble,9NH7_ensemble_seed071.pdb,30,29,5.2303567,False,False,False
9NH7,ensemble,9NH7_ensemble_seed071.pdb,31,30,2.984586,False,True,False
9NH7,ensemble,9NH7_ensemble_seed071.pdb,99,98,0.49029496,True,True,False
9NH7,ensemble,9NH7_ensemble_seed071.pdb,100,99,0.92065567,True,True,False
9NH7,ensemble,9NH7_ensemble_seed071.pdb,101,100,1.0368853,True,True,False
9NH7,ensemble,9NH7_ensemble_seed071.pdb,102,101,0.98154473,True,True,False
9NH7,ensemble,9NH7_ensemble_seed071.pdb,103,102,1.4195681,True,True,False
9NH7,ensemble,9NH7_ensemble_seed071.pdb,105,104,1.3120111,True,True,False
9NH7,ensemble,9NH7_ensemble_seed071.pdb,106,105,1.7434621,True,True,False
9NH7,ensemble,9NH7_ensemble_seed071.pdb,107,106,1.6315904,True,True,False
9NH7,ensemble,9NH7_ensemble_seed071.pdb,108,107,1.291348,True,True,False
9NH7,ensemble,9NH7_ensemble_seed071.pdb,109,108,0.8990261,True,True,False
9NH7,ensemble,9NH7_ensemble_seed071.pdb,110,109,1.3898433,True,True,False
9NH7,ensemble,9NH7_ensemble_seed072.pdb,27,26,7.759385,False,False,False
9NH7,ensemble,9NH7_ensemble_seed072.pdb,28,27,4.846886,False,False,False
9NH7,ensemble,9NH7_ensemble_seed072.pdb,30,29,3.408215,False,False,False
9NH7,ensemble,9NH7_ensemble_seed072.pdb,31,30,0.9353507,True,True,False
9NH7,ensemble,9NH7_ensemble_seed072.pdb,99,98,0.839939,True,True,False
9NH7,ensemble,9NH7_ensemble_seed072.pdb,100,99,0.95433307,True,True,False
9NH7,ensemble,9NH7_ensemble_seed072.pdb,101,100,0.8538449,True,True,False
9NH7,ensemble,9NH7_ensemble_seed072.pdb,102,101,0.62279963,True,True,False
9NH7,ensemble,9NH7_ensemble_seed072.pdb,103,102,1.0835582,True,True,False
9NH7,ensemble,9NH7_ensemble_seed072.pdb,105,104,1.1162133,True,True,False
9NH7,ensemble,9NH7_ensemble_seed072.pdb,106,105,1.6605489,True,True,False
9NH7,ensemble,9NH7_ensemble_seed072.pdb,107,106,1.0020278,True,True,False
9NH7,ensemble,9NH7_ensemble_seed072.pdb,108,107,0.5311711,True,True,False
9NH7,ensemble,9NH7_ensemble_seed072.pdb,109,108,0.86530095,True,True,False
9NH7,ensemble,9NH7_ensemble_seed072.pdb,110,109,1.2026862,True,True,False
9NH7,ensemble,9NH7_ensemble_seed073.pdb,27,26,7.5908546,False,False,False
9NH7,ensemble,9NH7_ensemble_seed073.pdb,28,27,5.1576657,False,False,False
9NH7,ensemble,9NH7_ensemble_seed073.pdb,30,29,3.4879973,False,False,False
9NH7,ensemble,9NH7_ensemble_seed073.pdb,31,30,1.2739332,True,True,False
9NH7,ensemble,9NH7_ensemble_seed073.pdb,99,98,1.1017209,True,True,False
9NH7,ensemble,9NH7_ensemble_seed073.pdb,100,99,1.3073959,True,True,False
9NH7,ensemble,9NH7_ensemble_seed073.pdb,101,100,1.4040072,True,True,False
9NH7,ensemble,9NH7_ensemble_seed073.pdb,102,101,1.1096947,True,True,False
9NH7,ensemble,9NH7_ensemble_seed073.pdb,103,102,1.9966049,True,True,False
9NH7,ensemble,9NH7_ensemble_seed073.pdb,105,104,1.7817025,True,True,False
9NH7,ensemble,9NH7_ensemble_seed073.pdb,106,105,2.1965058,False,True,False
9NH7,ensemble,9NH7_ensemble_seed073.pdb,107,106,2.0712097,False,True,False
9NH7,ensemble,9NH7_ensemble_seed073.pdb,108,107,1.1284177,True,True,False
9NH7,ensemble,9NH7_ensemble_seed073.pdb,109,108,1.4199924,True,True,False
9NH7,ensemble,9NH7_ensemble_seed073.pdb,110,109,2.3462205,False,True,False
9NH7,ensemble,9NH7_ensemble_seed074.pdb,27,26,7.7896185,False,False,False
9NH7,ensemble,9NH7_ensemble_seed074.pdb,28,27,6.634058,False,False,False
9NH7,ensemble,9NH7_ensemble_seed074.pdb,30,29,4.066554,False,False,False
9NH7,ensemble,9NH7_ensemble_seed074.pdb,31,30,2.660203,False,True,False
9NH7,ensemble,9NH7_ensemble_seed074.pdb,99,98,1.138954,True,True,False
9NH7,ensemble,9NH7_ensemble_seed074.pdb,100,99,3.63304,False,False,False
9NH7,ensemble,9NH7_ensemble_seed074.pdb,101,100,5.8824944,False,False,False
9NH7,ensemble,9NH7_ensemble_seed074.pdb,102,101,12.359306,False,False,False
9NH7,ensemble,9NH7_ensemble_seed074.pdb,103,102,15.021303,False,False,False
9NH7,ensemble,9NH7_ensemble_seed074.pdb,105,104,17.108221,False,False,False
9NH7,ensemble,9NH7_ensemble_seed074.pdb,106,105,15.757485,False,False,False
9NH7,ensemble,9NH7_ensemble_seed074.pdb,107,106,8.721982,False,False,False
9NH7,ensemble,9NH7_ensemble_seed074.pdb,108,107,4.308538,False,False,False
9NH7,ensemble,9NH7_ensemble_seed074.pdb,109,108,5.751136,False,False,False
9NH7,ensemble,9NH7_ensemble_seed074.pdb,110,109,1.9833659,True,True,False
9NH7,ensemble,9NH7_ensemble_seed075.pdb,27,26,8.157041,False,False,False
9NH7,ensemble,9NH7_ensemble_seed075.pdb,28,27,7.147553,False,False,False
9NH7,ensemble,9NH7_ensemble_seed075.pdb,30,29,3.270367,False,False,False
9NH7,ensemble,9NH7_ensemble_seed075.pdb,31,30,2.684735,False,True,False
9NH7,ensemble,9NH7_ensemble_seed075.pdb,99,98,1.4503596,True,True,False
9NH7,ensemble,9NH7_ensemble_seed075.pdb,100,99,3.1232958,False,False,False
9NH7,ensemble,9NH7_ensemble_seed075.pdb,101,100,6.329,False,False,False
9NH7,ensemble,9NH7_ensemble_seed075.pdb,102,101,13.005511,False,False,False
9NH7,ensemble,9NH7_ensemble_seed075.pdb,103,102,16.38207,False,False,False
9NH7,ensemble,9NH7_ensemble_seed075.pdb,105,104,19.447771,False,False,False
9NH7,ensemble,9NH7_ensemble_seed075.pdb,106,105,17.562025,False,False,False
9NH7,ensemble,9NH7_ensemble_seed075.pdb,107,106,11.983244,False,False,False
9NH7,ensemble,9NH7_ensemble_seed075.pdb,108,107,6.3253465,False,False,False
9NH7,ensemble,9NH7_ensemble_seed075.pdb,109,108,6.662424,False,False,False
9NH7,ensemble,9NH7_ensemble_seed075.pdb,110,109,2.6123393,False,True,False
9NH7,ensemble,9NH7_ensemble_seed076.pdb,27,26,3.5180964,False,False,False
9NH7,ensemble,9NH7_ensemble_seed076.pdb,28,27,3.6305091,False,False,False
9NH7,ensemble,9NH7_ensemble_seed076.pdb,30,29,4.05436,False,False,False
9NH7,ensemble,9NH7_ensemble_seed076.pdb,31,30,3.011025,False,False,False
9NH7,ensemble,9NH7_ensemble_seed076.pdb,99,98,0.88956803,True,True,False
9NH7,ensemble,9NH7_ensemble_seed076.pdb,100,99,1.3818913,True,True,False
9NH7,ensemble,9NH7_ensemble_seed076.pdb,101,100,1.9473228,True,True,False
9NH7,ensemble,9NH7_ensemble_seed076.pdb,102,101,1.6368623,True,True,False
9NH7,ensemble,9NH7_ensemble_seed076.pdb,103,102,2.424955,False,True,False
9NH7,ensemble,9NH7_ensemble_seed076.pdb,105,104,1.6132785,True,True,False
9NH7,ensemble,9NH7_ensemble_seed076.pdb,106,105,1.7474561,True,True,False
9NH7,ensemble,9NH7_ensemble_seed076.pdb,107,106,1.5986686,True,True,False
9NH7,ensemble,9NH7_ensemble_seed076.pdb,108,107,1.3502445,True,True,False
9NH7,ensemble,9NH7_ensemble_seed076.pdb,109,108,0.8716813,True,True,False
9NH7,ensemble,9NH7_ensemble_seed076.pdb,110,109,1.2673365,True,True,False
9NH7,ensemble,9NH7_ensemble_seed077.pdb,27,26,6.0112896,False,False,False
9NH7,ensemble,9NH7_ensemble_seed077.pdb,28,27,6.3744354,False,False,False
9NH7,ensemble,9NH7_ensemble_seed077.pdb,30,29,3.2412288,False,False,False
9NH7,ensemble,9NH7_ensemble_seed077.pdb,31,30,2.7085156,False,True,False
9NH7,ensemble,9NH7_ensemble_seed077.pdb,99,98,1.170157,True,True,False
9NH7,ensemble,9NH7_ensemble_seed077.pdb,100,99,1.3238308,True,True,False
9NH7,ensemble,9NH7_ensemble_seed077.pdb,101,100,1.4171889,True,True,False
9NH7,ensemble,9NH7_ensemble_seed077.pdb,102,101,1.0560975,True,True,False
9NH7,ensemble,9NH7_ensemble_seed077.pdb,103,102,1.2138698,True,True,False
9NH7,ensemble,9NH7_ensemble_seed077.pdb,105,104,0.74312633,True,True,False
9NH7,ensemble,9NH7_ensemble_seed077.pdb,106,105,1.9154522,True,True,False
9NH7,ensemble,9NH7_ensemble_seed077.pdb,107,106,1.3285176,True,True,False
9NH7,ensemble,9NH7_ensemble_seed077.pdb,108,107,1.2876421,True,True,False
9NH7,ensemble,9NH7_ensemble_seed077.pdb,109,108,1.4523983,True,True,False
9NH7,ensemble,9NH7_ensemble_seed077.pdb,110,109,2.2089276,False,True,False
9NH7,ensemble,9NH7_ensemble_seed078.pdb,27,26,7.915109,False,False,False
9NH7,ensemble,9NH7_ensemble_seed078.pdb,28,27,6.7458615,False,False,False
9NH7,ensemble,9NH7_ensemble_seed078.pdb,30,29,3.6305935,False,False,False
9NH7,ensemble,9NH7_ensemble_seed078.pdb,31,30,3.0093205,False,False,False
9NH7,ensemble,9NH7_ensemble_seed078.pdb,99,98,1.3795388,True,True,False
9NH7,ensemble,9NH7_ensemble_seed078.pdb,100,99,3.9928641,False,False,False
9NH7,ensemble,9NH7_ensemble_seed078.pdb,101,100,7.4683366,False,False,False
9NH7,ensemble,9NH7_ensemble_seed078.pdb,102,101,12.77722,False,False,False
9NH7,ensemble,9NH7_ensemble_seed078.pdb,103,102,14.0447855,False,False,False
9NH7,ensemble,9NH7_ensemble_seed078.pdb,105,104,16.297337,False,False,False
9NH7,ensemble,9NH7_ensemble_seed078.pdb,106,105,14.020959,False,False,False
9NH7,ensemble,9NH7_ensemble_seed078.pdb,107,106,8.944143,False,False,False
9NH7,ensemble,9NH7_ensemble_seed078.pdb,108,107,4.0012226,False,False,False
9NH7,ensemble,9NH7_ensemble_seed078.pdb,109,108,5.407644,False,False,False
9NH7,ensemble,9NH7_ensemble_seed078.pdb,110,109,1.8374665,True,True,False
9NH7,ensemble,9NH7_ensemble_seed079.pdb,27,26,3.3860614,False,False,False
9NH7,ensemble,9NH7_ensemble_seed079.pdb,28,27,2.8405683,False,True,False
9NH7,ensemble,9NH7_ensemble_seed079.pdb,30,29,1.8871734,True,True,False
9NH7,ensemble,9NH7_ensemble_seed079.pdb,31,30,3.1436775,False,False,False
9NH7,ensemble,9NH7_ensemble_seed079.pdb,99,98,1.4327627,True,True,False
9NH7,ensemble,9NH7_ensemble_seed079.pdb,100,99,3.1888475,False,False,False
9NH7,ensemble,9NH7_ensemble_seed079.pdb,101,100,4.033599,False,False,False
9NH7,ensemble,9NH7_ensemble_seed079.pdb,102,101,3.490081,False,False,False
9NH7,ensemble,9NH7_ensemble_seed079.pdb,103,102,4.9611745,False,False,False
9NH7,ensemble,9NH7_ensemble_seed079.pdb,105,104,4.9007936,False,False,False
9NH7,ensemble,9NH7_ensemble_seed079.pdb,106,105,4.1743703,False,False,False
9NH7,ensemble,9NH7_ensemble_seed079.pdb,107,106,4.2180433,False,False,False
9NH7,ensemble,9NH7_ensemble_seed079.pdb,108,107,3.485047,False,False,False
9NH7,ensemble,9NH7_ensemble_seed079.pdb,109,108,5.2942905,False,False,False
9NH7,ensemble,9NH7_ensemble_seed079.pdb,110,109,2.032156,False,True,False
9NH7,ensemble,9NH7_ensemble_seed080.pdb,27,26,8.010415,False,False,False
9NH7,ensemble,9NH7_ensemble_seed080.pdb,28,27,5.747586,False,False,False
9NH7,ensemble,9NH7_ensemble_seed080.pdb,30,29,5.9836693,False,False,False
9NH7,ensemble,9NH7_ensemble_seed080.pdb,31,30,3.70441,False,False,False
9NH7,ensemble,9NH7_ensemble_seed080.pdb,99,98,0.7203572,True,True,False
9NH7,ensemble,9NH7_ensemble_seed080.pdb,100,99,1.4947072,True,True,False
9NH7,ensemble,9NH7_ensemble_seed080.pdb,101,100,4.6012473,False,False,False
9NH7,ensemble,9NH7_ensemble_seed080.pdb,102,101,11.770042,False,False,False
9NH7,ensemble,9NH7_ensemble_seed080.pdb,103,102,14.543893,False,False,False
9NH7,ensemble,9NH7_ensemble_seed080.pdb,105,104,18.133993,False,False,False
9NH7,ensemble,9NH7_ensemble_seed080.pdb,106,105,15.835162,False,False,False
9NH7,ensemble,9NH7_ensemble_seed080.pdb,107,106,10.386331,False,False,False
9NH7,ensemble,9NH7_ensemble_seed080.pdb,108,107,4.992357,False,False,False
9NH7,ensemble,9NH7_ensemble_seed080.pdb,109,108,5.905735,False,False,False
9NH7,ensemble,9NH7_ensemble_seed080.pdb,110,109,1.9867121,True,True,False
9NH7,ensemble,9NH7_ensemble_seed081.pdb,27,26,7.882502,False,False,False
9NH7,ensemble,9NH7_ensemble_seed081.pdb,28,27,6.7545614,False,False,False
9NH7,ensemble,9NH7_ensemble_seed081.pdb,30,29,3.7473984,False,False,False
9NH7,ensemble,9NH7_ensemble_seed081.pdb,31,30,3.0907032,False,False,False
9NH7,ensemble,9NH7_ensemble_seed081.pdb,99,98,1.0307546,True,True,False
9NH7,ensemble,9NH7_ensemble_seed081.pdb,100,99,3.3896613,False,False,False
9NH7,ensemble,9NH7_ensemble_seed081.pdb,101,100,6.685316,False,False,False
9NH7,ensemble,9NH7_ensemble_seed081.pdb,102,101,11.769995,False,False,False
9NH7,ensemble,9NH7_ensemble_seed081.pdb,103,102,14.09881,False,False,False
9NH7,ensemble,9NH7_ensemble_seed081.pdb,105,104,17.774755,False,False,False
9NH7,ensemble,9NH7_ensemble_seed081.pdb,106,105,15.451888,False,False,False
9NH7,ensemble,9NH7_ensemble_seed081.pdb,107,106,10.3931675,False,False,False
9NH7,ensemble,9NH7_ensemble_seed081.pdb,108,107,5.2654624,False,False,False
9NH7,ensemble,9NH7_ensemble_seed081.pdb,109,108,5.9444575,False,False,False
9NH7,ensemble,9NH7_ensemble_seed081.pdb,110,109,1.7957227,True,True,False
9NH7,ensemble,9NH7_ensemble_seed082.pdb,27,26,3.7238011,False,False,False
9NH7,ensemble,9NH7_ensemble_seed082.pdb,28,27,3.3791168,False,False,False
9NH7,ensemble,9NH7_ensemble_seed082.pdb,30,29,3.175681,False,False,False
9NH7,ensemble,9NH7_ensemble_seed082.pdb,31,30,1.3661995,True,True,False
9NH7,ensemble,9NH7_ensemble_seed082.pdb,99,98,0.7427063,True,True,False
9NH7,ensemble,9NH7_ensemble_seed082.pdb,100,99,0.7921662,True,True,False
9NH7,ensemble,9NH7_ensemble_seed082.pdb,101,100,1.0718958,True,True,False
9NH7,ensemble,9NH7_ensemble_seed082.pdb,102,101,2.4156318,False,True,False
9NH7,ensemble,9NH7_ensemble_seed082.pdb,103,102,2.2127573,False,True,False
9NH7,ensemble,9NH7_ensemble_seed082.pdb,105,104,1.8619857,True,True,False
9NH7,ensemble,9NH7_ensemble_seed082.pdb,106,105,1.6313537,True,True,False
9NH7,ensemble,9NH7_ensemble_seed082.pdb,107,106,1.4759942,True,True,False
9NH7,ensemble,9NH7_ensemble_seed082.pdb,108,107,0.66034627,True,True,False
9NH7,ensemble,9NH7_ensemble_seed082.pdb,109,108,0.67473453,True,True,False
9NH7,ensemble,9NH7_ensemble_seed082.pdb,110,109,1.2481768,True,True,False
9NH7,ensemble,9NH7_ensemble_seed083.pdb,27,26,5.5363736,False,False,False
9NH7,ensemble,9NH7_ensemble_seed083.pdb,28,27,4.430404,False,False,False
9NH7,ensemble,9NH7_ensemble_seed083.pdb,30,29,3.986987,False,False,False
9NH7,ensemble,9NH7_ensemble_seed083.pdb,31,30,0.8286174,True,True,False
9NH7,ensemble,9NH7_ensemble_seed083.pdb,99,98,0.9479492,True,True,False
9NH7,ensemble,9NH7_ensemble_seed083.pdb,100,99,1.2502985,True,True,False
9NH7,ensemble,9NH7_ensemble_seed083.pdb,101,100,1.2292298,True,True,False
9NH7,ensemble,9NH7_ensemble_seed083.pdb,102,101,0.5871733,True,True,False
9NH7,ensemble,9NH7_ensemble_seed083.pdb,103,102,1.0349795,True,True,False
9NH7,ensemble,9NH7_ensemble_seed083.pdb,105,104,0.84638906,True,True,False
9NH7,ensemble,9NH7_ensemble_seed083.pdb,106,105,1.4895831,True,True,False
9NH7,ensemble,9NH7_ensemble_seed083.pdb,107,106,1.2265637,True,True,False
9NH7,ensemble,9NH7_ensemble_seed083.pdb,108,107,0.9454023,True,True,False
9NH7,ensemble,9NH7_ensemble_seed083.pdb,109,108,1.0719402,True,True,False
9NH7,ensemble,9NH7_ensemble_seed083.pdb,110,109,1.944095,True,True,False
9NH7,ensemble,9NH7_ensemble_seed084.pdb,27,26,6.6237226,False,False,False
9NH7,ensemble,9NH7_ensemble_seed084.pdb,28,27,3.4861772,False,False,False
9NH7,ensemble,9NH7_ensemble_seed084.pdb,30,29,2.8462057,False,True,False
9NH7,ensemble,9NH7_ensemble_seed084.pdb,31,30,1.1372533,True,True,False
9NH7,ensemble,9NH7_ensemble_seed084.pdb,99,98,1.0532023,True,True,False
9NH7,ensemble,9NH7_ensemble_seed084.pdb,100,99,3.8799026,False,False,False
9NH7,ensemble,9NH7_ensemble_seed084.pdb,101,100,8.3643265,False,False,False
9NH7,ensemble,9NH7_ensemble_seed084.pdb,102,101,15.23968,False,False,False
9NH7,ensemble,9NH7_ensemble_seed084.pdb,103,102,19.397894,False,False,False
9NH7,ensemble,9NH7_ensemble_seed084.pdb,105,104,21.231688,False,False,False
9NH7,ensemble,9NH7_ensemble_seed084.pdb,106,105,19.387625,False,False,False
9NH7,ensemble,9NH7_ensemble_seed084.pdb,107,106,13.172771,False,False,False
9NH7,ensemble,9NH7_ensemble_seed084.pdb,108,107,7.343293,False,False,False
9NH7,ensemble,9NH7_ensemble_seed084.pdb,109,108,6.5481052,False,False,False
9NH7,ensemble,9NH7_ensemble_seed084.pdb,110,109,1.9567958,True,True,False
9NH7,ensemble,9NH7_ensemble_seed085.pdb,27,26,8.088588,False,False,False
9NH7,ensemble,9NH7_ensemble_seed085.pdb,28,27,7.0248356,False,False,False
9NH7,ensemble,9NH7_ensemble_seed085.pdb,30,29,3.4208217,False,False,False
9NH7,ensemble,9NH7_ensemble_seed085.pdb,31,30,2.7741406,False,True,False
9NH7,ensemble,9NH7_ensemble_seed085.pdb,99,98,1.3275615,True,True,False
9NH7,ensemble,9NH7_ensemble_seed085.pdb,100,99,3.331534,False,False,False
9NH7,ensemble,9NH7_ensemble_seed085.pdb,101,100,6.681054,False,False,False
9NH7,ensemble,9NH7_ensemble_seed085.pdb,102,101,13.424266,False,False,False
9NH7,ensemble,9NH7_ensemble_seed085.pdb,103,102,17.034996,False,False,False
9NH7,ensemble,9NH7_ensemble_seed085.pdb,105,104,19.399178,False,False,False
9NH7,ensemble,9NH7_ensemble_seed085.pdb,106,105,17.656744,False,False,False
9NH7,ensemble,9NH7_ensemble_seed085.pdb,107,106,11.793821,False,False,False
9NH7,ensemble,9NH7_ensemble_seed085.pdb,108,107,6.200034,False,False,False
9NH7,ensemble,9NH7_ensemble_seed085.pdb,109,108,6.3507,False,False,False
9NH7,ensemble,9NH7_ensemble_seed085.pdb,110,109,2.4444697,False,True,False
9NH7,ensemble,9NH7_ensemble_seed086.pdb,27,26,4.7844176,False,False,False
9NH7,ensemble,9NH7_ensemble_seed086.pdb,28,27,4.8451796,False,False,False
9NH7,ensemble,9NH7_ensemble_seed086.pdb,30,29,4.4822235,False,False,False
9NH7,ensemble,9NH7_ensemble_seed086.pdb,31,30,3.0254898,False,False,False
9NH7,ensemble,9NH7_ensemble_seed086.pdb,99,98,1.0886985,True,True,False
9NH7,ensemble,9NH7_ensemble_seed086.pdb,100,99,3.6011083,False,False,False
9NH7,ensemble,9NH7_ensemble_seed086.pdb,101,100,6.5793347,False,False,False
9NH7,ensemble,9NH7_ensemble_seed086.pdb,102,101,12.9450245,False,False,False
9NH7,ensemble,9NH7_ensemble_seed086.pdb,103,102,16.63935,False,False,False
9NH7,ensemble,9NH7_ensemble_seed086.pdb,105,104,16.86706,False,False,False
9NH7,ensemble,9NH7_ensemble_seed086.pdb,106,105,13.679249,False,False,False
9NH7,ensemble,9NH7_ensemble_seed086.pdb,107,106,9.869998,False,False,False
9NH7,ensemble,9NH7_ensemble_seed086.pdb,108,107,4.913448,False,False,False
9NH7,ensemble,9NH7_ensemble_seed086.pdb,109,108,6.1835523,False,False,False
9NH7,ensemble,9NH7_ensemble_seed086.pdb,110,109,2.187752,False,True,False
9NH7,ensemble,9NH7_ensemble_seed087.pdb,27,26,7.6966,False,False,False
9NH7,ensemble,9NH7_ensemble_seed087.pdb,28,27,5.0513873,False,False,False
9NH7,ensemble,9NH7_ensemble_seed087.pdb,30,29,3.565455,False,False,False
9NH7,ensemble,9NH7_ensemble_seed087.pdb,31,30,1.2291805,True,True,False
9NH7,ensemble,9NH7_ensemble_seed087.pdb,99,98,1.0290691,True,True,False
9NH7,ensemble,9NH7_ensemble_seed087.pdb,100,99,1.1151232,True,True,False
9NH7,ensemble,9NH7_ensemble_seed087.pdb,101,100,1.1234924,True,True,False
9NH7,ensemble,9NH7_ensemble_seed087.pdb,102,101,2.548933,False,True,False
9NH7,ensemble,9NH7_ensemble_seed087.pdb,103,102,2.8622098,False,True,False
9NH7,ensemble,9NH7_ensemble_seed087.pdb,105,104,2.3143945,False,True,False
9NH7,ensemble,9NH7_ensemble_seed087.pdb,106,105,1.9513681,True,True,False
9NH7,ensemble,9NH7_ensemble_seed087.pdb,107,106,1.9459776,True,True,False
9NH7,ensemble,9NH7_ensemble_seed087.pdb,108,107,1.1421599,True,True,False
9NH7,ensemble,9NH7_ensemble_seed087.pdb,109,108,0.8957001,True,True,False
9NH7,ensemble,9NH7_ensemble_seed087.pdb,110,109,1.4394991,True,True,False
9NH7,ensemble,9NH7_ensemble_seed088.pdb,27,26,1.8396357,True,True,False
9NH7,ensemble,9NH7_ensemble_seed088.pdb,28,27,3.1921515,False,False,False
9NH7,ensemble,9NH7_ensemble_seed088.pdb,30,29,4.8160806,False,False,False
9NH7,ensemble,9NH7_ensemble_seed088.pdb,31,30,2.9971912,False,True,False
9NH7,ensemble,9NH7_ensemble_seed088.pdb,99,98,1.2335849,True,True,False
9NH7,ensemble,9NH7_ensemble_seed088.pdb,100,99,3.7113364,False,False,False
9NH7,ensemble,9NH7_ensemble_seed088.pdb,101,100,7.5391884,False,False,False
9NH7,ensemble,9NH7_ensemble_seed088.pdb,102,101,13.737105,False,False,False
9NH7,ensemble,9NH7_ensemble_seed088.pdb,103,102,18.837711,False,False,False
9NH7,ensemble,9NH7_ensemble_seed088.pdb,105,104,18.894106,False,False,False
9NH7,ensemble,9NH7_ensemble_seed088.pdb,106,105,16.398294,False,False,False
9NH7,ensemble,9NH7_ensemble_seed088.pdb,107,106,12.294969,False,False,False
9NH7,ensemble,9NH7_ensemble_seed088.pdb,108,107,5.8324723,False,False,False
9NH7,ensemble,9NH7_ensemble_seed088.pdb,109,108,6.2620173,False,False,False
9NH7,ensemble,9NH7_ensemble_seed088.pdb,110,109,1.8700727,True,True,False
9NH7,ensemble,9NH7_ensemble_seed089.pdb,27,26,8.006976,False,False,False
9NH7,ensemble,9NH7_ensemble_seed089.pdb,28,27,6.755209,False,False,False
9NH7,ensemble,9NH7_ensemble_seed089.pdb,30,29,5.881064,False,False,False
9NH7,ensemble,9NH7_ensemble_seed089.pdb,31,30,3.5576234,False,False,False
9NH7,ensemble,9NH7_ensemble_seed089.pdb,99,98,0.2617894,True,True,False
9NH7,ensemble,9NH7_ensemble_seed089.pdb,100,99,0.37636015,True,True,False
9NH7,ensemble,9NH7_ensemble_seed089.pdb,101,100,0.65560246,True,True,False
9NH7,ensemble,9NH7_ensemble_seed089.pdb,102,101,2.4463644,False,True,False
9NH7,ensemble,9NH7_ensemble_seed089.pdb,103,102,2.6270714,False,True,False
9NH7,ensemble,9NH7_ensemble_seed089.pdb,105,104,2.4237897,False,True,False
9NH7,ensemble,9NH7_ensemble_seed089.pdb,106,105,2.4911108,False,True,False
9NH7,ensemble,9NH7_ensemble_seed089.pdb,107,106,2.032311,False,True,False
9NH7,ensemble,9NH7_ensemble_seed089.pdb,108,107,1.4098997,True,True,False
9NH7,ensemble,9NH7_ensemble_seed089.pdb,109,108,1.1567631,True,True,False
9NH7,ensemble,9NH7_ensemble_seed089.pdb,110,109,2.1738377,False,True,False
9NH7,ensemble,9NH7_ensemble_seed090.pdb,27,26,4.0625305,False,False,False
9NH7,ensemble,9NH7_ensemble_seed090.pdb,28,27,4.0514383,False,False,False
9NH7,ensemble,9NH7_ensemble_seed090.pdb,30,29,5.2669063,False,False,False
9NH7,ensemble,9NH7_ensemble_seed090.pdb,31,30,3.02567,False,False,False
9NH7,ensemble,9NH7_ensemble_seed090.pdb,99,98,0.9968368,True,True,False
9NH7,ensemble,9NH7_ensemble_seed090.pdb,100,99,3.1641529,False,False,False
9NH7,ensemble,9NH7_ensemble_seed090.pdb,101,100,6.420284,False,False,False
9NH7,ensemble,9NH7_ensemble_seed090.pdb,102,101,13.208932,False,False,False
9NH7,ensemble,9NH7_ensemble_seed090.pdb,103,102,16.619862,False,False,False
9NH7,ensemble,9NH7_ensemble_seed090.pdb,105,104,19.30441,False,False,False
9NH7,ensemble,9NH7_ensemble_seed090.pdb,106,105,17.543262,False,False,False
9NH7,ensemble,9NH7_ensemble_seed090.pdb,107,106,11.65618,False,False,False
9NH7,ensemble,9NH7_ensemble_seed090.pdb,108,107,5.889123,False,False,False
9NH7,ensemble,9NH7_ensemble_seed090.pdb,109,108,5.974194,False,False,False
9NH7,ensemble,9NH7_ensemble_seed090.pdb,110,109,1.8315312,True,True,False
9NH7,ensemble,9NH7_ensemble_seed091.pdb,27,26,2.4049542,False,True,False
9NH7,ensemble,9NH7_ensemble_seed091.pdb,28,27,3.3007674,False,False,False
9NH7,ensemble,9NH7_ensemble_seed091.pdb,30,29,4.776731,False,False,False
9NH7,ensemble,9NH7_ensemble_seed091.pdb,31,30,2.9165199,False,True,False
9NH7,ensemble,9NH7_ensemble_seed091.pdb,99,98,1.5330406,True,True,False
9NH7,ensemble,9NH7_ensemble_seed091.pdb,100,99,4.200942,False,False,False
9NH7,ensemble,9NH7_ensemble_seed091.pdb,101,100,8.272605,False,False,False
9NH7,ensemble,9NH7_ensemble_seed091.pdb,102,101,14.5273,False,False,False
9NH7,ensemble,9NH7_ensemble_seed091.pdb,103,102,18.708033,False,False,False
9NH7,ensemble,9NH7_ensemble_seed091.pdb,105,104,21.524624,False,False,False
9NH7,ensemble,9NH7_ensemble_seed091.pdb,106,105,19.757803,False,False,False
9NH7,ensemble,9NH7_ensemble_seed091.pdb,107,106,14.061252,False,False,False
9NH7,ensemble,9NH7_ensemble_seed091.pdb,108,107,7.747524,False,False,False
9NH7,ensemble,9NH7_ensemble_seed091.pdb,109,108,6.890438,False,False,False
9NH7,ensemble,9NH7_ensemble_seed091.pdb,110,109,2.0833516,False,True,False
9NH7,ensemble,9NH7_ensemble_seed092.pdb,27,26,8.177751,False,False,False
9NH7,ensemble,9NH7_ensemble_seed092.pdb,28,27,6.9139795,False,False,False
9NH7,ensemble,9NH7_ensemble_seed092.pdb,30,29,3.8353965,False,False,False
9NH7,ensemble,9NH7_ensemble_seed092.pdb,31,30,2.5496762,False,True,False
9NH7,ensemble,9NH7_ensemble_seed092.pdb,99,98,0.95398545,True,True,False
9NH7,ensemble,9NH7_ensemble_seed092.pdb,100,99,1.1360973,True,True,False
9NH7,ensemble,9NH7_ensemble_seed092.pdb,101,100,1.3653328,True,True,False
9NH7,ensemble,9NH7_ensemble_seed092.pdb,102,101,0.93453306,True,True,False
9NH7,ensemble,9NH7_ensemble_seed092.pdb,103,102,1.7451234,True,True,False
9NH7,ensemble,9NH7_ensemble_seed092.pdb,105,104,1.5002863,True,True,False
9NH7,ensemble,9NH7_ensemble_seed092.pdb,106,105,2.0026755,False,True,False
9NH7,ensemble,9NH7_ensemble_seed092.pdb,107,106,1.8879802,True,True,False
9NH7,ensemble,9NH7_ensemble_seed092.pdb,108,107,1.0138333,True,True,False
9NH7,ensemble,9NH7_ensemble_seed092.pdb,109,108,1.1474023,True,True,False
9NH7,ensemble,9NH7_ensemble_seed092.pdb,110,109,1.6675495,True,True,False
9NH7,ensemble,9NH7_ensemble_seed093.pdb,27,26,8.384741,False,False,False
9NH7,ensemble,9NH7_ensemble_seed093.pdb,28,27,7.611611,False,False,False
9NH7,ensemble,9NH7_ensemble_seed093.pdb,30,29,3.0367494,False,False,False
9NH7,ensemble,9NH7_ensemble_seed093.pdb,31,30,2.4457498,False,True,False
9NH7,ensemble,9NH7_ensemble_seed093.pdb,99,98,0.76155126,True,True,False
9NH7,ensemble,9NH7_ensemble_seed093.pdb,100,99,0.80873275,True,True,False
9NH7,ensemble,9NH7_ensemble_seed093.pdb,101,100,0.99225277,True,True,False
9NH7,ensemble,9NH7_ensemble_seed093.pdb,102,101,0.7491289,True,True,False
9NH7,ensemble,9NH7_ensemble_seed093.pdb,103,102,0.9857602,True,True,False
9NH7,ensemble,9NH7_ensemble_seed093.pdb,105,104,0.7990323,True,True,False
9NH7,ensemble,9NH7_ensemble_seed093.pdb,106,105,1.3371364,True,True,False
9NH7,ensemble,9NH7_ensemble_seed093.pdb,107,106,1.1198906,True,True,False
9NH7,ensemble,9NH7_ensemble_seed093.pdb,108,107,0.65492195,True,True,False
9NH7,ensemble,9NH7_ensemble_seed093.pdb,109,108,0.9060684,True,True,False
9NH7,ensemble,9NH7_ensemble_seed093.pdb,110,109,1.1280347,True,True,False
9NH7,ensemble,9NH7_ensemble_seed094.pdb,27,26,7.8472366,False,False,False
9NH7,ensemble,9NH7_ensemble_seed094.pdb,28,27,6.635563,False,False,False
9NH7,ensemble,9NH7_ensemble_seed094.pdb,30,29,3.931394,False,False,False
9NH7,ensemble,9NH7_ensemble_seed094.pdb,31,30,2.456532,False,True,False
9NH7,ensemble,9NH7_ensemble_seed094.pdb,99,98,1.5556505,True,True,False
9NH7,ensemble,9NH7_ensemble_seed094.pdb,100,99,3.7456257,False,False,False
9NH7,ensemble,9NH7_ensemble_seed094.pdb,101,100,7.0918164,False,False,False
9NH7,ensemble,9NH7_ensemble_seed094.pdb,102,101,13.566189,False,False,False
9NH7,ensemble,9NH7_ensemble_seed094.pdb,103,102,17.311573,False,False,False
9NH7,ensemble,9NH7_ensemble_seed094.pdb,105,104,20.627552,False,False,False
9NH7,ensemble,9NH7_ensemble_seed094.pdb,106,105,18.590511,False,False,False
9NH7,ensemble,9NH7_ensemble_seed094.pdb,107,106,13.284246,False,False,False
9NH7,ensemble,9NH7_ensemble_seed094.pdb,108,107,7.314258,False,False,False
9NH7,ensemble,9NH7_ensemble_seed094.pdb,109,108,7.414793,False,False,False
9NH7,ensemble,9NH7_ensemble_seed094.pdb,110,109,2.5457318,False,True,False
9NH7,ensemble,9NH7_ensemble_seed095.pdb,27,26,7.7691107,False,False,False
9NH7,ensemble,9NH7_ensemble_seed095.pdb,28,27,6.5881124,False,False,False
9NH7,ensemble,9NH7_ensemble_seed095.pdb,30,29,4.133858,False,False,False
9NH7,ensemble,9NH7_ensemble_seed095.pdb,31,30,2.7263029,False,True,False
9NH7,ensemble,9NH7_ensemble_seed095.pdb,99,98,0.77078116,True,True,False
9NH7,ensemble,9NH7_ensemble_seed095.pdb,100,99,1.2238618,True,True,False
9NH7,ensemble,9NH7_ensemble_seed095.pdb,101,100,1.8805689,True,True,False
9NH7,ensemble,9NH7_ensemble_seed095.pdb,102,101,2.2001069,False,True,False
9NH7,ensemble,9NH7_ensemble_seed095.pdb,103,102,2.7245443,False,True,False
9NH7,ensemble,9NH7_ensemble_seed095.pdb,105,104,1.9161109,True,True,False
9NH7,ensemble,9NH7_ensemble_seed095.pdb,106,105,1.9976175,True,True,False
9NH7,ensemble,9NH7_ensemble_seed095.pdb,107,106,2.027867,False,True,False
9NH7,ensemble,9NH7_ensemble_seed095.pdb,108,107,1.3998127,True,True,False
9NH7,ensemble,9NH7_ensemble_seed095.pdb,109,108,0.94441223,True,True,False
9NH7,ensemble,9NH7_ensemble_seed095.pdb,110,109,1.4388574,True,True,False
9NH7,ensemble,9NH7_ensemble_seed096.pdb,27,26,3.7616022,False,False,False
9NH7,ensemble,9NH7_ensemble_seed096.pdb,28,27,4.212472,False,False,False
9NH7,ensemble,9NH7_ensemble_seed096.pdb,30,29,4.439635,False,False,False
9NH7,ensemble,9NH7_ensemble_seed096.pdb,31,30,3.1235693,False,False,False
9NH7,ensemble,9NH7_ensemble_seed096.pdb,99,98,0.8447153,True,True,False
9NH7,ensemble,9NH7_ensemble_seed096.pdb,100,99,0.90628916,True,True,False
9NH7,ensemble,9NH7_ensemble_seed096.pdb,101,100,0.94762987,True,True,False
9NH7,ensemble,9NH7_ensemble_seed096.pdb,102,101,0.6012229,True,True,False
9NH7,ensemble,9NH7_ensemble_seed096.pdb,103,102,1.0583895,True,True,False
9NH7,ensemble,9NH7_ensemble_seed096.pdb,105,104,1.0342047,True,True,False
9NH7,ensemble,9NH7_ensemble_seed096.pdb,106,105,1.7907044,True,True,False
9NH7,ensemble,9NH7_ensemble_seed096.pdb,107,106,1.1655395,True,True,False
9NH7,ensemble,9NH7_ensemble_seed096.pdb,108,107,0.9109532,True,True,False
9NH7,ensemble,9NH7_ensemble_seed096.pdb,109,108,1.0711414,True,True,False
9NH7,ensemble,9NH7_ensemble_seed096.pdb,110,109,1.5377719,True,True,False
9NH7,ensemble,9NH7_ensemble_seed097.pdb,27,26,7.957177,False,False,False
9NH7,ensemble,9NH7_ensemble_seed097.pdb,28,27,6.7290554,False,False,False
9NH7,ensemble,9NH7_ensemble_seed097.pdb,30,29,3.9142175,False,False,False
9NH7,ensemble,9NH7_ensemble_seed097.pdb,31,30,3.0192153,False,False,False
9NH7,ensemble,9NH7_ensemble_seed097.pdb,99,98,1.0186392,True,True,False
9NH7,ensemble,9NH7_ensemble_seed097.pdb,100,99,2.8188372,False,True,False
9NH7,ensemble,9NH7_ensemble_seed097.pdb,101,100,5.8493915,False,False,False
9NH7,ensemble,9NH7_ensemble_seed097.pdb,102,101,12.822573,False,False,False
9NH7,ensemble,9NH7_ensemble_seed097.pdb,103,102,16.15204,False,False,False
9NH7,ensemble,9NH7_ensemble_seed097.pdb,105,104,18.650402,False,False,False
9NH7,ensemble,9NH7_ensemble_seed097.pdb,106,105,16.806522,False,False,False
9NH7,ensemble,9NH7_ensemble_seed097.pdb,107,106,10.870313,False,False,False
9NH7,ensemble,9NH7_ensemble_seed097.pdb,108,107,5.3422556,False,False,False
9NH7,ensemble,9NH7_ensemble_seed097.pdb,109,108,5.9756985,False,False,False
9NH7,ensemble,9NH7_ensemble_seed097.pdb,110,109,2.2177677,False,True,False
9NH7,ensemble,9NH7_ensemble_seed098.pdb,27,26,7.3606887,False,False,False
9NH7,ensemble,9NH7_ensemble_seed098.pdb,28,27,5.1646194,False,False,False
9NH7,ensemble,9NH7_ensemble_seed098.pdb,30,29,3.42365,False,False,False
9NH7,ensemble,9NH7_ensemble_seed098.pdb,31,30,0.80704945,True,True,False
9NH7,ensemble,9NH7_ensemble_seed098.pdb,99,98,0.69854605,True,True,False
9NH7,ensemble,9NH7_ensemble_seed098.pdb,100,99,0.67865306,True,True,False
9NH7,ensemble,9NH7_ensemble_seed098.pdb,101,100,0.5737864,True,True,False
9NH7,ensemble,9NH7_ensemble_seed098.pdb,102,101,0.6156929,True,True,False
9NH7,ensemble,9NH7_ensemble_seed098.pdb,103,102,0.9521318,True,True,False
9NH7,ensemble,9NH7_ensemble_seed098.pdb,105,104,1.0773951,True,True,False
9NH7,ensemble,9NH7_ensemble_seed098.pdb,106,105,1.6368463,True,True,False
9NH7,ensemble,9NH7_ensemble_seed098.pdb,107,106,0.965639,True,True,False
9NH7,ensemble,9NH7_ensemble_seed098.pdb,108,107,0.58964914,True,True,False
9NH7,ensemble,9NH7_ensemble_seed098.pdb,109,108,0.92954683,True,True,False
9NH7,ensemble,9NH7_ensemble_seed098.pdb,110,109,1.307473,True,True,False
9NH7,ensemble,9NH7_ensemble_seed099.pdb,27,26,5.860754,False,False,False
9NH7,ensemble,9NH7_ensemble_seed099.pdb,28,27,6.2913136,False,False,False
9NH7,ensemble,9NH7_ensemble_seed099.pdb,30,29,2.9842432,False,True,False
9NH7,ensemble,9NH7_ensemble_seed099.pdb,31,30,2.424445,False,True,False
9NH7,ensemble,9NH7_ensemble_seed099.pdb,99,98,1.5395843,True,True,False
9NH7,ensemble,9NH7_ensemble_seed099.pdb,100,99,2.9997003,False,True,False
9NH7,ensemble,9NH7_ensemble_seed099.pdb,101,100,4.1272655,False,False,False
9NH7,ensemble,9NH7_ensemble_seed099.pdb,102,101,4.0818725,False,False,False
9NH7,ensemble,9NH7_ensemble_seed099.pdb,103,102,6.7450113,False,False,False
9NH7,ensemble,9NH7_ensemble_seed099.pdb,105,104,6.6341486,False,False,False
9NH7,ensemble,9NH7_ensemble_seed099.pdb,106,105,8.464297,False,False,False
9NH7,ensemble,9NH7_ensemble_seed099.pdb,107,106,4.7282896,False,False,False
9NH7,ensemble,9NH7_ensemble_seed099.pdb,108,107,7.210874,False,False,False
9NH7,ensemble,9NH7_ensemble_seed099.pdb,109,108,5.78839,False,False,False
9NH7,ensemble,9NH7_ensemble_seed099.pdb,110,109,2.3232074,False,True,False
